Ticker,Date,Open,High,Low,Close,Volume
QQQ,2000/1/3,96.19,96.19,90,94.75,36431200
QQQ,2000/1/4,92,93.5,87.94,88.25,33787000
QQQ,2000/1/5,87.5,90.03,84.25,86,42498600
QQQ,2000/1/6,86.88,88,79.75,80.09,37135000
QQQ,2000/1/7,82.94,90,82.5,90,28138200
QQQ,2000/1/10,91,93.94,89.94,92.5,29675600
QQQ,2000/1/11,91.75,92.88,87,88,32546600
QQQ,2000/1/12,89,89.24,86,86.06,29050000
QQQ,2000/1/13,88.5,91.5,87.08,91.25,25165200
QQQ,2000/1/14,93,93.63,92,93.38,21898600
QQQ,2000/1/18,92.06,94.44,91.44,93.88,16752400
QQQ,2000/1/19,93.49,96,92.43,96,19006000
QQQ,2000/1/20,95.5,96.88,94.01,95.06,25992200
QQQ,2000/1/21,96.5,96.56,95.06,96.25,18698200
QQQ,2000/1/24,97.44,97.63,90.97,91.63,28340600
QQQ,2000/1/25,91.88,94.11,89.41,93,33276200
QQQ,2000/1/26,93.25,93.31,89,89.25,23095600
QQQ,2000/1/27,91.75,92.5,87.63,90.56,30739400
QQQ,2000/1/28,90,90.47,84.75,86,35313800
QQQ,2000/1/31,85.88,90,83.5,89.69,36014600
QQQ,2000/2/1,89.53,92.5,88.44,92.09,26417600
QQQ,2000/2/2,92.25,94.72,92.09,92.88,26169200
QQQ,2000/2/3,94.31,96.63,92.28,96.5,30579800
QQQ,2000/2/4,97,98.24,96.22,97.16,26640000
QQQ,2000/2/7,97.25,98.63,96.25,98.5,17761000
QQQ,2000/2/8,99.38,102.88,99.38,102.63,22000200
QQQ,2000/2/9,102.06,102.19,98.75,99,27294400
QQQ,2000/2/10,99.81,102.25,98.56,102.25,26341600
QQQ,2000/2/11,102.06,102.06,98,99.88,24876000
QQQ,2000/2/14,99.99,100,97.75,99.75,22814600
QQQ,2000/2/15,98.94,100.63,95.88,100.47,30569400
QQQ,2000/2/16,99.91,101.69,99.31,100,25310600
QQQ,2000/2/17,101.19,103.25,99.63,102.13,30080200
QQQ,2000/2/18,102.63,103,98.44,98.44,25271200
QQQ,2000/2/22,99,99.94,96.25,98.75,37226200
QQQ,2000/2/23,99.68,105,99.16,104.25,32170800
QQQ,2000/2/24,104.88,106.81,102,106.5,48868200
QQQ,2000/2/25,106.19,107.5,103.88,104.06,32617600
QQQ,2000/2/28,103.25,105.69,100.5,104,38215200
QQQ,2000/2/29,105.75,107.09,104.94,106.75,23978600
QQQ,2000/3/1,107.25,108.56,106.5,107.63,24468400
QQQ,2000/3/2,108.06,108.19,104.75,105.14,32739200
QQQ,2000/3/3,108,111.13,107,111.06,32017200
QQQ,2000/3/6,111.75,113.22,110.25,111.94,23269400
QQQ,2000/3/7,113.81,113.88,110.25,110.25,39471000
QQQ,2000/3/8,111,112,106.28,111.25,43512600
QQQ,2000/3/9,111.22,115.5,109.09,115,30101400
QQQ,2000/3/10,114.88,116.44,113.51,114.5,29750600
QQQ,2000/3/13,110,114.13,109.53,111.5,37544200
QQQ,2000/3/14,112.75,113.38,105,107.38,39106800
QQQ,2000/3/15,106.5,107,101.88,102.88,51202600
QQQ,2000/3/16,105.38,109.25,101,108.75,55282200
QQQ,2000/3/17,108,111.06,107.94,110.81,31422400
QQQ,2000/3/20,111,111.5,106.25,107.6875,21167200
QQQ,2000/3/21,106.125,111.9375,103.5625,111.75,33435100
QQQ,2000/3/22,113.5,115.9688,111.125,114,24370200
QQQ,2000/3/23,114.4844,117.75,113.5625,116,19227400
QQQ,2000/3/24,117.4844,120.5,115.0156,117.5625,22063000
QQQ,2000/3/27,118,119.5,117.125,117.75,11752600
QQQ,2000/3/28,116.9844,117.8125,113.125,114.75,18336300
QQQ,2000/3/29,115.375,115.4375,110,110,27190900
QQQ,2000/3/30,107.25,112.75,103.5,107.25,42328700
QQQ,2000/3/31,108.1406,110.625,104,109.5,31349900
QQQ,2000/4/3,107.7656,109.125,100.75,102.9375,31551300
QQQ,2000/4/4,103.625,103.9375,88.3125,101.9375,66214200
QQQ,2000/4/5,97.5,103.9375,96.25,100.125,37009800
QQQ,2000/4/6,102.375,103.875,99.75,102.5,30499900
QQQ,2000/4/7,104.125,107.375,102.625,106.625,20645500
QQQ,2000/4/10,107.625,107.6875,99.25,100.125,26988200
QQQ,2000/4/11,97.125,101.5,95.75,97.75,34497200
QQQ,2000/4/12,97.625,98.75,90.2031,92.375,34831700
QQQ,2000/4/13,92.8125,96,88,88,46330500
QQQ,2000/4/14,86.0625,88.5,78,80.375,60851300
QQQ,2000/4/17,78.0156,90,78,89.625,55398600
QQQ,2000/4/18,89.4844,93,87.375,92,36261900
QQQ,2000/4/19,92.5,93.625,89.0625,89.1875,28082500
QQQ,2000/4/20,90.375,90.9688,86.0625,87.25,21255600
QQQ,2000/4/24,83.4375,85.25,79.875,84.75,31246900
QQQ,2000/4/25,86.5,90.5,86,90.4688,28742600
QQQ,2000/4/26,90.625,92.4219,87.125,87.375,25688300
QQQ,2000/4/27,83.5,92.4844,82.25,91.25,37036300
QQQ,2000/4/28,93.5625,94.75,92.125,94.75,24828400
QQQ,2000/5/1,95.75,96.875,94.25,95.625,23205700
QQQ,2000/5/2,94.875,95.625,89.75,90.125,20307900
QQQ,2000/5/3,89.5,90.25,85.5156,89.125,26589700
QQQ,2000/5/4,89,90.75,87.625,89.3125,17750700
QQQ,2000/5/5,88.125,92.3125,88.0313,91.4375,20571200
QQQ,2000/5/8,90.5,90.75,87.75,87.875,13903000
QQQ,2000/5/9,88.5,89.125,84.3125,86,19805200
QQQ,2000/5/10,84.375,85.4375,79.5,79.75,34846900
QQQ,2000/5/11,82.75,85.25,80.875,84.5,24709200
QQQ,2000/5/12,85.375,87.5625,84.5,84.625,16044900
QQQ,2000/5/15,84.8125,88.625,82.625,88.3125,17950800
QQQ,2000/5/16,90,91.5,88.0625,90.8125,23828900
QQQ,2000/5/17,89.25,90.5,87.75,88.9375,20339400
QQQ,2000/5/18,89,89.3594,85.375,85.75,19063000
QQQ,2000/5/19,83.75,85,81.3125,81.6875,28178100
QQQ,2000/5/22,81.625,82.25,75.5781,81.625,43881700
QQQ,2000/5/23,81.375,82.625,74.0625,74.8125,31920500
QQQ,2000/5/24,75,79.875,72.25,79.5,49474600
QQQ,2000/5/25,80.25,82.25,76.5,77.75,29632700
QQQ,2000/5/26,77.75,79.25,75.75,77.75,18203200
QQQ,2000/5/30,80,85.9375,80,85.5625,30887500
QQQ,2000/5/31,84.4688,86.6719,82.75,83.125,29675400
QQQ,2000/6/1,85.1875,88.375,84,87.375,28993500
QQQ,2000/6/2,92.625,94.1094,91.875,93.625,32244100
QQQ,2000/6/5,92.25,95.3125,91.875,93.8594,23784300
QQQ,2000/6/6,93.1875,95,90.875,91.25,23200500
QQQ,2000/6/7,91.5625,94,89.5625,93.6875,22524400
QQQ,2000/6/8,94.625,94.875,91.625,93.25,19313800
QQQ,2000/6/9,94.75,94.75,93,93.75,17014600
QQQ,2000/6/12,94.3125,94.3125,90,90.75,16484700
QQQ,2000/6/13,90.5,94.625,89.3594,94.25,25187900
QQQ,2000/6/14,94.875,94.875,91.5,92.125,20274500
QQQ,2000/6/15,91.875,93.875,90.875,93.75,18807800
QQQ,2000/6/16,94.75,95.3125,93.0625,94.25,21203400
QQQ,2000/6/19,94.0156,98.25,92.6875,98,20042500
QQQ,2000/6/20,98.25,99.6875,97.1875,97.625,20988300
QQQ,2000/6/21,96.8125,99.7188,96.6875,98.875,20880600
QQQ,2000/6/22,98.625,99,94.5,95.25,21526700
QQQ,2000/6/23,95,95.5,91.375,91.5,24888100
QQQ,2000/6/26,93.0625,94.4219,92,94,22169200
QQQ,2000/6/27,93.7656,95.0625,92.375,92.875,14786000
QQQ,2000/6/28,92.9844,95.5,92.5,94,19259800
QQQ,2000/6/29,92.9375,93.375,90.625,91.6406,21355800
QQQ,2000/6/30,91.8125,93.9531,91.3125,93.4375,15153100
QQQ,2000/7/3,93.5,95.25,93.25,95.25,5212000
QQQ,2000/7/5,93.625,93.9688,90.875,91.5625,16489000
QQQ,2000/7/6,91.5625,94.75,90.0625,94,23594800
QQQ,2000/7/7,95,97,94.4375,95.9375,16603200
QQQ,2000/7/10,94.6875,95.875,94,94.4844,12659400
QQQ,2000/7/11,94.0625,95.75,92.8125,95,14374600
QQQ,2000/7/12,95.4375,97.75,94.625,97.25,18252600
QQQ,2000/7/13,97.9375,99.75,97.125,98.5,19566700
QQQ,2000/7/14,100.25,101.125,98.8125,100.625,17219400
QQQ,2000/7/17,100.9375,102.0625,99.875,101.75,13140500
QQQ,2000/7/18,100.375,100.7813,98.3594,99.5,20684000
QQQ,2000/7/19,98.3125,98.9375,95.6563,97.25,21828500
QQQ,2000/7/20,97.875,100.5,97.2656,100.375,19521200
QQQ,2000/7/21,98.4375,99.5156,97,97,14411400
QQQ,2000/7/24,97.9375,99,94.25,95,18579200
QQQ,2000/7/25,95.625,97,93.8125,95.75,19065700
QQQ,2000/7/26,95.5,96.125,93.25,95.625,20318700
QQQ,2000/7/27,93.9375,95.0625,91.5625,91.875,26141800
QQQ,2000/7/28,92.1875,92.875,86,86.875,36486200
QQQ,2000/7/31,87.625,90.125,85.7188,89.4375,27609900
QQQ,2000/8/1,89.8125,89.9844,87.6875,88.25,15751800
QQQ,2000/8/2,87.875,90.3906,86.5,86.6875,23578200
QQQ,2000/8/3,84.25,91.25,83.3125,90.4375,35874700
QQQ,2000/8/4,92,92.7656,89.125,90.125,22283400
QQQ,2000/8/7,90.875,93.0313,90.25,92.25,15103300
QQQ,2000/8/8,92.0625,95,91.5,94.125,14832400
QQQ,2000/8/9,93.6875,94.4375,91.375,91.625,18649800
QQQ,2000/8/10,91.8125,92.2344,89.5,89.8125,15336200
QQQ,2000/8/11,89.25,91.1094,87.875,91.0625,21052300
QQQ,2000/8/14,91.375,93,90.2031,93,12539300
QQQ,2000/8/15,92.75,93.9844,92,93,14090300
QQQ,2000/8/16,93.4375,94.6875,92,93.9375,15245300
QQQ,2000/8/17,92.9375,95.875,92.875,95.75,14492400
QQQ,2000/8/18,95.9375,96.625,94.6875,95.25,14706700
QQQ,2000/8/21,96,96.8594,94.375,95.5,13560100
QQQ,2000/8/22,96,97.3594,95.2656,95.5,14878200
QQQ,2000/8/23,94.6875,97.4375,93.8281,97.0625,21395900
QQQ,2000/8/24,97.4375,98.6875,96.0625,98.5625,13567700
QQQ,2000/8/25,98.4844,99.9531,97,98.0313,11764700
QQQ,2000/8/28,98.25,99.8438,97.9375,98.5,12314200
QQQ,2000/8/29,98.625,99.1719,97.8594,99,11162800
QQQ,2000/8/30,98.3125,99.5,97.7656,98.875,10545300
QQQ,2000/8/31,99.625,102,99.5625,101.625,15588700
QQQ,2000/9/1,103,103.5156,101.1875,102.625,14071900
QQQ,2000/9/5,101.625,101.75,99.4219,99.5,16348300
QQQ,2000/9/6,99.25,99.4844,95.5,96,20964900
QQQ,2000/9/7,96.8125,99.4219,96.5625,98.125,16669700
QQQ,2000/9/8,97.7656,98,94.7656,95.125,23475200
QQQ,2000/9/11,94.5,96.125,92,92.8125,27262100
QQQ,2000/9/12,93.5,94.6875,90.8438,91.375,24256100
QQQ,2000/9/13,90.25,93.875,90,93.5,34093100
QQQ,2000/9/14,95.25,95.9375,92.6406,93,28616300
QQQ,2000/9/15,93.125,93.625,90.6875,91.3125,24994600
QQQ,2000/9/18,91.8125,93,88,89.875,29218500
QQQ,2000/9/19,90.75,93.7813,89.875,93.1875,27568700
QQQ,2000/9/20,93.375,95.2344,91.3125,94.625,33123200
QQQ,2000/9/21,93.75,94.4844,87,87.75,25032600
QQQ,2000/9/22,87.625,93.25,87.5,92.9375,33713300
QQQ,2000/9/25,93.625,94.25,90,90.4688,20560800
QQQ,2000/9/26,90.7656,92.5,88.9219,89.4375,26011200
QQQ,2000/9/27,90.625,91.1875,88,89.5625,28482900
QQQ,2000/9/28,88.7188,93,88.7188,91.5625,29050000
QQQ,2000/9/29,92,92.4531,88.6875,88.75,27198800
QQQ,2000/10/2,90.25,90.25,86,86.75,24968200
QQQ,2000/10/3,88.0625,88.8125,83.2656,83.375,35731200
QQQ,2000/10/4,83.5,86.8594,82.125,85.625,37677200
QQQ,2000/10/5,85.25,87.1875,84.5625,85.875,23443100
QQQ,2000/10/6,85.5625,86.5625,81.2539,83,36335800
QQQ,2000/10/9,82.5625,83.8125,79.375,82.625,28834600
QQQ,2000/10/10,81.8125,83.3125,77.875,78.3125,35283200
QQQ,2000/10/11,76.875,80.4531,76.0625,77.0625,48463700
QQQ,2000/10/12,79.25,79.5625,74.3125,75.125,53223900
QQQ,2000/10/13,74.6875,81.625,74.625,81.25,42410200
QQQ,2000/10/16,81.125,82.3125,79.75,82,27644900
QQQ,2000/10/17,83.125,83.1719,78,78.25,52106600
QQQ,2000/10/18,76.75,81.1875,74.5625,78,64806600
QQQ,2000/10/19,82.3906,85.1094,81.4375,85.0625,42447500
QQQ,2000/10/20,84.5,87.875,84.3906,86.3125,40692200
QQQ,2000/10/23,86.1875,87.5,84.125,86.1875,28989200
QQQ,2000/10/24,86.4375,87,82.375,82.4375,31466200
QQQ,2000/10/25,81.25,82,76.8906,77.9375,48635400
QQQ,2000/10/26,78.1875,80,73.625,79.875,70010400
QQQ,2000/10/27,80.8594,81.8594,77.4844,79.7188,51046400
QQQ,2000/10/30,78.1875,79.875,75.7031,76.7656,35496700
QQQ,2000/10/31,78,82.5625,77.875,81.7031,43863800
QQQ,2000/11/1,80.3125,82.8125,79.1875,81,45186500
QQQ,2000/11/2,82.1875,83.25,81.0625,82,26594300
QQQ,2000/11/3,82.875,83.9375,81.6406,83.0625,29837100
QQQ,2000/11/6,83.625,84.125,82,82.4375,23485800
QQQ,2000/11/7,81.4375,82.4688,80.25,82.125,24339600
QQQ,2000/11/8,82.125,82.25,75.625,75.7031,40338200
QQQ,2000/11/9,74.75,76.9375,73,75.6875,64955900
QQQ,2000/11/10,74.25,75.6875,71.75,71.75,49235500
QQQ,2000/11/13,70.9531,74.1875,68.2656,70.0625,75023400
QQQ,2000/11/14,73,76,72.75,75.8438,44829500
QQQ,2000/11/15,75.5625,78.0625,74.7969,77.375,37761200
QQQ,2000/11/16,75.375,77,72.875,72.875,33900900
QQQ,2000/11/17,73.1875,75.1875,71,72.8281,49913800
QQQ,2000/11/20,70.9375,72.0625,69.25,69.8594,46862300
QQQ,2000/11/21,70.1875,71.125,68.4375,69.75,42128600
QQQ,2000/11/22,68.4375,70.125,66.5,66.625,56624700
QQQ,2000/11/24,68.375,70.625,68.1719,70.4375,19987900
QQQ,2000/11/27,72.5625,72.9375,68.75,69.5625,35416600
QQQ,2000/11/28,68.9375,69.9375,65.3125,65.4531,48812700
QQQ,2000/11/29,65.8125,66.75,62.5,62.9375,66199500
QQQ,2000/11/30,61.75,64.25,60.5,62.9844,74882500
QQQ,2000/12/1,64.0625,66.7656,62.125,64,57112500
QQQ,2000/12/4,64.125,65.3594,61.75,63.6875,49106400
QQQ,2000/12/5,66.0625,71,65.5,70.6875,76535300
QQQ,2000/12/6,70.5938,72.2969,67.75,68,63352100
QQQ,2000/12/7,67,68.9844,65.5,66.5,41481100
QQQ,2000/12/8,71.0938,74,67.625,68,65857200
QQQ,2000/12/11,72.0586,74.7813,70.9531,74.375,51828700
QQQ,2000/12/12,73.5,73.875,71.3125,71.6563,31054500
QQQ,2000/12/13,73.4375,73.5,68.3125,68.7344,51661600
QQQ,2000/12/14,68.5156,69.6875,65.25,65.375,41565000
QQQ,2000/12/15,64.25,65.625,62.5625,63.875,59026500
QQQ,2000/12/18,65.1563,65.9688,62.5625,64,42950000
QQQ,2000/12/19,63.4531,65.8594,58.75,59.125,80498200
QQQ,2000/12/20,57.3125,58.375,54.75,55.7344,81432100
QQQ,2000/12/21,55.0156,58.75,54.25,56.0625,85875600
QQQ,2000/12/22,57.625,60.75,57.625,60.5,57259100
QQQ,2000/12/26,60.5938,61.9219,58,60.875,37084400
QQQ,2000/12/27,59.6875,62.1875,58.9375,61.5625,33955500
QQQ,2000/12/28,60.7813,62.4844,60.25,61.4375,30996900
QQQ,2000/12/29,61.5625,62.2344,58,58.375,49195400
QQQ,2001/1/2,58.5625,58.6875,52.4375,53.4375,62519300
QQQ,2001/1/3,52.1875,65.25,52.1563,62.4375,118239200
QQQ,2001/1/4,61.625,63.625,60.2344,61.3125,58472800
QQQ,2001/1/5,61.3125,61.3125,56,56.625,68782900
QQQ,2001/1/8,56.3125,57.5,53.5156,57.25,55576500
QQQ,2001/1/9,57.75,59.125,56.625,57.25,53318900
QQQ,2001/1/10,56.125,60.375,55.75,60.1875,74280100
QQQ,2001/1/11,59.2656,63.6875,59.1875,61.9375,65456200
QQQ,2001/1/12,62.7539,64.625,61.5,62.7344,60794600
QQQ,2001/1/16,62.5625,62.9219,60.5625,61.9844,32203300
QQQ,2001/1/17,64.5,65.6094,63.1406,63.875,61400500
QQQ,2001/1/18,64.125,66.75,62.6875,66.5625,54934700
QQQ,2001/1/19,68.1406,68.3125,65.5625,66.3125,56292500
QQQ,2001/1/22,65.875,67,64.75,66.375,35783800
QQQ,2001/1/23,65.9063,68.4063,65.3125,67.7656,49864400
QQQ,2001/1/24,68.0625,69.125,66.75,67.125,53937500
QQQ,2001/1/25,66.875,67.6719,64.3906,64.5,57165100
QQQ,2001/1/26,63.5625,65.9375,63,65.5469,45681500
QQQ,2001/1/29,64.75,67.25,64.25,67,31514100
QQQ,2001/1/30,67.15,67.74,63.55,66.75,42839300
QQQ,2001/1/31,67.25,68,64.3,64.3,59334200
QQQ,2001/2/1,64.55,65.61,63.6,65.15,45155000
QQQ,2001/2/2,64.94,65.3,61.5,61.55,47471000
QQQ,2001/2/5,61.19,61.9,60.12,61.5,36016300
QQQ,2001/2/6,61.49,63.12,61.16,61.6,42417700
QQQ,2001/2/7,60.51,61.2,58.58,60.6,61972200
QQQ,2001/2/8,60.9,61.5,58.58,58.79,48269500
QQQ,2001/2/9,58.25,58.6,56,56.4,55404700
QQQ,2001/2/12,56.25,57.94,55.62,57.08,50543100
QQQ,2001/2/13,57.65,59.18,54.98,55.3,58914000
QQQ,2001/2/14,55.4,57.75,54.125,57.45,63048200
QQQ,2001/2/15,58.8,60.49,58.3,58.4,67801300
QQQ,2001/2/16,55.96,56.87,54.53,55.13,66779700
QQQ,2001/2/20,55.74,55.84,52.3,52.99,55300300
QQQ,2001/2/21,51.55,54.07,50.92,51.5,72351700
QQQ,2001/2/22,51.45,52.16,48.89,51,103910600
QQQ,2001/2/23,50.09,51.6,48.23,51.18,93340300
QQQ,2001/2/26,52.081,52.6,50.25,52.15,78342700
QQQ,2001/2/27,51.54,52.08,48.9,49,66743500
QQQ,2001/2/28,49.45,50.21,46.86,47.45,102219400
QQQ,2001/3/1,46.97,49.2,45.75,48.8,101774300
QQQ,2001/3/2,47.2,49.63,46.5,46.7,95977300
QQQ,2001/3/5,47.5,48.36,47.09,47.55,43888400
QQQ,2001/3/6,49.3,50.66,49.1,49.4,60828600
QQQ,2001/3/7,50.4,50.43,48.97,49.42,55215500
QQQ,2001/3/8,49.35,49.81,48.1,48.5,48965200
QQQ,2001/3/9,47.25,47.37,44.95,45.1,79990900
QQQ,2001/3/12,44,44.95,41.8,42.3,80674200
QQQ,2001/3/13,42.78,44.74,42.13,44.45,80024600
QQQ,2001/3/14,42.7,45.19,42.31,43.75,97190000
QQQ,2001/3/15,45.2,45.319,42.05,42.15,74135500
QQQ,2001/3/16,41.88,42.8,40.56,41.1,77790400
QQQ,2001/3/19,41.44,43.26,40.75,43.26,53248200
QQQ,2001/3/20,43.44,43.81,40.2,40.35,104996700
QQQ,2001/3/21,40.52,41.8,39.71,40.35,96204900
QQQ,2001/3/22,40.6,42.8,39.49,42.8,130210700
QQQ,2001/3/23,43.55,43.83,41.5,42.8,95277500
QQQ,2001/3/26,43.47,43.5,41.55,41.81,57666200
QQQ,2001/3/27,41.8,43.72,41.42,43.25,69945300
QQQ,2001/3/28,41.9,42.2,39.68,39.7,77976000
QQQ,2001/3/29,39.32,40.61,38.4,38.95,79654900
QQQ,2001/3/30,39.3,39.98,38,39.15,63661800
QQQ,2001/4/2,39.17,39.85,37.3,37.4,69713600
QQQ,2001/4/3,37.2,37.75,34.62,34.66,89015700
QQQ,2001/4/4,34.711,35.81,33.6,34.05,76473900
QQQ,2001/4/5,36,37.96,35.71,37.31,87035800
QQQ,2001/4/6,36.9,37.1,35.5,36.3,86125600
QQQ,2001/4/9,36.79,37.39,35.85,37.05,51638700
QQQ,2001/4/10,37.9,40.46,37.78,39.8,94265100
QQQ,2001/4/11,42.16,42.5,40.45,41,92829500
QQQ,2001/4/12,40.3,42.8,40,42.8,79532500
QQQ,2001/4/16,41.941,42.43,40.06,40.25,65229800
QQQ,2001/4/17,39.951,42.7,39.9,41.25,94694300
QQQ,2001/4/18,43.721,51,43.2,45.55,129199600
QQQ,2001/4/19,46.1,48.75,45.58,48.3,110467600
QQQ,2001/4/20,48.18,49.44,47.31,48.4,80598100
QQQ,2001/4/23,46.99,47.72,44.89,45.15,79317600
QQQ,2001/4/24,45.1,46.42,43.75,44.3,88888300
QQQ,2001/4/25,43.9,45.58,43.1,45.1,68418400
QQQ,2001/4/26,45.9,46.25,43.87,43.95,71108900
QQQ,2001/4/27,45.15,45.47,44.241,45.15,56469800
QQQ,2001/4/30,46.25,47.57,45.3,46.15,73859100
QQQ,2001/5/1,46.2,48.08,45.4,48.05,54498300
QQQ,2001/5/2,48.8,49.4,47.5,48.98,77566500
QQQ,2001/5/3,47.9,47.901,46.2,46.8,67124900
QQQ,2001/5/4,45.3,48.2,45.11,48.2,72673600
QQQ,2001/5/7,48,48.6,47.1,47.2,45562200
QQQ,2001/5/8,48.3,48.35,46.99,48.2,56970700
QQQ,2001/5/9,47.05,47.95,46.44,46.55,60984600
QQQ,2001/5/10,47.92,48.05,45.72,45.77,61130300
QQQ,2001/5/11,45.84,46.42,45.09,45.55,48760400
QQQ,2001/5/14,45.3,45.36,44.11,44.82,43056800
QQQ,2001/5/15,44.9,46.3,44.58,45.15,69008100
QQQ,2001/5/16,44.31,47.52,44.06,47.15,80110500
QQQ,2001/5/17,47.45,48.79,47.26,47.9,73810700
QQQ,2001/5/18,47.64,48.38,47.09,48.04,41095100
QQQ,2001/5/21,48.17,51.15,47.65,51.05,85426900
QQQ,2001/5/22,51.31,51.95,50.18,50.9,77237400
QQQ,2001/5/23,50.449,50.45,48.64,48.65,65618000
QQQ,2001/5/24,48.97,49.99,48.27,49.9,61792800
QQQ,2001/5/25,49.96,50.02,48.02,48.99,36191100
QQQ,2001/5/29,48.5,48.5,46.1,46.12,66609600
QQQ,2001/5/30,45.438,45.85,44.08,44.43,81397400
QQQ,2001/5/31,44.54,45.85,44.3,44.73,68018300
QQQ,2001/6/1,45.54,46.23,44.33,46.05,61874300
QQQ,2001/6/4,46.338,46.9,45.29,45.83,41696100
QQQ,2001/6/5,46.301,48.36,46.2,47.85,68147500
QQQ,2001/6/6,48.08,48.89,47.07,47.48,61170400
QQQ,2001/6/7,47.138,49.49,47.075,48.7,65400200
QQQ,2001/6/8,48.72,48.77,46.95,47.35,56391400
QQQ,2001/6/11,46.9,47.001,45.49,46.05,48874400
QQQ,2001/6/12,44.87,46.8,44.23,45.8,78450500
QQQ,2001/6/13,46.274,46.75,44.52,44.55,68535400
QQQ,2001/6/14,44.025,44.4,42,42.25,91050300
QQQ,2001/6/15,41.8,43.1,41.281,42.6,84589400
QQQ,2001/6/18,42.64,43.17,41.4,42.03,63539100
QQQ,2001/6/19,43.32,43.56,41.26,41.82,73386900
QQQ,2001/6/20,41.3,42.97,41.28,42.77,83591600
QQQ,2001/6/21,42.67,44.23,42.3,43.35,67212600
QQQ,2001/6/22,43.621,44.2,42.59,43.25,51870400
QQQ,2001/6/25,43.61,43.8,42.65,43.36,39212100
QQQ,2001/6/26,42.54,43.89,42.481,43.51,55155100
QQQ,2001/6/27,43.681,44.15,43,43.79,53289400
QQQ,2001/6/28,44.402,46.36,44.35,44.35,89985900
QQQ,2001/6/29,45.09,46.52,44.7,45.7,59719600
QQQ,2001/7/2,45.652,46.48,45.19,45.45,50884300
QQQ,2001/7/3,45.25,45.69,44.8,45.64,24758400
QQQ,2001/7/5,44.87,45.189,43.45,43.45,44409800
QQQ,2001/7/6,43.01,43.11,41.49,41.65,53437400
QQQ,2001/7/9,41.898,42.69,41.5,42.01,45547500
QQQ,2001/7/10,42.76,42.88,40.4,40.5,58620000
QQQ,2001/7/11,40.42,41.1,39.87,41,77843600
QQQ,2001/7/12,42.63,43.83,42.3,43.6,70367600
QQQ,2001/7/13,43.38,44.43,42.9,43.15,62477800
QQQ,2001/7/16,43.37,43.86,41.9,42.35,53390800
QQQ,2001/7/17,41.829,43.4,41.54,43.3,59813000
QQQ,2001/7/18,42.279,42.85,41.14,41.65,64797200
QQQ,2001/7/19,42.46,43.35,41.75,42.64,76590200
QQQ,2001/7/20,41.49,42.14,41.36,41.65,49012800
QQQ,2001/7/23,42.24,42.4,40.55,40.61,55330500
QQQ,2001/7/24,40.381,40.9,39.31,40.15,70428900
QQQ,2001/7/25,40.141,40.72,39.4,40.5,68860900
QQQ,2001/7/26,40.45,41.89,39.98,41.1,69221800
QQQ,2001/7/27,41.64,42.26,41.3,41.95,47486200
QQQ,2001/7/30,42.13,42.3,41.4,41.7,39459400
QQQ,2001/7/31,41.84,42.78,41.5,41.76,55732500
QQQ,2001/8/1,42.637,43.5,42.41,43.1,53864800
QQQ,2001/8/2,43.799,44.004,42.82,43.91,53187300
QQQ,2001/8/3,43.53,43.53,42.56,43.18,51513700
QQQ,2001/8/6,42.539,42.85,42.35,42.5,31105700
QQQ,2001/8/7,42.1,42.82,41.94,42.28,38407500
QQQ,2001/8/8,41.85,42.65,40.3,40.5,76070200
QQQ,2001/8/9,40.41,40.88,39.98,40.67,66861400
QQQ,2001/8/10,40.429,40.75,39.23,40.28,68491900
QQQ,2001/8/13,40.59,41.34,40.2,41.1,48425700
QQQ,2001/8/14,41.49,41.7,40.54,40.6,51267600
QQQ,2001/8/15,40.62,40.93,39.07,39.1,58811300
QQQ,2001/8/16,38.649,39.59,38.041,39.56,68227300
QQQ,2001/8/17,38.441,38.8,37.71,37.76,56649300
QQQ,2001/8/20,37.85,38.65,37.52,38.28,49921300
QQQ,2001/8/21,38.29,38.65,36.65,36.69,56445600
QQQ,2001/8/22,37.45,37.84,36.54,37.69,65235400
QQQ,2001/8/23,37.679,38.46,37.299,37.32,54711800
QQQ,2001/8/24,37.86,39.39,37.75,39.3,58450700
QQQ,2001/8/27,39.28,39.9,38.83,39.35,50927500
QQQ,2001/8/28,39.32,39.44,38.011,38.12,65275500
QQQ,2001/8/29,38.37,38.45,37.13,37.56,59060500
QQQ,2001/8/30,36.8,37.31,35.75,36.17,76105800
QQQ,2001/8/31,36.038,37.03,35.94,36.63,54309000
QQQ,2001/9/4,36.518,37.5,35.35,35.47,74073600
QQQ,2001/9/5,35.49,35.91,34.15,35.33,95461200
QQQ,2001/9/6,34.74,35.52,33.78,33.9,88702400
QQQ,2001/9/7,33.621,35.1,33.35,33.7,95531000
QQQ,2001/9/10,33.49,34.32,33.342,34.1,80371300
QQQ,2001/9/17,31.25,32.8,31.09,31.2,97738700
QQQ,2001/9/18,31.53,32.5,30.37,30.5,66285300
QQQ,2001/9/19,30.64,31,28.26,29.97,116639300
QQQ,2001/9/20,29.3,30.09,28.8,28.97,90841700
QQQ,2001/9/21,27.41,28.97,27.2,28.19,112296900
QQQ,2001/9/24,29.08,30,28.59,29.61,85696500
QQQ,2001/9/25,29.71,30.43,28.95,29.7,83861500
QQQ,2001/9/26,29.95,30,28.41,28.67,59759800
QQQ,2001/9/27,28.4,28.79,27.42,28.48,70050700
QQQ,2001/9/28,28.84,29.92,28.31,28.98,84810800
QQQ,2001/10/1,28.85,28.98,27.85,28.73,53462000
QQQ,2001/10/2,28.65,29.41,28.4,28.82,74183400
QQQ,2001/10/3,28.429,31.61,28.33,31,136224000
QQQ,2001/10/4,31.65,33.2,30.94,31.3,127398200
QQQ,2001/10/5,31,31.9,30.26,31.76,96562600
QQQ,2001/10/8,31.13,32.35,30.96,31.86,67789600
QQQ,2001/10/9,31.86,32.02,30.87,31.09,57565800
QQQ,2001/10/10,30.871,32.54,30.751,32.5,73844600
QQQ,2001/10/11,33.192,35.25,33.14,34.7,117265300
QQQ,2001/10/12,34.33,34.8,33.14,34.55,111902800
QQQ,2001/10/15,34.12,34.55,33.66,34.4,78322000
QQQ,2001/10/16,34.669,35.1,34.07,34.96,81346800
QQQ,2001/10/17,35.87,36,32.3,32.45,141532800
QQQ,2001/10/18,32.7,33.54,32.4,33.33,94448300
QQQ,2001/10/19,32.869,33.75,32,33.55,73434200
QQQ,2001/10/22,33.44,34.5,33.22,34.45,74109400
QQQ,2001/10/23,34.822,35.401,34,34.63,104062200
QQQ,2001/10/24,34.6,35.68,34.32,35.38,90177600
QQQ,2001/10/25,34.705,36.82,34.23,36.8,118552200
QQQ,2001/10/26,36.5,37.06,36.01,36.01,93823900
QQQ,2001/10/29,36,36.158,34.04,34.04,92146800
QQQ,2001/10/30,33.71,34.09,32.84,33.38,96092200
QQQ,2001/10/31,34.04,34.96,33.68,33.9,106175500
QQQ,2001/11/1,34.44,35.563,33.782,35.34,92716000
QQQ,2001/11/2,35.271,35.85,34.89,35.6,64917700
QQQ,2001/11/5,36.26,37.16,36.16,36.76,64469300
QQQ,2001/11/6,36.609,38.2,36.39,38.19,107214900
QQQ,2001/11/7,37.61,38.84,37.5,38.19,92562500
QQQ,2001/11/8,38.551,39.4,37.25,37.75,105916300
QQQ,2001/11/9,37.598,38.08,37.12,37.73,74121900
QQQ,2001/11/12,37,38.35,36.3,38,112994400
QQQ,2001/11/13,39.03,39.5,38.63,39.36,97931800
QQQ,2001/11/14,39.96,40.24,38.74,39.64,88660100
QQQ,2001/11/15,39.162,40.11,38.95,39.48,86349700
QQQ,2001/11/16,39.48,39.68,38.92,39.37,64035500
QQQ,2001/11/19,39.79,40.49,39.49,40.49,69196300
QQQ,2001/11/20,40.08,40.23,38.48,38.62,85216500
QQQ,2001/11/21,38.47,38.95,37.98,38.64,60867900
QQQ,2001/11/23,38.76,39.43,38.57,39.28,27046000
QQQ,2001/11/26,39.58,40.36,39.01,40.25,75267500
QQQ,2001/11/27,40.05,40.97,39.2,40.2,100289700
QQQ,2001/11/28,39.73,40.37,38.69,38.75,101568200
QQQ,2001/11/29,39.035,40,38.79,39.95,83824700
QQQ,2001/11/30,39.73,40.04,39.36,39.65,66024000
QQQ,2001/12/3,39.29,39.6,38.87,38.97,60449800
QQQ,2001/12/4,39.34,40.83,39.24,40.83,79413000
QQQ,2001/12/5,41.208,43.15,41.12,42.85,115773700
QQQ,2001/12/6,42.709,43.24,42.36,42.91,77702100
QQQ,2001/12/7,42.488,42.6,41.14,41.73,81632600
QQQ,2001/12/10,41.325,42.23,40.88,41,69088000
QQQ,2001/12/11,41.46,42.26,41.13,41.23,66056500
QQQ,2001/12/12,41.5,41.94,40.6,41.56,76093400
QQQ,2001/12/13,40.71,41,39.76,39.76,79587600
QQQ,2001/12/14,39.872,40.46,39.57,40.11,70007400
QQQ,2001/12/17,40.02,41.24,40.02,40.8,62454400
QQQ,2001/12/18,41.16,41.5,40.16,41.26,50850400
QQQ,2001/12/19,40.56,41.32,40.32,40.51,79596200
QQQ,2001/12/20,40.1,40.3,38.68,38.79,83048800
QQQ,2001/12/21,39.422,39.71,39.15,39.48,56205000
QQQ,2001/12/24,39.54,39.63,39.15,39.32,13660400
QQQ,2001/12/26,39.374,40.3,39.16,39.69,37693900
QQQ,2001/12/27,39.85,40.202,39.6,40.01,34255200
QQQ,2001/12/28,40.292,40.802,40.23,40.33,38254000
QQQ,2001/12/31,40.31,40.45,38.91,38.91,46176900
QQQ,2002/1/2,39.57,40.15,38.93,40.11,61708800
QQQ,2002/1/3,40.31,41.55,40.26,41.5,85769100
QQQ,2002/1/4,41.95,42.29,40.93,41.67,86876900
QQQ,2002/1/7,42.118,42.22,40.97,41.21,75166200
QQQ,2002/1/8,41.108,41.77,40.84,41.49,66956800
QQQ,2002/1/9,42.04,42.6,40.9,41.11,85123000
QQQ,2002/1/10,41.174,41.54,40.68,41.38,75548000
QQQ,2002/1/11,41.357,41.6,40.47,40.85,60832900
QQQ,2002/1/14,40.49,40.68,39.7,39.96,71310700
QQQ,2002/1/15,40.036,40.75,39.56,40.34,66916300
QQQ,2002/1/16,39.538,39.94,38.77,38.78,90942000
QQQ,2002/1/17,39.48,39.977,39.01,39.65,75285900
QQQ,2002/1/18,38.83,39.45,38.22,38.59,81985600
QQQ,2002/1/22,39,39.02,37.33,37.43,81039600
QQQ,2002/1/23,37.65,38.69,37.35,38.43,74968800
QQQ,2002/1/24,38.94,39.514,38.35,38.94,77251200
QQQ,2002/1/25,38.472,39.15,38.36,38.83,58832100
QQQ,2002/1/28,39.154,39.39,38.42,39.05,47795900
QQQ,2002/1/29,39.132,39.408,37.515,37.98,83339800
QQQ,2002/1/30,38.001,38.85,36.85,38.27,101385500
QQQ,2002/1/31,38.578,38.75,38.02,38.51,69655500
QQQ,2002/2/1,38.401,38.88,37.7,38.14,61207100
QQQ,2002/2/4,37.961,38.07,36.61,36.92,82763300
QQQ,2002/2/5,36.59,37.33,36.19,36.31,86853800
QQQ,2002/2/6,36.84,36.89,35.7,36.06,98684900
QQQ,2002/2/7,35.996,36.55,35,35.19,97725900
QQQ,2002/2/8,35.46,36.24,34.97,36.17,80483100
QQQ,2002/2/11,36.14,36.8,35.98,36.63,57641200
QQQ,2002/2/12,36.312,36.98,36.04,36.33,51477700
QQQ,2002/2/13,36.722,37.15,36.61,36.95,60984700
QQQ,2002/2/14,37.15,37.57,36.6,36.88,77507500
QQQ,2002/2/15,36.838,36.91,35.64,35.78,79833700
QQQ,2002/2/19,35.375,35.46,34.32,34.68,72437200
QQQ,2002/2/20,34.908,35.17,33.93,35.15,106552700
QQQ,2002/2/21,34.79,34.95,33.48,33.48,109307800
QQQ,2002/2/22,33.619,34.2,33.09,33.65,99824200
QQQ,2002/2/25,34.008,35.25,33.955,35.01,88998400
QQQ,2002/2/26,35.232,35.43,34.37,34.88,94683300
QQQ,2002/2/27,35.397,35.51,34.06,34.4,95159300
QQQ,2002/2/28,34.514,34.97,33.75,33.78,95711200
QQQ,2002/3/1,34.154,35.75,34.09,35.74,86081600
QQQ,2002/3/4,35.702,37.23,35.4,37.15,105734600
QQQ,2002/3/5,36.938,37.87,36.81,37.42,91459800
QQQ,2002/3/6,37.08,37.95,36.6,37.6,86849400
QQQ,2002/3/7,38.12,38.33,37.01,37.68,85509000
QQQ,2002/3/8,38.231,39.03,38.13,38.67,84451200
QQQ,2002/3/11,38.35,39.19,38.06,38.53,71080200
QQQ,2002/3/12,37.579,38,37.32,38,82678600
QQQ,2002/3/13,37.41,37.66,36.87,37.08,71413500
QQQ,2002/3/14,37.069,37.4,36.72,36.86,70752100
QQQ,2002/3/15,36.899,37.33,36.596,37.23,63976400
QQQ,2002/3/18,37.635,37.94,37.05,37.44,78963600
QQQ,2002/3/19,37.609,37.88,37.22,37.38,58960500
QQQ,2002/3/20,36.879,37.08,36.04,36.06,61839900
QQQ,2002/3/21,36.15,37.14,35.9,37.02,92326900
QQQ,2002/3/22,36.944,37.14,36.47,36.68,58931200
QQQ,2002/3/25,36.69,36.901,35.52,35.56,87439100
QQQ,2002/3/26,35.427,36.42,35.4,35.89,92466600
QQQ,2002/3/27,35.637,36,35.4,35.61,64548400
QQQ,2002/3/28,36.02,36.37,35.9,36.06,59580700
QQQ,2002/4/1,35.8,36.9,35.3,36.75,70735900
QQQ,2002/4/2,35.986,36.15,35,35.09,77798800
QQQ,2002/4/3,35.3,35.45,34.3,35.03,85795900
QQQ,2002/4/4,34.508,35.16,34.28,34.76,90543700
QQQ,2002/4/5,35.01,35.175,34.18,34.37,68441400
QQQ,2002/4/8,33.479,34.8,33.425,34.8,74986500
QQQ,2002/4/9,34.78,34.98,33.498,33.59,80941900
QQQ,2002/4/10,33.76,34.25,33.13,33.84,85771400
QQQ,2002/4/11,33.66,33.85,32.889,33,90712200
QQQ,2002/4/12,33.325,33.8,32.95,33.52,78361800
QQQ,2002/4/15,33.803,33.96,33.2,33.79,69340200
QQQ,2002/4/16,34.431,35.22,34.417,35.2,72182200
QQQ,2002/4/17,35.4,35.5,34.65,35.02,69143800
QQQ,2002/4/18,34.785,35.15,34,34.35,91270100
QQQ,2002/4/19,35.058,35.06,34.38,34.46,62435100
QQQ,2002/4/22,34.01,34.02,33.256,33.59,64653700
QQQ,2002/4/23,33.598,33.94,32.7,33.01,73143200
QQQ,2002/4/24,33.213,33.31,32.2,32.5,69013200
QQQ,2002/4/25,32.308,32.73,32,32.42,103101800
QQQ,2002/4/26,32.662,32.78,31.01,31.04,100209700
QQQ,2002/4/29,31.244,31.55,30.568,31.12,85342500
QQQ,2002/4/30,31.032,32.195,30.942,31.73,95431700
QQQ,2002/5/1,31.67,31.84,30.65,31.56,109975700
QQQ,2002/5/2,31.398,31.99,30.46,30.51,85870600
QQQ,2002/5/3,30.47,30.514,29.49,29.74,92139000
QQQ,2002/5/6,29.637,29.984,28.85,28.97,96532000
QQQ,2002/5/7,29.27,29.35,28.42,28.7,102251100
QQQ,2002/5/8,30.13,31.88,30,31.77,129945600
QQQ,2002/5/9,31.578,31.89,30.8,30.95,106538100
QQQ,2002/5/10,31.014,31.099,29.5,29.56,112388100
QQQ,2002/5/13,29.87,30.98,29.675,30.76,93981900
QQQ,2002/5/14,32.055,32.65,31.87,32.57,107860300
QQQ,2002/5/15,32.082,33.63,31.85,32.81,204693500
QQQ,2002/5/16,32.542,33.05,32.22,32.86,89983100
QQQ,2002/5/17,33.29,33.411,32.47,32.93,82729700
QQQ,2002/5/20,32.6,32.7,31.94,32.21,78166700
QQQ,2002/5/21,32.369,32.59,31,31.33,104181100
QQQ,2002/5/22,30.99,31.59,30.41,31.4,89546600
QQQ,2002/5/23,31.63,32.1,30.8,32.03,94462700
QQQ,2002/5/24,31.592,31.69,31.01,31.24,55898400
QQQ,2002/5/28,31.471,31.527,30.49,31.1,68852000
QQQ,2002/5/29,30.665,30.9,30.24,30.28,73484400
QQQ,2002/5/30,30.013,30.72,29.9,30.54,92103800
QQQ,2002/5/31,30.76,31.04,30,30.04,79909500
QQQ,2002/6/3,30.008,30.25,28.79,28.98,77083600
QQQ,2002/6/4,28.751,29.68,28.61,29.36,98406700
QQQ,2002/6/5,29.421,29.8,28.97,29.66,95374800
QQQ,2002/6/6,29.511,29.518,28.63,28.88,93739000
QQQ,2002/6/7,27.63,28.79,27.52,28.3,106060800
QQQ,2002/6/10,28.36,28.75,28.14,28.25,73153200
QQQ,2002/6/11,28.6,28.69,27.363,27.46,84617300
QQQ,2002/6/12,27.249,27.96,26.834,27.86,153042100
QQQ,2002/6/13,27.765,28.21,27.353,27.68,97616100
QQQ,2002/6/14,26.862,27.72,26.2,27.62,122106900
QQQ,2002/6/17,28.002,28.75,27.91,28.56,87645600
QQQ,2002/6/18,28.317,29.15,28.28,29.02,100629000
QQQ,2002/6/19,28.104,28.3239,27.25,27.34,93534300
QQQ,2002/6/20,27.27,27.45,26.302,26.46,99932200
QQQ,2002/6/21,26.367,26.78,25.65,25.82,101842600
QQQ,2002/6/24,25.457,26.8,25.21,26.33,139727500
QQQ,2002/6/25,26.584,26.72,25.3,25.46,137014100
QQQ,2002/6/26,24.438,25.78,24.39,25.45,149080300
QQQ,2002/6/27,26,26.25,25.02,26.21,121391100
QQQ,2002/6/28,26.05,26.75,25.85,26.1,87867600
QQQ,2002/7/1,25.978,26.14,24.78,24.85,64798000
QQQ,2002/7/2,24.608,24.75,23.09,23.95,111629600
QQQ,2002/7/3,23.852,24.75,23.62,24.75,101091200
QQQ,2002/7/5,25.264,26.39,25.05,26.34,56773000
QQQ,2002/7/8,26.2,26.55,25.08,25.38,97368300
QQQ,2002/7/9,25.251,25.48,24.59,24.66,91102300
QQQ,2002/7/10,24.998,25.03,23.83,23.9,115365200
QQQ,2002/7/11,23.767,24.89,23.53,24.8,170294300
QQQ,2002/7/12,25.25,25.526,24.55,24.8,130027800
QQQ,2002/7/15,24.688,25.64,23.75,25.57,140565700
QQQ,2002/7/16,25.252,26.027,24.9,25.19,148281700
QQQ,2002/7/17,26.077,26.44,24.89,25.65,158228200
QQQ,2002/7/18,25.389,25.57,24.52,24.73,114052300
QQQ,2002/7/19,24.332,24.71,23.8,23.99,124800700
QQQ,2002/7/22,23.855,24.5,23.09,23.4,150034800
QQQ,2002/7/23,23.453,23.75,22.28,22.4,150846900
QQQ,2002/7/24,21.816,23.66,21.64,23.62,186594800
QQQ,2002/7/25,23.258,23.4,21.8,22.25,153931700
QQQ,2002/7/26,22.569,22.844,22.01,22.67,96048400
QQQ,2002/7/29,23.277,24.12,23.08,23.83,96757300
QQQ,2002/7/30,23.731,24.69,23.59,24.31,117397200
QQQ,2002/7/31,24.003,24.19,23.36,23.85,93884600
QQQ,2002/8/1,23.74,23.9,22.66,22.73,85208600
QQQ,2002/8/2,22.78,22.84,21.82,22.25,86745100
QQQ,2002/8/5,22.11,22.324,21.3,21.44,84929500
QQQ,2002/8/6,21.804,23.01,21.79,22.5,115364600
QQQ,2002/8/7,23.201,23.37,21.96,22.8,126234900
QQQ,2002/8/8,22.757,23.6,22.3,23.57,111697900
QQQ,2002/8/9,23.207,23.717,22.88,23.33,93579500
QQQ,2002/8/12,23.05,23.48,22.9,23.4,62919500
QQQ,2002/8/13,23.23,23.87,22.55,22.6,88361100
QQQ,2002/8/14,22.67,24.2,22.47,24.04,102709300
QQQ,2002/8/15,24.243,24.55,23.72,24.53,120307800
QQQ,2002/8/16,24.13,25,23.731,24.7,95863500
QQQ,2002/8/19,24.77,25.59,24.68,25.3,76037600
QQQ,2002/8/20,25.188,25.43,24.85,25.19,89988600
QQQ,2002/8/21,25.396,25.85,25,25.75,101400000
QQQ,2002/8/22,25.748,26.21,25.42,26.16,80393600
QQQ,2002/8/23,25.802,25.81,24.95,25.15,75249000
QQQ,2002/8/26,25.3,25.39,24.61,25.25,83350100
QQQ,2002/8/27,25.431,25.518,24.15,24.37,92360600
QQQ,2002/8/28,24.026,24.093,23.39,23.48,115762100
QQQ,2002/8/29,23.2,24.22,23.02,23.79,97078100
QQQ,2002/8/30,23.62,24.007,23.38,23.49,59511100
QQQ,2002/9/3,23.06,23.43,22.34,22.64,81890800
QQQ,2002/9/4,22.5,23.02,22.24,22.73,82732200
QQQ,2002/9/5,22.4,22.5,21.93,22.17,92657100
QQQ,2002/9/6,22.66,23.22,22.6,22.85,86028300
QQQ,2002/9/9,22.677,23.37,22.39,23.08,72720500
QQQ,2002/9/10,23.23,23.67,23.03,23.65,74694900
QQQ,2002/9/11,24.12,24.35,23.42,23.45,73922700
QQQ,2002/9/12,23.237,23.264,22.71,22.81,70803000
QQQ,2002/9/13,22.6,23.08,22.52,22.99,79716500
QQQ,2002/9/16,22.86,23.005,22.37,22.66,58897900
QQQ,2002/9/17,23.05,23.21,22.18,22.18,89213100
QQQ,2002/9/18,22.01,22.55,21.78,21.93,92413600
QQQ,2002/9/19,21.7,22.13,21.55,21.58,86322700
QQQ,2002/9/20,21.831,21.9,21.48,21.67,78200300
QQQ,2002/9/23,21.45,21.52,20.81,21.02,72781900
QQQ,2002/9/24,20.687,21.45,20.65,21.03,91555700
QQQ,2002/9/25,21.35,22.04,21.1,21.87,98114700
QQQ,2002/9/26,22.16,22.33,21.37,21.6,104457700
QQQ,2002/9/27,21.55,22.21,21.31,21.31,92284300
QQQ,2002/9/30,21.07,21.24,20.49,20.72,91584500
QQQ,2002/10/1,20.91,21.99,20.47,21.98,102137400
QQQ,2002/10/2,21.51,21.97,20.97,21.25,94902500
QQQ,2002/10/3,21.06,21.4,20.68,20.74,74411800
QQQ,2002/10/4,20.94,21.02,20.1101,20.35,81887400
QQQ,2002/10/7,20.26,20.59,19.85,20.16,79896400
QQQ,2002/10/8,20.28,20.61,19.76,20.16,94120800
QQQ,2002/10/9,19.94,20.53,19.84,20.06,103353200
QQQ,2002/10/10,20.1,21.21,19.91,21.08,109611700
QQQ,2002/10/11,21.55,22.38,21.42,22.22,124827000
QQQ,2002/10/14,21.87,22.5,21.78,22.48,78960900
QQQ,2002/10/15,23.44,23.634,23.18,23.56,118195700
QQQ,2002/10/16,22.718,23.16,22.52,22.78,97777400
QQQ,2002/10/17,23.6,23.81,22.58,23.55,96264600
QQQ,2002/10/18,23.28,23.85,22.93,23.81,85247500
QQQ,2002/10/21,23.52,24.45,23.3,24.29,85769500
QQQ,2002/10/22,23.738,24.34,23.65,24.14,90336700
QQQ,2002/10/23,23.85,24.63,23.67,24.6,88344800
QQQ,2002/10/24,24.68,24.86,23.92,23.98,89210900
QQQ,2002/10/25,23.99,24.751,23.99,24.62,71813900
QQQ,2002/10/28,25,25.04,24.17,24.49,90300700
QQQ,2002/10/29,24.31,24.47,23.37,23.92,90385400
QQQ,2002/10/30,24.068,24.79,23.85,24.56,103549600
QQQ,2002/10/31,24.66,25.04,24.36,24.55,81527700
QQQ,2002/11/1,24.378,25.4,24.14,25.25,86703200
QQQ,2002/11/4,26.05,26.82,25.8,25.9,110583000
QQQ,2002/11/5,25.71,26.17,25.56,26.1,79629000
QQQ,2002/11/6,26.29,26.61,25.64,26.47,116865300
QQQ,2002/11/7,25.99,26.1,25.31,25.54,82770600
QQQ,2002/11/8,25.49,25.87,24.96,25.07,77032900
QQQ,2002/11/11,24.95,25.02,24.15,24.31,74663100
QQQ,2002/11/12,24.4,25.4,24.4,24.93,88961600
QQQ,2002/11/13,24.7,25.45,24.493,25.23,119398700
QQQ,2002/11/14,25.58,26.42,25.52,26.1,86672400
QQQ,2002/11/15,25.902,26.45,25.75,26.44,69328600
QQQ,2002/11/18,26.715,26.77,25.99,26.05,76937700
QQQ,2002/11/19,25.8,26.05,25.3,25.65,88223300
QQQ,2002/11/20,25.56,26.75,25.54,26.74,75652400
QQQ,2002/11/21,26.93,27.85,26.75,27.73,105616400
QQQ,2002/11/22,27.37,27.94,27.32,27.72,73828000
QQQ,2002/11/25,27.76,28.205,27.54,27.99,72729200
QQQ,2002/11/26,27.78,27.93,26.9,27.05,80060300
QQQ,2002/11/27,27.53,28.2,27.487,27.91,73695900
QQQ,2002/11/29,28.21,28.29,27.22,27.72,34652100
QQQ,2002/12/2,28.42,28.79,27.57,28,86009700
QQQ,2002/12/3,27.55,27.58,26.93,27.17,76724200
QQQ,2002/12/4,26.56,26.95,26.21,26.57,130487800
QQQ,2002/12/5,26.95,27,26.13,26.2,85407600
QQQ,2002/12/6,25.81,26.72,25.74,26.47,81774300
QQQ,2002/12/9,26.22,26.55,25.2,25.22,76216700
QQQ,2002/12/10,25.42,25.95,25.35,25.6,69684900
QQQ,2002/12/11,25.44,26.07,25.32,25.72,64293100
QQQ,2002/12/12,26,26.69,25.56,25.86,62398300
QQQ,2002/12/13,25.52,25.57,25.01,25.04,72720400
QQQ,2002/12/16,25.22,25.96,25.07,25.85,60396200
QQQ,2002/12/17,25.81,26.2,25.66,25.93,63038900
QQQ,2002/12/18,25.55,25.6,25.05,25.38,67597400
QQQ,2002/12/19,25.171,25.78,24.81,25.06,96187900
QQQ,2002/12/20,25.33,25.45,25.07,25.32,65612600
QQQ,2002/12/23,25.18,25.76,25.13,25.67,46013700
QQQ,2002/12/24,25.5,25.73,25.32,25.35,16773100
QQQ,2002/12/26,25.53,25.91,25.17,25.28,33822100
QQQ,2002/12/27,25.18,25.85,24.75,24.82,42557000
QQQ,2002/12/30,24.84,24.97,24.36,24.63,57471300
QQQ,2002/12/31,24.54,24.71,24.28,24.37,46033300
QQQ,2003/1/2,24.72,25.55,24.45,25.4,66323700
QQQ,2003/1/3,25.46,25.71,25.28,25.68,39109700
QQQ,2003/1/6,25.71,26.59,25.2,26.32,67427100
QQQ,2003/1/7,26.41,26.93,26.25,26.65,88793000
QQQ,2003/1/8,26.39,26.97,25.84,25.9,75104900
QQQ,2003/1/9,26.24,26.98,26.224,26.7,75454000
QQQ,2003/1/10,26.35,27.26,26.22,27.1,82654400
QQQ,2003/1/13,27.33,27.47,26.73,26.94,72955600
QQQ,2003/1/14,26.91,27.32,26.85,27.08,47303900
QQQ,2003/1/15,27.24,27.353,26.58,26.74,55470600
QQQ,2003/1/16,26.79,26.98,26.25,26.44,69780100
QQQ,2003/1/17,25.904,25.94,25.27,25.31,77455200
QQQ,2003/1/21,25.41,25.55,25.02,25.03,68049800
QQQ,2003/1/22,24.968,25.53,24.87,24.93,81022500
QQQ,2003/1/23,25.4,25.84,25.11,25.51,78680500
QQQ,2003/1/24,25.53,25.531,24.64,24.82,74596000
QQQ,2003/1/27,24.45,25.03,24.37,24.53,76608300
QQQ,2003/1/28,24.77,25.05,24.42,24.78,65321200
QQQ,2003/1/29,24.76,25.45,24.34,25.15,95820200
QQQ,2003/1/30,25.32,25.42,24.49,24.54,70525600
QQQ,2003/1/31,24.06,24.76,24.01,24.44,90561200
QQQ,2003/2/3,24.528,24.796,24.38,24.49,53196100
QQQ,2003/2/4,24.18,24.3,23.82,24.19,69620800
QQQ,2003/2/5,24.33,24.86,24.01,24.08,80194300
QQQ,2003/2/6,24.04,24.35,23.86,24.21,103608900
QQQ,2003/2/7,24.36,24.45,23.65,23.81,72348400
QQQ,2003/2/10,23.899,24.25,23.62,24.02,67645200
QQQ,2003/2/11,24.25,24.61,23.92,24.15,78063900
QQQ,2003/2/12,24.07,24.33,23.78,23.82,51830800
QQQ,2003/2/13,23.85,23.98,23.32,23.94,77796100
QQQ,2003/2/14,23.83,24.5,23.62,24.49,67585100
QQQ,2003/2/18,24.7,25.34,24.68,25.25,74048200
QQQ,2003/2/19,25.2,25.24,24.71,25.08,45629100
QQQ,2003/2/20,25.15,25.27,24.84,24.98,59959200
QQQ,2003/2/21,24.93,25.37,24.51,25.17,70363000
QQQ,2003/2/24,25.13,25.212,24.71,24.74,56733100
QQQ,2003/2/25,24.45,24.95,24.08,24.77,74663800
QQQ,2003/2/26,24.68,24.94,24.2,24.22,60165100
QQQ,2003/2/27,24.42,24.92,24.27,24.77,66531100
QQQ,2003/2/28,24.81,25.22,24.72,25.16,50607700
QQQ,2003/3/3,25.27,25.48,24.56,24.65,60464300
QQQ,2003/3/4,24.66,24.77,24.42,24.5,56121200
QQQ,2003/3/5,24.4,24.78,24.32,24.55,69230100
QQQ,2003/3/6,24.43,24.68,24.23,24.49,59669300
QQQ,2003/3/7,24.08,24.95,23.96,24.54,73338800
QQQ,2003/3/10,24.35,24.457,23.91,24.01,56004600
QQQ,2003/3/11,24.06,24.24,23.78,23.8,54970500
QQQ,2003/3/12,23.76,24.24,23.54,24.23,78035800
QQQ,2003/3/13,24.64,25.65,24.4,25.62,128607200
QQQ,2003/3/14,25.73,25.98,25.36,25.72,89843000
QQQ,2003/3/17,25.43,26.8,25,26.6,141233400
QQQ,2003/3/18,26.8,26.97,26.42,26.93,97221500
QQQ,2003/3/19,26.85,27.76,26.33,26.7,91457600
QQQ,2003/3/20,26.54,27.14,26.17,26.8,93138800
QQQ,2003/3/21,27.21,27.38,26.2,27.17,93417100
QQQ,2003/3/24,26.47,26.6,25.97,26.04,85346600
QQQ,2003/3/25,26.158,26.76,26.01,26.41,78817800
QQQ,2003/3/26,26.5,26.77,26.36,26.56,68040700
QQQ,2003/3/27,26.27,26.65,26.1,26.37,64212300
QQQ,2003/3/28,26.14,26.43,25.95,26.08,45415900
QQQ,2003/3/31,25.6,25.73,25.21,25.25,89434900
QQQ,2003/4/1,25.44,25.67,25.25,25.45,73627200
QQQ,2003/4/2,26.06,26.56,26.03,26.36,76054300
QQQ,2003/4/3,26.64,26.85,26.31,26.48,71165000
QQQ,2003/4/4,26.57,26.6,25.97,26.05,65773200
QQQ,2003/4/7,27.11,27.2,26.07,26.09,83960200
QQQ,2003/4/8,26.15,26.29,25.88,26.06,54294200
QQQ,2003/4/9,26.1,26.62,25.41,25.46,76583800
QQQ,2003/4/10,25.46,25.77,25.3,25.77,57502600
QQQ,2003/4/11,26.02,26.168,25.36,25.51,68012800
QQQ,2003/4/14,25.6,26.14,25.491,26.03,53440100
QQQ,2003/4/15,25.97,26.46,25.849,26.28,64702900
QQQ,2003/4/16,26.65,26.83,26.12,26.22,70758700
QQQ,2003/4/17,26.162,26.98,26.15,26.82,70334300
QQQ,2003/4/21,26.948,27.106,26.62,26.92,52761000
QQQ,2003/4/22,26.737,27.46,26.65,27.43,70937000
QQQ,2003/4/23,27.5,27.75,27.26,27.63,70595400
QQQ,2003/4/24,27.36,27.75,27.27,27.48,72609000
QQQ,2003/4/25,27.32,27.42,26.86,26.95,63361000
QQQ,2003/4/28,27.05,27.63,26.95,27.48,59705000
QQQ,2003/4/29,27.64,28.06,27.41,27.73,80393400
QQQ,2003/4/30,27.65,27.79,27.43,27.45,60474300
QQQ,2003/5/1,27.44,27.87,27.19,27.69,66076900
QQQ,2003/5/2,27.607,28.29,27.57,28.28,85075100
QQQ,2003/5/5,28.325,28.71,28.17,28.25,80691800
QQQ,2003/5/6,28.22,28.9,28.21,28.61,77651900
QQQ,2003/5/7,28.41,28.69,28.12,28.29,70387500
QQQ,2003/5/8,27.855,28.19,27.76,27.77,80370600
QQQ,2003/5/9,28.04,28.48,27.995,28.41,58602000
QQQ,2003/5/12,28.36,28.96,28.17,28.84,67629700
QQQ,2003/5/13,28.63,28.99,28.54,28.66,65206500
QQQ,2003/5/14,28.874,28.97,28.36,28.6,62269000
QQQ,2003/5/15,28.75,28.98,28.56,28.92,62516100
QQQ,2003/5/16,28.73,28.94,28.48,28.7,70659700
QQQ,2003/5/19,28.52,28.68,27.61,27.69,91821300
QQQ,2003/5/20,27.76,27.96,27.41,27.77,72051400
QQQ,2003/5/21,27.65,27.75,27.44,27.69,64156100
QQQ,2003/5/22,27.76,28.32,27.62,28.09,62488400
QQQ,2003/5/23,28.041,28.25,27.95,28.1,37943100
QQQ,2003/5/27,27.93,29.22,27.9,29.1,101600000
QQQ,2003/5/28,29.16,29.4,28.96,29.19,76418600
QQQ,2003/5/29,29.23,29.8,29.16,29.31,97644900
QQQ,2003/5/30,29.53,29.87,29.45,29.79,78190300
QQQ,2003/6/2,30.08,30.2,29.31,29.58,103123800
QQQ,2003/6/3,29.44,29.88,29.33,29.86,82248300
QQQ,2003/6/4,29.81,30.58,29.72,30.42,87148300
QQQ,2003/6/5,30.13,30.68,29.97,30.64,89554300
QQQ,2003/6/6,31.17,31.47,30.02,30.13,157195800
QQQ,2003/6/9,30,30.22,29.53,29.73,94993100
QQQ,2003/6/10,29.86,30.2,29.68,30.18,69956000
QQQ,2003/6/11,30.07,30.64,29.8,30.52,87431400
QQQ,2003/6/12,30.638,30.75,30.26,30.65,79619500
QQQ,2003/6/13,30.655,30.73,29.86,29.96,83400500
QQQ,2003/6/16,30.17,30.9,30,30.88,71626500
QQQ,2003/6/17,31.02,31.11,30.56,30.76,67730000
QQQ,2003/6/18,30.66,31.225,30.45,30.92,80257400
QQQ,2003/6/19,30.98,31.24,30.38,30.42,79568600
QQQ,2003/6/20,30.69,30.78,30.25,30.38,71587900
QQQ,2003/6/23,30.33,30.371,29.56,29.91,86654400
QQQ,2003/6/24,29.73,30.13,29.53,29.68,83062900
QQQ,2003/6/25,29.67,30.18,29.47,29.52,94372300
QQQ,2003/6/26,29.71,30.28,29.61,30.22,79296500
QQQ,2003/6/27,30.25,30.57,29.772,29.83,82571500
QQQ,2003/6/30,30.16,30.34,29.8,29.95,72096700
QQQ,2003/7/1,29.7,30.38,29.26,30.35,105978400
QQQ,2003/7/2,30.412,30.99,30.38,30.97,82018400
QQQ,2003/7/3,30.7,31.1,30.47,30.58,50050800
QQQ,2003/7/7,30.97,31.9,30.962,31.89,88766200
QQQ,2003/7/8,31.78,32.31,31.62,32.28,82338200
QQQ,2003/7/9,32.18,32.49,31.93,32.2,89874600
QQQ,2003/7/10,31.85,31.99,31.33,31.6,103231500
QQQ,2003/7/11,31.652,31.99,31.61,31.84,67817400
QQQ,2003/7/14,32.344,32.75,32.07,32.22,84579300
QQQ,2003/7/15,32.53,32.65,31.94,32.26,76339000
QQQ,2003/7/16,32.46,32.5,31.73,32.16,81729500
QQQ,2003/7/17,31.68,31.84,31.043,31.18,110515500
QQQ,2003/7/18,31.4,31.96,30.92,31.28,80597300
QQQ,2003/7/21,31.24,31.3,30.61,30.88,112035500
QQQ,2003/7/22,31.11,31.5,30.86,31.34,91654800
QQQ,2003/7/23,31.38,31.64,30.99,31.6,69215700
QQQ,2003/7/24,31.85,32.02,31.08,31.18,83637800
QQQ,2003/7/25,31.13,31.84,30.769,31.8,83086600
QQQ,2003/7/28,31.86,31.988,31.6,31.89,56222300
QQQ,2003/7/29,31.93,32.02,31.23,31.65,80631800
QQQ,2003/7/30,31.71,31.74,31.33,31.42,56663000
QQQ,2003/7/31,31.79,32.33,31.52,31.8,85739500
QQQ,2003/8/1,31.69,31.79,31.3,31.46,73582900
QQQ,2003/8/4,31.42,31.92,30.84,31.45,96441800
QQQ,2003/8/5,31.41,31.48,30.05,30.21,111220800
QQQ,2003/8/6,30.36,30.77,30.1,30.19,96864600
QQQ,2003/8/7,30.22,30.51,30.02,30.31,67371600
QQQ,2003/8/8,30.43,30.55,29.93,30.07,66711600
QQQ,2003/8/11,30.08,30.6,30.03,30.4,63748500
QQQ,2003/8/12,30.51,30.9,30.326,30.86,59793000
QQQ,2003/8/13,30.98,31.066,30.65,30.87,58075100
QQQ,2003/8/14,30.88,31.19,30.67,30.9,51230800
QQQ,2003/8/15,31,31.29,30.93,31.17,28136100
QQQ,2003/8/18,31.31,32.01,31.23,31.97,67539700
QQQ,2003/8/19,32.11,32.38,31.846,32.37,68429100
QQQ,2003/8/20,32.1,32.52,32.02,32.29,58294700
QQQ,2003/8/21,32.59,32.82,32.27,32.64,77278000
QQQ,2003/8/22,33.26,33.37,32.33,32.44,93040900
QQQ,2003/8/25,32.36,32.57,32.21,32.51,43091600
QQQ,2003/8/26,32.28,32.59,31.81,32.54,79925000
QQQ,2003/8/27,32.49,32.83,32.37,32.8,47288200
QQQ,2003/8/28,32.94,33.12,32.52,33.09,55370500
QQQ,2003/8/29,33.04,33.46,32.98,33.39,53204200
QQQ,2003/9/2,33.49,33.89,33.13,33.87,80528800
QQQ,2003/9/3,34.1,34.2,33.65,33.85,85268300
QQQ,2003/9/4,33.83,34.22,33.7,34.16,63961000
QQQ,2003/9/5,33.966,34.34,33.67,33.94,91056700
QQQ,2003/9/8,34,34.53,33.95,34.5,69380500
QQQ,2003/9/9,34.32,34.386,33.92,34.09,88038200
QQQ,2003/9/10,33.75,33.89,33.11,33.27,111723900
QQQ,2003/9/11,33.278,33.78,33.01,33.64,96980100
QQQ,2003/9/12,33.34,33.84,33.05,33.82,105044900
QQQ,2003/9/15,33.84,33.91,33.444,33.49,54636200
QQQ,2003/9/16,33.52,34.43,33.52,34.4,87645200
QQQ,2003/9/17,34.33,34.501,34.03,34.26,79830000
QQQ,2003/9/18,34.17,34.86,34,34.78,91659400
QQQ,2003/9/19,34.79,34.86,34.36,34.58,69841300
QQQ,2003/9/22,34.13,34.2,33.77,33.92,97504100
QQQ,2003/9/23,33.97,34.56,33.91,34.52,77879300
QQQ,2003/9/24,34.51,34.52,33.17,33.22,115624100
QQQ,2003/9/25,33.38,33.98,32.76,32.79,118074900
QQQ,2003/9/26,32.89,33.17,32.52,32.58,106716500
QQQ,2003/9/29,32.76,33.17,32.45,33.14,97126100
QQQ,2003/9/30,32.92,32.96,32.357,32.42,119202300
QQQ,2003/10/1,32.61,33.23,32.42,33.15,106843200
QQQ,2003/10/2,33.1,33.43,32.93,33.26,83947600
QQQ,2003/10/3,33.85,34.47,33.82,34.19,112952700
QQQ,2003/10/6,34.28,34.45,34.06,34.44,49278500
QQQ,2003/10/7,34.16,34.65,34.01,34.65,80196100
QQQ,2003/10/8,34.81,34.84,34.22,34.43,71446500
QQQ,2003/10/9,34.92,35.27,34.43,34.69,118302500
QQQ,2003/10/10,34.77,35.03,34.64,35.01,68409000
QQQ,2003/10/13,35.14,35.37,34.92,35.24,60996000
QQQ,2003/10/14,35.1,35.43,34.96,35.33,64295100
QQQ,2003/10/15,35.8,35.85,35.03,35.18,97820400
QQQ,2003/10/16,35.1,35.53,35,35.46,74127200
QQQ,2003/10/17,35.41,35.49,34.6,34.61,98040000
QQQ,2003/10/20,34.65,35.08,34.5,35.04,76218300
QQQ,2003/10/21,35.14,35.45,34.939,35.25,75051400
QQQ,2003/10/22,34.89,34.93,34.44,34.57,88874100
QQQ,2003/10/23,34.15,34.507,34.05,34.17,99462000
QQQ,2003/10/24,33.79,34.23,33.49,34.2,101845100
QQQ,2003/10/27,34.28,34.45,34.04,34.21,63663700
QQQ,2003/10/28,34.43,35.41,34.37,35.36,107536200
QQQ,2003/10/29,35.2,35.41,35.07,35.32,74138900
QQQ,2003/10/30,35.81,36,35.14,35.39,95162200
QQQ,2003/10/31,35.44,35.49,35.06,35.18,55501700
QQQ,2003/11/3,35.43,35.98,35.36,35.76,71201780
QQQ,2003/11/4,35.69,35.87,35.446,35.52,60115909
QQQ,2003/11/5,35.52,35.89,35.15,35.84,68538800
QQQ,2003/11/6,35.79,35.966,35.34,35.939,90657400
QQQ,2003/11/7,36.08,36.18,35.6,35.63,63620100
QQQ,2003/11/10,35.7,35.743,35.09,35.19,68956400
QQQ,2003/11/11,35.149,35.3,34.85,35.06,75947000
QQQ,2003/11/12,35.17,35.963,35.14,35.81,81196900
QQQ,2003/11/13,35.71,35.9,35.55,35.77,64338900
QQQ,2003/11/14,35.811,36.02,34.95,35.04,91064300
QQQ,2003/11/17,34.84,34.91,34.256,34.68,108533700
QQQ,2003/11/18,34.87,34.97,33.82,33.88,108765400
QQQ,2003/11/19,34.01,34.4,33.88,34.21,86617000
QQQ,2003/11/20,33.92,34.68,33.81,33.882,117420500
QQQ,2003/11/21,34.07,34.265,33.73,34.232,81831000
QQQ,2003/11/24,34.52,35.25,34.47,35.18,92207600
QQQ,2003/11/25,35.29,35.45,35.09,35.18,72584300
QQQ,2003/11/26,35.4,35.52,34.81,35.34,72880400
QQQ,2003/11/28,35.26,35.5,35.208,35.38,24809100
QQQ,2003/12/1,35.71,36.01,35.47,35.9,82833200
QQQ,2003/12/2,35.82,36.05,35.58,35.7,65093000
QQQ,2003/12/3,35.84,36.12,35.25,35.25,107872300
QQQ,2003/12/4,35.38,35.71,35.08,35.63,102486300
QQQ,2003/12/5,35.27,35.5,34.958,35.04,87643200
QQQ,2003/12/8,35.02,35.33,34.78,35.235,87160800
QQQ,2003/12/9,35.44,35.46,34.35,34.43,110023200
QQQ,2003/12/10,34.503,34.7,34.13,34.56,103570300
QQQ,2003/12/11,34.5,35.39,34.493,35.3,108447000
QQQ,2003/12/12,35.31,35.34,34.9,35.24,72230900
QQQ,2003/12/15,35.93,35.99,34.65,34.78,106260500
QQQ,2003/12/16,34.79,35.023,34.42,34.85,89901000
QQQ,2003/12/17,34.81,35,34.574,34.91,68584400
QQQ,2003/12/18,34.95,35.64,34.949,35.56,90033500
QQQ,2003/12/19,35.61,35.65,35.2,35.46,89770300
QQQ,2003/12/22,35.35,35.68,35.29,35.57,63616300
QQQ,2003/12/23,35.6,36.02,35.53,35.84,67060700
QQQ,2003/12/24,35.84,36.02,35.8,35.9,44840300
QQQ,2003/12/26,35.96,36.09,35.82,35.85,25499000
QQQ,2003/12/29,36.03,36.53,36.02,36.44,63374100
QQQ,2003/12/30,36.53,36.58,36.3,36.56,48282100
QQQ,2003/12/31,36.62,36.64,36.25,36.46,60531500
QQQ,2004/1/2,36.66,36.79,36.22,36.36,55263700
QQQ,2004/1/5,36.58,37.158,36.56,37.09,69757000
QQQ,2004/1/6,37.08,37.42,36.95,37.34,60075300
QQQ,2004/1/7,37.28,37.68,37.07,37.68,71895800
QQQ,2004/1/8,37.85,38,37.6,37.979,78268200
QQQ,2004/1/9,37.71,38.35,37.59,37.73,94326900
QQQ,2004/1/12,37.85,38.35,37.68,38.33,77719500
QQQ,2004/1/13,38.27,38.36,37.6,37.949,93060900
QQQ,2004/1/14,38.083,38.25,37.75,38.08,69074400
QQQ,2004/1/15,37.93,38.46,37.63,38.18,104597100
QQQ,2004/1/16,38.38,38.63,38.17,38.57,77371600
QQQ,2004/1/20,38.73,39,38.307,38.54,82083600
QQQ,2004/1/21,38.39,38.66,38,38.38,112316800
QQQ,2004/1/22,38.55,38.69,38.06,38.15,90966400
QQQ,2004/1/23,38.21,38.46,37.78,38.01,88805500
QQQ,2004/1/26,37.98,38.65,37.84,38.59,84703400
QQQ,2004/1/27,38.51,38.63,37.69,37.74,97365800
QQQ,2004/1/28,37.94,38.06,37.004,37.1,128169300
QQQ,2004/1/29,37.24,37.31,36.66,37.24,144040500
QQQ,2004/1/30,37.2,37.44,36.97,37.07,84309100
QQQ,2004/2/2,37.2,37.48,36.82,36.97,94539600
QQQ,2004/2/3,36.91,37.24,36.72,36.93,73885100
QQQ,2004/2/4,36.62,36.86,36.329,36.33,110068900
QQQ,2004/2/5,36.51,36.71,36.33,36.47,96969300
QQQ,2004/2/6,36.6,37.28,36.53,37.131,107253200
QQQ,2004/2/9,37.34,37.38,37.05,37.12,58920500
QQQ,2004/2/10,37.061,37.41,37.03,37.18,65104100
QQQ,2004/2/11,37.237,37.67,37,37.58,92510700
QQQ,2004/2/12,37.52,37.7,37.24,37.25,70754000
QQQ,2004/2/13,37.39,37.58,36.76,36.94,90604400
QQQ,2004/2/17,37.28,37.62,37.22,37.44,69820100
QQQ,2004/2/18,37.51,37.67,37.32,37.55,71198800
QQQ,2004/2/19,37.87,37.9,36.82,36.98,100953500
QQQ,2004/2/20,37.007,37.14,36.55,36.86,132387700
QQQ,2004/2/23,37,37.03,35.9,36.45,125319700
QQQ,2004/2/24,36.3,36.67,36,36.36,124574500
QQQ,2004/2/25,36.43,36.67,36.33,36.58,74556400
QQQ,2004/2/26,36.47,36.84,36.305,36.67,71494900
QQQ,2004/2/27,36.76,36.94,36.27,36.57,99459600
QQQ,2004/3/1,36.68,37.07,36.47,37.05,79790700
QQQ,2004/3/2,36.983,37.18,36.61,36.62,91629800
QQQ,2004/3/3,36.51,36.63,36.21,36.42,84047600
QQQ,2004/3/4,36.44,36.83,36.39,36.76,66043600
QQQ,2004/3/5,36.421,37.15,36.36,36.63,118143600
QQQ,2004/3/8,36.688,36.82,35.73,35.77,112738200
QQQ,2004/3/9,35.81,35.98,35.52,35.66,126256400
QQQ,2004/3/10,35.75,35.999,35.13,35.19,134346800
QQQ,2004/3/11,35.07,35.53,34.8,34.87,152587200
QQQ,2004/3/12,35.18,35.59,35.15,35.51,118417600
QQQ,2004/3/15,35.36,35.4,34.81,34.89,115903600
QQQ,2004/3/16,35.11,35.25,34.63,34.95,123774000
QQQ,2004/3/17,35.21,35.62,35.18,35.5,91961900
QQQ,2004/3/18,35.37,35.46,34.97,35.34,111355100
QQQ,2004/3/19,35.28,35.456,34.725,34.75,100167800
QQQ,2004/3/22,34.53,34.55,34.03,34.31,134590900
QQQ,2004/3/23,34.59,34.65,34.006,34.03,126124500
QQQ,2004/3/24,34.15,34.63,34.01,34.42,119050000
QQQ,2004/3/25,34.65,35.46,34.62,35.343,142164300
QQQ,2004/3/26,35.3,35.584,35.2,35.22,78450000
QQQ,2004/3/29,35.51,35.96,35.49,35.79,103937000
QQQ,2004/3/30,35.67,35.943,35.517,35.91,95901400
QQQ,2004/3/31,35.92,36,35.61,35.84,86068800
QQQ,2004/4/1,35.81,36.25,35.78,36.16,93106500
QQQ,2004/4/2,36.89,37.16,36.52,37.1,146023500
QQQ,2004/4/5,37.012,37.5,36.97,37.45,67397900
QQQ,2004/4/6,37.16,37.25,36.92,36.98,98716600
QQQ,2004/4/7,36.994,37.11,36.66,36.94,91125400
QQQ,2004/4/8,37.35,37.39,36.74,36.94,77255400
QQQ,2004/4/12,37.027,37.24,36.98,37.17,55437500
QQQ,2004/4/13,37.34,37.36,36.46,36.63,100836700
QQQ,2004/4/14,36.41,36.95,36.36,36.81,113802200
QQQ,2004/4/15,36.75,36.86,36.02,36.15,123828900
QQQ,2004/4/16,36.2,36.32,35.79,36.09,110829900
QQQ,2004/4/19,36.01,36.59,35.98,36.53,85896500
QQQ,2004/4/20,36.61,36.79,35.64,35.68,119961400
QQQ,2004/4/21,35.92,36.11,35.45,35.99,119218300
QQQ,2004/4/22,36,37.01,35.98,36.92,137897300
QQQ,2004/4/23,37.08,37.26,36.9,37.21,92044900
QQQ,2004/4/26,37.18,37.29,36.65,36.94,74547800
QQQ,2004/4/27,36.95,37.19,36.69,36.87,87670900
QQQ,2004/4/28,36.71,36.72,36.019,36.2,111783000
QQQ,2004/4/29,36.09,36.34,35.3,35.64,157053600
QQQ,2004/4/30,35.66,35.8,34.72,34.77,150918100
QQQ,2004/5/3,35,35.52,34.89,35.1,117070100
QQQ,2004/5/4,35.21,35.75,35.03,35.25,126253700
QQQ,2004/5/5,35.42,35.7,35.2,35.53,97582300
QQQ,2004/5/6,35.239,35.44,34.85,35.26,102760100
QQQ,2004/5/7,35.09,35.64,34.91,34.97,137726300
QQQ,2004/5/10,34.67,34.9,34.42,34.671,157196600
QQQ,2004/5/11,34.97,35.38,34.92,35.19,120840900
QQQ,2004/5/12,35.12,35.3495,34.27,35.26,197888300
QQQ,2004/5/13,35.06,35.45,34.92,35.01,138104800
QQQ,2004/5/14,35.2,35.314,34.64,34.75,133762900
QQQ,2004/5/17,34.38,34.615,34.11,34.42,150712300
QQQ,2004/5/18,34.66,34.9,34.6,34.73,96725200
QQQ,2004/5/19,35.16,35.511,34.635,34.69,141777100
QQQ,2004/5/20,34.78,35.02,34.56,34.85,95043100
QQQ,2004/5/21,35.05,35.17,34.738,35.019,111494600
QQQ,2004/5/24,35.3,35.46,35,35.26,100159200
QQQ,2004/5/25,35.15,36.08,34.949,35.96,146471300
QQQ,2004/5/26,35.86,36.191,35.81,36.19,93853800
QQQ,2004/5/27,36.29,36.5,36,36.42,110234100
QQQ,2004/5/28,36.38,36.55,36.21,36.55,56424400
QQQ,2004/6/1,36.27,36.55,36.11,36.5,90716400
QQQ,2004/6/2,36.56,36.66,36.17,36.42,103560300
QQQ,2004/6/3,36.3,36.361,35.82,35.98,97727200
QQQ,2004/6/4,36.33,36.62,36.17,36.19,91300800
QQQ,2004/6/7,36.44,37.1,36.34,37.05,107687700
QQQ,2004/6/8,36.9,37.19,36.85,37.102,72583000
QQQ,2004/6/9,36.98,37.051,36.37,36.579,98253900
QQQ,2004/6/10,36.69,36.84,36.55,36.84,57139000
QQQ,2004/6/14,36.61,36.61,36.1,36.32,85287500
QQQ,2004/6/15,36.56,36.99,36.56,36.79,91997600
QQQ,2004/6/16,36.77,36.9,36.65,36.73,65491100
QQQ,2004/6/17,36.65,36.656,36.25,36.39,77862400
QQQ,2004/6/18,36.3,36.84,36.26,36.44,78788400
QQQ,2004/6/21,36.52,36.63,36.06,36.15,65467800
QQQ,2004/6/22,36.16,36.7,36.015,36.68,101642800
QQQ,2004/6/23,36.57,37.19,36.51,37.12,95338400
QQQ,2004/6/24,37.02,37.35,36.92,37.05,92391300
QQQ,2004/6/25,37,37.39,36.98,37.33,81030500
QQQ,2004/6/28,37.49,37.52,36.9,37.021,94245800
QQQ,2004/6/29,37.1,37.47,37.08,37.37,68382300
QQQ,2004/6/30,37.45,37.9,37.35,37.74,97906700
QQQ,2004/7/1,37.66,37.66,36.77,37.04,122193300
QQQ,2004/7/2,37.04,37.19,36.63,36.82,74106700
QQQ,2004/7/6,36.6,36.6,35.83,36.03,130400500
QQQ,2004/7/7,35.96,36.29,35.92,36.096,96199500
QQQ,2004/7/8,35.81,36.13,35.55,35.7,108952500
QQQ,2004/7/9,35.84,36.04,35.63,35.75,86050700
QQQ,2004/7/12,35.57,35.69,35.24,35.6,81876100
QQQ,2004/7/13,35.68,35.81,35.41,35.55,81638300
QQQ,2004/7/14,35.2,35.65,35.05,35.19,119881000
QQQ,2004/7/15,35.32,35.49,35.06,35.07,90565000
QQQ,2004/7/16,35.428,35.45,34.619,34.67,120439000
QQQ,2004/7/19,34.78,34.97,34.47,34.6,106437400
QQQ,2004/7/20,34.75,35.587,34.71,35.43,120170200
QQQ,2004/7/21,35.57,35.65,34.34,34.4,136167300
QQQ,2004/7/22,34.48,35.11,34.25,34.87,132846300
QQQ,2004/7/23,34.63,34.66,34.03,34.21,107147200
QQQ,2004/7/26,34.24,34.41,33.7,34.06,113063600
QQQ,2004/7/27,34.19,34.71,34.04,34.53,103537600
QQQ,2004/7/28,34.41,34.626,33.81,34.38,155074200
QQQ,2004/7/29,34.71,34.92,34.5,34.78,99090800
QQQ,2004/7/30,34.76,35.1,34.65,34.89,83043100
QQQ,2004/8/2,34.61,35.02,34.46,34.96,81371100
QQQ,2004/8/3,34.84,34.93,34.188,34.23,85875900
QQQ,2004/8/4,34.15,34.461,34.01,34.24,86891900
QQQ,2004/8/5,34.35,34.4,33.598,33.6,109959700
QQQ,2004/8/6,33.4,33.41,32.66,32.72,148866100
QQQ,2004/8/9,32.81,32.96,32.65,32.8,78652700
QQQ,2004/8/10,32.96,33.482,32.92,33.21,106383500
QQQ,2004/8/11,32.85,33.04,32.55,32.92,121310300
QQQ,2004/8/12,32.69,32.857,32.37,32.47,114178800
QQQ,2004/8/13,32.65,32.74,32.35,32.52,91436100
QQQ,2004/8/16,32.61,33.19,32.586,32.887,77941500
QQQ,2004/8/17,33.12,33.44,33.1,33.26,89620700
QQQ,2004/8/18,33.06,33.91,33.01,33.85,108019800
QQQ,2004/8/19,33.73,33.85,33.41,33.672,106881900
QQQ,2004/8/20,33.57,34.141,33.51,34.01,92070400
QQQ,2004/8/23,34.05,34.27,33.91,34.09,83590700
QQQ,2004/8/24,34.25,34.31,33.81,34.08,86905900
QQQ,2004/8/25,34.075,34.6,33.9,34.55,88451200
QQQ,2004/8/26,34.46,34.55,34.31,34.4,57809400
QQQ,2004/8/27,34.465,34.68,34.44,34.56,58624300
QQQ,2004/8/30,34.41,34.43,33.944,33.98,62457800
QQQ,2004/8/31,34.02,34.121,33.65,34.02,81402000
QQQ,2004/9/1,33.93,34.47,33.8,34.27,96703300
QQQ,2004/9/2,34.18,34.88,34.16,34.78,83310000
QQQ,2004/9/3,34.44,34.67,34.05,34.141,90275900
QQQ,2004/9/7,34.4,34.61,34.12,34.43,96623800
QQQ,2004/9/8,34.31,34.68,34.18,34.299,101716500
QQQ,2004/9/9,34.45,34.75,34.13,34.59,104588600
QQQ,2004/9/10,34.61,35.19,34.47,35.12,108659200
QQQ,2004/9/13,35.25,35.72,35.14,35.58,109460800
QQQ,2004/9/14,35.45,35.73,35.36,35.63,76937900
QQQ,2004/9/15,35.42,35.45,35.1,35.253,90527700
QQQ,2004/9/16,35.26,35.57,35.13,35.32,67178700
QQQ,2004/9/17,35.23,35.52,35.16,35.43,84074500
QQQ,2004/9/20,35.29,35.77,35.18,35.433,111357300
QQQ,2004/9/21,35.543,35.85,35.42,35.57,93767900
QQQ,2004/9/22,35.44,35.46,34.87,34.95,101573500
QQQ,2004/9/23,34.98,35.15,34.877,34.919,92626900
QQQ,2004/9/24,34.99,35.19,34.75,34.799,103289600
QQQ,2004/9/27,34.62,34.74,34.38,34.5,86113200
QQQ,2004/9/28,34.55,34.69,34.23,34.57,87293200
QQQ,2004/9/29,34.54,35.12,34.53,35.08,95896700
QQQ,2004/9/30,35.02,35.27,34.89,35.14,74680700
QQQ,2004/10/1,35.45,36.15,35.36,36.1,118334700
QQQ,2004/10/4,36.36,36.62,36.25,36.313,108525700
QQQ,2004/10/5,36.23,36.49,36.16,36.36,89834200
QQQ,2004/10/6,36.31,36.69,36.11,36.65,88022800
QQQ,2004/10/7,36.54,36.67,36.17,36.24,82472900
QQQ,2004/10/8,36.08,36.24,35.5,35.58,115125900
QQQ,2004/10/11,35.718,35.86,35.6,35.75,51313400
QQQ,2004/10/12,35.43,35.84,35.2,35.69,98330900
QQQ,2004/10/13,36.05,36.14,35.43,35.61,132840900
QQQ,2004/10/14,35.69,35.78,35.33,35.45,99448400
QQQ,2004/10/15,35.49,35.856,35.28,35.63,129200000
QQQ,2004/10/18,35.51,36.25,35.4,36.14,109346000
QQQ,2004/10/19,36.38,36.57,35.79,35.88,130149600
QQQ,2004/10/20,35.83,36.23,35.65,36.048,106874200
QQQ,2004/10/21,36.24,36.79,36.1,36.6,124501800
QQQ,2004/10/22,36.61,36.65,35.74,35.8,114386800
QQQ,2004/10/25,35.73,35.81,35.49,35.625,103011000
QQQ,2004/10/26,35.65,35.84,35.41,35.82,98249200
QQQ,2004/10/27,35.84,36.9,35.71,36.73,152660800
QQQ,2004/10/28,36.68,37.12,36.57,36.96,111165200
QQQ,2004/10/29,36.91,37.24,36.67,36.9,100832000
QQQ,2004/11/1,36.98,37.18,36.8,37.038,72562300
QQQ,2004/11/2,37.09,37.55,37.01,37.161,109228000
QQQ,2004/11/3,37.76,37.9,37.15,37.41,141206200
QQQ,2004/11/4,37.26,37.78,37.11,37.62,112663100
QQQ,2004/11/5,38.02,38.16,37.61,37.96,117089300
QQQ,2004/11/8,37.93,38.1,37.85,38,66529900
QQQ,2004/11/9,37.93,38.15,37.81,37.92,85273200
QQQ,2004/11/10,37.93,38.06,37.64,37.79,95185500
QQQ,2004/11/11,37.91,38.38,37.86,38.29,99863500
QQQ,2004/11/12,38.34,38.76,38.17,38.66,102706600
QQQ,2004/11/15,38.64,38.86,38.5,38.83,82777400
QQQ,2004/11/16,38.66,38.68,38.32,38.593,97476500
QQQ,2004/11/17,38.83,39.32,38.83,39.11,125454700
QQQ,2004/11/18,38.98,39.36,38.887,39.29,95009100
QQQ,2004/11/19,39.24,39.29,38.59,38.68,118573900
QQQ,2004/11/22,38.61,39.07,38.48,39.05,79988100
QQQ,2004/11/23,39.01,39.15,38.61,38.99,91938100
QQQ,2004/11/24,39.1,39.39,39.07,39.33,74102100
QQQ,2004/11/26,39.37,39.48,39.17,39.21,31303200
QQQ,2004/11/29,39.46,39.64,38.97,39.203,94794100
QQQ,2004/11/30,39.3,39.39,39.06,39.122,87715800
QQQ,2004/12/1,39.27,39.961,39.27,39.92,102435015
QQQ,2004/12/2,39.82,40.39,39.76,40.07,122306130
QQQ,2004/12/3,40.31,40.59,40.08,40.13,114276522
QQQ,2004/12/6,40.12,40.426,39.91,40.27,70505197
QQQ,2004/12/7,40.321,40.5,39.53,39.58,121669485
QQQ,2004/12/8,39.66,39.98,39.5,39.81,96436614
QQQ,2004/12/9,39.5,40.19,39.24,40.05,134422537
QQQ,2004/12/10,39.74,40.07,39.74,39.93,86252389
QQQ,2004/12/13,40.232,40.34,39.98,40.28,74339241
QQQ,2004/12/14,40.26,40.59,40.25,40.477,92019769
QQQ,2004/12/15,40.49,40.68,40.155,40.33,95229970
QQQ,2004/12/16,40.34,40.45,39.82,39.95,86265069
QQQ,2004/12/17,39.65,39.81,39.43,39.475,102213970
QQQ,2004/12/20,39.58,39.771,39.09,39.2,106719878
QQQ,2004/12/21,39.39,39.71,39.278,39.68,83240677
QQQ,2004/12/22,39.535,39.93,39.488,39.73,75507430
QQQ,2004/12/23,39.61,39.91,39.54,39.758,45816379
QQQ,2004/12/27,39.98,40.02,39.4,39.59,67278365
QQQ,2004/12/28,39.671,40.001,39.61,39.97,62616686
QQQ,2004/12/29,39.92,40.16,39.9,40.02,50112182
QQQ,2004/12/30,40.07,40.123,39.93,39.99,41728204
QQQ,2004/12/31,40.03,40.121,39.78,39.915,44145564
QQQ,2005/1/3,40.07,40.292,39.37,39.499,101052208
QQQ,2005/1/4,39.69,39.74,38.55,38.78,136759292
QQQ,2005/1/5,38.68,38.96,38.47,38.54,128424276
QQQ,2005/1/6,38.62,38.71,38.34,38.347,103981120
QQQ,2005/1/7,38.56,38.873,38.21,38.55,123159230
QQQ,2005/1/10,38.45,38.87,38.389,38.53,88824600
QQQ,2005/1/11,38.37,38.496,38.069,38.259,107283390
QQQ,2005/1/12,38.44,38.6,38.01,38.58,127885823
QQQ,2005/1/13,38.6,38.62,38.01,38.07,102117505
QQQ,2005/1/14,38.2,38.52,38.19,38.43,93530063
QQQ,2005/1/18,38.28,38.79,38.22,38.72,92042101
QQQ,2005/1/19,38.75,38.75,38.06,38.08,105302893
QQQ,2005/1/20,37.65,37.811,37.32,37.35,121107333
QQQ,2005/1/21,37.49,37.55,36.99,37.05,115496664
QQQ,2005/1/24,37.14,37.2,36.46,36.53,137586438
QQQ,2005/1/25,36.77,37.09,36.66,36.71,120045513
QQQ,2005/1/26,36.96,37.29,36.824,37.15,107711314
QQQ,2005/1/27,37.07,37.27,36.87,37.1,109788764
QQQ,2005/1/28,37.22,37.27,36.62,36.92,111793283
QQQ,2005/1/31,37.36,37.53,37.26,37.4,89381338
QQQ,2005/2/1,37.49,37.6482,37.37,37.52,76815285
QQQ,2005/2/2,37.64,37.73,37.31,37.58,101911126
QQQ,2005/2/3,37.38,37.413,37,37.154,90926345
QQQ,2005/2/4,37.15,37.82,37.15,37.75,99370375
QQQ,2005/2/7,37.8,37.91,37.52,37.674,71633078
QQQ,2005/2/8,37.66,38.01,37.62,37.74,73225164
QQQ,2005/2/9,37.77,37.8,37.065,37.11,93432520
QQQ,2005/2/10,37.26,37.32,36.88,37.15,110426553
QQQ,2005/2/11,37.03,37.85,36.927,37.7,108768906
QQQ,2005/2/14,37.7,37.94,37.688,37.869,55056970
QQQ,2005/2/15,37.9,38.48,37.82,38.12,133212243
QQQ,2005/2/16,38.03,38.16,37.83,37.98,80616379
QQQ,2005/2/17,38.05,38.14,37.43,37.47,116323034
QQQ,2005/2/18,37.48,37.57,37.26,37.35,69387152
QQQ,2005/2/22,37.031,37.5482,36.79,36.89,122634973
QQQ,2005/2/23,37.04,37.07,36.697,36.94,95421038
QQQ,2005/2/24,36.85,37.44,36.76,37.41,99841020
QQQ,2005/2/25,37.38,37.7,37.29,37.62,80143675
QQQ,2005/2/28,37.46,37.6,36.923,37.22,96018828
QQQ,2005/3/1,37.37,37.7,37.33,37.63,79293542
QQQ,2005/3/2,37.42,38.02,37.356,37.61,107985175
QQQ,2005/3/3,37.71,37.73,37.02,37.3,90101320
QQQ,2005/3/4,37.59,37.75,37.4,37.52,86649866
QQQ,2005/3/7,37.597,38.29,37.56,38.06,94886351
QQQ,2005/3/8,37.97,38.21,37.65,37.68,89618428
QQQ,2005/3/9,37.67,37.93,37.47,37.57,98090870
QQQ,2005/3/10,37.61,37.67,37.08,37.52,98047627
QQQ,2005/3/11,37.685,37.822,37.0199,37.17,102865410
QQQ,2005/3/14,37.24,37.36,37.0305,37.34,71600564
QQQ,2005/3/15,37.44,37.48,36.99,37.04,93917510
QQQ,2005/3/16,36.91,37.18,36.53,36.615,159757441
QQQ,2005/3/17,36.61,36.89,36.54,36.71,101801139
QQQ,2005/3/18,36.75,36.785,36.35,36.51,109185283
QQQ,2005/3/21,36.6,36.75,36.25,36.58,92838632
QQQ,2005/3/22,36.63,36.75,36.11,36.13,114134328
QQQ,2005/3/23,36.09,36.494,36.07,36.26,97523974
QQQ,2005/3/24,36.39,36.65,36.27,36.27,77711689
QQQ,2005/3/28,36.41,36.611,36.31,36.34,59773984
QQQ,2005/3/29,36.26,36.58,35.94,36.05,119633330
QQQ,2005/3/30,36.23,36.78,36.22,36.73,115019584
QQQ,2005/3/31,36.73,36.75,36.44,36.57,86651191
QQQ,2005/4/1,36.82,36.884,36.13,36.2,143853526
QQQ,2005/4/4,36.25,36.6,36.03,36.46,100153714
QQQ,2005/4/5,36.5,36.669,36.415,36.56,66463065
QQQ,2005/4/6,36.66,36.905,36.42,36.5,82219312
QQQ,2005/4/7,36.532,36.952,36.51,36.94,88708926
QQQ,2005/4/8,37,37.07,36.6,36.64,92409842
QQQ,2005/4/11,36.75,36.78,36.4,36.48,71013459
QQQ,2005/4/12,36.44,36.74,35.91,36.66,145341318
QQQ,2005/4/13,36.561,36.6,35.98,36.06,109071067
QQQ,2005/4/14,36.064,36.1,35.5,35.55,158933964
QQQ,2005/4/15,35.24,35.37,34.68,34.74,170274398
QQQ,2005/4/18,34.73,35.1,34.64,34.75,110713926
QQQ,2005/4/19,35.02,35.1,34.75,34.99,97511449
QQQ,2005/4/20,35.21,35.29,34.59,34.704,140456063
QQQ,2005/4/21,35.09,35.71,34.96,35.62,125000946
QQQ,2005/4/22,35.455,35.47,34.817,35.09,115150749
QQQ,2005/4/25,35.3,35.463,35.149,35.375,72220029
QQQ,2005/4/26,35.29,35.7,35.04,35.05,108099464
QQQ,2005/4/27,34.87,35.25,34.73,35.1,112639749
QQQ,2005/4/28,34.92,35.15,34.72,34.75,98661337
QQQ,2005/4/29,35,35.064,34.35,34.98,144508387
QQQ,2005/5/2,35.1,35.2636,34.886,35.12,68205394
QQQ,2005/5/3,35.05,35.6,35.03,35.3,104075336
QQQ,2005/5/4,35.29,35.832,35.24,35.728,90934885
QQQ,2005/5/5,35.75,35.924,35.53,35.76,79625223
QQQ,2005/5/6,35.97,36.02,35.723,35.857,77397625
QQQ,2005/5/9,35.87,36.06,35.657,36.03,66371706
QQQ,2005/5/10,35.859,35.96,35.619,35.766,77475651
QQQ,2005/5/11,35.823,36.026,35.3,35.95,132093966
QQQ,2005/5/12,36,36.2,35.656,35.85,116671463
QQQ,2005/5/13,35.99,36.47,35.888,36.24,133310016
QQQ,2005/5/16,36.24,36.538,36.13,36.484,79136957
QQQ,2005/5/17,36.349,36.74,36.21,36.7,91708996
QQQ,2005/5/18,36.8,37.36,36.71,37.2,128146759
QQQ,2005/5/19,37.29,37.52,37.2,37.512,93998428
QQQ,2005/5/20,37.45,37.69,37.35,37.66,66708477
QQQ,2005/5/23,37.66,37.986,37.6,37.85,93084800
QQQ,2005/5/24,37.76,38,37.7,37.97,100988450
QQQ,2005/5/25,37.84,37.881,37.59,37.81,76490880
QQQ,2005/5/26,37.98,38.27,37.98,38.19,84087865
QQQ,2005/5/27,38.14,38.25,38.02,38.21,50134134
QQQ,2005/5/31,38.19,38.24,37.92,38.08,75294958
QQQ,2005/6/1,38.03,38.68,38.02,38.41,110985243
QQQ,2005/6/2,38.33,38.66,38.3,38.66,76148728
QQQ,2005/6/3,38.63,38.64,38.02,38.1,97066527
QQQ,2005/6/6,38.12,38.19,37.96,38.11,53078551
QQQ,2005/6/7,38.15,38.471,37.738,37.79,109623127
QQQ,2005/6/8,37.9,37.95,37.56,37.71,79250426
QQQ,2005/6/9,37.66,38.06,37.5,37.95,99440618
QQQ,2005/6/10,37.9,37.9,37.38,37.547,86005691
QQQ,2005/6/13,37.48,37.95,37.46,37.73,82360374
QQQ,2005/6/14,37.69,37.84,37.5,37.58,62764610
QQQ,2005/6/15,37.83,37.87,37.25,37.7,104082266
QQQ,2005/6/16,37.74,38,37.66,37.9,90509327
QQQ,2005/6/17,38.11,38.21,37.75,37.87,89171244
QQQ,2005/6/20,37.72,38.08,37.58,37.87,68165272
QQQ,2005/6/21,37.84,38.011,37.7,37.85,97916236
QQQ,2005/6/22,38,38.1,37.63,37.81,75517520
QQQ,2005/6/23,37.87,38.18,37.33,37.39,122223734
QQQ,2005/6/24,37.38,37.41,36.958,36.97,142329993
QQQ,2005/6/27,36.95,37.06,36.7,36.8,72888203
QQQ,2005/6/28,36.95,37.26,36.9,37.15,73382074
QQQ,2005/6/29,37.25,37.26,36.97,37.068,71580396
QQQ,2005/6/30,37.14,37.21,36.75,36.78,87963270
QQQ,2005/7/1,36.86,37.001,36.68,36.725,55292742
QQQ,2005/7/5,36.63,37.19,36.6,37.11,79288691
QQQ,2005/7/6,37.03,37.28,36.864,36.93,79331938
QQQ,2005/7/7,36.58,37.09,36.5498,37.06,120216319
QQQ,2005/7/8,37.08,37.81,36.993,37.77,101469272
QQQ,2005/7/11,37.87,38.16,37.8,38.12,96455481
QQQ,2005/7/12,38.12,38.46,38.01,38.3,86105577
QQQ,2005/7/13,38.32,38.43,38.17,38.39,72552503
QQQ,2005/7/14,38.659,38.88,38.52,38.77,103210918
QQQ,2005/7/15,38.84,39,38.649,38.89,67732850
QQQ,2005/7/18,38.77,38.89,38.688,38.733,59117177
QQQ,2005/7/19,38.91,39.196,38.84,39.18,78687487
QQQ,2005/7/20,38.93,39.57,38.9,39.46,91982299
QQQ,2005/7/21,39.56,39.693,39.21,39.47,127792685
QQQ,2005/7/22,39.47,39.59,39.22,39.42,71717398
QQQ,2005/7/25,39.46,39.626,39.2,39.27,52058534
QQQ,2005/7/26,39.39,39.53,39.19,39.42,69662887
QQQ,2005/7/27,39.43,39.76,39.226,39.72,83631468
QQQ,2005/7/28,39.75,39.921,39.64,39.91,67122748
QQQ,2005/7/29,39.87,39.92,39.52,39.575,74758605
QQQ,2005/8/1,39.64,39.83,39.52,39.65,59877291
QQQ,2005/8/2,39.7,40.14,39.654,40.08,79724703
QQQ,2005/8/3,39.91,40.13,39.88,40.06,61975627
QQQ,2005/8/4,39.88,39.94,39.57,39.673,72061763
QQQ,2005/8/5,39.61,39.79,39.427,39.48,71262794
QQQ,2005/8/8,39.52,39.61,39.14,39.19,64634750
QQQ,2005/8/9,39.37,39.59,39.306,39.45,64615442
QQQ,2005/8/10,39.55,39.685,38.97,39.11,104471008
QQQ,2005/8/11,39.13,39.541,39.1,39.432,93638060
QQQ,2005/8/12,39.12,39.32,38.97,39.21,86470098
QQQ,2005/8/15,39.14,39.63,39.077,39.446,63066320
QQQ,2005/8/16,39.3,39.33,38.74,38.81,94913030
QQQ,2005/8/17,38.92,39.17,38.79,39.04,75633803
QQQ,2005/8/18,38.87,39.1,38.77,38.843,72727102
QQQ,2005/8/19,38.89,39.001,38.79,38.82,52177680
QQQ,2005/8/22,38.88,39.18,38.597,38.84,93266714
QQQ,2005/8/23,38.84,38.92,38.61,38.73,57532051
QQQ,2005/8/24,38.649,39.18,38.46,38.5,95038020
QQQ,2005/8/25,38.56,38.692,38.49,38.588,52338697
QQQ,2005/8/26,38.53,38.6,38.27,38.4599,63884156
QQQ,2005/8/29,38.26,38.85,38.26,38.76,74971199
QQQ,2005/8/30,38.56,38.655,38.32,38.62,87506257
QQQ,2005/8/31,38.64,39.01,38.478,38.98,93451985
QQQ,2005/9/1,38.98,39.15,38.78,38.92,74917176
QQQ,2005/9/2,38.99,39.031,38.74,38.77,53270335
QQQ,2005/9/6,38.93,39.41,38.9,39.34,78129723
QQQ,2005/9/7,39.3,39.479,39.21,39.409,57470407
QQQ,2005/9/8,39.29,39.57,39.27,39.4,73544572
QQQ,2005/9/9,39.41,39.69,39.31,39.619,75389962
QQQ,2005/9/12,39.63,39.863,39.58,39.73,51700997
QQQ,2005/9/13,39.679,39.91,39.54,39.63,66186141
QQQ,2005/9/14,39.65,39.68,39.15,39.18,98671668
QQQ,2005/9/15,39.26,39.34,39.05,39.16,80476183
QQQ,2005/9/16,39.25,39.46,39.109,39.4,71052746
QQQ,2005/9/19,39.32,39.38,38.91,39.09,73395504
QQQ,2005/9/20,39.16,39.541,38.809,38.93,115514289
QQQ,2005/9/21,38.82,38.87,38.47,38.5,116424060
QQQ,2005/9/22,38.44,38.73,38.24,38.64,119165195
QQQ,2005/9/23,38.506,38.88,38.41,38.75,70170150
QQQ,2005/9/26,38.97,39.03,38.55,38.76,69345114
QQQ,2005/9/27,38.8,38.9,38.51,38.67,64094331
QQQ,2005/9/28,38.77,38.95,38.558,38.68,72059497
QQQ,2005/9/29,38.63,39.211,38.445,39.2,117774063
QQQ,2005/9/30,39.16,39.48,39.13,39.46,79260099
QQQ,2005/10/3,39.54,39.75,39.51,39.56,81694217
QQQ,2005/10/4,39.6,39.88,39.29,39.3,85379643
QQQ,2005/10/5,39.31,39.34,38.73,38.76,106227405
QQQ,2005/10/6,38.73,38.86,37.92,38.25,162273346
QQQ,2005/10/7,38.41,38.57,38.179,38.34,91132545
QQQ,2005/10/10,38.29,38.461,38.06,38.13,64031810
QQQ,2005/10/11,38.21,38.24,37.8,37.94,114769611
QQQ,2005/10/12,37.76,38.056,37.43,37.487,146123799
QQQ,2005/10/13,37.47,37.91,37.33,37.78,138583649
QQQ,2005/10/14,37.87,38.07,37.64,38.06,131480594
QQQ,2005/10/17,38.056,38.19,37.82,38.18,64214160
QQQ,2005/10/18,38.14,38.18,37.91,37.91,88096078
QQQ,2005/10/19,37.74,38.672,37.61,38.67,132942280
QQQ,2005/10/20,38.66,38.85,38.1,38.306,132676911
QQQ,2005/10/21,38.699,38.86,38.3288,38.55,110053023
QQQ,2005/10/24,38.712,39.181,38.467,39.16,111785120
QQQ,2005/10/25,39.08,39.1901,38.77,39.01,86963965
QQQ,2005/10/26,38.96,39.274,38.76,38.81,90028088
QQQ,2005/10/27,38.78,38.8,38.03,38.03,135443141
QQQ,2005/10/28,38.17,38.392,37.92,38.322,95367478
QQQ,2005/10/31,38.43,39.05,38.42,38.87,115430994
QQQ,2005/11/1,38.76,39.01,38.71,38.84,73633507
QQQ,2005/11/2,38.725,39.46,38.71,39.347,101555811
QQQ,2005/11/3,39.74,40.0901,39.68,39.94,137053991
QQQ,2005/11/4,39.994,40.23,39.84,40.08,100944407
QQQ,2005/11/7,40.2,40.29,39.95,40.13,65366511
QQQ,2005/11/8,40.064,40.35,39.99,40.14,78859604
QQQ,2005/11/9,40.12,40.33,40.03,40.159,72458775
QQQ,2005/11/10,40.18,40.69,39.92,40.6,120763063
QQQ,2005/11/11,40.77,40.918,40.68,40.71,80107131
QQQ,2005/11/14,40.77,40.86,40.603,40.714,53652320
QQQ,2005/11/15,40.73,40.9,40.38,40.52,79543420
QQQ,2005/11/16,40.645,40.78,40.46,40.768,65912623
QQQ,2005/11/17,40.91,41.32,40.85,41.307,94448324
QQQ,2005/11/18,41.51,41.651,41.27,41.45,108820140
QQQ,2005/11/21,41.397,41.581,41.24,41.549,69731364
QQQ,2005/11/22,41.46,41.87,41.36,41.7,88819199
QQQ,2005/11/23,41.73,42.02,41.71,41.8,64101105
QQQ,2005/11/25,41.84,41.94,41.73,41.89,22930184
QQQ,2005/11/28,41.97,42,41.5,41.54,74716175
QQQ,2005/11/29,41.76,41.85,41.34,41.343,77444739
QQQ,2005/11/30,41.29,41.49,41.189,41.24,88044400
QQQ,2005/12/1,41.51,42.05,41.5,42.007,91914037
QQQ,2005/12/2,41.932,42.133,41.87,42.107,72929167
QQQ,2005/12/5,42.05,42.06,41.629,41.8,61585506
QQQ,2005/12/6,42.03,42.31,41.9,41.936,81509365
QQQ,2005/12/7,42.01,42.03,41.629,41.86,83885425
QQQ,2005/12/8,41.96,42,41.27,41.561,112043175
QQQ,2005/12/9,41.571,41.77,41.3799,41.715,56531746
QQQ,2005/12/12,41.87,41.94,41.68,41.867,44869979
QQQ,2005/12/13,41.82,42.211,41.76,42.045,76611599
QQQ,2005/12/14,41.95,42.096,41.708,41.899,73581550
QQQ,2005/12/15,42,42.07,41.608,41.97,72678244
QQQ,2005/12/16,41.87,41.94,41.549,41.58,63742939
QQQ,2005/12/19,41.68,41.71,40.9,40.92,75415030
QQQ,2005/12/20,40.95,41.15,40.75,40.95,70257635
QQQ,2005/12/21,41.02,41.41,40.95,41.13,68934959
QQQ,2005/12/22,41.11,41.462,40.98,41.397,59156975
QQQ,2005/12/23,41.51,41.59,41.299,41.403,38000400
QQQ,2005/12/27,41.52,41.68,40.97,41.038,55669207
QQQ,2005/12/28,41.06,41.23,40.87,40.99,50315397
QQQ,2005/12/29,41.03,41.12,40.65,40.72,47308168
QQQ,2005/12/30,40.55,40.58,40.36,40.412,60052840
QQQ,2006/1/3,40.65,41.49,40.16,41.31,109422192
QQQ,2006/1/4,41.41,41.74,41.3158,41.74,92780152
QQQ,2006/1/5,41.75,42,41.7065,41.92,77692071
QQQ,2006/1/6,42.26,42.7,42.06,42.68,110120922
QQQ,2006/1/9,42.66,42.9201,42.52,42.8499,80775256
QQQ,2006/1/10,42.64,42.92,42.55,42.88,84420431
QQQ,2006/1/11,43.01,43.31,42.87,43.21,100777623
QQQ,2006/1/12,43.16,43.29,42.85,43,82429110
QQQ,2006/1/13,42.94,43.05,42.73,42.98,64586061
QQQ,2006/1/17,42.66,42.79,42.5,42.7,78109615
QQQ,2006/1/18,42.04,42.46,42.02,42.21,122426531
QQQ,2006/1/19,42.4,42.82,42.29,42.52,111105162
QQQ,2006/1/20,42.44,42.49,41.15,41.25,188671125
QQQ,2006/1/23,41.37,41.45,41.08,41.26,111432050
QQQ,2006/1/24,41.36,41.7,41.31,41.44,77967258
QQQ,2006/1/25,41.64,41.67,41.08,41.26,99830921
QQQ,2006/1/26,41.5,41.69,41.23,41.55,112779786
QQQ,2006/1/27,41.81,42.39,41.74,42.11,110836097
QQQ,2006/1/30,42.15,42.32,42.07,42.19,53942774
QQQ,2006/1/31,42.14,42.27,41.81,42,101424250
QQQ,2006/2/1,41.75,42.17,41.7,42.15,89240235
QQQ,2006/2/2,42.01,42.08,41.41,41.43,94051510
QQQ,2006/2/3,41.11,41.23,40.78,40.92,121104031
QQQ,2006/2/6,40.9,41.01,40.59,40.81,58171412
QQQ,2006/2/7,40.74,40.93,40.44,40.63,87377388
QQQ,2006/2/8,40.92,41.15,40.69,41.1,89928249
QQQ,2006/2/9,41.2,41.37,40.63,40.71,78220268
QQQ,2006/2/10,40.68,41.06,40.26,40.96,102575845
QQQ,2006/2/13,40.72,40.74,40.3,40.49,70655982
QQQ,2006/2/14,40.55,41.02,40.41,40.9,94758477
QQQ,2006/2/15,40.79,41.26,40.73,41.16,92268318
QQQ,2006/2/16,41.3,41.55,41.15,41.54,103879199
QQQ,2006/2/17,41.45,41.46,41.2,41.21,81770143
QQQ,2006/2/21,41.21,41.27,40.61,40.75,85106042
QQQ,2006/2/22,40.8,41.54,40.68,41.26,90997709
QQQ,2006/2/23,41.22,41.54,41.08,41.15,66530589
QQQ,2006/2/24,41.15,41.29,41.01,41.26,57087915
QQQ,2006/2/27,41.37,41.87,41.33,41.72,64960242
QQQ,2006/2/28,41.59,41.72,40.97,41.1,117638927
QQQ,2006/3/1,41.21,41.7701,41.15,41.66,80979384
QQQ,2006/3/2,41.55,41.84,41.41,41.69,69878146
QQQ,2006/3/3,41.45,42.01,41.39,41.45,112081666
QQQ,2006/3/6,41.53,41.63,40.96,41.09,99593596
QQQ,2006/3/7,41.03,41.07,40.65,40.85,96498119
QQQ,2006/3/8,40.77,41.09,40.5,40.87,104013376
QQQ,2006/3/9,41,41.1501,40.47,40.52,108641563
QQQ,2006/3/10,40.48,40.79,40.19,40.56,124486257
QQQ,2006/3/13,40.76,40.94,40.62,40.68,69171046
QQQ,2006/3/14,40.65,41.42,40.64,41.37,118215325
QQQ,2006/3/15,41.53,41.72,41.32,41.72,84396103
QQQ,2006/3/16,41.85,41.9201,41.33,41.37,101385916
QQQ,2006/3/17,41.32,41.59,41.23,41.45,78228437
QQQ,2006/3/20,41.58,41.68,41.4,41.55,60240179
QQQ,2006/3/21,41.51,42.01,41.08,41.11,136565994
QQQ,2006/3/22,40.88,41.28,40.86,41.21,112323505
QQQ,2006/3/23,41.09,41.22,40.82,41.09,75220667
QQQ,2006/3/24,41.23,41.5001,41.02,41.3,81809167
QQQ,2006/3/27,41.28,41.51,41.24,41.31,54405618
QQQ,2006/3/28,41.37,41.67,40.99,41.14,100534374
QQQ,2006/3/29,41.2,42.1,41.17,41.92,130733520
QQQ,2006/3/30,41.99,42.3001,41.79,42.05,115943447
QQQ,2006/3/31,42.14,42.19,41.84,41.93,71090453
QQQ,2006/4/3,42.15,42.37,41.9,41.98,80733294
QQQ,2006/4/4,42.04,42.31,41.93,42.21,90039798
QQQ,2006/4/5,42.3,42.67,42.21,42.61,91662248
QQQ,2006/4/6,42.58,42.94,42.4404,42.73,91712997
QQQ,2006/4/7,42.89,43.05,42.3,42.32,116609375
QQQ,2006/4/10,42.4,42.5,42.09,42.26,58988051
QQQ,2006/4/11,42.4,42.43,41.71,41.92,91488640
QQQ,2006/4/12,41.95,42.08,41.8,41.93,58884695
QQQ,2006/4/13,41.9,42.33,41.79,42.1,63482405
QQQ,2006/4/17,42.04,42.21,41.39,41.66,104085141
QQQ,2006/4/18,41.78,42.56,41.77,42.46,124333392
QQQ,2006/4/19,42.54,42.65,42.3,42.65,79128313
QQQ,2006/4/20,42.62,42.82,42.38,42.5,81412978
QQQ,2006/4/21,42.67,42.86,41.82,42,130186988
QQQ,2006/4/24,41.96,42.07,41.72,41.96,78556475
QQQ,2006/4/25,42.08,42.1,41.65,41.87,77660788
QQQ,2006/4/26,41.87,42.06,41.7,41.86,82566672
QQQ,2006/4/27,41.67,42.49,41.5,42.26,174121982
QQQ,2006/4/28,42,42.22,41.78,41.85,88883223
QQQ,2006/5/1,41.93,42.3,41.31,41.44,92933660
QQQ,2006/5/2,41.61,41.73,41.4,41.55,85173540
QQQ,2006/5/3,41.58,41.64,41.28,41.49,74982425
QQQ,2006/5/4,41.53,41.99,41.53,41.83,88713481
QQQ,2006/5/5,42.11,42.2101,41.94,42.16,80394384
QQQ,2006/5/8,42.08,42.28,42.07,42.2,45093337
QQQ,2006/5/9,42.1,42.1801,41.97,42.04,48566783
QQQ,2006/5/10,41.93,41.98,41.55,41.67,92440514
QQQ,2006/5/11,41.63,41.65,40.63,40.74,141027564
QQQ,2006/5/12,40.57,40.76,39.96,40.19,153954450
QQQ,2006/5/15,40.03,40.34,39.79,40.16,127902521
QQQ,2006/5/16,40.16,40.26,39.77,39.86,132405520
QQQ,2006/5/17,39.68,39.81,39.23,39.32,207927819
QQQ,2006/5/18,39.49,39.66,39,39.05,139722870
QQQ,2006/5/19,39.17,39.47,38.75,39.35,194311800
QQQ,2006/5/22,39.02,39.24,38.62,38.97,169606643
QQQ,2006/5/23,39.26,39.3801,38.57,38.59,142649419
QQQ,2006/5/24,38.53,39.04,38.23,38.85,234998203
QQQ,2006/5/25,39.08,39.38,38.82,39.36,123529903
QQQ,2006/5/26,39.45,39.58,39.23,39.49,91329329
QQQ,2006/5/30,39.31,39.33,38.61,38.64,105610216
QQQ,2006/5/31,38.72,39.06,38.54,38.82,137104477
QQQ,2006/6/1,38.91,39.74,38.84,39.74,119438755
QQQ,2006/6/2,39.97,40,39.31,39.642,128865492
QQQ,2006/6/5,39.55,39.56,38.78,38.78,103300548
QQQ,2006/6/6,38.85,38.95,38.35,38.75,127304218
QQQ,2006/6/7,38.8,39.17,38.45,38.46,130867576
QQQ,2006/6/8,38.27,38.56,37.49,38.4,280562157
QQQ,2006/6/9,38.54,38.74,38.11,38.15,144146189
QQQ,2006/6/12,38.2,38.26,37.39,37.4,145634471
QQQ,2006/6/13,37.52,37.8,37.16,37.25,207140244
QQQ,2006/6/14,37.36,37.71,37.2,37.63,201888252
QQQ,2006/6/15,37.84,38.79,37.8,38.65,200727654
QQQ,2006/6/16,38.55,38.68,38.2,38.34,120017376
QQQ,2006/6/19,38.5,38.54,37.91,38.03,129464799
QQQ,2006/6/20,38.09,38.48,37.94,38.08,102888558
QQQ,2006/6/21,38.14,38.99,38.13,38.68,129566304
QQQ,2006/6/22,38.6,38.68,37.99,38.19,143831509
QQQ,2006/6/23,38.16,38.53,37.93,38.15,88050200
QQQ,2006/6/26,38.17,38.39,38.07,38.25,65157609
QQQ,2006/6/27,38.28,38.33,37.49,37.53,128227495
QQQ,2006/6/28,37.63,37.84,37.38,37.81,91578394
QQQ,2006/6/29,37.96,38.96,37.9,38.96,182431073
QQQ,2006/6/30,39.12,39.14,38.68,38.77,82721238
QQQ,2006/7/3,38.88,39,38.81,39,21598542
QQQ,2006/7/5,38.64,38.68,38.09,38.15,93732118
QQQ,2006/7/6,38.26,38.48,38.01,38.11,70634553
QQQ,2006/7/7,37.89,38.17,37.57,37.69,108071595
QQQ,2006/7/10,37.79,37.93,37.17,37.36,105125940
QQQ,2006/7/11,37.28,37.74,37.08,37.64,136121590
QQQ,2006/7/12,37.56,37.64,36.84,36.93,154458865
QQQ,2006/7/13,36.66,37.04,36.31,36.31,177745415
QQQ,2006/7/14,36.3,36.38,35.79,35.94,172448477
QQQ,2006/7/17,35.95,36.25,35.87,36.03,134358093
QQQ,2006/7/18,36.22,36.33,35.54,36.15,207274677
QQQ,2006/7/19,36.1,36.83,36.09,36.62,193014681
QQQ,2006/7/20,36.74,36.8,36.04,36.08,152346656
QQQ,2006/7/21,35.88,35.96,35.62,35.7,119379886
QQQ,2006/7/24,35.85,36.4301,35.8,36.41,130301523
QQQ,2006/7/25,36.47,36.74,36.24,36.62,108869562
QQQ,2006/7/26,36.5,36.87,36.23,36.59,107193127
QQQ,2006/7/27,36.73,37.04,36.25,36.35,99707252
QQQ,2006/7/28,36.56,37.14,36.5,37.11,93570326
QQQ,2006/7/31,37.08,37.32,36.89,37.1,78096497
QQQ,2006/8/1,36.79,36.8,36.26,36.48,98573511
QQQ,2006/8/2,36.61,37.13,36.61,36.89,87398979
QQQ,2006/8/3,36.54,37.34,36.48,37.12,99296001
QQQ,2006/8/4,37.42,37.63,36.62,36.95,123504696
QQQ,2006/8/7,36.92,36.94,36.53,36.71,69670953
QQQ,2006/8/8,36.81,36.9,36.26,36.48,124510764
QQQ,2006/8/9,37.01,37.31,36.43,36.53,145388244
QQQ,2006/8/10,36.46,36.88,36.31,36.79,102511912
QQQ,2006/8/11,36.65,36.69,36.37,36.53,86930474
QQQ,2006/8/14,36.86,37.27,36.7,36.77,109350755
QQQ,2006/8/15,37.22,37.75,37.09,37.7,133719823
QQQ,2006/8/16,37.99,38.61,37.84,38.58,135470050
QQQ,2006/8/17,38.47,38.98,38.44,38.73,129697874
QQQ,2006/8/18,38.65,38.83,38.28,38.79,97774825
QQQ,2006/8/21,38.47,38.56,38.26,38.42,66671704
QQQ,2006/8/22,38.36,38.81,38.2,38.43,102133232
QQQ,2006/8/23,38.47,38.67,37.92,38.14,96067499
QQQ,2006/8/24,38.26,38.35,37.92,38.25,79002027
QQQ,2006/8/25,38.17,38.64,38.06,38.32,73588175
QQQ,2006/8/28,38.28,38.79,38.24,38.61,80085884
QQQ,2006/8/29,38.58,38.76,38.18,38.73,104869211
QQQ,2006/8/30,38.74,39.03,38.6,38.91,75714760
QQQ,2006/8/31,38.94,39.03,38.76,38.87,61215492
QQQ,2006/9/1,39.07,39.21,38.9,39.08,69390571
QQQ,2006/9/5,39.11,39.48,38.85,39.46,85588633
QQQ,2006/9/6,39.08,39.19,38.61,38.67,97898589
QQQ,2006/9/7,38.57,38.9,38.36,38.4799,115901235
QQQ,2006/9/8,38.54,38.82,38.46,38.72,96629978
QQQ,2006/9/11,38.41,39.15,38.3199,38.96,142377744
QQQ,2006/9/12,38.95,39.8,38.95,39.68,124108425
QQQ,2006/9/13,39.73,39.982,39.63,39.96,116096212
QQQ,2006/9/14,39.85,40.22,39.76,39.99,98115993
QQQ,2006/9/15,40.35,40.46,40,40.11,137846021
QQQ,2006/9/18,40.12,40.4,39.94,40.1101,117821649
QQQ,2006/9/19,40.24,40.25,39.52,39.85,159077217
QQQ,2006/9/20,40.2,40.54,40.19,40.43,116648440
QQQ,2006/9/21,40.52,40.67,40.08,40.18,126900236
QQQ,2006/9/22,40.15,40.16,39.7,39.87,101037130
QQQ,2006/9/25,40.05,40.66,39.68,40.57,136555523
QQQ,2006/9/26,40.52,40.8,40.4,40.77,113554527
QQQ,2006/9/27,40.7,40.95,40.5,40.72,113150194
QQQ,2006/9/28,40.77,40.89,40.43,40.83,86053939
QQQ,2006/9/29,40.89,40.93,40.62,40.65,85447832
QQQ,2006/10/2,40.6,40.7,40.08,40.14,97150512
QQQ,2006/10/3,40.05,40.48,39.88,40.31,116292790
QQQ,2006/10/4,40.22,41.31,40.14,41.3,149498602
QQQ,2006/10/5,41.28,41.56,41.18,41.5,92189058
QQQ,2006/10/6,41.38,41.56,41.24,41.41,85454666
QQQ,2006/10/9,41.37,41.74,41.32,41.55,62824047
QQQ,2006/10/10,41.61,41.75,41.31,41.62,98207340
QQQ,2006/10/11,41.43,41.83,41.17,41.54,136568189
QQQ,2006/10/12,41.76,42.25,41.7,42.23,95335229
QQQ,2006/10/13,42.22,42.52,42.14,42.43,80478787
QQQ,2006/10/16,42.43,42.62,42.4,42.45,62050540
QQQ,2006/10/17,42.17,42.2,41.76,42,146154304
QQQ,2006/10/18,42.22,42.31,41.65,41.8,121161120
QQQ,2006/10/19,41.69,42.1101,41.59,41.9,108239420
QQQ,2006/10/20,42.05,42.084,41.64,42,105456536
QQQ,2006/10/23,41.92,42.58,41.82,42.43,127004422
QQQ,2006/10/24,42.29,42.45,41.92,42.13,103675795
QQQ,2006/10/25,42.14,42.52,42.05,42.43,125405984
QQQ,2006/10/26,42.57,42.92,42.22,42.82,130871862
QQQ,2006/10/27,42.73,42.82,42.08,42.21,129378221
QQQ,2006/10/30,42.17,42.65,42.06,42.48,103952624
QQQ,2006/10/31,42.56,42.76,42.31,42.58,135825470
QQQ,2006/11/1,42.73,42.77,41.82,42,148969434
QQQ,2006/11/2,41.815,42.14,41.74,42.04,100228453
QQQ,2006/11/3,42.1,42.19,41.61,41.93,119314198
QQQ,2006/11/6,42.06,42.71,42.06,42.54,101359757
QQQ,2006/11/7,42.53,43.09,42.47,42.83,139889250
QQQ,2006/11/8,42.58,43.2,42.47,43.03,180467199
QQQ,2006/11/9,43.27,43.35,42.67,42.8,124303206
QQQ,2006/11/10,42.84,43.04,42.67,43.03,82435046
QQQ,2006/11/13,43.06,43.54,43,43.46,89171939
QQQ,2006/11/14,43.5,43.97,43.24,43.93,121986641
QQQ,2006/11/15,43.98,44.4,43.92,44.11,116585246
QQQ,2006/11/16,44.25,44.42,44.02,44.3,113556028
QQQ,2006/11/17,44.06,44.3,43.95,44.3,95198351
QQQ,2006/11/20,44.16,44.48,44.01,44.39,107248632
QQQ,2006/11/21,44.42,44.51,44.25,44.45,68145670
QQQ,2006/11/22,44.58,44.75,44.26,44.73,69877362
QQQ,2006/11/24,44.4,44.86,44.38,44.65,51798358
QQQ,2006/11/27,44.52,44.61,43.64,43.66,159536874
QQQ,2006/11/28,43.52,43.84,43.34,43.77,118279827
QQQ,2006/11/29,44,44.18,43.66,44.07,139573986
QQQ,2006/11/30,44.05,44.28,43.79,44.04,125015540
QQQ,2006/12/1,44,44.35,43.26,43.66,144582226
QQQ,2006/12/4,43.79,44.48,43.79,44.26,89974658
QQQ,2006/12/5,44.39,44.55,44.19,44.42,84720410
QQQ,2006/12/6,44.29,44.4,44.07,44.26,78254132
QQQ,2006/12/7,44.34,44.48,43.7,43.7,124973760
QQQ,2006/12/8,43.57,44.26,43.47,43.9,133817409
QQQ,2006/12/11,43.835,44.37,43.75,44.06,72990453
QQQ,2006/12/12,44.03,44.13,43.56,43.8,111266848
QQQ,2006/12/13,44.105,44.11,43.62,43.88,79065830
QQQ,2006/12/14,43.97,44.57,43.94,44.37,109144918
QQQ,2006/12/15,44.66,44.76,44.35,44.43,99954904
QQQ,2006/12/18,44.58,44.75,43.8,43.99,121600589
QQQ,2006/12/19,43.65,44.06,43.38,43.85,136551811
QQQ,2006/12/20,43.89,44.11,43.67,43.69,67364423
QQQ,2006/12/21,43.76,43.79,43.21,43.38,102981861
QQQ,2006/12/22,43.39,43.41,42.93,42.93,92884707
QQQ,2006/12/26,42.93,43.12,42.88,43.11,50874360
QQQ,2006/12/27,43.19,43.4,43.1,43.33,54155197
QQQ,2006/12/28,43.2,43.38,43.05,43.12,70759863
QQQ,2006/12/29,43.21,43.61,43.12,43.16,75169388
QQQ,2007/1/3,43.46,44.06,42.52,43.24,168787533
QQQ,2007/1/4,43.3,44.21,43.15,44.06,137380464
QQQ,2007/1/5,43.93,43.95,43.48,43.85,139026423
QQQ,2007/1/8,43.88,44.12,43.64,43.88,106558842
QQQ,2007/1/9,44,44.29,43.63,44.1,121760832
QQQ,2007/1/10,43.96,44.66,43.82,44.62,121165921
QQQ,2007/1/11,44.71,45.24,44.65,45.08,174102536
QQQ,2007/1/12,45.02,45.35,44.97,45.31,104236332
QQQ,2007/1/16,45.33,45.4,45.13,45.28,95948261
QQQ,2007/1/17,45.09,45.29,44.83,44.91,127622684
QQQ,2007/1/18,44.79,44.84,43.95,44.08,189187961
QQQ,2007/1/19,43.98,44.2801,43.91,44.17,127584199
QQQ,2007/1/22,44.21,44.23,43.51,43.69,123476129
QQQ,2007/1/23,43.64,43.9801,43.5,43.58,133258480
QQQ,2007/1/24,43.87,44.32,43.77,44.3,117691355
QQQ,2007/1/25,44.37,44.47,43.58,43.73,158464297
QQQ,2007/1/26,43.81,43.83,43.29,43.57,146289335
QQQ,2007/1/29,43.45,43.91,43.4,43.61,104211994
QQQ,2007/1/30,43.68,43.79,43.52,43.63,69984738
QQQ,2007/1/31,43.6,44.19,43.33,44.07,157947693
QQQ,2007/2/1,44.27,44.4,43.85,44.02,147412948
QQQ,2007/2/2,44.11,44.25,43.94,44.16,98202426
QQQ,2007/2/5,44.14,44.36,43.96,44.12,96394787
QQQ,2007/2/6,44.2,44.23,43.64,44.05,121184806
QQQ,2007/2/7,44.29,44.65,44.12,44.46,118013491
QQQ,2007/2/8,44.39,44.6,44.23,44.45,89559666
QQQ,2007/2/9,44.57,44.72,43.73,43.84,133504763
QQQ,2007/2/12,43.88,43.89,43.59,43.7,126965882
QQQ,2007/2/13,43.79,44,43.7,43.86,95559683
QQQ,2007/2/14,44.05,44.71,44.04,44.6,133562710
QQQ,2007/2/15,44.63,44.86,44.55,44.86,110500582
QQQ,2007/2/16,44.68,44.83,44.57,44.71,72364761
QQQ,2007/2/20,44.65,45.12,44.43,45.05,93683246
QQQ,2007/2/21,44.92,45.21,44.83,45.19,95941147
QQQ,2007/2/22,45.36,45.55,45.07,45.42,116386138
QQQ,2007/2/23,45.42,45.46,45.06,45.26,113507050
QQQ,2007/2/26,45.48,45.5,44.76,45.04,102249641
QQQ,2007/2/27,44.36,44.48,43.06,43.19,318067859
QQQ,2007/2/28,43.16,43.76,42.93,43.33,217539443
QQQ,2007/3/1,42.55,43.54,42.24,43.13,231967519
QQQ,2007/3/2,42.78,43.14,42.47,42.48,183419959
QQQ,2007/3/5,42.16,42.8,42.06,42.15,174692606
QQQ,2007/3/6,42.56,42.99,42.5,42.85,155742094
QQQ,2007/3/7,42.86,42.98,42.65,42.68,116626654
QQQ,2007/3/8,43.13,43.24,42.84,42.97,121051587
QQQ,2007/3/9,43.33,43.34,42.65,42.98,128622217
QQQ,2007/3/12,42.88,43.28,42.83,43.21,81371756
QQQ,2007/3/13,43,43.24,42.36,42.37,171232751
QQQ,2007/3/14,42.43,43,42.1,42.99,192587565
QQQ,2007/3/15,42.9,43.06,42.72,42.89,111627315
QQQ,2007/3/16,42.94,43.04,42.61,42.83,108365384
QQQ,2007/3/19,43.06,43.39,42.95,43.27,95964699
QQQ,2007/3/20,43.26,43.59,43.21,43.58,81054392
QQQ,2007/3/21,43.63,44.44,43.35,44.42,173967511
QQQ,2007/3/22,44.44,44.45,44.09,44.26,114906756
QQQ,2007/3/23,44.26,44.37,44.07,44.12,68621788
QQQ,2007/3/26,44.14,44.32,43.63,44.3,114263682
QQQ,2007/3/27,44.23,44.24,43.95,43.99,76681320
QQQ,2007/3/28,43.785,44.03,43.51,43.52,144921586
QQQ,2007/3/29,43.84,43.85,43.1,43.57,124450174
QQQ,2007/3/30,43.56,43.87,43.2215,43.53,120433969
QQQ,2007/4/2,43.67,43.76,43.3,43.59,89630085
QQQ,2007/4/3,43.82,44.31,43.79,44.16,105891342
QQQ,2007/4/4,44.2,44.38,44.13,44.34,85195268
QQQ,2007/4/5,44.29,44.58,44.23,44.56,54260779
QQQ,2007/4/9,44.71,44.75,44.38,44.45,63064649
QQQ,2007/4/10,44.44,44.68,44.41,44.68,76438119
QQQ,2007/4/11,44.64,44.66,44.07,44.21,116945047
QQQ,2007/4/12,44.135,44.62,43.95,44.56,114841402
QQQ,2007/4/13,44.57,44.72,44.29,44.65,94584090
QQQ,2007/4/16,44.83,45.15,44.83,45.06,73028087
QQQ,2007/4/17,45.14,45.2,44.96,45.16,81881486
QQQ,2007/4/18,44.93,45.23,44.83,45.01,82051504
QQQ,2007/4/19,44.81,45.25,44.72,45.15,95510366
QQQ,2007/4/20,45.52,45.67,45.2,45.4,122441399
QQQ,2007/4/23,45.44,45.6,45.34,45.47,85450450
QQQ,2007/4/24,45.63,45.83,45.33,45.7,108196954
QQQ,2007/4/25,45.85,46.32,45.7,46.31,106954392
QQQ,2007/4/26,46.42,46.65,46.33,46.55,99409986
QQQ,2007/4/27,46.37,46.7,46.29,46.57,96607259
QQQ,2007/4/30,46.5,46.53,45.92,45.96,93469692
QQQ,2007/5/1,45.97,46.14,45.66,46.11,135091875
QQQ,2007/5/2,46.09,46.58,46.05,46.42,91992548
QQQ,2007/5/3,46.53,46.72,46.43,46.59,98019903
QQQ,2007/5/4,46.77,46.89,46.42,46.63,93632263
QQQ,2007/5/7,46.65,46.78,46.57,46.63,47686067
QQQ,2007/5/8,46.47,46.77,46.3,46.73,95196932
QQQ,2007/5/9,46.49,46.97,46.46,46.83,116007860
QQQ,2007/5/10,46.67,46.78,46.07,46.19,171264643
QQQ,2007/5/11,46.24,46.78,46.18,46.78,107549307
QQQ,2007/5/14,46.77,46.88,46.19,46.46,118966171
QQQ,2007/5/15,46.41,46.7,45.99,46.1,179489134
QQQ,2007/5/16,46.21,46.56,45.91,46.55,144722516
QQQ,2007/5/17,46.5,46.57,46.29,46.33,110307918
QQQ,2007/5/18,46.48,46.71,46.38,46.71,104992456
QQQ,2007/5/21,46.74,47.24,46.67,47.01,112895185
QQQ,2007/5/22,47.04,47.28,46.87,47.05,98134419
QQQ,2007/5/23,47.19,47.37,46.8,46.83,119434425
QQQ,2007/5/24,46.855,47.04,45.97,46.16,206344362
QQQ,2007/5/25,46.26,46.56,46.18,46.45,87154203
QQQ,2007/5/29,46.49,46.86,46.41,46.81,99722016
QQQ,2007/5/30,46.48,47.2,46.35,47.19,134482055
QQQ,2007/5/31,47.32,47.52,47.21,47.41,110730232
QQQ,2007/6/1,47.58,47.77,47.37,47.44,125122471
QQQ,2007/6/4,47.27,47.64,47.24,47.5801,65389891
QQQ,2007/6/5,47.43,47.58,47,47.58,151176309
QQQ,2007/6/6,47.37,47.38,46.9614,47.07,183210704
QQQ,2007/6/7,46.91,47.21,46.32,46.3399,221628265
QQQ,2007/6/8,46.33,46.93,46.16,46.91,177609963
QQQ,2007/6/11,46.89,47.19,46.76,46.82,97154490
QQQ,2007/6/12,46.57,47.04,46.45,46.54,154107381
QQQ,2007/6/13,46.74,47.09,46.54,47.05,148025252
QQQ,2007/6/14,47.1,47.49,47.09,47.36,101551500
QQQ,2007/6/15,47.75,47.87,47.65,47.73,100410121
QQQ,2007/6/18,47.85,47.87,47.67,47.77,75766515
QQQ,2007/6/19,47.63,47.86,47.51,47.76,109680620
QQQ,2007/6/20,47.83,47.92,47.24,47.31,161940832
QQQ,2007/6/21,47.305,47.79,47.08,47.74,143198074
QQQ,2007/6/22,47.64,47.71,47.14,47.29,153419868
QQQ,2007/6/25,47.31,47.58,46.82,47.09,136618872
QQQ,2007/6/26,47.32,47.32,46.74,46.82,128211834
QQQ,2007/6/27,46.74,47.56,46.7,47.54,141238628
QQQ,2007/6/28,47.52,47.85,47.47,47.52,116596740
QQQ,2007/6/29,47.79,47.88,47.21,47.6,124794650
QQQ,2007/7/2,47.71,48.048,47.68,48.01,80926013
QQQ,2007/7/3,48.1,48.32,48.04,48.31,34803235
QQQ,2007/7/5,48.35,48.77,48.29,48.66,73588499
QQQ,2007/7/6,48.71,48.91,48.5,48.86,65812537
QQQ,2007/7/9,48.9,48.98,48.72,48.89,66774416
QQQ,2007/7/10,48.62,48.9,48.43,48.48,104397346
QQQ,2007/7/11,48.37,48.81,48.32,48.81,99637596
QQQ,2007/7/12,49.05,49.67,48.92,49.56,107667041
QQQ,2007/7/13,49.62,49.97,49.5699,49.9,74232103
QQQ,2007/7/16,49.9,50.08,49.76,49.85,77799493
QQQ,2007/7/17,49.97,50.3,49.92,50.23,124837446
QQQ,2007/7/18,49.94,50.17,49.64,50.17,144915875
QQQ,2007/7/19,50.41,50.66,50.31,50.32,116563764
QQQ,2007/7/20,50.29,50.36,49.74,50.05,163721225
QQQ,2007/7/23,50.21,50.31,49.92,50.07,107464087
QQQ,2007/7/24,49.71,50.1,49.05,49.33,175550263
QQQ,2007/7/25,49.57,49.67,49.06,49.4,170909171
QQQ,2007/7/26,49.07,49.47,48.05,48.98,318648472
QQQ,2007/7/27,48.89,49.12,47.99,47.99,246387520
QQQ,2007/7/30,48.21,48.73,47.95,48.55,166520723
QQQ,2007/7/31,48.97,48.99,47.43,47.53,260322670
QQQ,2007/8/1,47.39,47.93,46.98,47.9,301212594
QQQ,2007/8/2,47.94,48.43,47.79,48.34,177795538
QQQ,2007/8/3,48.25,48.31,47.15,47.42,166048313
QQQ,2007/8/6,47.46,48.02,47.03,47.97,190963808
QQQ,2007/8/7,47.88,48.62,47.48,48.31,167576141
QQQ,2007/8/8,48.51,49.06,48.4,48.84,165283054
QQQ,2007/8/9,48.19,48.97,47.69,47.71,242869517
QQQ,2007/8/10,47.21,47.83,46.63,47.28,247012970
QQQ,2007/8/13,47.68,47.88,47.48,47.6,116961168
QQQ,2007/8/14,47.69,47.74,46.73,46.79,153543997
QQQ,2007/8/15,46.68,47.09,45.813,45.9,214854094
QQQ,2007/8/16,45.54,45.91,44.39,45.45,362478842
QQQ,2007/8/17,46.31,46.5895,45.589,46.31,223247137
QQQ,2007/8/20,46.48,46.72,46.08,46.53,144715090
QQQ,2007/8/21,46.48,47.1272,46.39,47.02,115029555
QQQ,2007/8/22,47.375,47.7,47.27,47.66,115815143
QQQ,2007/8/23,47.82,47.85,47.23,47.53,118663363
QQQ,2007/8/24,47.38,48.24,47.32,48.2,88192108
QQQ,2007/8/27,48.05,48.2,47.84,47.88,72490363
QQQ,2007/8/28,47.6,47.7,46.71,46.74,106024956
QQQ,2007/8/29,47.05,48.12,47.05,48.08,113203904
QQQ,2007/8/30,47.83,48.74,47.75,48.33,138929922
QQQ,2007/8/31,48.86,49.06,48.61,48.87,94692123
QQQ,2007/9/4,48.92,50,48.91,49.68,98481769
QQQ,2007/9/5,49.55,49.65,48.87,49.18,114049217
QQQ,2007/9/6,49.23,49.36,48.81,49.14,99222587
QQQ,2007/9/7,48.53,48.6,47.95,48.23,152437976
QQQ,2007/9/10,48.62,48.75,47.81,48.2,125209015
QQQ,2007/9/11,48.51,48.9885,48.43,48.93,103064420
QQQ,2007/9/12,48.84,49.37,48.78,48.94,94012155
QQQ,2007/9/13,49.29,49.35,48.94,49.18,80807499
QQQ,2007/9/14,48.8,49.31,48.73,49.22,99801165
QQQ,2007/9/17,48.99,49.1,48.59,48.81,84882267
QQQ,2007/9/18,49.09,52.77,48.83,50.04,151452083
QQQ,2007/9/19,50.29,50.59,49.98,50.17,127025724
QQQ,2007/9/20,50.06,50.26,49.92,50.03,109970577
QQQ,2007/9/21,50.28,50.52,50.0143,50.36,86837267
QQQ,2007/9/24,50.49,50.96,50.33,50.59,107226720
QQQ,2007/9/25,50.42,51.07,50.36,51.07,101102118
QQQ,2007/9/26,51.36,51.51,51.12,51.32,96124510
QQQ,2007/9/27,51.62,51.65,51.36,51.58,73425170
QQQ,2007/9/28,51.54,51.68,51.18,51.41,75545964
QQQ,2007/10/1,51.45,52.16,51.38,52,100404095
QQQ,2007/10/2,52.04,52.06,51.72,52.01,71045968
QQQ,2007/10/3,51.84,52.07,51.5,51.65,106784920
QQQ,2007/10/4,51.75,51.83,51.34,51.77,84129214
QQQ,2007/10/5,52.17,52.9,52.06,52.818,115677118
QQQ,2007/10/8,52.8,53.16,52.71,53.15,63022360
QQQ,2007/10/9,53.27,53.45,53.03,53.3801,94210279
QQQ,2007/10/10,53.39,53.57,53.21,53.51,91777473
QQQ,2007/10/11,53.79,53.94,52.28,52.66,239786623
QQQ,2007/10/12,52.9,53.54,52.8,53.53,131675908
QQQ,2007/10/15,53.61,53.71,52.7,53.12,121578667
QQQ,2007/10/16,52.79,53.28,52.68,52.87,193676504
QQQ,2007/10/17,53.62,53.66,52.68,53.55,183985125
QQQ,2007/10/18,53.33,53.89,53.12,53.78,144501834
QQQ,2007/10/19,53.77,53.77,52.39,52.44,245111936
QQQ,2007/10/22,52.16,53.1185,52.02,53.07,207086958
QQQ,2007/10/23,53.61,54.21,53.34,54.18,162362852
QQQ,2007/10/24,53.74,53.94,52,53.77,298345044
QQQ,2007/10/25,53.88,53.98,52.75,53.05,233835345
QQQ,2007/10/26,54.08,54.2,53.44,53.93,146690241
QQQ,2007/10/29,54.19,54.33,53.84,54.16,101897569
QQQ,2007/10/30,53.94,54.56,53.9,54.26,114616598
QQQ,2007/10/31,54.47,55.07,54.04,55.03,148431832
QQQ,2007/11/1,54.68,54.77,53.97,54,181974177
QQQ,2007/11/2,54.42,54.5501,53.6,54.42,217882894
QQQ,2007/11/5,53.86,54.4,53.59,54.07,150588814
QQQ,2007/11/6,54.33,54.69,53.78,54.68,131884651
QQQ,2007/11/7,54.22,54.58,53.31,53.35,197908188
QQQ,2007/11/8,53.14,53.33,50.8,51.73,380626329
QQQ,2007/11/9,50.73,51.12,50,50,309419820
QQQ,2007/11/12,49.92,50.24,48.65,48.73,283215926
QQQ,2007/11/13,49.39,50.79,49.35,50.74,255625879
QQQ,2007/11/14,51.39,51.44,49.9,50.09,263285341
QQQ,2007/11/15,50,50.54,49.37,49.82,251548792
QQQ,2007/11/16,50.14,50.49,49.34,50.28,263623649
QQQ,2007/11/19,50.17,50.45,49.41,49.7,198651025
QQQ,2007/11/20,49.95,50.78,48.93,49.9,300763582
QQQ,2007/11/21,49.43,50.17,48.85,49.31,212724152
QQQ,2007/11/23,49.63,49.97,49.3724,49.84,46472533
QQQ,2007/11/26,49.98,50.37,48.9,48.98,150352064
QQQ,2007/11/27,49.39,50.05,49.1,49.96,211369293
QQQ,2007/11/28,50.63,51.7,50.6,51.48,216868008
QQQ,2007/11/29,51.27,51.89,51.2,51.7,172087257
QQQ,2007/11/30,52.21,52.25,50.95,51.31,171417328
QQQ,2007/12/3,51.14,51.53,50.82,50.88,108625642
QQQ,2007/12/4,50.46,50.94,50.38,50.67,113374086
QQQ,2007/12/5,51.2,52,51.16,51.57,137621191
QQQ,2007/12/6,51.63,52.37,51.61,52.32,99763571
QQQ,2007/12/7,52.29,52.54,52.08,52.33,88992298
QQQ,2007/12/10,52.44,52.69,52.32,52.54,75657874
QQQ,2007/12/11,52.61,52.84,51.21,51.32,167064664
QQQ,2007/12/12,52.25,52.43,50.89,51.78,162975125
QQQ,2007/12/13,51.33,51.63,50.98,51.5,153682083
QQQ,2007/12/14,51.09,51.6,50.92,50.97,128407935
QQQ,2007/12/17,50.78,50.9881,49.71,49.73,134377521
QQQ,2007/12/18,50.24,50.27,49.18,49.89,154251626
QQQ,2007/12/19,49.89,50.2,49.61,49.88,137971798
QQQ,2007/12/20,50.67,50.96,50.2,50.9,167342283
QQQ,2007/12/21,51.71,51.9,51.48,51.85,107613153
QQQ,2007/12/24,52.01,52.4,51.9501,52.24,34499893
QQQ,2007/12/26,52.15,52.63,52,52.5,58492079
QQQ,2007/12/27,52.33,52.5,51.71,51.93,65778895
QQQ,2007/12/28,52.04,52.16,51.43,51.86,67559859
QQQ,2007/12/31,51.56,51.68,51.21,51.22,70137773
QQQ,2008/1/2,51.27,51.47,50.13,50.45,152344477
QQQ,2008/1/3,50.4,50.76,50.15,50.62,114105510
QQQ,2008/1/4,49.79,49.83,48.21,48.4,212658574
QQQ,2008/1/7,48.41,48.6,47.43,48.17,235083589
QQQ,2008/1/8,48.29,48.76,46.92,46.92,261699993
QQQ,2008/1/9,47.09,47.96,46.46,47.92,254110742
QQQ,2008/1/10,47.42,48.41,47.29,47.99,249963616
QQQ,2008/1/11,47.72,47.77,46.7,47.05,211685127
QQQ,2008/1/14,47.69,48.01,47.31,47.87,168048431
QQQ,2008/1/15,47.38,47.52,46.35,46.55,241791958
QQQ,2008/1/16,46.19,46.91,45.46,46.05,265725123
QQQ,2008/1/17,46.24,46.58,45.2,45.41,254455987
QQQ,2008/1/18,45.64,46.14,44.76,45.35,273063208
QQQ,2008/1/22,42.83,44.77,42.73,44.18,325732226
QQQ,2008/1/23,42.54,44.15,41.61,44.02,390156448
QQQ,2008/1/24,44.19,44.93,44.06,44.91,250249051
QQQ,2008/1/25,45.86,45.87,43.94,43.99,199299091
QQQ,2008/1/28,44.02,44.44,43.57,44.33,163711180
QQQ,2008/1/29,44.56,44.68,44.04,44.41,138519982
QQQ,2008/1/30,44.24,45.32,44.18,44.37,220824400
QQQ,2008/1/31,43.87,45.59,43.82,45.13,246824010
QQQ,2008/2/1,45.52,45.88,44.88,45.5899,161920253
QQQ,2008/2/4,45.58,45.61,44.94,44.95,100209834
QQQ,2008/2/5,44.12,44.6,43.64,43.6699,188990379
QQQ,2008/2/6,43.92,44.17,42.77,42.81,178284962
QQQ,2008/2/7,42.35,43.79,42.15,43.11,286342201
QQQ,2008/2/8,43.18,43.77,42.94,43.6,173781243
QQQ,2008/2/11,43.78,44.22,43.54,44.07,119562293
QQQ,2008/2/12,44.33,44.68,43.51,43.82,145412357
QQQ,2008/2/13,44.39,44.88,44.16,44.78,148685818
QQQ,2008/2/14,44.84,44.85,43.89,43.97,170868895
QQQ,2008/2/15,43.77,43.98,43.45,43.82,100053230
QQQ,2008/2/19,44.39,44.5,43.27,43.74,110507578
QQQ,2008/2/20,43.25,44.09,43.24,43.94,137338773
QQQ,2008/2/21,44.36,44.47,43.34,43.52,127856974
QQQ,2008/2/22,43.67,43.69,42.6,43.68,157364607
QQQ,2008/2/25,43.62,44.07,43.34,43.9,121444230
QQQ,2008/2/26,43.65,44.48,43.37,44.07,148375824
QQQ,2008/2/27,43.77,44.46,43.67,44.29,125682592
QQQ,2008/2/28,44.11,44.53,43.95,44.12,129196647
QQQ,2008/2/29,43.65,43.77,42.85,42.95,188724544
QQQ,2008/3/3,42.93,42.99,42.24,42.67,133641955
QQQ,2008/3/4,42.41,43.04,42.02,42.91,183850962
QQQ,2008/3/5,42.99,43.54,42.75,43.1199,183208205
QQQ,2008/3/6,43.09,43.27,42.1,42.17,152752159
QQQ,2008/3/7,41.91,42.64,41.38,42.07,242552368
QQQ,2008/3/10,42.01,42.14,41.17,41.26,146964132
QQQ,2008/3/11,41.86,42.85,41.51,42.8301,196888180
QQQ,2008/3/12,43.02,43.44,42.6,42.71,155566029
QQQ,2008/3/13,42.21,43.33,41.81,43.04,208991739
QQQ,2008/3/14,43.36,43.38,41.74,42.25,309589728
QQQ,2008/3/17,41.26,42.01,41.05,41.48,193130557
QQQ,2008/3/18,42.24,43.34,42.11,43.33,216300368
QQQ,2008/3/19,43.51,43.6,42.23,42.26,216157167
QQQ,2008/3/20,42.35,43.1,42.1,43.09,128396981
QQQ,2008/3/24,43.28,44.76,43.28,44.5799,125075618
QQQ,2008/3/25,44.68,45.07,44.28,44.83,118219647
QQQ,2008/3/26,44.69,44.85,44.28,44.7,124824584
QQQ,2008/3/27,44.44,44.51,43.71,43.71,143868548
QQQ,2008/3/28,44.03,44.34,43.33,43.49,111838105
QQQ,2008/3/31,43.65,44.02,43.45,43.72,113644759
QQQ,2008/4/1,44.45,45.61,44.41,45.59,137494358
QQQ,2008/4/2,45.69,46.02,45.17,45.49,132486770
QQQ,2008/4/3,45.29,45.91,45.14,45.59,140033769
QQQ,2008/4/4,45.78,46.35,45.4,45.86,139275842
QQQ,2008/4/7,46.15,46.41,45.65,45.76,102610742
QQQ,2008/4/8,45.41,45.72,45.18,45.41,97565928
QQQ,2008/4/9,45.47,45.49,44.63,44.9,127256916
QQQ,2008/4/10,44.93,45.84,44.93,45.54,112800408
QQQ,2008/4/11,45.02,45.1,44.12,44.28,120135376
QQQ,2008/4/14,44.21,44.48,43.95,44.08,89274579
QQQ,2008/4/15,44.24,44.35,43.68,44.14,124232274
QQQ,2008/4/16,44.69,45.48,44.65,45.37,134027892
QQQ,2008/4/17,45.42,45.75,44.98,45.27,125056809
QQQ,2008/4/18,46.51,46.93,46.22,46.71,133022442
QQQ,2008/4/21,46.61,47.08,46.49,47.04,83303164
QQQ,2008/4/22,46.73,46.77,45.93,46.34,104689529
QQQ,2008/4/23,46.68,47.06,46.2736,46.85,131086179
QQQ,2008/4/24,46.87,47.79,46.39,47.27,166694557
QQQ,2008/4/25,47.31,47.35,46.57,47.15,121945352
QQQ,2008/4/28,47.25,47.62,47.13,47.24,71243949
QQQ,2008/4/29,47.15,47.76,47.06,47.6,91270601
QQQ,2008/4/30,47.69,48.06,47.03,47.21,132152671
QQQ,2008/5/1,47.24,48.72,47.22,48.7,143596884
QQQ,2008/5/2,49.19,49.19,48.34,48.77,124989913
QQQ,2008/5/5,48.73,49.03,48.4,48.63,75624625
QQQ,2008/5/6,48.49,49.13,48.14,48.93,139582514
QQQ,2008/5/7,48.93,49.23,47.872,48.04,140008268
QQQ,2008/5/8,48.24,48.7,48.06,48.4,128058662
QQQ,2008/5/9,48.03,48.46,47.9,48.21,97061976
QQQ,2008/5/12,48.28,49.19,48.2,49.09,89636010
QQQ,2008/5/13,49.13,49.33,48.76,49.22,85448028
QQQ,2008/5/14,49.42,49.93,49.04,49.11,143598133
QQQ,2008/5/15,49.11,50.02,48.98,49.97,157248829
QQQ,2008/5/16,50.09,50.11,49.45,50.0099,146563169
QQQ,2008/5/19,50.05,50.47,49.34,49.65,140179612
QQQ,2008/5/20,49.45,49.47,48.89,49.27,137163640
QQQ,2008/5/21,49.31,49.6,48.02,48.18,192807639
QQQ,2008/5/22,48.3,48.69,48.11,48.35,153198168
QQQ,2008/5/23,48.18,48.3505,47.82,48.2,121708036
QQQ,2008/5/27,48.32,49.11,48.29,49.05,106987732
QQQ,2008/5/28,49.28,49.36,48.75,49.25,121369145
QQQ,2008/5/29,49.27,49.97,49.25,49.69,143992992
QQQ,2008/5/30,49.89,50.24,49.75,50.01,94163587
QQQ,2008/6/2,49.92,49.92,48.96,49.4,144359885
QQQ,2008/6/3,49.59,49.9,48.67,49.13,167679844
QQQ,2008/6/4,48.97,50.1,48.94,49.76,174967403
QQQ,2008/6/5,49.87,50.61,49.7,50.55,126653645
QQQ,2008/6/6,50.11,50.21,49.02,49.03,189135933
QQQ,2008/6/9,49.11,49.19,47.95,48.77,208897240
QQQ,2008/6/10,48.28,48.94,48.16,48.54,162798493
QQQ,2008/6/11,48.45,48.52,47.35,47.38,170367269
QQQ,2008/6/12,47.71,48.11,47,47.42,189919350
QQQ,2008/6/13,47.7,48.47,47.46,48.37,167854994
QQQ,2008/6/16,48.12,49.02,48.07,48.8,136343825
QQQ,2008/6/17,48.95,49.06,48.47,48.54,122952587
QQQ,2008/6/18,48.26,48.45,47.83,48.02,169338079
QQQ,2008/6/19,47.92,49.01,47.61,48.77,221366486
QQQ,2008/6/20,48.34,48.35,47.21,47.42,197434104
QQQ,2008/6/23,47.62,47.74,46.98,47.05,131548505
QQQ,2008/6/24,46.83,47.37,46.41,46.81,178293711
QQQ,2008/6/25,47.01,48,46.94,47.57,179023355
QQQ,2008/6/26,46.7,46.7,45.64,45.65,190028233
QQQ,2008/6/27,45.58,45.9,44.97,45.65,181351771
QQQ,2008/6/30,45.53,45.83,45.15,45.17,132929401
QQQ,2008/7/1,44.86,45.86,44.68,45.81,245494254
QQQ,2008/7/2,45.96,46.13,44.64,44.71,199725486
QQQ,2008/7/3,44.98,45.08,44.28,44.63,123118206
QQQ,2008/7/7,45.05,45.46,44.24,44.9,181011239
QQQ,2008/7/8,44.95,46.01,44.77,45.97,206255301
QQQ,2008/7/9,45.96,46.03,44.73,44.75,168576293
QQQ,2008/7/10,44.82,45.42,44.38,45.28,238811433
QQQ,2008/7/11,44.81,45.27,43.85,44.56,265514634
QQQ,2008/7/14,45.13,45.18,44.07,44.23,177389787
QQQ,2008/7/15,44.01,44.93,43.3,44.24,283891074
QQQ,2008/7/16,44.3,45.38,43.92,45.34,186047787
QQQ,2008/7/17,45.56,45.82,44.9799,45.64,197555054
QQQ,2008/7/18,45.17,45.17,44.59,44.59,160660977
QQQ,2008/7/21,45,45.19,44.49,44.78,128107755
QQQ,2008/7/22,44.02,44.81,43.86,44.78,152524415
QQQ,2008/7/23,44.84,45.89,44.72,45.37,169259091
QQQ,2008/7/24,45.59,45.61,44.65,44.69,145560926
QQQ,2008/7/25,44.98,45.48,44.76,45.27,111616700
QQQ,2008/7/28,45.27,45.52,44.21,44.42,124028416
QQQ,2008/7/29,44.63,45.54,44.57,45.34,142291409
QQQ,2008/7/30,45.46,45.82,44.88,45.57,165679874
QQQ,2008/7/31,45.11,46.15,45.02,45.46,180730831
QQQ,2008/8/1,45.52,45.55,44.4,44.88,180377372
QQQ,2008/8/4,44.87,44.92,44.3,44.43,116306830
QQQ,2008/8/5,44.9,45.97,44.84,45.93,151727012
QQQ,2008/8/6,45.93,46.81,45.58,46.63,133463695
QQQ,2008/8/7,46.35,46.85,46.08,46.27,152805763
QQQ,2008/8/8,46.25,47.44,46.15,47.32,143121409
QQQ,2008/8/11,47.3,48.28,47.14,47.75,157291110
QQQ,2008/8/12,47.76,48.16,47.51,47.8,140596918
QQQ,2008/8/13,47.74,48.12,47.25,47.7,169664515
QQQ,2008/8/14,47.54,48.46,47.49,48.25,158069122
QQQ,2008/8/15,48.35,48.57,47.96,48.16,123115981
QQQ,2008/8/18,48.29,48.31,47.26,47.6,151399004
QQQ,2008/8/19,47.36,47.59,46.75,47.01,155418537
QQQ,2008/8/20,47.36,47.56,46.74,47.09,155466659
QQQ,2008/8/21,46.73,47.08,46.38,46.87,118920908
QQQ,2008/8/22,47.12,47.68,47.08,47.49,96525453
QQQ,2008/8/25,47.15,47.21,46.37,46.49,128076434
QQQ,2008/8/26,46.51,46.77,46.12,46.43,107233846
QQQ,2008/8/27,46.45,47.09,46.29,46.73,108489879
QQQ,2008/8/28,46.92,47.28,46.83,47.11,112808575
QQQ,2008/8/29,46.61,47.1217,45.92,46.12,133272097
QQQ,2008/9/2,46.86,47.08,45.34,45.55,162403164
QQQ,2008/9/3,45.445,45.6381,44.79,45.12,161682806
QQQ,2008/9/4,44.85,44.91,43.66,43.66,219363713
QQQ,2008/9/5,43.3,43.78,42.81,43.45,247977452
QQQ,2008/9/8,44.04,44.22,42.68,43.31,311074015
QQQ,2008/9/9,43.35,43.79,42.35,42.45,214180573
QQQ,2008/9/10,42.87,43.18,42.45,42.8,160658075
QQQ,2008/9/11,42.17,43.69,42.17,43.6,203440964
QQQ,2008/9/12,43.23,43.71,42.9,43.43,172094276
QQQ,2008/9/15,42.4,43.48,42.03,42.08,616794977
QQQ,2008/9/16,41.47,42.84,41.43,42.41,349551310
QQQ,2008/9/17,41.84,42.4219,40.19,40.21,340087946
QQQ,2008/9/18,41.12,41.97,39.5,41.57,423934463
QQQ,2008/9/19,43.82,43.83,42.1,42.9,263401424
QQQ,2008/9/22,42.75,42.84,40.8,40.88,164698164
QQQ,2008/9/23,41.18,41.75,40.44,40.57,185954509
QQQ,2008/9/24,40.85,41.26,40.52,40.85,159305214
QQQ,2008/9/25,41.2112,42.02,41.03,41.5,148586974
QQQ,2008/9/26,40.3,41.4902,40.22,41.08,182678550
QQQ,2008/9/29,40.26,40.38,37.18,37.82,307954348
QQQ,2008/9/30,37.74,39.3,37.6,38.91,195512753
QQQ,2008/10/1,38.83,38.97,38.03,38.5,174122954
QQQ,2008/10/2,38.25,38.25,36.64,36.75,192185789
QQQ,2008/10/3,37.26,38.18,36.1,36.18,272144023
QQQ,2008/10/6,35.26,35.53,32.91,34.86,394158016
QQQ,2008/10/7,35.14,35.2,32.27,32.65,329540153
QQQ,2008/10/8,31.95,34.12,31.84,32.39,452568314
QQQ,2008/10/9,33.15,33.68,30.97,31.52,352617181
QQQ,2008/10/10,30.52,32.48,29.38,31.32,472453186
QQQ,2008/10/13,32.86,35.25,32.4,35.13,277347002
QQQ,2008/10/14,36.1,36.15,33.19,33.61,342311616
QQQ,2008/10/15,33.23,33.35,30.54,30.6,312088417
QQQ,2008/10/16,30.82,32.27,29.25,32.26,494913283
QQQ,2008/10/17,31.62,33.65,31.41,32.3,326593086
QQQ,2008/10/20,32.79,33.26,31.7,33.2,232783304
QQQ,2008/10/21,32.66,33.2572,31.48,31.48,239932393
QQQ,2008/10/22,31.39,31.6,29.71,30.61,289993539
QQQ,2008/10/23,30.46,31.09,28.9,30.49,377966829
QQQ,2008/10/24,28.13,30.25,28.09,29.51,322129446
QQQ,2008/10/27,29.14,30.2,28.66,28.69,239493669
QQQ,2008/10/28,29.68,31.88,28.85,31.86,327367565
QQQ,2008/10/29,31.95,33.08,31.25,31.78,341390788
QQQ,2008/10/30,32.67,33.06,31.98,32.84,255292076
QQQ,2008/10/31,32.36,33.43,32.09,32.89,224280329
QQQ,2008/11/3,32.81,33.2941,32.51,32.82,128502428
QQQ,2008/11/4,33.49,34.01,32.98,33.75,182533013
QQQ,2008/11/5,33.49,33.6,31.92,31.99,184147880
QQQ,2008/11/6,31.5,31.87,30.3999,30.56,220780463
QQQ,2008/11/7,30.92,31.48,30.59,31.19,176977636
QQQ,2008/11/10,31.94,31.97,30.4,30.77,142737868
QQQ,2008/11/11,30.47,30.76,29.72,30.1,162921209
QQQ,2008/11/12,29.65,29.8,28.65,28.71,184936240
QQQ,2008/11/13,28.63,30.53,27.28,30.46,318269146
QQQ,2008/11/14,29.8,30.42,28.87,28.98,259407099
QQQ,2008/11/17,28.49,29.23,28.26,28.37,202894875
QQQ,2008/11/18,28.56,28.75,27.39,28.34,252794212
QQQ,2008/11/19,28.4,28.78,26.79,26.86,244288925
QQQ,2008/11/20,26.54,27.45,25.47,25.56,342471382
QQQ,2008/11/21,25.96,26.68,25.05,26.67,282766446
QQQ,2008/11/24,27.22,28.64,26.98,28.3,225212492
QQQ,2008/11/25,28.62,28.64,27.52,28.17,203052528
QQQ,2008/11/26,27.88,29.36,27.81,29.35,165061342
QQQ,2008/11/28,29.04,29.19,28.83,29.12,41242835
QQQ,2008/12/1,28.5,28.51,26.89,26.93,149331088
QQQ,2008/12/2,27.28,27.89,26.8404,27.83,181779303
QQQ,2008/12/3,27.13,28.71,27.07,28.62,231010703
QQQ,2008/12/4,28.15,28.78,27.32,27.81,188924185
QQQ,2008/12/5,27.5,29.07,26.95,28.94,212310887
QQQ,2008/12/8,29.55,30.46,29.44,30.08,185853287
QQQ,2008/12/9,29.68,30.83,29.57,30.01,178390054
QQQ,2008/12/10,30.09,30.46,29.62,29.91,162457541
QQQ,2008/12/11,29.8,30.27,28.94,29.09,167448871
QQQ,2008/12/12,28.69,29.86,28.47,29.68,158613787
QQQ,2008/12/15,29.73,29.76,28.74,29.16,107938929
QQQ,2008/12/16,29.42,30.66,29.0993,30.56,172053683
QQQ,2008/12/17,30.23,30.6,29.82,30.19,159965350
QQQ,2008/12/18,30.19,30.4,29.36,29.66,142773809
QQQ,2008/12/19,29.98,30.37,29.66,29.86,118332946
QQQ,2008/12/22,29.86,29.92,28.74,29.21,95416288
QQQ,2008/12/23,29.28,29.62,28.89,29.06,68804643
QQQ,2008/12/24,29.2,29.21,28.98,29.14,27210316
QQQ,2008/12/26,29.19,29.23,28.97,29.13,20946302
QQQ,2008/12/29,29.23,29.24,28.46,28.89,52742522
QQQ,2008/12/30,28.98,29.59,28.94,29.49,77131105
QQQ,2008/12/31,29.48,30.08,29.45,29.74,89221187
QQQ,2009/1/2,29.77,31.13,29.69,31.03,107920235
QQQ,2009/1/5,30.82,31.33,30.59,31.02,91816603
QQQ,2009/1/6,31.28,31.63,31.11,31.33,136819993
QQQ,2009/1/7,30.81,30.9,30.19,30.44,134061870
QQQ,2009/1/8,30.34,30.8,30.08,30.76,131926048
QQQ,2009/1/9,30.79,30.79,29.92,30.07,117168319
QQQ,2009/1/12,30.12,30.15,29.2,29.52,102778875
QQQ,2009/1/13,29.52,29.98,29.18,29.53,186387347
QQQ,2009/1/14,29.17,29.28,28.47,28.63,137103247
QQQ,2009/1/15,28.55,29.34,28.07,29.099,192790728
QQQ,2009/1/16,29.53,29.6,28.7,29.42,175490357
QQQ,2009/1/20,29.29,29.43,27.96,27.96,135250974
QQQ,2009/1/21,28.43,29.19,28.1,29.15,149242661
QQQ,2009/1/22,28.52,29.23,28.26,28.76,200602616
QQQ,2009/1/23,28.31,29.35,28.14,28.9,170164091
QQQ,2009/1/26,28.96,29.59,28.75,29.11,140480978
QQQ,2009/1/27,29.14,29.57,29.12,29.32,110914811
QQQ,2009/1/28,29.83,30.65,29.81,30.35,139797234
QQQ,2009/1/29,29.97,30.4008,29.48,29.58,130772841
QQQ,2009/1/30,29.82,29.93,28.94,29.06,140355212
QQQ,2009/2/2,28.77,29.61,28.74,29.41,126883395
QQQ,2009/2/3,29.46,30.4271,29.03,29.87,120609316
QQQ,2009/2/4,29.93,30.8667,29.79,29.91,175780814
QQQ,2009/2/5,29.47,30.77,29.46,30.57,217569553
QQQ,2009/2/6,30.71,31.51,30.58,31.37,164509610
QQQ,2009/2/9,31.39,31.67,31.19,31.5,98853886
QQQ,2009/2/10,31.3,31.68,30.1,30.34,232790536
QQQ,2009/2/11,30.34,30.53,29.73,30.2,169172553
QQQ,2009/2/12,29.83,30.61,29.64,30.57,201151398
QQQ,2009/2/13,30.46,30.78,30.29,30.43,145060587
QQQ,2009/2/17,29.47,29.67,29.06,29.22,157782517
QQQ,2009/2/18,29.41,29.6699,28.87,29.24,161268253
QQQ,2009/2/19,29.43,29.61,28.72,28.79,155322371
QQQ,2009/2/20,28.46,29.15,28.39,28.87,210752398
QQQ,2009/2/23,29.03,29.05,27.73,27.86,169469878
QQQ,2009/2/24,28,28.98,27.96,28.78,181335783
QQQ,2009/2/25,28.62,29.17,28.14,28.59,220222983
QQQ,2009/2/26,28.78,28.95,27.7,27.79,211282792
QQQ,2009/2/27,27.49,27.98,27.39,27.53,204492546
QQQ,2009/3/2,27.12,27.51,26.47,26.64,188175935
QQQ,2009/3/3,26.85,27.16,26.42,26.62,158739966
QQQ,2009/3/4,27.01,27.71,26.92,27.33,164906096
QQQ,2009/3/5,27.03,27.24,26.42,26.51,199616447
QQQ,2009/3/6,26.63,26.81,25.71,26.3,218421537
QQQ,2009/3/9,26.05,26.81,25.6301,25.74,181154015
QQQ,2009/3/10,26.26,27.39,26.16,27.33,175068132
QQQ,2009/3/11,27.63,27.99,27.26,27.75,173147912
QQQ,2009/3/12,27.72,28.76,27.44,28.67,184511048
QQQ,2009/3/13,28.68,28.84,28.32,28.74,156783498
QQQ,2009/3/16,28.9,28.98,28.19,28.26,190329439
QQQ,2009/3/17,28.41,29.33,28.3,29.33,169852396
QQQ,2009/3/18,29.23,30.2,29.08,29.7,208146881
QQQ,2009/3/19,30.12,30.13,29.46,29.68,146766511
QQQ,2009/3/20,29.66,30.03,28.98,29.18,149437356
QQQ,2009/3/23,29.86,30.94,29.1984,30.9,179642565
QQQ,2009/3/24,30.65,30.88,30.31,30.331,120849455
QQQ,2009/3/25,30.58,31.05,29.66,30.47,190601573
QQQ,2009/3/26,30.88,31.46,30.417,31.41,182459446
QQQ,2009/3/27,31.07,31.18,30.71,30.82,156108009
QQQ,2009/3/30,30.29,30.32,29.62,30.06,162919640
QQQ,2009/3/31,30.31,30.95,30.27,30.32,150243791
QQQ,2009/4/1,29.94,30.88,29.79,30.77,137949921
QQQ,2009/4/2,31.34,32.27,31.23,31.76,212272326
QQQ,2009/4/3,32.05,32.4,31.83,32.35,134577245
QQQ,2009/4/6,31.97,32.33,31.65,32.27,160413612
QQQ,2009/4/7,31.9,31.92,31.21,31.42,147531195
QQQ,2009/4/8,31.72,32.15,31.49,31.95,126125970
QQQ,2009/4/9,32.53,33.01,32.43,32.94,131871447
QQQ,2009/4/13,32.8,33.07,32.53,32.89,119310408
QQQ,2009/4/14,32.69,32.88,32.27,32.49,124068950
QQQ,2009/4/15,32.24,32.43,31.85,32.4,124808143
QQQ,2009/4/16,32.83,33.43,32.51,33.24,171167985
QQQ,2009/4/17,33.16,33.5,32.93,33.31,129835395
QQQ,2009/4/20,32.7,32.82,32.06,32.24,123080472
QQQ,2009/4/21,32.09,32.74,32.08,32.69,145490151
QQQ,2009/4/22,32.5,33.53,32.39,32.79,165040476
QQQ,2009/4/23,33.01,33.14,32.49,33.11,181848784
QQQ,2009/4/24,33.35,33.93,33.07,33.69,141169941
QQQ,2009/4/27,33.42,34.06,33.35,33.73,120749086
QQQ,2009/4/28,33.52,33.91,33.36,33.48,108967966
QQQ,2009/4/29,33.75,34.4,33.64,33.94,141413571
QQQ,2009/4/30,34.37,34.9,34.04,34.28,144120353
QQQ,2009/5/1,34.28,34.54,34.01,34.37,100111971
QQQ,2009/5/4,34.67,35.09,34.52,35.05,119317320
QQQ,2009/5/5,34.99,35.06,34.63,35.02,113638114
QQQ,2009/5/6,35.32,35.34,34.46,35.03,178840474
QQQ,2009/5/7,35.25,35.27,33.88,34.21,216484625
QQQ,2009/5/8,34.35,34.74,33.88,34.23,183507282
QQQ,2009/5/11,33.78,34.72,33.68,34.35,142775884
QQQ,2009/5/12,34.42,34.48,33.52,33.93,147842117
QQQ,2009/5/13,33.63,33.65,32.96,33.02,175548207
QQQ,2009/5/14,33.1,33.7,33.08,33.39,140021617
QQQ,2009/5/15,33.36,33.82,33.23,33.37,121326308
QQQ,2009/5/18,33.59,34.28,33.3901,34.24,114333401
QQQ,2009/5/19,34.14,34.74,33.95,34.4,129086394
QQQ,2009/5/20,34.54,35.04,34.18,34.28,131873676
QQQ,2009/5/21,34.02,34.26,33.31,33.65,139253125
QQQ,2009/5/22,33.78,33.97,33.32,33.54,83520293
QQQ,2009/5/26,33.19,34.83,33.18,34.79,144857122
QQQ,2009/5/27,34.68,35.19,34.43,34.55,121393094
QQQ,2009/5/28,34.77,35.07,34.21,34.95,118931250
QQQ,2009/5/29,34.98,35.5,34.76,35.38,111535656
QQQ,2009/6/1,35.73,36.5,35.61,36.39,119192163
QQQ,2009/6/2,36.19,36.79,36.11,36.44,126858554
QQQ,2009/6/3,36.28,36.37,35.93,36.33,93329716
QQQ,2009/6/4,36.4,36.79,36.34,36.74,89280573
QQQ,2009/6/5,36.96,37.08,36.42,36.78,121963044
QQQ,2009/6/8,36.53,36.95,36.12,36.67,89194096
QQQ,2009/6/9,36.84,37.17,36.67,36.95,109187759
QQQ,2009/6/10,37.17,37.18,36.29,36.82,133404603
QQQ,2009/6/11,36.76,37.23,36.75,36.82,147909735
QQQ,2009/6/12,36.67,36.719,36.2,36.65,109452462
QQQ,2009/6/15,36.28,36.33,35.58,35.9,112152898
QQQ,2009/6/16,36.06,36.19,35.52,35.55,110550209
QQQ,2009/6/17,35.67,36.21,35.45,35.889,153421778
QQQ,2009/6/18,35.83,36.06,35.57,35.82,126266695
QQQ,2009/6/19,36.04,36.36,35.9101,36.16,122050096
QQQ,2009/6/22,35.8,35.89,35.02,35.08,137714814
QQQ,2009/6/23,35.2,35.26,34.77,35,114903026
QQQ,2009/6/24,35.3,35.87,35.28,35.59,103314561
QQQ,2009/6/25,35.38,36.36,35.28,36.29,112538111
QQQ,2009/6/26,36.13,36.5,36.05,36.37,87677290
QQQ,2009/6/29,36.44,36.75,36.12,36.45,93817585
QQQ,2009/6/30,36.55,36.73,36.11,36.38,97843001
QQQ,2009/7/1,36.54,36.84,36.39,36.4,85975906
QQQ,2009/7/2,36.09,36.1,35.5,35.6,113309764
QQQ,2009/7/6,35.38,35.54,35.04,35.41,107632481
QQQ,2009/7/7,35.42,35.49,34.51,34.53,149772994
QQQ,2009/7/8,34.73,34.87,34.3,34.71,152776358
QQQ,2009/7/9,34.84,35.01,34.65,34.77,97885368
QQQ,2009/7/10,34.66,35.14,34.5626,34.92,108481909
QQQ,2009/7/13,34.95,35.6,34.48,35.59,127140297
QQQ,2009/7/14,35.52,35.79,35.4,35.72,115631626
QQQ,2009/7/15,36.31,36.93,36.14,36.92,160869688
QQQ,2009/7/16,36.74,37.44,36.72,37.01,120142434
QQQ,2009/7/17,37.36,37.57,37.17,37.56,104906405
QQQ,2009/7/20,37.75,38,37.61,37.92,97168739
QQQ,2009/7/21,38.07,38.18,37.64,38.18,130587601
QQQ,2009/7/22,38.2,38.69,38.13,38.5,113808563
QQQ,2009/7/23,38.45,39.49,38.39,39.35,160566419
QQQ,2009/7/24,38.93,39.37,38.7799,39.05,109312234
QQQ,2009/7/27,39.29,39.41,38.87,39.35,94718534
QQQ,2009/7/28,39.18,39.59,38.93,39.08,111564277
QQQ,2009/7/29,39.32,39.43,39,39.34,126538184
QQQ,2009/7/30,39.74,40.18,39.51,39.57,108969837
QQQ,2009/7/31,39.56,39.8522,39.41,39.45,78208282
QQQ,2009/8/3,39.85,40.06,39.64,40.04,111722709
QQQ,2009/8/4,39.86,40.19,39.77,40.04,100690726
QQQ,2009/8/5,40.13,40.14,39.46,39.73,118092996
QQQ,2009/8/6,39.79,39.93,39.24,39.38,116937411
QQQ,2009/8/7,39.91,40.07,39.59,39.88,107512240
QQQ,2009/8/10,39.73,39.85,39.34,39.6,87163150
QQQ,2009/8/11,39.42,39.5,39.05,39.26,91922694
QQQ,2009/8/12,39.21,40.22,39.2,39.87,147239950
QQQ,2009/8/13,40.1,40.16,39.64,40.09,110106995
QQQ,2009/8/14,39.89,39.96,39.28,39.63,124480151
QQQ,2009/8/17,38.97,39.01,38.46,38.48,131797185
QQQ,2009/8/18,38.72,39.98,38.61,39.03,84607838
QQQ,2009/8/19,38.59,39.4,38.54,39.3,88036241
QQQ,2009/8/20,39.28,39.84,39.2,39.76,81473477
QQQ,2009/8/21,40.01,40.36,39.74,40.29,114660175
QQQ,2009/8/24,40.36,40.57,40.1,40.25,109904874
QQQ,2009/8/25,40.34,40.76,40.25,40.37,92900338
QQQ,2009/8/26,40.29,40.601,40.08,40.3,96407482
QQQ,2009/8/27,40.32,40.47,39.67,40.4,121957773
QQQ,2009/8/28,40.89,41.08,40.16,40.44,114310203
QQQ,2009/8/31,40.16,40.2,39.79,40.03,96415287
QQQ,2009/9/1,39.87,40.59,39.16,39.28,162958867
QQQ,2009/9/2,39.09,39.47,39.04,39.25,92757103
QQQ,2009/9/3,39.44,39.5702,39.02,39.51,76783088
QQQ,2009/9/4,39.58,40.38,39.52,40.36,74866546
QQQ,2009/9/8,40.65,40.78,40.46,40.74,71024341
QQQ,2009/9/9,40.76,41.29,40.59,41.09,99290029
QQQ,2009/9/10,41.11,41.53,41,41.48,99289067
QQQ,2009/9/11,41.5,41.62,41.22,41.52,93869374
QQQ,2009/9/14,41.23,41.71,41.21,41.68,90560527
QQQ,2009/9/15,41.66,41.95,41.57,41.81,91594541
QQQ,2009/9/16,41.98,42.48,41.84,42.42,96888463
QQQ,2009/9/17,42.32,42.66,42.21,42.41,102169545
QQQ,2009/9/18,42.56,42.62,42.21,42.44,87453059
QQQ,2009/9/21,42.22,42.7,42.16,42.57,71351343
QQQ,2009/9/22,42.82,42.83,42.4398,42.65,75638373
QQQ,2009/9/23,42.83,43.17,42.377,42.45,143924062
QQQ,2009/9/24,42.61,42.69,41.77,42.07,111016320
QQQ,2009/9/25,41.78,42.09,41.58,41.7,109215947
QQQ,2009/9/28,41.92,42.66,41.89,42.41,84484131
QQQ,2009/9/29,42.41,42.6201,42.03,42.22,106686401
QQQ,2009/9/30,42.39,42.6024,41.6,42.25,173102625
QQQ,2009/10/1,42.11,42.13,41,41,140119051
QQQ,2009/10/2,40.72,41.25,40.72,40.88,145291252
QQQ,2009/10/5,41.09,41.4,40.83,41.21,97054125
QQQ,2009/10/6,41.43,42.14,41.2206,41.94,124627964
QQQ,2009/10/7,41.88,42.08,41.77,42.06,93787522
QQQ,2009/10/8,42.31,42.62,42.14,42.24,107850372
QQQ,2009/10/9,42.15,42.55,42.06,42.48,62827992
QQQ,2009/10/12,42.63,42.87,42.28,42.57,53221870
QQQ,2009/10/13,42.54,42.75,42.37,42.58,70939211
QQQ,2009/10/14,43.1,43.293,42.85,43.16,91004866
QQQ,2009/10/15,42.93,43.12,42.87,43.06,85772704
QQQ,2009/10/16,42.92,42.99,42.48,42.78,111859601
QQQ,2009/10/19,42.81,43.27,42.59,43.21,83511942
QQQ,2009/10/20,43.45,43.46,42.94,43.22,89847824
QQQ,2009/10/21,43.2,43.82,43.06,43.14,110397326
QQQ,2009/10/22,43.07,43.49,42.79,43.31,85871768
QQQ,2009/10/23,43.69,43.73,43.02,43.13,117029885
QQQ,2009/10/26,43.17,43.76,42.79,42.99,107068518
QQQ,2009/10/27,42.95,43.11,42.18,42.34,121438174
QQQ,2009/10/28,42.19,42.32,41.3,41.39,143553508
QQQ,2009/10/29,41.68,42.19,41.54,42.09,85207518
QQQ,2009/10/30,42.06,42.15,40.92,40.96,162796442
QQQ,2009/11/2,41.01,41.57,40.64,41.13,142520642
QQQ,2009/11/3,40.97,41.32,40.84,41.26,95106973
QQQ,2009/11/4,41.51,41.87,41.28,41.33,107970596
QQQ,2009/11/5,41.81,42.4,41.78,42.35,135204788
QQQ,2009/11/6,42.16,42.65,42.08,42.6,96312206
QQQ,2009/11/9,42.92,43.52,42.88,43.51,101620781
QQQ,2009/11/10,43.45,43.7714,43.4,43.62,72846448
QQQ,2009/11/11,43.94,44.14,43.61,43.9,84676105
QQQ,2009/11/12,43.92,44.16,43.55,43.65,92426053
QQQ,2009/11/13,43.78,44.14,43.63,44.01,87959492
QQQ,2009/11/16,44.19,44.65,44.12,44.46,87776089
QQQ,2009/11/17,44.34,44.6,44.25,44.6,81883998
QQQ,2009/11/18,44.47,44.49,44.05,44.353,100240791
QQQ,2009/11/19,44.06,44.08,43.35,43.66,114557942
QQQ,2009/11/20,43.41,43.55,43.28,43.44,70912056
QQQ,2009/11/23,43.87,44.4,43.86,44.14,91621407
QQQ,2009/11/24,44.14,44.15,43.73,43.99,60669943
QQQ,2009/11/25,44.14,44.22,44.01,44.18,37630050
QQQ,2009/11/27,43,43.83,42.9,43.51,61229930
QQQ,2009/11/30,43.41,43.62,43.11,43.56,84819373
QQQ,2009/12/1,43.88,44.3,43.88,44.01,81817784
QQQ,2009/12/2,44.16,44.49,43.98,44.07,81653509
QQQ,2009/12/3,44.24,44.5,43.88,43.89,72460358
QQQ,2009/12/4,44.45,44.73,43.66,44.12,125062510
QQQ,2009/12/7,44.08,44.29,43.82,43.91,67471808
QQQ,2009/12/8,43.68,44,43.36,43.642,86621378
QQQ,2009/12/9,43.61,44.12,43.32,44.08,78820459
QQQ,2009/12/10,44.25,44.54,44.24,44.3,76722313
QQQ,2009/12/11,44.52,44.59,43.95,44.13,66643628
QQQ,2009/12/14,44.43,44.6,44.19,44.55,47965477
QQQ,2009/12/15,44.41,44.67,44.17,44.3,61171042
QQQ,2009/12/16,44.47,44.7,44.29,44.36,61629612
QQQ,2009/12/17,44.17,44.21,43.76,43.82,90447881
QQQ,2009/12/18,44.14,44.48,44,44.46,96443264
QQQ,2009/12/21,44.67,45.13,44.67,44.96,82381391
QQQ,2009/12/22,45.08,45.29,45.03,45.23,51569042
QQQ,2009/12/23,45.34,45.57,45.21,45.56,73932195
QQQ,2009/12/24,45.61,45.98,45.6,45.98,31770350
QQQ,2009/12/28,46.08,46.3,45.94,46.22,49381386
QQQ,2009/12/29,46.22,46.25,45.99,46.03,32410154
QQQ,2009/12/30,46,46.26,45.96,46.17,57612660
QQQ,2009/12/31,46.25,46.275,45.75,45.75,50079160
QQQ,2010/1/4,46.32,46.485,46.27,46.42,62822798
QQQ,2010/1/5,46.38,46.5,46.16,46.42,62935591
QQQ,2010/1/6,46.39,46.55,46.07,46.14,96033002
QQQ,2010/1/7,46.2,46.27,45.92,46.17,77095132
QQQ,2010/1/8,46.04,46.55,45.93,46.55,88886598
QQQ,2010/1/11,46.6,46.64,46.12,46.36,104673315
QQQ,2010/1/12,46.08,46.14,45.53,45.78,90673830
QQQ,2010/1/13,45.93,46.49,45.61,46.35,100661457
QQQ,2010/1/14,46.26,46.52,46.22,46.39,75812668
QQQ,2010/1/15,46.46,46.55,45.65,45.85,126866066
QQQ,2010/1/19,45.96,46.64,45.95,46.59,84388146
QQQ,2010/1/20,46.27,46.604,45.43,45.92,145680408
QQQ,2010/1/21,46.06,46.35,45.3,45.49,204939540
QQQ,2010/1/22,45.34,45.48,44.04,44.16,171098633
QQQ,2010/1/25,44.39,44.6,44.12,44.31,154218611
QQQ,2010/1/26,44.28,44.89,44.05,44.35,140816418
QQQ,2010/1/27,44.29,44.85,44.01,44.7,161632631
QQQ,2010/1/28,44.4,44.43,43.32,43.55,221439792
QQQ,2010/1/29,43.9,44.02,42.63,42.79,212125976
QQQ,2010/2/1,42.91,43.2807,42.88,43.26,136827088
QQQ,2010/2/2,43.31,43.78,43.03,43.65,110727609
QQQ,2010/2/3,43.45,43.97,43.42,43.89,93581594
QQQ,2010/2/4,43.58,43.66,42.62,42.62,151652403
QQQ,2010/2/5,42.75,43.02,42.12,42.98,213618504
QQQ,2010/2/8,42.92,43.18,42.64,42.67,94354367
QQQ,2010/2/9,43.17,43.51,42.76,43.11,118955917
QQQ,2010/2/10,43.1,43.31,42.75,43.02,94102839
QQQ,2010/2/11,43.01,43.79,42.76,43.67,93050785
QQQ,2010/2/12,43.27,43.88,43.16,43.76,93943992
QQQ,2010/2/16,44.08,44.35,43.85,44.32,83861368
QQQ,2010/2/17,44.5,44.57,44.26,44.57,82691607
QQQ,2010/2/18,44.54,44.93,44.45,44.85,65752535
QQQ,2010/2/19,44.76,45.05,44.62,44.83,80416418
QQQ,2010/2/22,45.01,45.03,44.56,44.74,72054906
QQQ,2010/2/23,44.69,44.74,43.95,44.16,95814331
QQQ,2010/2/24,44.4099,44.79,44.32,44.61,86590986
QQQ,2010/2/25,44.11,44.7,43.83,44.6,97961296
QQQ,2010/2/26,44.6,44.86,44.4,44.76,66222356
QQQ,2010/3/1,44.95,45.49,44.95,45.41,77290019
QQQ,2010/3/2,45.54,45.85,45.45,45.55,76368426
QQQ,2010/3/3,45.67,45.82,45.43,45.6,65774662
QQQ,2010/3/4,45.64,45.81,45.4,45.75,54470836
QQQ,2010/3/5,46.1,46.54,45.99,46.44,68136255
QQQ,2010/3/8,46.46,46.64,46.44,46.53,58712350
QQQ,2010/3/9,46.4,47.05,46.4,46.79,98002744
QQQ,2010/3/10,46.8,47.28,46.8,47.17,102578892
QQQ,2010/3/11,47.07,47.35,46.98,47.35,67510282
QQQ,2010/3/12,47.5,47.53,47.1,47.36,64068257
QQQ,2010/3/15,47.26,47.38,46.91,47.24,60150419
QQQ,2010/3/16,47.39,47.61,47.23,47.54,74934096
QQQ,2010/3/17,47.6,47.9,47.53,47.67,75643457
QQQ,2010/3/18,47.72,47.88,47.6,47.83,77829361
QQQ,2010/3/19,47.95,47.95,47.32,47.49,86337043
QQQ,2010/3/22,47.31,48.11,47.25,47.92,71902751
QQQ,2010/3/23,48,48.3,47.77,48.2525,59182586
QQQ,2010/3/24,48.14,48.17,47.91,48.02,63030095
QQQ,2010/3/25,48.42,48.6,47.9,47.95,76350056
QQQ,2010/3/26,48.14,48.33,47.74,48,78067827
QQQ,2010/3/29,48.23,48.4,48.1,48.23,57993222
QQQ,2010/3/30,48.36,48.55,48.06,48.39,49455022
QQQ,2010/3/31,48.23,48.45,48.07,48.16,59947394
QQQ,2010/4/1,48.34,48.7,47.79,48.16,83728566
QQQ,2010/4/5,48.26,48.72,48.14,48.61,56220249
QQQ,2010/4/6,48.49,48.9,48.39,48.75,54097057
QQQ,2010/4/7,48.69,48.87,48.37,48.63,77211459
QQQ,2010/4/8,48.51,48.82,48.24,48.74,68323873
QQQ,2010/4/9,48.77,49.05,48.635,49.03,54227221
QQQ,2010/4/12,49.05,49.2,48.94,49.07,44280597
QQQ,2010/4/13,49.02,49.35,48.86,49.32,59375924
QQQ,2010/4/14,49.57,49.92,49.5,49.91,69004754
QQQ,2010/4/15,49.88,50.19,49.87,50.13,72254152
QQQ,2010/4/16,49.95,50.12,49.2,49.53,127387937
QQQ,2010/4/19,49.36,49.66,48.9,49.5,98251680
QQQ,2010/4/20,49.755,49.88,49.43,49.75,69543632
QQQ,2010/4/21,50.09,50.19,49.725,50.03,74748648
QQQ,2010/4/22,49.5697,50.36,49.26,50.31,110477115
QQQ,2010/4/23,50.29,50.57,50.09,50.52,77205135
QQQ,2010/4/26,50.53,50.65,50.3,50.41,67360933
QQQ,2010/4/27,50.22,50.43,49.21,49.34,112607970
QQQ,2010/4/28,49.6,49.63,48.98,49.37,130082077
QQQ,2010/4/29,49.61,50.33,49.61,50.23,84180139
QQQ,2010/4/30,50.21,50.29,49.2,49.2375,110896907
QQQ,2010/5/3,49.43,50.17,49.43,49.93,74169603
QQQ,2010/5/4,49.31,49.32,48.08,48.43,141136430
QQQ,2010/5/5,47.98,48.5,47.64,48.18,128560164
QQQ,2010/5/6,47.85,48.3201,41.55,46.57,274356791
QQQ,2010/5/7,46.22,46.8,44.2833,45.41,288200345
QQQ,2010/5/10,47.42,47.8,47.31,47.77,136041589
QQQ,2010/5/11,47.31,48.39,47.2,47.72,113196968
QQQ,2010/5/12,47.98,48.66,47.9,48.62,85462326
QQQ,2010/5/13,48.43,48.79,47.7301,47.85,102844243
QQQ,2010/5/14,47.49,47.52,46.38,46.93,147386023
QQQ,2010/5/17,47.04,47.27,46.07,47.08,120969513
QQQ,2010/5/18,47.47,47.58,46.22,46.43,153072092
QQQ,2010/5/19,46.26,46.63,45.55,46.06,159000255
QQQ,2010/5/20,45.17,45.28,44.25,44.35,189289774
QQQ,2010/5/21,43.64,45.64,43.49,44.84,190631100
QQQ,2010/5/24,44.81,45.325,44.64,44.66,113385990
QQQ,2010/5/25,43.67,44.76,43.23,44.7,155642916
QQQ,2010/5/26,44.93,45.57,44.12,44.2,140203134
QQQ,2010/5/27,45.22,45.89,45.09,45.87,110736050
QQQ,2010/5/28,45.94,45.99,45.2,45.6,128535258
QQQ,2010/6/1,45.45,46.25,45.13,45.18,104242653
QQQ,2010/6/2,45.45,46.28,45.13,46.25,97249295
QQQ,2010/6/3,46.36,46.77,46.08,46.69,98928390
QQQ,2010/6/4,45.71,46.29,44.9375,45.0925,112849844
QQQ,2010/6/7,45.34,45.46,44.22,44.27,88436587
QQQ,2010/6/8,44.37,44.48,43.59,44.19,133990029
QQQ,2010/6/9,44.48,44.91,43.69,43.82,102077323
QQQ,2010/6/10,44.39,45.12,44.24,45.07,76892297
QQQ,2010/6/11,44.63,45.54,44.61,45.5,74347725
QQQ,2010/6/14,45.91,46.24,45.41,45.49,68084958
QQQ,2010/6/15,45.71,46.77,45.4532,46.71,76332552
QQQ,2010/6/16,46.58,47.14,46.5,46.9,78399646
QQQ,2010/6/17,47.16,47.18,46.64,47.05,77111819
QQQ,2010/6/18,47.06,47.34,46.86,47,75921357
QQQ,2010/6/21,47.6,47.68,46.33,46.6,95488065
QQQ,2010/6/22,46.79,47.14,46.15,46.24,94493346
QQQ,2010/6/23,46.29,46.47,45.69,46.05,92397530
QQQ,2010/6/24,45.84,45.99,45.2,45.35,114714307
QQQ,2010/6/25,45.51,45.66,44.95,45.27,89040244
QQQ,2010/6/28,45.29,45.55,44.81,45.11,71378707
QQQ,2010/6/29,44.42,44.46,43.07,43.37,136384111
QQQ,2010/6/30,43.23,43.67,42.64,42.71,101313181
QQQ,2010/7/1,42.82,42.96,41.77,42.59,158694905
QQQ,2010/7/2,42.67,42.8215,42.09,42.47,78565281
QQQ,2010/7/6,43.09,43.37,42.25,42.6,88591835
QQQ,2010/7/7,42.74,44.01,42.7,43.96,72448354
QQQ,2010/7/8,44.3097,44.38,43.68,44.2,78264578
QQQ,2010/7/9,44.18,44.63,44.08,44.62,47861055
QQQ,2010/7/12,44.58,45.03,44.46,44.75,60934835
QQQ,2010/7/13,45.13,45.5,44.8,45.33,93310499
QQQ,2010/7/14,45.42,45.81,45.24,45.56,87694697
QQQ,2010/7/15,45.46,45.74,44.99,45.6,95992414
QQQ,2010/7/16,45.44,45.6281,44.3,44.34,98831860
QQQ,2010/7/19,44.48,44.81,44.1,44.72,81800740
QQQ,2010/7/20,43.99,45.26,43.86,45.26,89061202
QQQ,2010/7/21,45.75,45.76,44.56,44.64,83576823
QQQ,2010/7/22,45.26,45.98,45.24,45.77,82890241
QQQ,2010/7/23,45.46,46.1,45.38,46.06,81056045
QQQ,2010/7/26,46.12,46.46,45.91,46.44,64850819
QQQ,2010/7/27,46.69,46.72,46.21,46.42,67655551
QQQ,2010/7/28,46.38,46.58,45.88,46.05,51988117
QQQ,2010/7/29,46.3,46.41,45.25,45.71,85693920
QQQ,2010/7/30,45.36,46.09,45.07,45.81,98958084
QQQ,2010/8/2,46.38,46.79,46.2101,46.67,68706704
QQQ,2010/8/3,46.63,46.7,46.25,46.47,60863373
QQQ,2010/8/4,46.69,46.99,46.5,46.938,43817790
QQQ,2010/8/5,46.72,46.92,46.52,46.83,39150159
QQQ,2010/8/6,46.32,46.85,46.05,46.76,71339442
QQQ,2010/8/9,47.01,47.19,46.79,47.08,26937014
QQQ,2010/8/10,46.72,46.95,46.28,46.6725,86694468
QQQ,2010/8/11,45.91,45.92,45.21,45.4,92219647
QQQ,2010/8/12,44.56,45.24,44.45,45.04,66000468
QQQ,2010/8/13,44.87,45.06,44.71,44.72,46387264
QQQ,2010/8/16,44.48,45.11,44.3,44.8,55472857
QQQ,2010/8/17,45.11,45.78,45.03,45.372,56927057
QQQ,2010/8/18,45.29,45.82,45.11,45.55,61836475
QQQ,2010/8/19,45.29,45.46,44.56,44.86,82969472
QQQ,2010/8/20,44.79,45.03,44.54,44.92,66806607
QQQ,2010/8/23,45.25,45.34,44.46,44.48,69612138
QQQ,2010/8/24,44.01,44.12,43.465,43.65,79095766
QQQ,2010/8/25,43.35,44.26,43.27,44.07,87347880
QQQ,2010/8/26,44.24,44.32,43.5,43.54,91222971
QQQ,2010/8/27,43.86,44.16,42.97,44.07,109595931
QQQ,2010/8/30,43.87,44.25,43.6,43.61,49373115
QQQ,2010/8/31,43.39,43.85,43.18,43.46,72066825
QQQ,2010/9/1,44.1,44.91,44.07,44.76,83523097
QQQ,2010/9/2,44.84,45.28,44.73,45.26,41816716
QQQ,2010/9/3,45.73,46.02,45.55,46.01,64041080
QQQ,2010/9/7,45.82,46.03,45.625,45.7,51195142
QQQ,2010/9/8,45.84,46.45,45.82,46.25,66883924
QQQ,2010/9/9,46.67,46.7,46.32,46.43,61476378
QQQ,2010/9/10,46.49,46.67,46.25,46.6,66995684
QQQ,2010/9/13,46.95,47.37,46.94,47.25,64523292
QQQ,2010/9/14,47.17,47.7,47.08,47.45,91405795
QQQ,2010/9/15,47.35,47.8,47.19,47.75,67108126
QQQ,2010/9/16,47.68,47.98,47.54,47.94,66885758
QQQ,2010/9/17,48.14,48.14,47.75,47.995,76372570
QQQ,2010/9/20,48.18,48.93,48.1101,48.8299,84536536
QQQ,2010/9/21,48.84,49.17,48.61,48.82,82352602
QQQ,2010/9/22,48.61,49.021,48.42,48.69,88315896
QQQ,2010/9/23,48.39,49.16,48.32,48.67,85039930
QQQ,2010/9/24,49.22,49.69,49.15,49.66,79495879
QQQ,2010/9/27,49.65,49.75,49.35,49.39,43883412
QQQ,2010/9/28,49.51,49.54,48.59,49.37,104922874
QQQ,2010/9/29,49.3,49.53,49.11,49.29,81679166
QQQ,2010/9/30,49.54,49.84,48.75,49.07,122458536
QQQ,2010/10/1,49.46,49.53,48.781,49.01,77682344
QQQ,2010/10/4,48.86,49.05,48.2,48.48,71359478
QQQ,2010/10/5,49.03,49.76,49,49.66,99301267
QQQ,2010/10/6,49.59,49.71,48.91,49.23,81831120
QQQ,2010/10/7,49.52,49.54,49,49.41,75693259
QQQ,2010/10/8,49.45,49.87,49.08,49.75,83223822
QQQ,2010/10/11,49.78,50.02,49.62,49.77,46879922
QQQ,2010/10/12,49.69,50.21,49.26,50.11,88571612
QQQ,2010/10/13,50.4,50.75,50.28,50.52,71122723
QQQ,2010/10/14,50.54,50.64,50.17,50.42,68463772
QQQ,2010/10/15,51.04,51.5,50.63,51.49,104653951
QQQ,2010/10/18,51.52,51.72,51.3,51.3,72505161
QQQ,2010/10/19,50.81,51.3,50.42,50.82,105739706
QQQ,2010/10/20,50.96,51.57,50.87,51.19,80861043
QQQ,2010/10/21,51.51,51.7101,50.79,51.29,85885334
QQQ,2010/10/22,51.3,51.69,51.21,51.64,47409146
QQQ,2010/10/25,51.85,52.23,51.85,51.89,51413627
QQQ,2010/10/26,51.62,52.15,51.42,52.03,60498263
QQQ,2010/10/27,51.77,52.23,51.66,52.19,57483184
QQQ,2010/10/28,52.42,52.45,51.84,52.3,61219996
QQQ,2010/10/29,52.29,52.49,52.1698,52.18,46668690
QQQ,2010/11/1,52.38,52.75,51.98,52.22,60555560
QQQ,2010/11/2,52.66,52.93,52.575,52.78,48137409
QQQ,2010/11/3,52.84,53.04,52.36,53.02,126225796
QQQ,2010/11/4,53.63,53.8614,53.5,53.67,84200976
QQQ,2010/11/5,53.7,53.81,53.51,53.67,77937076
QQQ,2010/11/8,53.57,53.83,53.4499,53.7375,39623425
QQQ,2010/11/9,53.97,54.0401,53.21,53.45,66969722
QQQ,2010/11/10,53.53,53.77,53.1,53.715,83553612
QQQ,2010/11/11,52.9,53.48,52.66,53.385,85163524
QQQ,2010/11/12,53.1,53.3672,52.11,52.51,99164258
QQQ,2010/11/15,52.78,52.88,52.29,52.315,56723378
QQQ,2010/11/16,51.93,52.2462,50.85,51.45,101096620
QQQ,2010/11/17,51.49,51.87,51.35,51.6,77836150
QQQ,2010/11/18,52.15,52.79,52.13,52.43,71488268
QQQ,2010/11/19,52.34,52.59,52.14,52.47,54512708
QQQ,2010/11/22,52.25,52.91,52.17,52.91,69918816
QQQ,2010/11/23,52.39,52.45,51.77,52.07,76900950
QQQ,2010/11/24,52.58,53.25,52.56,53.12,53455536
QQQ,2010/11/26,52.8,53.13,52.67,52.968,23640289
QQQ,2010/11/29,52.7,52.9,52.1,52.73,89265939
QQQ,2010/11/30,52.18,52.7355,51.88,52.085,118861507
QQQ,2010/12/1,52.87,53.46,52.84,53.19,81758047
QQQ,2010/12/2,53.27,53.81,53.21,53.73,56883981
QQQ,2010/12/3,53.5,53.94,53.5,53.87,38014163
QQQ,2010/12/6,53.86,53.95,53.68,53.845,39311533
QQQ,2010/12/7,54.49,54.52,53.82,53.88,59067227
QQQ,2010/12/8,54.02,54.15,53.6899,54.08,48066845
QQQ,2010/12/9,54.41,54.44,53.95,54.135,51679728
QQQ,2010/12/10,54.29,54.55,54.09,54.495,44696150
QQQ,2010/12/13,54.71,54.74,54.27,54.3,53110154
QQQ,2010/12/14,54.42,54.62,54.23,54.395,69944026
QQQ,2010/12/15,54.37,54.7,54.03,54.16,76951808
QQQ,2010/12/16,54.21,54.66,54.06,54.58,65519385
QQQ,2010/12/17,54.54,54.68,54.41,54.52,36849556
QQQ,2010/12/20,54.59,54.76,54.16,54.56,48159595
QQQ,2010/12/21,54.7602,54.89,54.62,54.89,35775349
QQQ,2010/12/22,54.86,54.96,54.79,54.885,35766427
QQQ,2010/12/23,54.78,54.87,54.61,54.742,21668244
QQQ,2010/12/27,54.62,54.86,54.21,54.77,29263417
QQQ,2010/12/28,54.88,54.92,54.55,54.67,24168603
QQQ,2010/12/29,54.82,54.9,54.73,54.79,24132688
QQQ,2010/12/30,54.79,54.8,54.55,54.66,27562166
QQQ,2010/12/31,54.6,54.62,54.21,54.46,38565923
QQQ,2011/1/3,54.959,55.69,54.95,55.31,90994287
QQQ,2011/1/4,55.53,55.55,54.92,55.265,43851454
QQQ,2011/1/5,55.11,55.76,55.07,55.74,43787167
QQQ,2011/1/6,55.79,55.96,55.68,55.92,46139540
QQQ,2011/1/7,56.02,56.05,55.32,55.87,72261625
QQQ,2011/1/10,55.72,56.18,55.58,56.08,55551757
QQQ,2011/1/11,56.29,56.36,55.95,56.16,56663769
QQQ,2011/1/12,56.42,56.56,56.2,56.555,51978975
QQQ,2011/1/13,56.59,56.73,56.41,56.575,47430380
QQQ,2011/1/14,56.59,57.02,56.46,57,43867399
QQQ,2011/1/18,56.52,57.23,56.49,57.16,65802974
QQQ,2011/1/19,57.24,57.26,56.32,56.51,67767181
QQQ,2011/1/20,56.3,56.35,55.68,56.11,92357777
QQQ,2011/1/21,56.39,56.49,55.65,55.68,59673278
QQQ,2011/1/24,55.79,56.46,55.68,56.45,64103246
QQQ,2011/1/25,56.18,56.55,56.05,56.5325,55305024
QQQ,2011/1/26,56.63,56.98,56.45,56.83,60547612
QQQ,2011/1/27,57.01,57.35,56.92,57.18,53656077
QQQ,2011/1/28,57.16,57.22,55.47,55.73,123359814
QQQ,2011/1/31,55.81,56.16,55.39,56,70570591
QQQ,2011/2/1,56.4194,57.18,56.36,57.05,76952819
QQQ,2011/2/2,56.92,57.17,56.84,56.955,48660951
QQQ,2011/2/3,56.85,57.14,56.4,57.0575,45341867
QQQ,2011/2/4,57.05,57.42,56.9,57.375,47647712
QQQ,2011/2/7,57.49,57.97,57.4,57.65,45626804
QQQ,2011/2/8,57.65,58.07,57.56,58.025,38099821
QQQ,2011/2/9,57.94,58.12,57.75,57.93,62540760
QQQ,2011/2/10,57.61,58.1,57.49,58.021,70194657
QQQ,2011/2/11,57.87,58.48,57.77,58.44,47853473
QQQ,2011/2/14,58.43,58.66,58.38,58.58,48506026
QQQ,2011/2/15,58.44,58.57,58.23,58.5,39723754
QQQ,2011/2/16,58.64,59.04,58.63,58.881,53061305
QQQ,2011/2/17,58.6,58.975,58.55,58.86,38361846
QQQ,2011/2/18,58.88,58.97,58.51,58.73,44341725
QQQ,2011/2/22,58,58.13,56.94,57.03,92596867
QQQ,2011/2/23,57,57.23,56.13,56.56,97842850
QQQ,2011/2/24,56.7,57.03,56.14,56.855,98715925
QQQ,2011/2/25,57.16,57.72,57.12,57.65,54094579
QQQ,2011/2/28,57.87,58.05,57.43,57.7689,51402735
QQQ,2011/3/1,57.99,58.02,56.695,56.84,91992504
QQQ,2011/3/2,56.82,57.511,56.79,57.14,61552875
QQQ,2011/3/3,57.68,58.365,57.67,58.265,64249927
QQQ,2011/3/4,58.25,58.26,57.59,57.9675,62328324
QQQ,2011/3/7,58.21,58.2599,56.67,57.19,98469959
QQQ,2011/3/8,57.1,57.68,56.77,57.42,62399099
QQQ,2011/3/9,57.21,57.27,56.72,57.03,84764136
QQQ,2011/3/10,56.39,56.52,55.91,56.14,102991509
QQQ,2011/3/11,55.83,56.66,55.82,56.49,81679377
QQQ,2011/3/14,56.18,56.59,55.86,56.29,73621760
QQQ,2011/3/15,54.64,55.82,54.47,55.49,101275331
QQQ,2011/3/16,55.03,55.34,53.77,54.15,176506630
QQQ,2011/3/17,55.01,55.24,54.1294,54.65,94434308
QQQ,2011/3/18,55.2,55.22,54.41,54.45,94887135
QQQ,2011/3/21,55.29,55.78,54.4956,55.5,57419948
QQQ,2011/3/22,55.57,55.61,55.28,55.395,36251281
QQQ,2011/3/23,55.19,55.87,54.82,55.71,60365084
QQQ,2011/3/24,56.12,56.82,55.82,56.7,69502337
QQQ,2011/3/25,56.89,57.22,56.7299,56.84,74133872
QQQ,2011/3/28,57.09,57.1,56.5,56.53,37823728
QQQ,2011/3/29,56.4,57.08,56.23,57.08,47994651
QQQ,2011/3/30,57.36,57.43,57.08,57.35,44935856
QQQ,2011/3/31,57.25,57.48,57.15,57.43,50143329
QQQ,2011/4/1,57.72,57.9,57.29,57.46,68031747
QQQ,2011/4/4,57.62,57.68,57.02,57.27,48659037
QQQ,2011/4/5,57.16,57.49,57,57.12,55384927
QQQ,2011/4/6,57.54,57.73,56.93,57.26,49532055
QQQ,2011/4/7,57.23,57.6,56.81,57.22,60705865
QQQ,2011/4/8,57.48,57.57,56.65,56.95,42782112
QQQ,2011/4/11,57.16,57.29,56.56,56.76,42451617
QQQ,2011/4/12,56.52,56.64,56.15,56.37,50642854
QQQ,2011/4/13,56.77,57,56.4,56.85,49979733
QQQ,2011/4/14,56.45,56.83,56.23,56.75,53544091
QQQ,2011/4/15,56.53,56.87,56.28,56.65,68529967
QQQ,2011/4/18,56.09,56.27,55.32,56.25,69073433
QQQ,2011/4/19,56.39,56.6,56.1,56.6,38608391
QQQ,2011/4/20,57.59,57.94,56.6051,57.875,67397439
QQQ,2011/4/21,58.47,58.47,58.16,58.34,43666772
QQQ,2011/4/25,58.4,58.52,58.28,58.49,25376716
QQQ,2011/4/26,58.65,59.03,58.51,58.82,49392732
QQQ,2011/4/27,58.9,59.29,58.66,59.22,56465494
QQQ,2011/4/28,59.06,59.23,58.88,59.13,48138342
QQQ,2011/4/29,59.04,59.29,58.98,59.08,44831144
QQQ,2011/5/2,59.19,59.34,58.82,58.97,48149385
QQQ,2011/5/3,58.95,59,58.33,58.69,38143408
QQQ,2011/5/4,58.72,58.87,58.11,58.6,53105014
QQQ,2011/5/5,58.32,58.97,58.08,58.28,72153289
QQQ,2011/5/6,58.86,59.2,58.31,58.47,72506775
QQQ,2011/5/9,58.56,58.92,58.34,58.69,40028981
QQQ,2011/5/10,58.87,59.28,58.775,59.19,38053599
QQQ,2011/5/11,59.1,59.31,58.36,58.755,61908940
QQQ,2011/5/12,58.56,59.19,58.24,59.11,66128159
QQQ,2011/5/13,58.98,59.07,58.39,58.41,63506567
QQQ,2011/5/16,58.16,58.32,57.27,57.399,73140221
QQQ,2011/5/17,57.12,57.57,56.98,57.56,63176058
QQQ,2011/5/18,57.48,58.14,57.41,58.04,42351089
QQQ,2011/5/19,58.23,58.34,57.85,58.21,35024234
QQQ,2011/5/20,58.15,58.21,57.69,57.765,44703175
QQQ,2011/5/23,56.99,57.15,56.65,56.92,43678437
QQQ,2011/5/24,57.07,57.07,56.56,56.57,39314212
QQQ,2011/5/25,56.49,57.06,56.47,56.79,41368976
QQQ,2011/5/26,56.62,57.3,56.61,57.1415,40564078
QQQ,2011/5/27,57.24,57.49,57.19,57.43,30132087
QQQ,2011/5/31,57.97,58.36,57.67,58.36,47588058
QQQ,2011/6/1,58.22,58.36,57.04,57.09,51792337
QQQ,2011/6/2,57.21,57.41,56.89,57.21,50198045
QQQ,2011/6/3,56.56,56.99,56.27,56.35,57773681
QQQ,2011/6/6,56.24,56.53,55.86,55.89,50175542
QQQ,2011/6/7,56.05,56.26,55.75,55.79,46311059
QQQ,2011/6/8,55.67,55.77,55.23,55.39,46426380
QQQ,2011/6/9,55.37,55.76,55.23,55.485,45307498
QQQ,2011/6/10,55.23,55.34,54.59,54.64,53740540
QQQ,2011/6/13,54.71,54.93,54.45,54.64,37745769
QQQ,2011/6/14,55.05,55.47,55.03,55.34,40565261
QQQ,2011/6/15,54.83,55.15,54.18,54.29,59022345
QQQ,2011/6/16,54.33,54.5,53.615,54.08,66316185
QQQ,2011/6/17,54.45,54.598,53.631,53.79,70353112
QQQ,2011/6/20,53.66,54.23,53.64,54.07,37402830
QQQ,2011/6/21,54.26,55.29,54.03,55.23,55892710
QQQ,2011/6/22,55,55.32,54.82,54.831,36833212
QQQ,2011/6/23,54.28,55.37,54.06,55.34,80743295
QQQ,2011/6/24,55.07,55.13,54.27,54.38,56298248
QQQ,2011/6/27,54.43,55.53,54.32,55.245,49968854
QQQ,2011/6/28,55.38,56.08,55.29,56.07,47028637
QQQ,2011/6/29,56.23,56.41,55.9,56.3,65417186
QQQ,2011/6/30,56.5,57.09,56.47,57.05,50483923
QQQ,2011/7/1,57.1,57.985,56.92,57.91,53203803
QQQ,2011/7/5,57.95,58.26,57.83,58.2,43128655
QQQ,2011/7/6,58.14,58.49,57.94,58.39,49282636
QQQ,2011/7/7,58.82,59.36,58.74,59.19,54799767
QQQ,2011/7/8,58.7,59.04,58.37,59.03,69533593
QQQ,2011/7/11,58.41,58.71,57.76,57.96,52080762
QQQ,2011/7/12,57.94,58.07,57.46,57.52,84000656
QQQ,2011/7/13,57.94,58.34,57.55,57.76,82374518
QQQ,2011/7/14,57.93,58.18,56.87,57.09,98773895
QQQ,2011/7/15,57.72,57.85,57.31,57.85,68287687
QQQ,2011/7/18,57.535,57.79,56.98,57.54,59512187
QQQ,2011/7/19,58.13,58.9,58.09,58.85,73904275
QQQ,2011/7/20,59.18,59.19,58.5,58.6,57084229
QQQ,2011/7/21,58.65,59.32,58.34,58.99,70148759
QQQ,2011/7/22,58.97,59.7,58.92,59.6,43620359
QQQ,2011/7/25,59.13,59.81,59.02,59.48,48916065
QQQ,2011/7/26,59.44,59.83,59.32,59.625,40918829
QQQ,2011/7/27,59.25,59.29,57.94,58.09,83969487
QQQ,2011/7/28,58.1,58.93,57.89,58.19,61031804
QQQ,2011/7/29,57.73,58.61,57.44,58,82860427
QQQ,2011/8/1,58.67,58.82,57.03,57.73,85421008
QQQ,2011/8/2,57.46,57.72,56.21,56.27,90851306
QQQ,2011/8/3,56.37,56.88,55.35,56.81,103612298
QQQ,2011/8/4,55.98,56.09,54.17,54.17,132829925
QQQ,2011/8/5,54.79,55.03,52.32,53.83,214111702
QQQ,2011/8/8,52.21,53.12,50.59,50.59,204804043
QQQ,2011/8/9,51.31,53.08,49.93,53.03,193707082
QQQ,2011/8/10,51.82,53.0438,50.8,50.86,205917880
QQQ,2011/8/11,51.58,53.69,51.34,53.1,143824473
QQQ,2011/8/12,53.42,53.9,52.88,53.57,90483235
QQQ,2011/8/15,53.77,54.36,53.53,54.36,73554257
QQQ,2011/8/16,53.82,54.35,53.18,53.9,89219190
QQQ,2011/8/17,53.98,54.42,53.02,53.58,84416524
QQQ,2011/8/18,52.13,52.14,50.48,50.95,130016464
QQQ,2011/8/19,50.43,51.67,49.99,50.03,96674508
QQQ,2011/8/22,51.21,51.24,50.06,50.21,77107681
QQQ,2011/8/23,50.56,52.28,50.34,52.28,75688388
QQQ,2011/8/24,52.18,53.42,51.71,52.69,80197612
QQQ,2011/8/25,52.64,52.905,51.65,51.83,93623637
QQQ,2011/8/26,51.68,53.31,51.15,53.13,91573238
QQQ,2011/8/29,53.64,54.67,53.64,54.61,45985744
QQQ,2011/8/30,54.39,55.3,54.11,54.97,61617815
QQQ,2011/8/31,55.29,55.74,54.6,55.06,60899245
QQQ,2011/9/1,55.21,55.64,54.46,54.56,57158373
QQQ,2011/9/2,53.58,54.6143,52.99,53.28,58185104
QQQ,2011/9/6,52.04,53.366,51.91,53.29,52992174
QQQ,2011/9/7,54.03,54.65,53.9,54.64,48952119
QQQ,2011/9/8,54.37,55.1684,54.21,54.39,61422788
QQQ,2011/9/9,54.01,54.2399,52.85,53.18,63663481
QQQ,2011/9/12,52.61,53.9,52.57,53.86,65972996
QQQ,2011/9/13,54.08,54.69,53.8,54.58,59019983
QQQ,2011/9/14,54.85,55.98,54.32,55.36,90757299
QQQ,2011/9/15,55.97,56.28,55.39,56.18,83536091
QQQ,2011/9/16,56.25,56.65,56.09,56.59,91901954
QQQ,2011/9/19,55.9,56.91,55.43,56.61,73042834
QQQ,2011/9/20,56.9,57.35,56.23,56.36,66570061
QQQ,2011/9/21,56.65,56.93,55.37,55.38,79937994
QQQ,2011/9/22,53.93,54.46,52.75,53.58,151885450
QQQ,2011/9/23,53.14,54.38,53.091,54.15,85940566
QQQ,2011/9/26,54.42,54.88,53.21,54.78,96260950
QQQ,2011/9/27,55.7,56.2,54.98,55.35,81148487
QQQ,2011/9/28,55.57,55.97,54.4,54.53,76757052
QQQ,2011/9/29,55.36,55.43,52.97,53.88,116900117
QQQ,2011/9/30,53.18,53.61,52.46,52.49,104957919
QQQ,2011/10/3,52.04,52.85,51.11,51.14,99147909
QQQ,2011/10/4,50.595,52.29,50.095,52.19,137011447
QQQ,2011/10/5,52.07,53.6787,51.66,53.53,108825698
QQQ,2011/10/6,53.47,54.44,53.21,54.43,71939102
QQQ,2011/10/7,54.41,54.66,53.72,54.07,72525198
QQQ,2011/10/10,54.98,55.94,54.89,55.94,48229045
QQQ,2011/10/11,55.81,56.46,55.7,56.32,66449089
QQQ,2011/10/12,56.87,57.23,56.56,56.6,85627554
QQQ,2011/10/13,56.49,57.19,56.43,57.12,63443629
QQQ,2011/10/14,57.84,58.19,57.51,58.18,65643503
QQQ,2011/10/17,57.9,58.09,56.9716,57.28,65161278
QQQ,2011/10/18,57.19,58.29,56.66,57.99,91434322
QQQ,2011/10/19,57.71,57.85,56.68,56.87,67639312
QQQ,2011/10/20,56.81,56.92,55.79,56.59,80378270
QQQ,2011/10/21,57.17,57.66,56.78,57.3,60455686
QQQ,2011/10/24,57.52,58.65,57.3105,58.49,61449356
QQQ,2011/10/25,58.27,58.32,57.22,57.34,65299179
QQQ,2011/10/26,57.65,57.78,56.2126,57.27,98193781
QQQ,2011/10/27,58.64,59.2,58.03,58.85,104455431
QQQ,2011/10/28,58.5,59.01,58.5,58.94,42949944
QQQ,2011/10/31,58.41,58.64,57.91,57.95,60520134
QQQ,2011/11/1,56.56,57.9064,56.12,56.44,99932826
QQQ,2011/11/2,57.01,57.16,56.385,56.92,65178760
QQQ,2011/11/3,57.36,58.175,56.71,58.1,78448893
QQQ,2011/11/4,57.79,58.05,57.22,57.8,61527707
QQQ,2011/11/7,57.75,58.25,57.17,58.21,65541094
QQQ,2011/11/8,58.63,58.98,57.97,58.88,62906879
QQQ,2011/11/9,57.72,57.83,56.63,56.81,69538736
QQQ,2011/11/10,57.4,57.42,56.23,56.78,66052381
QQQ,2011/11/11,57.28,58.02,57.2,57.85,54470951
QQQ,2011/11/14,57.69,58.01,57.28,57.49,44617602
QQQ,2011/11/15,57.34,58.36,57.26,58.13,52203873
QQQ,2011/11/16,57.73,58.1574,57.06,57.17,68342577
QQQ,2011/11/17,57.02,57.04,55.48,55.83,101706803
QQQ,2011/11/18,55.85,55.9,55.3,55.4,60416982
QQQ,2011/11/21,54.68,54.73,53.78,54.34,52289447
QQQ,2011/11/22,54.2,54.68,53.87,54.52,51940089
QQQ,2011/11/23,54.11,54.17,53.26,53.29,48467335
QQQ,2011/11/25,53.09,53.67,52.87,52.88,25447855
QQQ,2011/11/28,54.16,54.79,54.14,54.72,46710682
QQQ,2011/11/29,54.65,55.1,54.22,54.38,52056611
QQQ,2011/11/30,55.84,56.44,55.67,56.39,66918515
QQQ,2011/12/1,56.37,56.925,56.35,56.78,45361471
QQQ,2011/12/2,57.33,57.34,56.57,56.62,36938344
QQQ,2011/12/5,57.49,57.62,56.915,57.24,40501885
QQQ,2011/12/6,57.29,57.45,56.89,57.08,38669472
QQQ,2011/12/7,56.9,57.34,56.35,57.08,44576158
QQQ,2011/12/8,56.74,57.15,56.01,56.12,51692562
QQQ,2011/12/9,56.26,57.19,56.24,57.02,55757852
QQQ,2011/12/12,56.42,57.0087,55.9,56.38,55411692
QQQ,2011/12/13,56.76,56.98,55.53,55.76,68557659
QQQ,2011/12/14,55.52,55.59,54.58,54.89,63682706
QQQ,2011/12/15,55.36,55.42,54.66,54.74,58732814
QQQ,2011/12/16,54.88,55.61,54.77,54.86,60978710
QQQ,2011/12/19,55.06,55.2,54.17,54.32,46733812
QQQ,2011/12/20,55.2,56,55.17,55.93,81758761
QQQ,2011/12/21,55.64,55.64,54.4875,55.13,78552013
QQQ,2011/12/22,55.22,55.6261,55.17,55.6,40334025
QQQ,2011/12/23,55.68,56.08,55.581,56.08,26594530
QQQ,2011/12/27,56.01,56.42,55.93,56.24,21443438
QQQ,2011/12/28,56.17,56.26,55.44,55.59,38189532
QQQ,2011/12/29,55.68,56.03,55.5,55.99,28077809
QQQ,2011/12/30,55.86,56.12,55.82,55.83,21832343
QQQ,2012/1/3,56.91,57.19,56.75,56.9,39512874
QQQ,2012/1/4,56.8,57.22,56.56,57.14,29403365
QQQ,2012/1/5,57.02,57.66,56.8,57.61,41260529
QQQ,2012/1/6,57.65,57.94,57.4,57.81,46325172
QQQ,2012/1/9,57.95,57.98,57.431,57.62,39195455
QQQ,2012/1/10,58.26,58.405,57.6398,58.04,35949856
QQQ,2012/1/11,58.02,58.29,57.81,58.16,37144050
QQQ,2012/1/12,58.29,58.47,57.86,58.39,26188209
QQQ,2012/1/13,58.1,58.2,57.68,58.18,35985091
QQQ,2012/1/17,58.71,58.96,58.49,58.71,41790747
QQQ,2012/1/18,58.84,59.49,58.6822,59.49,48692630
QQQ,2012/1/19,59.76,59.97,59.65,59.86,47774414
QQQ,2012/1/20,59.61,59.8,59.56,59.77,41050565
QQQ,2012/1/23,59.8,60.21,59.44,59.79,40964630
QQQ,2012/1/24,59.54,59.84,59.41,59.68,38440197
QQQ,2012/1/25,60.28,60.58,59.8335,60.43,61591782
QQQ,2012/1/26,60.67,60.8,59.93,60.22,37852655
QQQ,2012/1/27,60.09,60.51,60.06,60.4,45540388
QQQ,2012/1/30,59.88,60.54,59.66,60.45,42797536
QQQ,2012/1/31,60.75,60.86,60.14,60.53,51449601
QQQ,2012/2/1,60.85,61.24,60.66,61.02,46146664
QQQ,2012/2/2,61.2,61.41,60.97,61.21,46373511
QQQ,2012/2/3,61.78,62.12,61.6799,62.05,36453755
QQQ,2012/2/6,61.82,62.02,61.66,62,28541034
QQQ,2012/2/7,61.95,62.25,61.67,62.13,37935695
QQQ,2012/2/8,62.14,62.46,61.91,62.46,41171074
QQQ,2012/2/9,62.67,62.98,62.32,62.91,46856294
QQQ,2012/2/10,62.47,62.64,62.25,62.475,58093569
QQQ,2012/2/13,62.93,63.13,62.65,63.05,36810183
QQQ,2012/2/14,62.9,63.22,62.69,63.21,51685261
QQQ,2012/2/15,63.52,63.86,62.67,62.77,105708895
QQQ,2012/2/16,62.79,63.7,62.63,63.63,83642235
QQQ,2012/2/17,63.64,63.69,63.15,63.43,76112276
QQQ,2012/2/21,63.51,63.89,63.21,63.61,38141236
QQQ,2012/2/22,63.49,63.68,63.23,63.32,43174694
QQQ,2012/2/23,63.4,63.81,63.09,63.74,54249254
QQQ,2012/2/24,63.92,64.07,63.8,63.96,41369705
QQQ,2012/2/27,63.6,64.26,63.33,64.05,42678420
QQQ,2012/2/28,64.1,64.7,64.03,64.7,43727286
QQQ,2012/2/29,64.74,64.96,64.2,64.41,59784393
QQQ,2012/3/1,64.66,64.98,64.46,64.92,67558813
QQQ,2012/3/2,64.83,65.0784,64.66,64.87,33358160
QQQ,2012/3/5,64.83,64.91,63.99,64.2,45788685
QQQ,2012/3/6,63.59,63.72,63.23,63.57,54638583
QQQ,2012/3/7,63.86,64.21,63.77,64.06,42741792
QQQ,2012/3/8,64.42,64.94,64.3,64.75,43711013
QQQ,2012/3/9,64.85,65.14,64.82,65.02,43117170
QQQ,2012/3/12,64.97,65.11,64.72,65.05,32687292
QQQ,2012/3/13,65.42,66.26,65.27,66.26,61558511
QQQ,2012/3/14,66.31,66.74,66.08,66.49,59926891
QQQ,2012/3/15,66.69,66.82,66.35,66.68,65531134
QQQ,2012/3/16,66.65,66.67,66.36,66.52,53023027
QQQ,2012/3/19,66.62,67.15,66.45,66.99,60966105
QQQ,2012/3/20,66.66,67.185,66.46,67.11,47290547
QQQ,2012/3/21,67.13,67.49,67.03,67.12,39648089
QQQ,2012/3/22,66.71,67.14,66.68,66.98,56960468
QQQ,2012/3/23,67.06,67.08,66.56,66.939,45547682
QQQ,2012/3/26,67.37,68.11,67.33,68.11,40855239
QQQ,2012/3/27,68.145,68.49,68.13,68.21,37278184
QQQ,2012/3/28,68.25,68.51,67.54,67.938,44421855
QQQ,2012/3/29,67.61,67.93,67.2,67.68,53975298
QQQ,2012/3/30,67.99,68.02,67.28,67.55,39480224
QQQ,2012/4/2,67.46,68.34,67.36,68.25,40031540
QQQ,2012/4/3,68.31,68.55,67.85,68.23,45539655
QQQ,2012/4/4,67.73,67.76,66.91,67.3,54087961
QQQ,2012/4/5,67.19,67.78,67.13,67.72,43866411
QQQ,2012/4/9,66.88,67.48,66.76,67.21,36908136
QQQ,2012/4/10,67.19,67.44,65.92,66.13,69254193
QQQ,2012/4/11,66.705,66.89,66.28,66.45,62949946
QQQ,2012/4/12,66.58,67.28,66.4807,67.205,57407345
QQQ,2012/4/13,66.96,67.2022,66.16,66.19,55227428
QQQ,2012/4/16,66.53,66.56,65.24,65.45,57587271
QQQ,2012/4/17,65.75,66.99,65.63,66.78,47362395
QQQ,2012/4/18,66.59,67,66.41,66.61,42536007
QQQ,2012/4/19,66.38,67.17,65.62,65.86,81110267
QQQ,2012/4/20,66.22,66.51,65.58,65.68,59906831
QQQ,2012/4/23,65.08,65.18,64.49,65.08,70514110
QQQ,2012/4/24,64.97,65.23,64.45,64.73,49661432
QQQ,2012/4/25,66.06,66.49,65.97,66.45,57526761
QQQ,2012/4/26,66.42,66.99,66.35,66.84,41799492
QQQ,2012/4/27,67.12,67.45,66.77,67.24,46012481
QQQ,2012/4/30,67.02,67.17,66.71,66.76,37787622
QQQ,2012/5/1,66.68,67.63,66.59,66.87,37643735
QQQ,2012/5/2,66.5,67.11,66.38,67.06,38299220
QQQ,2012/5/3,67.1,67.15,66.175,66.35,51307361
QQQ,2012/5/4,65.75,66.3524,64.69,64.7,107553920
QQQ,2012/5/7,64.31,65.07,64.29,64.76,50266729
QQQ,2012/5/8,64.34,64.74,63.48,64.52,72659690
QQQ,2012/5/9,63.77,64.68,63.51,64.321,85715257
QQQ,2012/5/10,64.61,64.63,63.95,64.19,49448870
QQQ,2012/5/11,63.94,64.86,63.91,64.18,47106689
QQQ,2012/5/14,63.63,64.08,63.48,63.58,46359983
QQQ,2012/5/15,63.79,64.27,63.26,63.37,66908427
QQQ,2012/5/16,63.62,63.78,62.81,62.94,52825897
QQQ,2012/5/17,62.94,63.06,61.6,61.61,62253439
QQQ,2012/5/18,61.79,61.96,60.76,60.81,79496446
QQQ,2012/5/21,60.92,62.57,60.85,62.51,61471322
QQQ,2012/5/22,62.66,62.95,61.989,62.44,62954723
QQQ,2012/5/23,61.93,62.71,61.37,62.56,56951072
QQQ,2012/5/24,62.66,62.71,61.69,62.15,83129559
QQQ,2012/5/25,62.21,62.3201,61.8899,62.07,32082832
QQQ,2012/5/29,62.63,63.15,62.28,62.86,44221458
QQQ,2012/5/30,62.29,62.55,61.6773,62.33,56431798
QQQ,2012/5/31,62.25,62.41,61.59,62.06,55260021
QQQ,2012/6/1,60.97,61.32,60.39,60.409,71430752
QQQ,2012/6/4,60.57,60.96,60.04,60.87,74119321
QQQ,2012/6/5,60.65,61.24,60.63,61.12,47916880
QQQ,2012/6/6,61.6,62.57,61.52,62.52,58781187
QQQ,2012/6/7,63.16,63.18,62.22,62.27,38414776
QQQ,2012/6/8,62.16,62.95,61.96,62.87,39737101
QQQ,2012/6/11,63.35,63.38,61.77,61.805,51008831
QQQ,2012/6/12,62.09,62.59,61.68,62.56,48802598
QQQ,2012/6/13,62.38,62.85,61.92,62.13,50841084
QQQ,2012/6/14,62.14,62.61,61.8,62.36,65170503
QQQ,2012/6/15,62.37,63.08,62.36,62.99,41536033
QQQ,2012/6/18,62.75,63.74,62.63,63.58,32191113
QQQ,2012/6/19,63.9,64.51,63.85,64.239,36476477
QQQ,2012/6/20,64.36,64.57,63.81,64.29,51389682
QQQ,2012/6/21,64.21,64.31,62.62,62.69,42492624
QQQ,2012/6/22,62.88,63.43,62.731,63.35,29513101
QQQ,2012/6/25,62.84,62.85,61.95,62.13,33136337
QQQ,2012/6/26,62.33,62.7,62.0575,62.52,30610734
QQQ,2012/6/27,62.76,63.18,62.6899,62.9,35705771
QQQ,2012/6/28,62.42,62.47,61.54,62.2,49793383
QQQ,2012/6/29,63.37,64.16,63.21,64.16,44765803
QQQ,2012/7/2,64.23,64.38,63.87,64.35,33432708
QQQ,2012/7/3,64.38,64.89,64.29,64.89,15895085
QQQ,2012/7/5,64.78,65.25,64.48,64.93,37025561
QQQ,2012/7/6,64.65,64.69,63.65,64.12,40684059
QQQ,2012/7/9,64.03,64.26,63.68,64,35636978
QQQ,2012/7/10,64.33,64.51,63.12,63.37,47365647
QQQ,2012/7/11,63.29,63.46,62.5,63.02,43431952
QQQ,2012/7/12,62.55,62.69,61.86,62.43,57680387
QQQ,2012/7/13,62.56,63.52,62.56,63.38,32358947
QQQ,2012/7/16,63.24,63.52,62.95,63.2,27623184
QQQ,2012/7/17,63.58,63.74,62.63,63.53,42476969
QQQ,2012/7/18,63.4,64.58,63.39,64.39,44489605
QQQ,2012/7/19,64.84,65.31,64.72,65.1,53017702
QQQ,2012/7/20,65.09,65.1,64.21,64.235,40572549
QQQ,2012/7/23,63,63.68,62.51,63.46,48657617
QQQ,2012/7/24,63.58,63.66,62.55,62.96,57269688
QQQ,2012/7/25,62.49,62.95,62.15,62.54,46267404
QQQ,2012/7/26,63.44,63.73,62.97,63.37,41934261
QQQ,2012/7/27,63.83,64.99,63.64,64.87,42623491
QQQ,2012/7/30,65.01,65.31,64.6,64.82,37821194
QQQ,2012/7/31,64.91,65.18,64.74,64.8,34595377
QQQ,2012/8/1,65.25,65.2799,64.35,64.61,30919778
QQQ,2012/8/2,64.1,65.02,63.91,64.38,40544547
QQQ,2012/8/3,65.38,65.88,65.19,65.6,42122944
QQQ,2012/8/6,65.94,66.39,65.8,66.1,23529615
QQQ,2012/8/7,66.38,66.92,66.28,66.65,28222362
QQQ,2012/8/8,66.48,66.762,66.37,66.62,20723495
QQQ,2012/8/9,66.62,66.91,66.49,66.82,20726183
QQQ,2012/8/10,66.59,66.88,66.41,66.86,20320925
QQQ,2012/8/13,66.84,67.03,66.5,67.02,19890257
QQQ,2012/8/14,67.28,67.41,66.86,67.05,24218673
QQQ,2012/8/15,67,67.3199,66.99,67.22,29110347
QQQ,2012/8/16,67.47,68.17,67.39,68.02,35706443
QQQ,2012/8/17,68.17,68.33,68.01,68.32,22584723
QQQ,2012/8/20,68.27,68.43,68,68.42,26923940
QQQ,2012/8/21,68.63,68.88,67.88,68.15,41390936
QQQ,2012/8/22,67.99,68.5601,67.81,68.43,44555654
QQQ,2012/8/23,68.14,68.34,67.6905,67.87,28802214
QQQ,2012/8/24,67.72,68.45,67.6,68.29,38384751
QQQ,2012/8/27,68.6,68.67,68.25,68.4,20671323
QQQ,2012/8/28,68.34,68.585,68.11,68.4,27337854
QQQ,2012/8/29,68.41,68.57,68.11,68.4,26674509
QQQ,2012/8/30,68.11,68.13,67.6,67.71,24430939
QQQ,2012/8/31,68.2,68.45,67.47,68.16,42127927
QQQ,2012/9/4,68.03,68.35,67.42,68.09,32017183
QQQ,2012/9/5,68.04,68.35,67.84,68.02,26133787
QQQ,2012/9/6,68.42,69.55,68.42,69.53,43099507
QQQ,2012/9/7,69.37,69.55,69.23,69.43,32966134
QQQ,2012/9/10,69.26,69.4,68.49,68.54,25489971
QQQ,2012/9/11,68.54,68.82,68.32,68.43,29810086
QQQ,2012/9/12,68.68,68.81,68.21,68.632,42212157
QQQ,2012/9/13,68.71,69.86,68.62,69.56,45417791
QQQ,2012/9/14,69.84,70.43,69.79,70.18,38888047
QQQ,2012/9/17,70.2,70.24,69.96,70.21,31798335
QQQ,2012/9/18,70.04,70.3,70.02,70.27,27169767
QQQ,2012/9/19,70.29,70.58,70.06,70.4,36484572
QQQ,2012/9/20,70.07,70.4,69.87,70.33,42523444
QQQ,2012/9/21,70.47,70.54,70.08,70.15,23681208
QQQ,2012/9/24,69.56,69.86,69.42,69.735,32341549
QQQ,2012/9/25,69.92,70.08,68.73,68.76,41308853
QQQ,2012/9/26,68.67,68.71,67.85,68.2,32770371
QQQ,2012/9/27,68.35,69.3,68.25,69.14,25339433
QQQ,2012/9/28,68.92,69.12,68.51,68.57,30116097
QQQ,2012/10/1,68.9,69.33,68.25,68.47,37715207
QQQ,2012/10/2,68.79,68.98,68.13,68.67,33254267
QQQ,2012/10/3,68.88,69.24,68.59,69.11,38235965
QQQ,2012/10/4,69.24,69.54,69,69.35,26128544
QQQ,2012/10/5,69.68,69.8,68.8,68.98,25207826
QQQ,2012/10/8,68.58,68.72,68.19,68.35,30911410
QQQ,2012/10/9,68.17,68.3395,67.1,67.2592,67973910
QQQ,2012/10/10,67.25,67.43,66.8,66.92,45134294
QQQ,2012/10/11,67.44,67.47,66.67,66.71,30476076
QQQ,2012/10/12,66.73,67.06,66.55,66.68,24894927
QQQ,2012/10/15,66.94,67.26,66.53,67.17,22220004
QQQ,2012/10/16,67.29,68.2,67.25,68.12,33960299
QQQ,2012/10/17,67.75,68.3,67.68,68.08,33439368
QQQ,2012/10/18,67.87,68.08,67.04,67.29,61706323
QQQ,2012/10/19,67.21,67.27,65.6,65.68,75362599
QQQ,2012/10/22,65.62,66.19,65.5,66.02,38621408
QQQ,2012/10/23,65.49,65.95,65.19,65.39,52598740
QQQ,2012/10/24,65.76,65.87,65.06,65.164,39872375
QQQ,2012/10/25,65.61,65.72,64.97,65.16,52688680
QQQ,2012/10/26,65.18,65.623,64.65,65.35,54222197
QQQ,2012/10/31,65.31,65.39,64.73,64.95,38524479
QQQ,2012/11/1,65.32,66,65.17,65.8729,26944931
QQQ,2012/11/2,66.21,66.21,65.11,65.17,44082997
QQQ,2012/11/5,65.195,65.73,65.04,65.6,28104128
QQQ,2012/11/6,65.71,66.17,65.46,65.72,29608306
QQQ,2012/11/7,65.04,65.1,63.9,64.17,70737600
QQQ,2012/11/8,64.33,64.495,63.16,63.16,58585722
QQQ,2012/11/9,63.19,64.11,63.16,63.43,51549536
QQQ,2012/11/12,63.79,63.87,63.25,63.42,32663656
QQQ,2012/11/13,62.92,63.58,62.7801,62.98,43287627
QQQ,2012/11/14,63.27,63.36,62.14,62.24,82655213
QQQ,2012/11/15,62.29,62.49,61.8,62.0299,55124159
QQQ,2012/11/16,62.08,62.48,61.31,62.3,70868025
QQQ,2012/11/19,62.97,63.83,62.96,63.7806,55306381
QQQ,2012/11/20,63.77,63.89,63.19,63.8,52012655
QQQ,2012/11/21,63.83,64.02,63.6,63.93,19620058
QQQ,2012/11/23,64.32,64.92,64.2501,64.9,16462833
QQQ,2012/11/26,64.77,65.22,64.54,65.181,26430885
QQQ,2012/11/27,65.16,65.4,64.85,64.96,25828579
QQQ,2012/11/28,64.66,65.57,64.25,65.52,37295780
QQQ,2012/11/29,65.82,66.135,65.58,65.91,41135813
QQQ,2012/11/30,65.92,65.97,65.61,65.8,33502042
QQQ,2012/12/3,66.32,66.37,65.64,65.67,28239968
QQQ,2012/12/4,65.69,65.77,65.2,65.63,49671701
QQQ,2012/12/5,65.53,65.54,64.55,64.9032,54076124
QQQ,2012/12/6,64.71,65.4801,64.53,65.32,47519071
QQQ,2012/12/7,65.65,65.71,64.71,64.93,30092666
QQQ,2012/12/10,64.75,65.455,64.75,65.12,33219547
QQQ,2012/12/11,65.58,66.34,65.515,65.97,40750801
QQQ,2012/12/12,66.29,66.32,65.65,65.83,45917674
QQQ,2012/12/13,65.71,66.16,65.03,65.3111,45467642
QQQ,2012/12/14,64.9,65.08,64.47,64.69,39630252
QQQ,2012/12/17,64.73,65.57,64.66,65.55,42302841
QQQ,2012/12/18,65.85,66.65,65.7,66.5472,55595997
QQQ,2012/12/19,66.72,66.76,66.22,66.2605,34832444
QQQ,2012/12/20,66.38,66.41,65.93,66.26,40754272
QQQ,2012/12/21,64.89,65.28,64.6,65.2,51144552
QQQ,2012/12/24,65.06,65.14,64.92,65.07,11418232
QQQ,2012/12/26,65.08,65.18,64.29,64.5,21760846
QQQ,2012/12/27,64.56,64.64,63.6,64.4,52943138
QQQ,2012/12/28,63.93,64.43,63.75,63.78,33082054
QQQ,2012/12/31,63.68,65.2521,63.58,65.1301,57553098
QQQ,2013/1/2,66.69,67.23,66.48,67.2,70695891
QQQ,2013/1/3,67.2,67.34,66.65,66.8521,47366435
QQQ,2013/1/4,66.87,66.88,66.47,66.63,33973326
QQQ,2013/1/7,66.46,66.76,66.25,66.6504,26766190
QQQ,2013/1/8,66.64,66.815,66.17,66.52,28743941
QQQ,2013/1/9,66.62,66.95,66.55,66.77,25609172
QQQ,2013/1/10,67.21,67.27,66.55,67.17,37534251
QQQ,2013/1/11,67.14,67.29,67,67.26,21160468
QQQ,2013/1/14,66.9,67.15,66.67,66.96,36777292
QQQ,2013/1/15,66.63,66.729,66.3321,66.63,31675276
QQQ,2013/1/16,66.75,67.13,66.6,66.9,33828119
QQQ,2013/1/17,67.18,67.48,67.06,67.22,32030740
QQQ,2013/1/18,67.01,67.14,66.77,67.07,31991953
QQQ,2013/1/22,67.15,67.23,66.73,67.18,32123006
QQQ,2013/1/23,67.56,67.79,67.46,67.59,31977406
QQQ,2013/1/24,66.69,67.28,66.56,66.66,42603381
QQQ,2013/1/25,66.89,67.19,66.74,67,39248726
QQQ,2013/1/28,67.01,67.38,66.93,67.15,32933927
QQQ,2013/1/29,67.06,67.31,66.63,67.16,35554610
QQQ,2013/1/30,67.28,67.48,66.87,67.02,34444953
QQQ,2013/1/31,66.99,67.35,66.81,66.87,34870426
QQQ,2013/2/1,67.34,67.78,67.07,67.66,53124521
QQQ,2013/2/4,67.25,67.4599,66.46,66.48,48483691
QQQ,2013/2/5,66.76,67.67,66.61,67.46,35129982
QQQ,2013/2/6,67.22,67.55,67.04,67.24,43595136
QQQ,2013/2/7,67.33,67.371,66.56,67.3,46011203
QQQ,2013/2/8,67.64,68.13,67.63,67.99,39845725
QQQ,2013/2/11,68.02,68.06,67.78,68.01,17650349
QQQ,2013/2/12,67.92,68.05,67.66,67.73,22061318
QQQ,2013/2/13,67.93,68.23,67.765,67.97,23497142
QQQ,2013/2/14,67.64,68.05,67.62,67.95,24482423
QQQ,2013/2/15,67.95,68.11,67.56,67.75,25334049
QQQ,2013/2/19,67.89,68.26,67.86,68.24,23433248
QQQ,2013/2/20,68.24,68.25,67.18,67.19,38200238
QQQ,2013/2/21,66.96,67.01,66.23,66.47,45855576
QQQ,2013/2/22,66.84,67.15,66.59,67.139,21969534
QQQ,2013/2/25,67.6,67.81,66.25,66.31,40927523
QQQ,2013/2/26,66.42,66.68,65.96,66.56,42088741
QQQ,2013/2/27,66.57,67.65,66.47,67.239,36339458
QQQ,2013/2/28,67.24,67.74,67.09,67.1,28557148
QQQ,2013/3/1,66.86,67.5,66.54,67.38,31617692
QQQ,2013/3/4,67.19,67.69,67.07,67.68,19380446
QQQ,2013/3/5,68.1,68.77,68.08,68.68,35589440
QQQ,2013/3/6,68.8899,68.908,68.42,68.51,29070971
QQQ,2013/3/7,68.57,68.8,68.45,68.69,21775877
QQQ,2013/3/8,68.93,69.02,68.5,68.77,26162116
QQQ,2013/3/11,68.68,68.99,68.47,68.97,23194121
QQQ,2013/3/12,68.79,68.9299,68.39,68.72,27579252
QQQ,2013/3/13,68.8,68.89,68.39,68.63,34297271
QQQ,2013/3/14,68.87,69.01,68.711,68.86,31537685
QQQ,2013/3/15,68.75,68.79,68.34,68.51,30743672
QQQ,2013/3/18,67.885,68.6367,67.73,68.36,36164493
QQQ,2013/3/19,68.54,68.7,67.62,68.23,33134570
QQQ,2013/3/20,68.74,68.86,68.39,68.709,28035338
QQQ,2013/3/21,68.09,68.25,67.77,67.93,30050789
QQQ,2013/3/22,68.21,68.64,68.13,68.59,28838417
QQQ,2013/3/25,68.81,68.96,68.01,68.34,24909753
QQQ,2013/3/26,68.6,68.73,68.45,68.71,19734745
QQQ,2013/3/27,68.25,68.85,68.14,68.801,22539423
QQQ,2013/3/28,68.81,69.06,68.64,68.97,23669800
QQQ,2013/4/1,69.01,69.09,68.31,68.5,28118835
QQQ,2013/4/2,68.81,69.27,68.77,69.04,29431878
QQQ,2013/4/3,69.08,69.18,68.24,68.41,35131104
QQQ,2013/4/4,68.41,68.6,68.06,68.43,32287367
QQQ,2013/4/5,67.35,67.96,67.19,67.861,55613276
QQQ,2013/4/8,67.88,68.24,67.69,68.22,17898516
QQQ,2013/4/9,68.42,68.96,68.09,68.68,30931361
QQQ,2013/4/10,68.89,70.17,68.88,70.015,55271262
QQQ,2013/4/11,69.84,70.15,69.77,69.99,37238268
QQQ,2013/4/12,69.85,69.99,69.41,69.94,32791330
QQQ,2013/4/15,69.68,69.79,68.48,68.56,48795787
QQQ,2013/4/16,68.99,69.55,68.81,69.47,27682570
QQQ,2013/4/17,68.84,68.889,67.71,68.115,60204793
QQQ,2013/4/18,68.33,68.33,66.88,67.169,56798119
QQQ,2013/4/19,67.31,68.231,67.2,68.09,43066868
QQQ,2013/4/22,68.33,69.04,68.08,68.79,34412089
QQQ,2013/4/23,69.2,69.7,68.82,69.45,53078214
QQQ,2013/4/24,69.26,69.67,69.12,69.42,44500627
QQQ,2013/4/25,69.63,70.05,69.59,69.79,26437042
QQQ,2013/4/26,69.62,69.77,69.27,69.57,24083912
QQQ,2013/4/29,69.78,70.48,69.76,70.21,31663920
QQQ,2013/4/30,70.29,70.73,70.04,70.72,30146326
QQQ,2013/5/1,70.71,70.85,70.25,70.39,28539538
QQQ,2013/5/2,70.51,71.43,70.45,71.28,31744162
QQQ,2013/5/3,71.94,72.34,71.91,72.12,34061652
QQQ,2013/5/6,72.25,72.51,72.19,72.4,19244277
QQQ,2013/5/7,72.5,72.57,72.09,72.36,25838016
QQQ,2013/5/8,72.31,72.77,72.2,72.71,24257984
QQQ,2013/5/9,72.55,73.099,72.47,72.6065,29344426
QQQ,2013/5/10,72.73,73.08,72.63,73.05,20663682
QQQ,2013/5/13,72.93,73.32,72.86,73.14,29730022
QQQ,2013/5/14,73.13,73.74,73.13,73.52,36017631
QQQ,2013/5/15,73.38,73.74,73.2,73.67,27214313
QQQ,2013/5/16,73.77,74.095,73.55,73.59,27253366
QQQ,2013/5/17,73.95,74.33,73.7301,74.3,31117108
QQQ,2013/5/20,74.09,74.425,73.89,74.19,25135782
QQQ,2013/5/21,74.18,74.54,73.89,74.27,25899967
QQQ,2013/5/22,74.36,74.95,73.24,73.619,59843165
QQQ,2013/5/23,72.95,73.7,72.83,73.45,48229437
QQQ,2013/5/24,72.96,73.43,72.76,73.41,26435957
QQQ,2013/5/28,74.25,74.54,73.66,73.89,27065807
QQQ,2013/5/29,73.59,73.8,73.12,73.54,32095595
QQQ,2013/5/30,73.57,74.275,73.55,73.93,32390461
QQQ,2013/5/31,73.65,74.21,73.17,73.25,38354676
QQQ,2013/6/3,73.31,73.4,72.43,73.38,47613032
QQQ,2013/6/4,73.52,73.82,72.7,73,35256035
QQQ,2013/6/5,72.77,73.04,71.99,72.05,48654171
QQQ,2013/6/6,72.15,72.41,71.47,72.4,62524010
QQQ,2013/6/7,72.73,73.47,72.52,73.39,31971148
QQQ,2013/6/10,73.55,73.76,73.26,73.42,25393169
QQQ,2013/6/11,72.67,73.34,72.44,72.69,40281421
QQQ,2013/6/12,73.12,73.14,71.74,71.85,42081831
QQQ,2013/6/13,71.76,72.92,71.55,72.76,28230371
QQQ,2013/6/14,72.76,72.84,72.171,72.28,27697014
QQQ,2013/6/17,72.88,73.4,72.6,72.98,32443498
QQQ,2013/6/18,73.07,73.72,73.06,73.58,24861267
QQQ,2013/6/19,73.57,73.68,72.68,72.76,43145076
QQQ,2013/6/20,71.92,72.16,70.79,71.025,60908388
QQQ,2013/6/21,70.78,70.97,69.84,70.43,51565551
QQQ,2013/6/24,69.84,70.27,69.15,69.73,41492206
QQQ,2013/6/25,70.41,70.52,69.81,70.24,28897389
QQQ,2013/6/26,70.82,71,70.59,70.87,23746655
QQQ,2013/6/27,71.22,71.62,71.13,71.17,23546417
QQQ,2013/6/28,70.92,71.69,70.79,71.27,28301066
QQQ,2013/7/1,71.76,72.3,71.64,71.71,24951289
QQQ,2013/7/2,71.68,72.1796,71.35,71.74,23069566
QQQ,2013/7/3,71.48,72.37,71.42,72.031,18847424
QQQ,2013/7/5,72.45,72.61,71.86,72.58,28795991
QQQ,2013/7/8,72.94,72.99,72.38,72.65,20563730
QQQ,2013/7/9,72.98,73.25,72.65,73.09,26115187
QQQ,2013/7/10,73,73.62,72.98,73.51,25598894
QQQ,2013/7/11,74.29,75.03,74.25,74.97,47777675
QQQ,2013/7/12,75.02,75.35,74.82,75.3,31417850
QQQ,2013/7/15,75.36,75.52,75.17,75.47,19790966
QQQ,2013/7/16,75.54,75.59,75.18,75.37,31747092
QQQ,2013/7/17,75.6,75.74,75.35,75.56,24631497
QQQ,2013/7/18,75.54,75.74,75.25,75.37,36278798
QQQ,2013/7/19,74.72,74.74,74.37,74.59,37734062
QQQ,2013/7/22,74.87,74.98,74.58,74.81,21135860
QQQ,2013/7/23,74.95,74.96,74.2,74.26,24748780
QQQ,2013/7/24,74.99,75.02,74.33,74.5,24426805
QQQ,2013/7/25,74.89,75.06,74.46,74.97,23167338
QQQ,2013/7/26,74.67,75.38,74.55,75.37,20885522
QQQ,2013/7/29,75.22,75.54,75.0299,75.23,20970308
QQQ,2013/7/30,75.5,75.95,75.35,75.63,24104507
QQQ,2013/7/31,75.77,76.2099,75.63,75.77,25007599
QQQ,2013/8/1,76.3,76.65,76.21,76.54,16879933
QQQ,2013/8/2,76.56,76.99,76.3801,76.97,18105230
QQQ,2013/8/5,76.89,77.08,76.78,77.02,15462781
QQQ,2013/8/6,76.92,76.99,76.25,76.56,23680564
QQQ,2013/8/7,76.36,76.568,75.87,76.42,20281126
QQQ,2013/8/8,76.84,76.98,76.3,76.8,19993946
QQQ,2013/8/9,76.7,76.94,76.27,76.49,18569820
QQQ,2013/8/12,76.2,76.8099,76.19,76.67,20515862
QQQ,2013/8/13,76.77,77.27,76.22,77.1,23916974
QQQ,2013/8/14,77.07,77.18,76.7,76.81,29920959
QQQ,2013/8/15,75.98,75.99,75.29,75.51,39406562
QQQ,2013/8/16,75.54,75.87,75.35,75.485,23824932
QQQ,2013/8/19,75.5,76.13,75.33,75.35,29586813
QQQ,2013/8/20,75.49,76.03,75.43,75.68,18842747
QQQ,2013/8/21,75.46,76.09,75.14,75.42,30705085
QQQ,2013/8/22,75.73,76.21,75.71,76.16,17269464
QQQ,2013/8/23,76.73,76.77,76.4,76.67,20697258
QQQ,2013/8/26,76.72,77.28,76.55,76.71,27525409
QQQ,2013/8/27,75.82,76.18,74.96,75.14,40068871
QQQ,2013/8/28,75.08,75.75,75.05,75.43,20490381
QQQ,2013/8/29,75.4,76.34,75.3,75.96,27287901
QQQ,2013/8/30,76.04,76.04,75.2,75.47,26228459
QQQ,2013/9/3,76.1,76.44,75.54,75.9,27241431
QQQ,2013/9/4,76.14,76.84,75.93,76.71,27142882
QQQ,2013/9/5,76.75,77.055,76.73,76.84,17815365
QQQ,2013/9/6,77.09,77.34,76.05,76.93,27724535
QQQ,2013/9/9,77.23,77.96,77.23,77.83,25161869
QQQ,2013/9/10,78.27,78.32,77.92,78.21,27619372
QQQ,2013/9/11,77.69,78.11,77.59,78.06,28138594
QQQ,2013/9/12,78.06,78.25,77.85,78.01,18332687
QQQ,2013/9/13,78.11,78.145,77.64,78.06,16932448
QQQ,2013/9/16,78.69,78.72,77.67,77.85,25909886
QQQ,2013/9/17,77.99,78.47,77.98,78.37,27182212
QQQ,2013/9/18,78.49,79.47,78.33,79.31,31714662
QQQ,2013/9/19,79.54,79.685,79.36,79.5,26435609
QQQ,2013/9/20,79.47,79.54,78.95,78.985,26328830
QQQ,2013/9/23,79.34,79.41,78.455,78.83,30319396
QQQ,2013/9/24,79,79.25,78.57,78.83,21875702
QQQ,2013/9/25,78.88,79,78.4,78.56,22746397
QQQ,2013/9/26,78.87,79.36,78.85,79.17,22421656
QQQ,2013/9/27,78.74,79.21,78.59,79.07,25151521
QQQ,2013/9/30,78.27,79.09,78,78.88,28031856
QQQ,2013/10/1,78.87,79.72,78.8456,79.68,33129746
QQQ,2013/10/2,79.13,79.76,79.06,79.65,25503753
QQQ,2013/10/3,79.55,79.72,78.3,78.72,42998195
QQQ,2013/10/4,78.72,79.51,78.65,79.4,22854266
QQQ,2013/10/7,78.72,79.35,78.67,78.74,20234683
QQQ,2013/10/8,78.76,78.81,77.19,77.22,43660689
QQQ,2013/10/9,77.4,77.44,76.35,76.98,64526694
QQQ,2013/10/10,77.8,78.79,77.79,78.61,48062722
QQQ,2013/10/11,78.41,79.29,78.4,79.23,25214124
QQQ,2013/10/14,78.74,79.79,78.68,79.79,31471884
QQQ,2013/10/15,79.73,80.11,79.38,79.48,38683993
QQQ,2013/10/16,79.83,80.42,79.79,80.38,46735861
QQQ,2013/10/17,80,80.87,79.95,80.84,32193534
QQQ,2013/10/18,81.56,82.18,81.35,82.15,39628221
QQQ,2013/10/21,82.31,82.54,82.07,82.33,31176938
QQQ,2013/10/22,82.62,82.9,81.93,82.45,43944821
QQQ,2013/10/23,82.04,82.2,81.55,81.95,38021281
QQQ,2013/10/24,81.99,82.48,81.88,82.31,23155090
QQQ,2013/10/25,83.1,83.28,82.5,82.9,35832381
QQQ,2013/10/28,82.9,83.05,82.55,82.92,28618375
QQQ,2013/10/29,83.1601,83.26,82.7,83.06,36878062
QQQ,2013/10/30,83.36,83.485,82.58,82.98,33535470
QQQ,2013/10/31,82.77,83.3,82.48,82.79,31309909
QQQ,2013/11/1,83.04,83.169,82.4,82.81,30873163
QQQ,2013/11/4,83.05,83.07,82.64,82.93,16843634
QQQ,2013/11/5,82.59,83.22,82.37,83.02,27975601
QQQ,2013/11/6,83.35,83.4,82.73,83,25576806
QQQ,2013/11/7,82.99,83.13,81.37,81.44,52173216
QQQ,2013/11/8,81.73,82.56,81.51,82.54,31480519
QQQ,2013/11/11,82.39,82.64,82.14,82.41,24822945
QQQ,2013/11/12,82.16,82.66,82.1199,82.54,20108526
QQQ,2013/11/13,82.01,83.55,82,83.54,31345887
QQQ,2013/11/14,83.29,83.86,83.14,83.8,31101157
QQQ,2013/11/15,83.83,83.96,83.61,83.96,20515761
QQQ,2013/11/18,83.94,84.105,82.98,83.14,31679608
QQQ,2013/11/19,83.09,83.49,82.76,82.9,25545292
QQQ,2013/11/20,83.14,83.4301,82.455,82.7,32177418
QQQ,2013/11/21,83.03,83.61,82.98,83.54,28125025
QQQ,2013/11/22,83.69,84.02,83.62,83.99,25361273
QQQ,2013/11/25,84.29,84.38,83.98,84.19,21691425
QQQ,2013/11/26,84.22,84.84,84.025,84.63,26629288
QQQ,2013/11/27,84.79,85.24,84.73,85.22,21638074
QQQ,2013/11/29,85.54,85.84,85.4737,85.73,16708898
QQQ,2013/12/2,85.83,85.96,85.35,85.48,26354619
QQQ,2013/12/3,85.42,85.64,85.08,85.41,37154262
QQQ,2013/12/4,85.06,85.77,84.78,85.49,37193220
QQQ,2013/12/5,85.57,85.66,85.17,85.38,39829338
QQQ,2013/12/6,86.105,86.18,85.59,86,36842888
QQQ,2013/12/9,86.35,86.53,86.2,86.35,22599903
QQQ,2013/12/10,86.19,86.45,86.12,86.29,26965928
QQQ,2013/12/11,86.27,86.401,85.06,85.18,36830565
QQQ,2013/12/12,85.24,85.4201,84.9,84.96,33662597
QQQ,2013/12/13,85.36,85.4,84.709,84.85,34075415
QQQ,2013/12/16,85.27,85.81,85.21,85.32,24908324
QQQ,2013/12/17,85.32,85.53,84.99,85.15,24454893
QQQ,2013/12/18,85.22,86.22,84.05,86.14,68387235
QQQ,2013/12/19,85.99,86.01,85.52,85.9,46489555
QQQ,2013/12/20,85.75,86.68,85.73,86.5,40475437
QQQ,2013/12/23,87.19,87.41,86.95,87.41,28181764
QQQ,2013/12/24,87.43,87.51,87.27,87.45,13852475
QQQ,2013/12/26,87.6,87.81,87.44,87.74,15241096
QQQ,2013/12/27,87.83,87.9,87.412,87.52,15831962
QQQ,2013/12/30,87.4,87.51,87.14,87.39,18985622
QQQ,2013/12/31,87.54,87.96,87.52,87.96,24896065
QQQ,2014/1/2,87.55,87.58,87.02,87.27,29190009
QQQ,2014/1/3,87.27,87.35,86.62,86.64,35727317
QQQ,2014/1/6,86.65,86.76,86,86.32,32092437
QQQ,2014/1/7,86.7,87.25,86.56,87.12,25913225
QQQ,2014/1/8,87.11,87.55,86.945,87.31,27209991
QQQ,2014/1/9,87.62,87.64,86.72,87.02,23695690
QQQ,2014/1/10,87.24,87.4,86.58,87.3,38012069
QQQ,2014/1/13,87.18,87.48,85.675,86.01,48855231
QQQ,2014/1/14,86.3,87.72,86.3,87.65,37194076
QQQ,2014/1/15,88,88.54,87.94,88.37,39859705
QQQ,2014/1/16,88.28,88.51,88.16,88.38,34260219
QQQ,2014/1/17,88.12,88.3701,87.67,87.88,36908236
QQQ,2014/1/21,88.43,88.59,87.81,88.55,26432336
QQQ,2014/1/22,88.75,89,88.52,88.78,29425432
QQQ,2014/1/23,88.5,88.52,87.86,88.48,35077428
QQQ,2014/1/24,88.06,88.18,86.71,86.74,64334902
QQQ,2014/1/27,86.77,86.89,85.25,85.9,63676475
QQQ,2014/1/28,85.42,85.94,85.31,85.85,44439554
QQQ,2014/1/29,85.1,85.74,84.76,84.93,52064566
QQQ,2014/1/30,85.99,86.8,85.88,86.5,66863622
QQQ,2014/1/31,85.54,86.68,85.45,86.27,45196915
QQQ,2014/2/3,86.14,86.5,84.07,84.29,65617206
QQQ,2014/2/4,84.7,85.25,84.46,84.91,37801215
QQQ,2014/2/5,84.64,84.9901,83.74,84.69,41969204
QQQ,2014/2/6,84.94,85.88,84.92,85.77,32338053
QQQ,2014/2/7,86.27,87.359,86,87.3,38467242
QQQ,2014/2/10,87.23,87.84,87.21,87.8,30225157
QQQ,2014/2/11,87.94,88.97,87.89,88.8,38682035
QQQ,2014/2/12,88.97,89.1695,88.7,88.97,32533008
QQQ,2014/2/13,88.31,89.7,88.3,89.63,40492842
QQQ,2014/2/14,89.56,90.01,89.33,89.81,34086390
QQQ,2014/2/18,89.93,90.4172,89.74,90.25,29614391
QQQ,2014/2/19,90.07,90.285,89.45,89.63,41775267
QQQ,2014/2/20,89.7,90.22,89.31,90.05,41833212
QQQ,2014/2/21,90.33,90.465,89.82,89.93,31221745
QQQ,2014/2/24,90.1,90.82,90.04,90.41,31517522
QQQ,2014/2/25,90.52,90.72,90.02,90.31,27464711
QQQ,2014/2/26,90.57,90.84,89.87,90.23,42968334
QQQ,2014/2/27,89.87,90.53,89.73,90.44,28750313
QQQ,2014/2/28,90.41,90.96,89.54,90.34,48623159
QQQ,2014/3/3,89.48,89.91,88.87,89.67,38946845
QQQ,2014/3/4,90.63,90.98,90.56,90.81,33213909
QQQ,2014/3/5,90.9698,91.22,90.77,91.06,27220604
QQQ,2014/3/6,91.25,91.335,90.65,90.98,24086220
QQQ,2014/3/7,91.27,91.36,90.071,90.53,31174837
QQQ,2014/3/10,90.48,90.655,90.03,90.61,18138198
QQQ,2014/3/11,90.83,91.055,89.95,90.22,27505046
QQQ,2014/3/12,89.82,90.61,89.48,90.56,27997215
QQQ,2014/3/13,90.9,90.93,88.87,89.28,48541951
QQQ,2014/3/14,88.99,89.38,88.63,88.67,38738769
QQQ,2014/3/17,89.24,89.91,89.19,89.45,28476800
QQQ,2014/3/18,89.55,90.64,89.53,90.53,31250235
QQQ,2014/3/19,90.56,90.66,89.45,90.04,40869371
QQQ,2014/3/20,89.78,90.56,89.58,90.29,31634538
QQQ,2014/3/21,90.61,90.65,88.825,89,62812715
QQQ,2014/3/24,89.32,89.39,87.41,88.22,77735313
QQQ,2014/3/25,88.69,89.25,87.7701,88.51,41723335
QQQ,2014/3/26,88.96,89.15,87.36,87.37,40930442
QQQ,2014/3/27,87.27,87.64,86.4,86.879,64784488
QQQ,2014/3/28,87.15,88.01,86.81,87.05,39895065
QQQ,2014/3/31,87.73,88.26,87.62,87.67,33924297
QQQ,2014/4/1,88.1,89.27,87.7106,89.21,38683837
QQQ,2014/4/2,89.59,89.68,89.035,89.44,34631615
QQQ,2014/4/3,89.55,89.679,88.22,88.73,30319074
QQQ,2014/4/4,89.29,89.41,86.14,86.37,131213229
QQQ,2014/4/7,85.84,86.63,84.951,85.55,83995771
QQQ,2014/4/8,85.65,86.46,85.35,86.34,51495650
QQQ,2014/4/9,86.67,87.87,86.43,87.82,45685231
QQQ,2014/4/10,87.87,87.88,84.86,85.1,73659615
QQQ,2014/4/11,84.34,85.44,83.91,84.11,93657425
QQQ,2014/4/14,84.85,85.22,83.99,84.77,46500747
QQQ,2014/4/15,85.06,85.54,83.28,85.0501,84631517
QQQ,2014/4/16,85.83,86.18,85.091,86.18,46970899
QQQ,2014/4/17,85.89,86.63,85.63,86.2,53719454
QQQ,2014/4/21,86.41,86.84,86,86.84,25947923
QQQ,2014/4/22,87.1,87.745,86.9898,87.53,38593408
QQQ,2014/4/23,87.55,87.56,86.71,86.76,34376729
QQQ,2014/4/24,88.2,88.21,86.65,87.59,48926264
QQQ,2014/4/25,87.08,87.17,85.98,86.19,44341588
QQQ,2014/4/28,86.58,87.11,85.11,86.47,58623796
QQQ,2014/4/29,86.75,87.32,86.31,87.16,36742661
QQQ,2014/4/30,86.79,87.48,86.54,87.39,38689408
QQQ,2014/5/1,87.53,88.15,87.31,87.65,37127219
QQQ,2014/5/2,87.94,88.11,87.28,87.49,40074150
QQQ,2014/5/5,86.98,87.97,86.76,87.95,27924376
QQQ,2014/5/6,87.83,87.86,86.77,86.81,33698549
QQQ,2014/5/7,87,87.08,85.53,86.56,67489143
QQQ,2014/5/8,86.26,87.53,86.05,86.48,46556871
QQQ,2014/5/9,86.41,86.86,85.85,86.8,35081529
QQQ,2014/5/12,87.31,88.26,87.24,88.23,38951060
QQQ,2014/5/13,88.32,88.61,88.12,88.29,30311862
QQQ,2014/5/14,88.03,88.35,87.62,87.83,26483571
QQQ,2014/5/15,87.81,87.96,86.58,87.135,59680284
QQQ,2014/5/16,87.24,87.76,86.64,87.71,66807315
QQQ,2014/5/19,87.47,88.46,87.3,88.32,32017036
QQQ,2014/5/20,88.28,88.6,87.64,88,33715953
QQQ,2014/5/21,88.16,88.89,88.11,88.84,36837678
QQQ,2014/5/22,88.94,89.48,88.8,89.23,30617089
QQQ,2014/5/23,89.33,89.9,89.12,89.88,22691254
QQQ,2014/5/27,90.28,91.02,90.2,91.001,29725231
QQQ,2014/5/28,90.97,91.1,90.645,90.72,30478074
QQQ,2014/5/29,91.05,91.31,90.86,91.3,33036099
QQQ,2014/5/30,91.33,91.45,90.83,91.31,29916899
QQQ,2014/6/2,91.43,91.44,90.64,91.22,30415405
QQQ,2014/6/3,90.91,91.33,90.8,91.18,21783686
QQQ,2014/6/4,90.96,91.67,90.81,91.52,20128261
QQQ,2014/6/5,91.61,92.46,91.29,92.29,35583055
QQQ,2014/6/6,92.66,92.82,92.45,92.82,22680643
QQQ,2014/6/9,92.85,92.98,92.495,92.75,23402469
QQQ,2014/6/10,92.67,92.96,92.56,92.91,20635286
QQQ,2014/6/11,92.59,93.02,92.5,92.89,22884331
QQQ,2014/6/12,92.69,92.79,91.73,92.05,35275853
QQQ,2014/6/13,92.47,92.55,91.92,92.32,39449997
QQQ,2014/6/16,92.16,92.67,91.96,92.4,25218557
QQQ,2014/6/17,92.34,92.7,92.18,92.45,19984787
QQQ,2014/6/18,92.55,93.1,91.98,92.97,34514013
QQQ,2014/6/19,93.1,93.17,92.49,92.91,38427402
QQQ,2014/6/20,92.7,92.87,92.53,92.77,25897494
QQQ,2014/6/23,92.735,92.82,92.51,92.79,20837926
QQQ,2014/6/24,92.79,93.57,92.43,92.7,31945762
QQQ,2014/6/25,92.49,93.45,92.48,93.29,32818591
QQQ,2014/6/26,93.35,93.36,92.62,93.34,22572172
QQQ,2014/6/27,93.21,93.765,93.19,93.75,22881506
QQQ,2014/6/30,93.71,94.14,93.67,93.91,19764915
QQQ,2014/7/1,94.21,95.19,94.2,94.94,31862487
QQQ,2014/7/2,94.98,95.24,94.91,95.1,18784391
QQQ,2014/7/3,95.41,95.7,95.15,95.7,15291700
QQQ,2014/7/7,95.59,95.71,95.23,95.41,23266428
QQQ,2014/7/8,95.24,95.3,93.87,94.26,40612448
QQQ,2014/7/9,94.51,95.065,94.24,94.96,29928322
QQQ,2014/7/10,93.78,95.05,93.63,94.66,44250020
QQQ,2014/7/11,94.87,95.27,94.61,95.27,19570393
QQQ,2014/7/14,95.7,96.055,95.535,95.84,19579041
QQQ,2014/7/15,95.98,96.13,94.83,95.51,39480119
QQQ,2014/7/16,96.19,96.3,95.785,95.89,22061998
QQQ,2014/7/17,95.63,95.97,94.32,94.619,43111514
QQQ,2014/7/18,95.14,96.17,95,96.12,36690832
QQQ,2014/7/21,95.92,96.16,95.55,96,29754810
QQQ,2014/7/22,96.44,96.76,96.345,96.61,25770404
QQQ,2014/7/23,96.94,97.34,96.77,97.227,28947464
QQQ,2014/7/24,97.4,97.51,96.98,97.12,24707180
QQQ,2014/7/25,96.65,96.87,96.23,96.74,29903633
QQQ,2014/7/28,96.8,97.02,96.02,96.77,25603360
QQQ,2014/7/29,96.97,97.2,96.52,96.6,27022232
QQQ,2014/7/30,97.13,97.32,96.6,96.98,35348519
QQQ,2014/7/31,96.2,96.34,94.88,95.02,50047926
QQQ,2014/8/1,94.83,95.34,94.04,94.67,60707990
QQQ,2014/8/4,94.9,95.69,94.52,95.32,33230537
QQQ,2014/8/5,94.94,95.21,94.15,94.59,50331066
QQQ,2014/8/6,93.99,95.11,93.92,94.52,34431913
QQQ,2014/8/7,94.95,95.139,93.885,94.22,33274669
QQQ,2014/8/8,94.38,95.01,93.97,94.9,40238383
QQQ,2014/8/11,95.25,95.76,95.2,95.46,28283279
QQQ,2014/8/12,95.38,95.67,94.93,95.42,28158723
QQQ,2014/8/13,95.81,96.47,95.76,96.43,27996489
QQQ,2014/8/14,96.54,96.95,96.43,96.93,25006602
QQQ,2014/8/15,97.46,97.63,96.48,97.4,55205490
QQQ,2014/8/18,97.89,98.24,97.77,98.15,38938349
QQQ,2014/8/19,98.38,98.76,98.32,98.7,21363394
QQQ,2014/8/20,98.61,98.9,98.53,98.7,23435596
QQQ,2014/8/21,98.76,98.95,98.6,98.9,19339477
QQQ,2014/8/22,98.94,99.25,98.72,99.05,24699453
QQQ,2014/8/25,99.52,99.68,99.16,99.4,24124718
QQQ,2014/8/26,99.53,99.61,99.27,99.5,20100350
QQQ,2014/8/27,99.53,99.64,99.31,99.52,15595925
QQQ,2014/8/28,99.2,99.53,99.08,99.41,23563850
QQQ,2014/8/29,99.65,99.9141,99.2701,99.78,17912339
QQQ,2014/9/2,100.04,100.1,99.6601,100.07,18331922
QQQ,2014/9/3,100.32,100.34,99.3,99.48,25950656
QQQ,2014/9/4,99.73,100.22,99.14,99.39,24663511
QQQ,2014/9/5,99.58,99.95,99.03,99.89,30805767
QQQ,2014/9/8,99.89,100.33,99.62,100.08,25581202
QQQ,2014/9/9,100.06,100.46,99.0645,99.25,36449189
QQQ,2014/9/10,99.38,100.11,99.1,100.07,31080115
QQQ,2014/9/11,99.65,100.04,99.24,99.99,28761940
QQQ,2014/9/12,99.9,99.93,99.17,99.48,30445999
QQQ,2014/9/15,99.59,99.6,98.215,98.52,32972159
QQQ,2014/9/16,98.16,99.57,98.05,99.38,38166920
QQQ,2014/9/17,99.37,100,98.93,99.53,37206375
QQQ,2014/9/18,99.83,100.29,99.73,100.28,30196722
QQQ,2014/9/19,100.46,100.5646,99.58,99.98,46923054
QQQ,2014/9/22,99.74,99.75,98.62,99.05,48658049
QQQ,2014/9/23,98.67,99.22,98.58,98.78,33989583
QQQ,2014/9/24,98.87,99.8868,98.54,99.84,35958950
QQQ,2014/9/25,99.53,99.65,97.7,97.74,68642547
QQQ,2014/9/26,98.05,98.96,97.89,98.78,56109106
QQQ,2014/9/29,97.8,98.92,97.75,98.65,33342673
QQQ,2014/9/30,98.92,99.3,98.32,98.79,41834324
QQQ,2014/10/1,98.54,98.61,96.9,97.21,58164861
QQQ,2014/10/2,97.19,97.51,95.97,97.21,54501347
QQQ,2014/10/3,97.76,98.57,97.44,98.17,41627772
QQQ,2014/10/6,98.47,98.72,97.6587,97.96,36038687
QQQ,2014/10/7,97.485,97.7799,96.56,96.57,45153968
QQQ,2014/10/8,96.66,98.76,96.06,98.45,64931636
QQQ,2014/10/9,98.33,98.57,96.71,96.86,62497086
QQQ,2014/10/10,96.29,96.83,94.42,94.44,77579425
QQQ,2014/10/13,94.29,94.99,92.88,92.96,80835922
QQQ,2014/10/14,93.6,94.1699,92.71,92.97,71814456
QQQ,2014/10/15,91.55,92.76,90.24,92.37,108847755
QQQ,2014/10/16,90.43,92.58,90.39,91.79,93165782
QQQ,2014/10/17,92.99,93.89,92.46,93,69546720
QQQ,2014/10/20,92.96,94.47,92.8,94.39,41479253
QQQ,2014/10/21,95.54,96.87,95.32,96.87,53609758
QQQ,2014/10/22,97.16,97.3,96.305,96.37,39178048
QQQ,2014/10/23,97.32,98.36,97.17,97.82,48123778
QQQ,2014/10/24,97.965,98.69,97.64,98.62,43161724
QQQ,2014/10/27,98.4,98.87,98.02,98.69,29545673
QQQ,2014/10/28,99.1,100.2,99.08,100.18,34495077
QQQ,2014/10/29,99.84,100.12,99.1,99.81,40552803
QQQ,2014/10/30,99.37,100.26,99.14,100.02,35935794
QQQ,2014/10/31,101.67,101.75,101.07,101.4,54254141
QQQ,2014/11/3,101.53,101.9701,101.43,101.7,33480951
QQQ,2014/11/4,101.36,101.6244,100.67,101.36,22773298
QQQ,2014/11/5,102.01,102.03,101.015,101.37,25818604
QQQ,2014/11/6,101.32,101.72,100.921,101.69,24671900
QQQ,2014/11/7,101.87,101.91,101.07,101.6,20931734
QQQ,2014/11/10,101.65,102.09,101.38,101.96,20360007
QQQ,2014/11/11,101.98,102.28,101.7,102.28,15454012
QQQ,2014/11/12,101.87,102.57,101.87,102.46,22050317
QQQ,2014/11/13,102.65,103.28,102.42,102.9,28027776
QQQ,2014/11/14,102.87,103.22,102.53,103.22,19251346
QQQ,2014/11/17,102.98,103.21,102.42,102.91,23361634
QQQ,2014/11/18,103,103.82,102.991,103.68,26336812
QQQ,2014/11/19,103.57,103.57,102.73,103.21,23760243
QQQ,2014/11/20,102.77,103.76,102.69,103.67,22874018
QQQ,2014/11/21,104.59,104.69,103.54,103.87,34049128
QQQ,2014/11/24,104.15,104.73,104.06,104.68,17928289
QQQ,2014/11/25,104.84,105.15,104.57,104.84,17525991
QQQ,2014/11/26,104.94,105.58,104.834,105.52,18973804
QQQ,2014/11/28,105.795,106.245,105.73,106.01,17360420
QQQ,2014/12/1,105.72,105.9199,104.42,104.81,35969494
QQQ,2014/12/2,104.92,105.4168,104.7,105.23,26031291
QQQ,2014/12/3,105.39,105.565,104.7626,105.42,32974322
QQQ,2014/12/4,105.32,105.78,104.93,105.37,31008791
QQQ,2014/12/5,105.54,105.7,105.145,105.38,25622236
QQQ,2014/12/8,105.11,105.57,104.075,104.63,32685756
QQQ,2014/12/9,103.41,105.04,103.0401,104.96,46035139
QQQ,2014/12/10,104.77,105.03,103.12,103.31,39330116
QQQ,2014/12/11,103.61,105.04,103.59,103.8,47576022
QQQ,2014/12/12,102.81,103.99,102.66,102.67,46889391
QQQ,2014/12/15,103.2,103.58,101.315,101.61,52968448
QQQ,2014/12/16,100.97,102.47,99.96,99.98,65348626
QQQ,2014/12/17,100.05,102.09,99.92,101.8,79715318
QQQ,2014/12/18,103.26,104.26,102.98,104.25,49840942
QQQ,2014/12/19,103.97,104.74,103.71,104.32,51419912
QQQ,2014/12/22,104.15,104.61,104.0999,104.58,33869167
QQQ,2014/12/23,104.96,104.97,104.09,104.21,30156929
QQQ,2014/12/24,104.34,104.7,104.2699,104.3,14291333
QQQ,2014/12/26,104.6,105.26,104.57,105.04,13924332
QQQ,2014/12/29,104.94,105.25,104.875,105.02,17073772
QQQ,2014/12/30,104.72,104.96,104.175,104.32,18603989
QQQ,2014/12/31,104.5,104.91,103.1,103.25,24367121
QQQ,2015/1/2,103.76,104.2,102.44,102.94,31314599
QQQ,2015/1/5,102.49,102.61,101.14,101.43,36521270
QQQ,2015/1/6,101.58,101.75,99.62,100.07,66205451
QQQ,2015/1/7,100.73,101.6,100.485,101.36,37577361
QQQ,2015/1/8,102.22,103.5,102.111,103.3,40212640
QQQ,2015/1/9,103.62,103.65,102.02,102.62,41410071
QQQ,2015/1/12,102.82,102.93,101.285,101.55,34129751
QQQ,2015/1/13,102.54,103.62,100.7,101.52,56162334
QQQ,2015/1/14,100.5,101.4829,100.07,100.96,51354217
QQQ,2015/1/15,101.43,101.59,99.525,99.65,51005416
QQQ,2015/1/16,99.52,100.95,99.36,100.82,35362210
QQQ,2015/1/20,101.43,101.88,100.29,101.62,30964056
QQQ,2015/1/21,101.32,102.619,100.9648,102.14,40128772
QQQ,2015/1/22,102.54,104.14,101.64,104.03,40887168
QQQ,2015/1/23,104.02,104.58,103.72,104.26,34782992
QQQ,2015/1/26,104.14,104.33,103.61,104.14,19960870
QQQ,2015/1/27,102.5,102.56,101.1,101.44,45253205
QQQ,2015/1/28,103.07,103.18,100.9,100.92,43591675
QQQ,2015/1/29,100.84,102.0779,99.96,101.89,46539734
QQQ,2015/1/30,101.8,102.58,100.96,101.1,42927638
QQQ,2015/2/2,101.33,102.07,99.75,101.98,43624654
QQQ,2015/2/3,102.35,103.03,101.68,102.96,30750360
QQQ,2015/2/4,102.54,103.55,102.31,102.87,34073211
QQQ,2015/2/5,103.13,103.83,102.87,103.76,23605516
QQQ,2015/2/6,103.92,104.17,102.76,103.13,34169256
QQQ,2015/2/9,102.73,103.285,102.55,102.8,22604655
QQQ,2015/2/10,103.37,104.54,103.21,104.4,23686531
QQQ,2015/2/11,104.52,105.02,104.32,104.78,20303617
QQQ,2015/2/12,105.46,106.04,105.3,106,22520295
QQQ,2015/2/13,106.3,106.93,106.101,106.91,29030249
QQQ,2015/2/17,106.91,107.08,106.6432,107.01,17675344
QQQ,2015/2/18,106.88,107.2199,106.74,107.16,15149619
QQQ,2015/2/19,107.09,107.76,107.06,107.69,19828113
QQQ,2015/2/20,107.62,108.47,107.28,108.41,28336710
QQQ,2015/2/23,108.35,108.55,108.11,108.52,17867968
QQQ,2015/2/24,108.38,108.73,108.05,108.6,19745011
QQQ,2015/2/25,108.44,108.86,108.09,108.33,19472341
QQQ,2015/2/26,108.44,108.94,108.135,108.88,22255476
QQQ,2015/2/27,108.84,108.91,108.23,108.4,27757584
QQQ,2015/3/2,108.61,109.42,108.59,109.38,22988645
QQQ,2015/3/3,109.05,109.16,108.18,108.87,20788924
QQQ,2015/3/4,108.51,108.67,107.86,108.45,21007420
QQQ,2015/3/5,108.73,108.965,108.19,108.64,15381039
QQQ,2015/3/6,108.5,108.71,107.14,107.41,30990366
QQQ,2015/3/9,107.63,107.9857,107.19,107.72,26237101
QQQ,2015/3/10,106.95,106.98,105.72,105.72,34234496
QQQ,2015/3/11,105.875,106.01,105.07,105.11,25459733
QQQ,2015/3/12,105.03,105.92,104.96,105.8,21473171
QQQ,2015/3/13,105.7,106.12,104.68,105.34,42021103
QQQ,2015/3/16,105.73,106.74,105.62,106.7,25674085
QQQ,2015/3/17,106.405,107.04,106.16,106.87,19603813
QQQ,2015/3/18,106.58,108.41,106.03,107.92,40622188
QQQ,2015/3/19,108.03,108.38,107.87,108.08,31314035
QQQ,2015/3/20,108.72,109.07,108.51,108.53,31761404
QQQ,2015/3/23,108.47,108.77,108.28,108.32,17268507
QQQ,2015/3/24,108.31,108.81,107.91,107.93,22445280
QQQ,2015/3/25,108.1,108.2,105.42,105.46,41581435
QQQ,2015/3/26,104.59,105.7,104.24,105.1,47846276
QQQ,2015/3/27,105.08,105.77,104.92,105.52,33878385
QQQ,2015/3/30,106.16,106.82,106.16,106.73,30570196
QQQ,2015/3/31,106.43,106.65,105.57,105.6,30488101
QQQ,2015/4/1,105.6,105.62,104.37,105.05,32970452
QQQ,2015/4/2,105.15,105.46,104.78,105.12,19164241
QQQ,2015/4/6,104.5,106.27,104.34,105.98,24451142
QQQ,2015/4/7,105.92,106.7,105.8,105.8,19379381
QQQ,2015/4/8,105.84,106.79,105.83,106.64,25866907
QQQ,2015/4/9,106.59,107.35,106.23,107.31,23114727
QQQ,2015/4/10,107.27,107.76,107.03,107.75,17164343
QQQ,2015/4/13,107.83,108.38,107.36,107.48,17783465
QQQ,2015/4/14,107.37,107.68,106.56,107.17,23755747
QQQ,2015/4/15,107.45,108.07,107.321,107.84,21128576
QQQ,2015/4/16,107.55,107.88,107.4,107.69,16195279
QQQ,2015/4/17,106.66,106.95,105.55,106.01,46513964
QQQ,2015/4/20,106.54,107.79,106.5,107.6,28945909
QQQ,2015/4/21,108.22,108.41,107.93,108.06,22759772
QQQ,2015/4/22,108.34,108.83,107.64,108.65,21429190
QQQ,2015/4/23,108.28,109.55,108.26,109.06,29473221
QQQ,2015/4/24,110.21,110.69,110.03,110.54,32508127
QQQ,2015/4/27,110.95,111.16,110.02,110.26,31121321
QQQ,2015/4/28,110.34,110.55,109.11,110.04,36849221
QQQ,2015/4/29,109.43,110.07,108.75,109.35,34043905
QQQ,2015/4/30,108.73,109.17,107.06,107.63,44080546
QQQ,2015/5/1,108.05,109.12,108.03,109.05,32874307
QQQ,2015/5/4,109.4,109.91,109.17,109.23,23507259
QQQ,2015/5/5,108.8,109,107.4,107.45,47843265
QQQ,2015/5/6,107.64,107.95,105.995,106.71,42687150
QQQ,2015/5/7,106.68,107.65,106.6,107.35,29335806
QQQ,2015/5/8,108.46,108.92,108.3,108.69,33023337
QQQ,2015/5/11,108.76,108.98,108.19,108.27,19679255
QQQ,2015/5/12,107.63,108.33,106.8,107.78,33665017
QQQ,2015/5/13,108.25,108.81,107.84,108,20738434
QQQ,2015/5/14,108.88,109.67,108.48,109.58,23904233
QQQ,2015/5/15,109.86,110.01,109.31,109.58,23937442
QQQ,2015/5/18,109.4,110.28,109.32,110.06,17631135
QQQ,2015/5/19,110.18,110.35,109.76,109.94,14212896
QQQ,2015/5/20,110.02,110.67,109.425,110.01,21131892
QQQ,2015/5/21,109.82,110.73,109.66,110.58,16771801
QQQ,2015/5/22,110.45,110.87,110.38,110.47,13543774
QQQ,2015/5/26,110.23,110.38,108.76,109.2,25488437
QQQ,2015/5/27,109.53,111.08,109.29,110.96,30572695
QQQ,2015/5/28,110.75,111.01,110.37,110.71,17302408
QQQ,2015/5/29,110.64,110.79,109.79,110.05,30382987
QQQ,2015/6/1,110.64,110.72,109.52,110.42,24570186
QQQ,2015/6/2,110.01,110.61,109.47,110.07,19449634
QQQ,2015/6/3,110.57,110.81,110.13,110.4,20507208
QQQ,2015/6/4,109.78,110.48,109.21,109.56,31374588
QQQ,2015/6/5,109.43,109.69,108.63,109.3,22641732
QQQ,2015/6/8,109.25,109.33,107.97,108.19,24549204
QQQ,2015/6/9,107.93,108.4,107.2,108.01,27554599
QQQ,2015/6/10,108.38,109.81,108.26,109.49,30297862
QQQ,2015/6/11,109.86,110.15,109.46,109.65,17593463
QQQ,2015/6/12,109.07,109.3,108.6,108.75,27201768
QQQ,2015/6/15,107.94,108.38,107.31,108.21,31238798
QQQ,2015/6/16,108.1,108.9799,108.05,108.8,16456867
QQQ,2015/6/17,108.98,109.45,108.43,109.1,23296738
QQQ,2015/6/18,109.5,110.88,109.44,110.69,43032384
QQQ,2015/6/19,110.49,110.575,109.81,109.89,27877574
QQQ,2015/6/22,110.7,111.03,110.45,110.7,19120898
QQQ,2015/6/23,110.82,110.89,110.33,110.79,18127916
QQQ,2015/6/24,110.66,111.13,110.19,110.22,15815914
QQQ,2015/6/25,110.65,110.76,109.815,110,18326654
QQQ,2015/6/26,109.98,110.23,108.86,109.27,32311679
QQQ,2015/6/29,108.06,108.66,106.64,106.69,50874901
QQQ,2015/6/30,107.49,107.72,106.74,107.07,34809920
QQQ,2015/7/1,108.13,108.3464,107.42,107.92,21292958
QQQ,2015/7/2,108.23,108.32,107.62,107.95,20499447
QQQ,2015/7/6,107.27,108.32,107.04,107.7,24311020
QQQ,2015/7/7,107.82,108.07,105.83,107.97,44230772
QQQ,2015/7/8,107.2,107.33,105.8942,106.09,39691475
QQQ,2015/7/9,107.5,107.5955,106.02,106.03,28381041
QQQ,2015/7/10,107.44,108.05,107.05,107.65,26415825
QQQ,2015/7/13,108.58,109.63,108.57,109.54,25780733
QQQ,2015/7/14,109.69,110.56,109.63,110.26,21977167
QQQ,2015/7/15,110.47,110.81,110.07,110.38,28631537
QQQ,2015/7/16,111.29,111.96,111.07,111.94,29838948
QQQ,2015/7/17,112.84,113.59,112.65,113.59,35926804
QQQ,2015/7/20,113.83,114.39,113.48,113.98,26539045
QQQ,2015/7/21,114.02,114.2,113.58,113.91,35468865
QQQ,2015/7/22,112.17,113.169,112.165,112.62,35574962
QQQ,2015/7/23,112.73,113.1,111.91,112.2,25698255
QQQ,2015/7/24,112.8,113.003,110.93,111.1,30844714
QQQ,2015/7/27,110.47,110.946,109.94,110.18,35994837
QQQ,2015/7/28,110.67,111.35,109.785,111.13,33553494
QQQ,2015/7/29,111.37,111.79,110.94,111.55,26714068
QQQ,2015/7/30,111.29,112.2663,110.621,112.08,25438057
QQQ,2015/7/31,112.43,112.49,111.72,111.95,22081731
QQQ,2015/8/3,111.97,112.28,110.861,111.6,25001780
QQQ,2015/8/4,111.55,111.745,110.93,111.39,22132319
QQQ,2015/8/5,112.01,113,111.88,112.25,28989897
QQQ,2015/8/6,112.35,112.5,109.95,110.45,42125401
QQQ,2015/8/7,110.18,110.57,109.4,110.31,30006846
QQQ,2015/8/10,111.01,111.81,111,111.57,21500780
QQQ,2015/8/11,110.98,111.4101,109.53,110.14,36123270
QQQ,2015/8/12,109.38,110.735,108.22,110.52,41888960
QQQ,2015/8/13,110.63,111.16,110.1,110.34,22510520
QQQ,2015/8/14,110.08,110.67,109.86,110.51,17924931
QQQ,2015/8/17,110.24,111.46,109.96,111.43,21224913
QQQ,2015/8/18,111.275,111.37,110.71,110.86,13984363
QQQ,2015/8/19,110.52,111.105,109.49,110.13,42511384
QQQ,2015/8/20,109.11,109.46,107.07,107.08,57747349
QQQ,2015/8/21,105.57,106.47,102.4,102.4,97763445
QQQ,2015/8/24,94.23,102.53,84.74,98.46,150829863
QQQ,2015/8/25,102.07,102.74,98.01,98.09,75088278
QQQ,2015/8/26,100.96,103.23,98.93,103.03,104103817
QQQ,2015/8/27,104.52,105.71,103.2799,105.64,69377690
QQQ,2015/8/28,105.08,106,104.85,105.62,49919628
QQQ,2015/8/31,105.03,105.61,104.05,104.31,39549380
QQQ,2015/9/1,101.71,103.29,100.63,101.05,73155538
QQQ,2015/9/2,102.88,103.92,101.7,103.9,43963563
QQQ,2015/9/3,104.31,105.02,103.1,103.39,45131794
QQQ,2015/9/4,101.97,102.845,101.59,102.16,49379643
QQQ,2015/9/8,104.12,105.165,103.69,105.04,37343527
QQQ,2015/9/9,106.28,106.31,103.59,103.86,47146743
QQQ,2015/9/10,103.74,105.68,103.62,104.99,47686714
QQQ,2015/9/11,104.51,105.57,104.21,105.57,29106088
QQQ,2015/9/14,105.96,105.98,104.85,105.25,19718804
QQQ,2015/9/15,105.5,106.82,105.11,106.49,30020216
QQQ,2015/9/16,106.51,107.19,106.14,107.09,31329146
QQQ,2015/9/17,106.98,108.725,106.64,107.13,56139806
QQQ,2015/9/18,105.23,106.6,105.17,105.35,48383995
QQQ,2015/9/21,105.93,106.55,104.73,105.68,35772624
QQQ,2015/9/22,104.06,104.4225,103.13,104.1,47359654
QQQ,2015/9/23,104.38,104.66,103.64,104.18,21775134
QQQ,2015/9/24,103.17,104.19,102.27,103.8,38284331
QQQ,2015/9/25,104.91,105.01,102.28,102.92,44700006
QQQ,2015/9/28,102.48,102.55,99.69,99.99,44077490
QQQ,2015/9/29,100.24,101.26,98.75,99.47,49315527
QQQ,2015/9/30,100.89,101.87,100.5,101.76,41411432
QQQ,2015/10/1,101.94,102.23,100.59,102.22,39339134
QQQ,2015/10/2,100.8,104.01,100.48,104.01,59370859
QQQ,2015/10/5,104.78,105.78,104.55,105.5,32853533
QQQ,2015/10/6,105.25,105.6,104.18,105,33051534
QQQ,2015/10/7,105.66,105.86,104.29,105.63,37389334
QQQ,2015/10/8,105.23,106.23,104.21,106.05,50188873
QQQ,2015/10/9,106.1,106.73,105.81,106.53,23916227
QQQ,2015/10/12,106.73,106.9899,106.35,106.79,16161955
QQQ,2015/10/13,106.18,107.26,106,106.1,26999613
QQQ,2015/10/14,106.1,106.63,105.49,105.93,30902637
QQQ,2015/10/15,106.32,107.675,106.18,107.67,38393838
QQQ,2015/10/16,107.9,108.18,107.3794,108.12,27091100
QQQ,2015/10/19,107.98,108.81,107.74,108.74,23776270
QQQ,2015/10/20,108.545,108.78,107.81,108.18,23404691
QQQ,2015/10/21,108.73,108.84,107.48,107.52,30195241
QQQ,2015/10/22,108.48,109.8,108.171,109.71,42778702
QQQ,2015/10/23,112.66,113.24,112.07,112.78,53170910
QQQ,2015/10/26,112.7,113.07,112.27,112.85,25918004
QQQ,2015/10/27,112.55,113.24,112.52,113.08,31390511
QQQ,2015/10/28,113.25,114.02,112.34,114.02,42221867
QQQ,2015/10/29,113.5,114.03,113.38,113.84,24913340
QQQ,2015/10/30,113.89,114.08,113.3,113.33,27199231
QQQ,2015/11/2,113.63,114.745,113.39,114.61,22176916
QQQ,2015/11/3,114.38,115.42,114.21,115.01,20418387
QQQ,2015/11/4,115.39,115.47,114.54,115.02,28633048
QQQ,2015/11/5,115.12,115.395,114.11,114.71,25004080
QQQ,2015/11/6,114.49,114.92,113.76,114.79,29924901
QQQ,2015/11/9,114.36,114.51,112.865,113.57,33479755
QQQ,2015/11/10,112.97,113.39,112.63,113.28,35452127
QQQ,2015/11/11,113.59,114.14,112.95,113.14,22748808
QQQ,2015/11/12,112.65,113.23,111.96,112.04,31196876
QQQ,2015/11/13,111.57,111.69,109.78,109.84,52836036
QQQ,2015/11/16,109.74,111.44,109.48,111.42,33980633
QQQ,2015/11/17,111.61,112.29,111.2099,111.49,30579457
QQQ,2015/11/18,111.94,113.74,111.83,113.63,32966463
QQQ,2015/11/19,113.68,114.23,113.49,113.71,26188119
QQQ,2015/11/20,114.24,114.57,114.14,114.48,22727591
QQQ,2015/11/23,114.53,114.94,113.66,114.15,20696175
QQQ,2015/11/24,113.42,114.32,112.8377,114.05,26374412
QQQ,2015/11/25,114.19,114.36,113.91,114.15,14159935
QQQ,2015/11/27,114.395,114.541,113.92,114.31,8827991
QQQ,2015/11/30,114.6,114.65,113.65,114.02,25041649
QQQ,2015/12/1,114.475,115.16,114.34,115.16,28639445
QQQ,2015/12/2,115.23,115.75,114.28,114.45,22395483
QQQ,2015/12/3,114.76,114.96,111.8432,112.51,42754345
QQQ,2015/12/4,112.84,115.33,112.62,115.14,40037322
QQQ,2015/12/7,115.22,115.29,114.07,114.62,25892101
QQQ,2015/12/8,113.44,114.995,113.38,114.63,30792648
QQQ,2015/12/9,114.11,114.76,112.2,112.89,48509199
QQQ,2015/12/10,113.15,114.16,112.811,113.4,30154621
QQQ,2015/12/11,112.09,112.39,110.72,110.79,56022221
QQQ,2015/12/14,110.98,111.68,109.38,111.63,53098514
QQQ,2015/12/15,112.6,113.28,112.17,112.31,48428014
QQQ,2015/12/16,113.07,114.17,111.89,113.98,44944106
QQQ,2015/12/17,114.46,114.48,112.3,112.32,45668795
QQQ,2015/12/18,111.58,111.88,109.83,109.83,53746061
QQQ,2015/12/21,110.87,111.07,110.05,111.05,26432807
QQQ,2015/12/22,111.65,111.94,111.05,111.78,26540310
QQQ,2015/12/23,112.34,112.69,112.16,112.61,25656928
QQQ,2015/12/24,112.57,112.9,112.54,112.59,11480244
QQQ,2015/12/28,112.32,112.55,111.51,112.53,19183637
QQQ,2015/12/29,113.215,114.545,113.13,114.3,27725673
QQQ,2015/12/30,114.16,114.24,113.25,113.27,19520081
QQQ,2015/12/31,112.87,113.08,111.84,111.86,29886849
QQQ,2016/1/4,109.43,109.6,108.12,109.5,50807643
QQQ,2016/1/5,110.04,110.18,108.8,109.31,38795182
QQQ,2016/1/6,107.43,108.89,107.41,108.26,41891091
QQQ,2016/1/7,105.96,107.29,104.81,104.87,61386300
QQQ,2016/1/8,105.67,106.29,103.9,104.01,69344012
QQQ,2016/1/11,104.79,105.06,102.73,104.33,50024094
QQQ,2016/1/12,105.31,106.08,104.08,105.54,46734241
QQQ,2016/1/13,106,106.23,101.74,101.9,69870673
QQQ,2016/1/14,102.3,104.98,100.67,104.07,78445735
QQQ,2016/1/15,100.57,101.94,99.51,100.84,91443918
QQQ,2016/1/19,102.2,102.37,99.88,101.06,56563845
QQQ,2016/1/20,99.48,101.83,97.25,100.75,86674981
QQQ,2016/1/21,101.19,102.349,99.82,100.85,61660101
QQQ,2016/1/22,102.84,103.81,102.5305,103.77,42229803
QQQ,2016/1/25,103.46,103.99,102.14,102.23,38881485
QQQ,2016/1/26,102.65,103.59,101.76,103.15,36143916
QQQ,2016/1/27,102.55,102.99,100.15,100.58,54524736
QQQ,2016/1/28,102.19,102.29,100.26,102,47641532
QQQ,2016/1/29,102,104.17,101.94,104.13,54245067
QQQ,2016/2/1,103.62,104.8,103.23,104.41,32750348
QQQ,2016/2/2,103.97,103.97,101.84,102.15,44928088
QQQ,2016/2/3,102.8,102.83,99.88,101.66,61572882
QQQ,2016/2/4,101.35,102.455,100.44,101.65,49321638
QQQ,2016/2/5,101.29,101.33,97.72,98.12,70749932
QQQ,2016/2/8,96.33,97.05,94.84,96.62,91673063
QQQ,2016/2/9,95.36,97.78,95.18,96.32,73778426
QQQ,2016/2/10,97.5,98.69,96.62,96.69,59421699
QQQ,2016/2/11,95.45,97.32,95.19,96.55,76839183
QQQ,2016/2/12,97.68,98.12,96.73,98.02,49186494
QQQ,2016/2/16,99.44,100.23,98.85,100.23,40565911
QQQ,2016/2/17,101.01,102.64,100.7,102.5,41766451
QQQ,2016/2/18,102.81,102.84,101.2,101.33,38991469
QQQ,2016/2/19,100.91,101.94,100.615,101.63,28257915
QQQ,2016/2/22,102.54,103.38,102.48,103.28,23979113
QQQ,2016/2/23,102.67,102.96,101.51,101.58,29869660
QQQ,2016/2/24,100.44,102.68,99.77,102.55,40739103
QQQ,2016/2/25,102.76,103.56,101.84,103.56,29389315
QQQ,2016/2/26,104.28,104.3659,103.1835,103.43,30925045
QQQ,2016/2/29,103.31,104.1,102.5,102.5,27553937
QQQ,2016/3/1,103.45,105.79,103.16,105.79,37699779
QQQ,2016/3/2,105.63,105.85,105.01,105.83,29209756
QQQ,2016/3/3,105.71,105.75,104.87,105.63,25474625
QQQ,2016/3/4,105.76,106.35,104.97,105.67,31655424
QQQ,2016/3/7,105.12,105.74,104.27,105.02,25861160
QQQ,2016/3/8,104.3,105.2138,103.97,104.15,28898525
QQQ,2016/3/9,104.57,104.84,103.96,104.82,31047351
QQQ,2016/3/10,105.31,105.86,103.31,104.66,44997649
QQQ,2016/3/11,105.8,106.49,105.46,106.49,31453958
QQQ,2016/3/14,106.08,106.92,106.06,106.67,25374912
QQQ,2016/3/15,106.27,106.75,105.95,106.63,26524632
QQQ,2016/3/16,106.37,107.86,106.34,107.58,31693050
QQQ,2016/3/17,107.26,107.77,106.87,107.52,29623740
QQQ,2016/3/18,107.46,107.635,106.8,107.37,37682293
QQQ,2016/3/21,107.16,107.89,107.12,107.79,17288559
QQQ,2016/3/22,107.18,108.37,107.16,108.12,18840278
QQQ,2016/3/23,107.91,107.99,106.99,107.23,20912873
QQQ,2016/3/24,106.67,107.29,106.53,107.26,19017258
QQQ,2016/3/28,107.56,107.58,106.92,107.11,13892303
QQQ,2016/3/29,106.93,108.9,106.73,108.83,29963923
QQQ,2016/3/30,109.48,110.04,109.13,109.36,23807235
QQQ,2016/3/31,109.3,109.69,109.03,109.2,21447236
QQQ,2016/4/1,108.58,110.4,108.39,110.36,26389045
QQQ,2016/4/4,110.31,110.435,109.68,109.94,17162988
QQQ,2016/4/5,109.08,109.5,108.74,108.88,20107915
QQQ,2016/4/6,109,110.71,108.99,110.67,25056031
QQQ,2016/4/7,110.04,110.225,108.61,109.08,28567202
QQQ,2016/4/8,109.77,110.02,108.615,109,22897951
QQQ,2016/4/11,109.48,110.02,108.585,108.6,25772058
QQQ,2016/4/12,108.66,109.72,108.015,109.51,28564087
QQQ,2016/4/13,110.32,111.08,110.21,110.91,25356728
QQQ,2016/4/14,110,111.33,110,110.92,17199671
QQQ,2016/4/15,110.83,111.055,110.36,110.64,21353343
QQQ,2016/4/18,110.33,111.265,110.25,111.23,17126086
QQQ,2016/4/19,111.44,111.44,109.88,110.55,42481435
QQQ,2016/4/20,110.54,111.15,110.17,110.64,18078307
QQQ,2016/4/21,110.58,111.05,110.15,110.65,20215983
QQQ,2016/4/22,109.21,109.72,108.12,108.98,39073996
QQQ,2016/4/25,108.62,108.99,108.45,108.98,14351890
QQQ,2016/4/26,109.2,109.39,108.12,108.45,19118334
QQQ,2016/4/27,107.34,107.83,106.69,107.58,33059790
QQQ,2016/4/28,107.69,108.3335,106.0705,106.28,29818155
QQQ,2016/4/29,106.22,106.495,104.88,105.72,67502786
QQQ,2016/5/2,105.97,106.87,105.5525,106.72,24813813
QQQ,2016/5/3,105.96,106.4399,105.45,105.73,38569433
QQQ,2016/5/4,105.12,105.4811,104.7902,105.05,27474504
QQQ,2016/5/5,105.43,105.66,104.81,105.02,20788119
QQQ,2016/5/6,104.51,105.6,104.4,105.58,30758516
QQQ,2016/5/9,105.61,106.37,105.54,105.88,19289615
QQQ,2016/5/10,106.26,107.38,106.07,107.33,21178851
QQQ,2016/5/11,107.16,107.49,106.33,106.36,20966257
QQQ,2016/5/12,106.68,106.735,105.14,105.89,29196323
QQQ,2016/5/13,105.85,106.449,105.29,105.5,21059255
QQQ,2016/5/16,105.67,107.21,105.56,106.82,18311860
QQQ,2016/5/17,106.74,107.04,105.2,105.48,29932711
QQQ,2016/5/18,105.29,106.43,105.04,105.86,28177911
QQQ,2016/5/19,105.45,105.705,104.54,105.31,27334610
QQQ,2016/5/20,105.74,106.9,105.67,106.47,29549578
QQQ,2016/5/23,106.55,106.97,106.23,106.33,15729764
QQQ,2016/5/24,106.92,108.59,106.885,108.46,29931309
QQQ,2016/5/25,108.86,109.57,108.684,109.24,38464750
QQQ,2016/5/26,109.35,109.7,109.09,109.56,21885871
QQQ,2016/5/27,109.65,110.14,109.61,110.13,19870010
QQQ,2016/5/31,110.28,110.51,109.7837,110.34,24366106
QQQ,2016/6/1,110,110.6,109.91,110.35,19571528
QQQ,2016/6/2,110.13,110.59,109.53,110.58,15696618
QQQ,2016/6/3,110.37,110.42,109.34,110.06,20269923
QQQ,2016/6/6,110.25,110.75,110.07,110.46,12502365
QQQ,2016/6/7,110.53,110.63,110.13,110.18,12184296
QQQ,2016/6/8,110.37,110.6,109.96,110.37,14568699
QQQ,2016/6/9,109.93,110.31,109.71,110.19,17571631
QQQ,2016/6/10,109.2,109.4,108.56,108.94,32965003
QQQ,2016/6/13,108.34,108.93,107.89,108.03,25412177
QQQ,2016/6/14,107.78,108.415,107.24,108.03,24588506
QQQ,2016/6/15,108.32,108.44,107.54,107.72,24605701
QQQ,2016/6/16,107.17,108.14,106.5,108.04,32079929
QQQ,2016/6/17,107.53,107.6819,106.24,106.49,29208832
QQQ,2016/6/20,107.73,108.24,107.08,107.16,20562769
QQQ,2016/6/21,107.33,107.715,107.1,107.5,22804112
QQQ,2016/6/22,107.58,108.19,107.15,107.24,22724174
QQQ,2016/6/23,108.09,108.79,107.62,108.77,18714227
QQQ,2016/6/24,104.81,106.5,104.06,104.29,68012733
QQQ,2016/6/27,103.6,103.6,101.75,102.22,50044303
QQQ,2016/6/28,103.33,104.51,103.3,104.46,28260604
QQQ,2016/6/29,105.26,106.53,105.231,106.31,31356723
QQQ,2016/6/30,106.52,107.61,106.13,107.54,36300819
QQQ,2016/7/1,107.49,108.48,107.45,108.08,19902803
QQQ,2016/7/5,107.58,107.66,106.84,107.42,21167903
QQQ,2016/7/6,106.92,108.35,106.57,108.3,24579270
QQQ,2016/7/7,108.39,108.86,108.11,108.62,19153657
QQQ,2016/7/8,109.17,110.36,109.02,110.3,29457871
QQQ,2016/7/11,110.68,111.335,110.66,110.93,20218504
QQQ,2016/7/12,111.59,111.79,111.34,111.49,21906145
QQQ,2016/7/13,111.79,111.82,111.21,111.22,21107762
QQQ,2016/7/14,111.96,112.19,111.7,111.98,20870986
QQQ,2016/7/15,112.22,112.3,111.55,111.8,17999312
QQQ,2016/7/18,111.86,112.74,111.85,112.54,20713924
QQQ,2016/7/19,112.17,112.48,111.93,112.13,18936702
QQQ,2016/7/20,112.75,113.65,112.6,113.44,24997929
QQQ,2016/7/21,113.52,113.74,112.87,113.18,18885367
QQQ,2016/7/22,113.28,113.78,112.911,113.65,20003363
QQQ,2016/7/25,113.56,113.69,113.28,113.66,12968085
QQQ,2016/7/26,113.63,114.2,113.22,113.79,21223845
QQQ,2016/7/27,114.76,114.88,114.1,114.58,27646113
QQQ,2016/7/28,114.76,115.11,114.4,114.98,16939662
QQQ,2016/7/29,115.24,115.54,114.87,115.23,22385320
QQQ,2016/8/1,115.31,116.13,115.17,115.84,13989577
QQQ,2016/8/2,115.68,115.77,114.22,114.96,21278383
QQQ,2016/8/3,114.88,115.35,114.8005,115.34,15011273
QQQ,2016/8/4,115.32,115.78,115.03,115.67,12835296
QQQ,2016/8/5,116.28,117.04,116.13,116.78,23196570
QQQ,2016/8/8,116.82,116.87,116.28,116.65,12358181
QQQ,2016/8/9,116.73,117.29,116.67,116.92,13276458
QQQ,2016/8/10,116.96,117.02,116.31,116.62,14688405
QQQ,2016/8/11,117.01,117.37,116.78,117.12,12969799
QQQ,2016/8/12,116.91,117.21,116.79,117.2,19379036
QQQ,2016/8/15,117.33,117.97,117.31,117.7,11777762
QQQ,2016/8/16,117.47,117.49,117.03,117.05,14161446
QQQ,2016/8/17,117.08,117.3,116.43,117.26,15980334
QQQ,2016/8/18,117.15,117.46,116.945,117.29,10036285
QQQ,2016/8/19,117.1,117.52,116.76,117.26,18742961
QQQ,2016/8/22,117.09,117.55,116.87,117.35,14500622
QQQ,2016/8/23,117.79,118.0095,117.51,117.56,11997927
QQQ,2016/8/24,117.49,117.64,116.41,116.8,17728656
QQQ,2016/8/25,116.48,116.97,116.36,116.61,24266264
QQQ,2016/8/26,116.66,117.54,116.08,116.78,23895963
QQQ,2016/8/29,116.81,117.251,116.79,116.94,11184872
QQQ,2016/8/30,116.73,117.09,116.16,116.56,19843301
QQQ,2016/8/31,116.38,116.56,115.95,116.44,16169794
QQQ,2016/9/1,116.48,116.88,115.91,116.74,20944727
QQQ,2016/9/2,117.32,117.56,116.68,117.12,18088215
QQQ,2016/9/6,117.29,117.85,117.06,117.85,18525231
QQQ,2016/9/7,117.95,118.12,117.47,117.92,17546872
QQQ,2016/9/8,117.57,117.6,116.92,117.23,20125319
QQQ,2016/9/9,116.23,116.51,114.26,114.28,50813287
QQQ,2016/9/12,113.64,116.49,113.63,116.33,39645960
QQQ,2016/9/13,115.73,116.09,114.73,115.29,45863935
QQQ,2016/9/14,115.43,116.47,115.38,115.84,28221762
QQQ,2016/9/15,115.89,117.815,115.86,117.64,39466531
QQQ,2016/9/16,117.22,117.412,116.71,117.29,27596527
QQQ,2016/9/19,117.57,117.95,116.55,116.78,16222870
QQQ,2016/9/20,117.19,117.48,116.8,117,18078584
QQQ,2016/9/21,117.48,118.32,116.81,118.15,31546776
QQQ,2016/9/22,118.85,119.22,118.7177,119.09,22614422
QQQ,2016/9/23,118.92,119,118.16,118.33,22213394
QQQ,2016/9/26,117.66,117.8,117.17,117.34,16403881
QQQ,2016/9/27,117.31,118.5552,117.15,118.5,20238432
QQQ,2016/9/28,118.62,118.77,118.09,118.7,14794330
QQQ,2016/9/29,118.51,118.72,117.3338,117.84,27207499
QQQ,2016/9/30,118.145,119.07,118.03,118.72,25543200
QQQ,2016/10/3,118.53,118.7,118.09,118.55,19216438
QQQ,2016/10/4,118.86,119.16,117.92,118.37,21239742
QQQ,2016/10/5,118.7,119.17,118.67,118.79,14481285
QQQ,2016/10/6,118.63,118.981,118.15,118.73,11987056
QQQ,2016/10/7,118.86,119.01,117.89,118.47,19984158
QQQ,2016/10/10,119.06,119.48,119.03,119.22,19687341
QQQ,2016/10/11,119.1,119.14,117,117.52,27774426
QQQ,2016/10/12,117.575,117.82,117.06,117.42,14267824
QQQ,2016/10/13,116.635,117.32,115.94,117,22821011
QQQ,2016/10/14,117.58,118.05,117.07,117.14,21313321
QQQ,2016/10/17,117.1,117.3,116.672,116.82,14182694
QQQ,2016/10/18,118.18,118.41,117.8,117.86,19276656
QQQ,2016/10/19,117.77,118.02,117.64,117.85,13702918
QQQ,2016/10/20,117.68,117.97,117.03,117.71,18132245
QQQ,2016/10/21,117.8,118.22,117.41,118.15,15707804
QQQ,2016/10/24,118.93,119.65,118.8918,119.57,19142985
QQQ,2016/10/25,119.62,119.66,119.01,119.19,20341835
QQQ,2016/10/26,118.41,119.03,118.03,118.38,20463696
QQQ,2016/10/27,118.9,118.99,117.67,117.84,19099790
QQQ,2016/10/28,117.47,118.11,116.74,117.1,35369254
QQQ,2016/10/31,117.53,117.53,116.93,116.99,18749357
QQQ,2016/11/1,117.19,117.21,115.1047,116.11,23498712
QQQ,2016/11/2,116.05,116.3,114.89,115.18,26960093
QQQ,2016/11/3,115.02,115.37,113.92,114.05,36205193
QQQ,2016/11/4,113.72,114.54,113.45,113.65,26997454
QQQ,2016/11/7,115.45,116.47,115.3,116.35,26591245
QQQ,2016/11/8,116.21,117.64,115.96,117.11,20777919
QQQ,2016/11/9,115.71,117.84,115.6,117.65,70234393
QQQ,2016/11/10,118.14,118.38,114.195,115.75,72825446
QQQ,2016/11/11,115.21,116.05,114.84,115.8,41115166
QQQ,2016/11/14,115.84,115.94,114.03,114.63,35905979
QQQ,2016/11/15,115.47,116.62,115.33,116.22,31796602
QQQ,2016/11/16,115.7,116.9932,115.67,116.91,16538132
QQQ,2016/11/17,116.86,117.78,116.61,117.76,20598553
QQQ,2016/11/18,117.83,118.1,117.21,117.32,16428659
QQQ,2016/11/21,117.6,118.65,117.57,118.54,20268547
QQQ,2016/11/22,118.97,119.19,118.61,118.9,18850641
QQQ,2016/11/23,118.51,118.64,117.9,118.42,22925954
QQQ,2016/11/25,118.56,118.85,118.42,118.8,7162785
QQQ,2016/11/28,118.64,119.08,118.4101,118.53,13479045
QQQ,2016/11/29,118.63,119.51,118.3,118.94,18552957
QQQ,2016/11/30,119.06,119.1335,117.46,117.5,30405342
QQQ,2016/12/1,117.46,117.47,115.29,115.47,39796590
QQQ,2016/12/2,115.57,116.16,115.22,115.7,32876845
QQQ,2016/12/5,116.32,117.06,115.77,116.6,21419667
QQQ,2016/12/6,116.88,117.08,116.39,116.88,27293348
QQQ,2016/12/7,116.64,118.51,116.2919,118.36,26622442
QQQ,2016/12/8,118.4,118.87,118.18,118.57,18578433
QQQ,2016/12/9,119.03,119.5402,119,119.5,21863133
QQQ,2016/12/12,118.95,119.21,118.47,118.96,23259310
QQQ,2016/12/13,119.35,121.11,119.32,120.46,54477889
QQQ,2016/12/14,120.56,121,119.86,120.21,28745991
QQQ,2016/12/15,120.37,121.11,120.08,120.4,22762305
QQQ,2016/12/16,120.28,120.5817,119.36,119.6,26283907
QQQ,2016/12/19,119.74,120.83,119.55,120.09,21138658
QQQ,2016/12/20,120.43,120.77,120.33,120.55,11461799
QQQ,2016/12/21,120.57,120.68,120.19,120.46,7079300
QQQ,2016/12/22,120.46,120.5,119.65,120.12,16644996
QQQ,2016/12/23,119.96,120.25,119.81,120.2,9007470
QQQ,2016/12/27,120.44,121.52,120.41,120.82,16110554
QQQ,2016/12/28,121.06,121.19,119.795,119.88,17975235
QQQ,2016/12/29,119.86,120.13,119.33,119.71,13267519
QQQ,2016/12/30,119.93,119.95,118.14,118.48,41749028
QQQ,2017/1/3,119.31,119.99,118.89,119.54,22307608
QQQ,2017/1/4,119.67,120.41,119.6561,120.19,19749074
QQQ,2017/1/5,120.16,120.95,120.1,120.87,20644254
QQQ,2017/1/6,120.99,122.25,120.685,121.93,24074305
QQQ,2017/1/9,122.03,122.55,121.95,122.33,18909234
QQQ,2017/1/10,122.37,122.97,122.1,122.6,16176631
QQQ,2017/1/11,122.63,122.93,122.02,122.93,20685983
QQQ,2017/1/12,122.49,122.819,121.6,122.74,19622511
QQQ,2017/1/13,122.81,123.37,122.8,123.16,16930803
QQQ,2017/1/17,122.79,123.03,122.4342,122.79,14538484
QQQ,2017/1/18,122.96,123.16,122.66,123.04,12499663
QQQ,2017/1/19,123.19,123.65,122.72,122.98,12710659
QQQ,2017/1/20,123.51,123.83,122.92,123.25,22091039
QQQ,2017/1/23,123.16,123.53,122.57,123.35,17434167
QQQ,2017/1/24,123.59,124.37,123.3847,124.18,17640869
QQQ,2017/1/25,124.94,125.46,124.85,125.43,15036221
QQQ,2017/1/26,125.59,125.82,125.3438,125.56,16052150
QQQ,2017/1/27,125.8,125.9211,125.39,125.8,15052983
QQQ,2017/1/30,125.37,125.38,124.13,124.82,25006715
QQQ,2017/1/31,124.4,124.6,123.85,124.57,19091133
QQQ,2017/2/1,125.42,125.68,124.86,125.43,22861876
QQQ,2017/2/2,125.21,125.7,124.86,125.32,15101363
QQQ,2017/2/3,125.49,125.81,125.33,125.68,16957154
QQQ,2017/2/6,125.42,125.85,125.35,125.83,11630139
QQQ,2017/2/7,126.06,126.55,125.97,126.29,17541101
QQQ,2017/2/8,126.12,126.68,125.88,126.5,12569147
QQQ,2017/2/9,126.63,127.24,126.56,126.96,17542726
QQQ,2017/2/10,127.2,127.56,127.02,127.38,13915697
QQQ,2017/2/13,127.76,128.26,127.7199,128.1,19120150
QQQ,2017/2/14,128.15,128.535,127.74,128.53,16333480
QQQ,2017/2/15,128.44,129.35,128.37,129.29,17891355
QQQ,2017/2/16,129.36,129.63,128.92,129.25,15098286
QQQ,2017/2/17,129.09,129.82,129.04,129.81,15563730
QQQ,2017/2/21,130.03,130.53,129.99,130.45,18479628
QQQ,2017/2/22,130.32,130.59,130.111,130.5,12110876
QQQ,2017/2/23,130.7,130.7,129.49,130.01,17489023
QQQ,2017/2/24,129.47,130.26,129.38,130.26,18624489
QQQ,2017/2/27,130.02,130.43,129.8,130.42,12008672
QQQ,2017/2/28,130.39,130.45,129.66,130.02,16598581
QQQ,2017/3/1,130.81,131.68,130.6,131.44,25813827
QQQ,2017/3/2,131.43,131.43,130.62,130.78,19951386
QQQ,2017/3/3,130.65,131.06,130.341,131.02,13722749
QQQ,2017/3/6,130.56,130.95,130.21,130.73,12026151
QQQ,2017/3/7,130.45,131.08,130.28,130.51,15500945
QQQ,2017/3/8,130.57,131.15,130.46,130.74,15776027
QQQ,2017/3/9,130.71,131.02,130.14,130.84,20855253
QQQ,2017/3/10,131.42,131.6,130.82,131.39,21922601
QQQ,2017/3/13,131.34,131.64,131.27,131.61,10731575
QQQ,2017/3/14,131.31,131.36,130.76,131.29,14019689
QQQ,2017/3/15,131.58,132.405,131.14,132.1,22709139
QQQ,2017/3/16,132.33,132.35,131.71,132.01,18457291
QQQ,2017/3/17,131.86,132.04,131.62,131.69,21234529
QQQ,2017/3/20,131.65,132.11,131.4601,131.81,10105210
QQQ,2017/3/21,132.31,132.43,129.73,129.81,35841897
QQQ,2017/3/22,129.89,130.82,129.68,130.69,29177883
QQQ,2017/3/23,130.52,130.88,130.14,130.36,20311655
QQQ,2017/3/24,130.78,131.29,130.13,130.63,22967566
QQQ,2017/3/27,129.73,131.07,129.4,130.84,18472445
QQQ,2017/3/28,130.81,132.03,130.55,131.64,23721947
QQQ,2017/3/29,131.73,132.3,131.59,132.25,13709968
QQQ,2017/3/30,132.22,132.61,132.08,132.47,16092374
QQQ,2017/3/31,132.27,132.74,132.125,132.38,19841411
QQQ,2017/4/3,132.48,132.81,131.56,132.3,23700310
QQQ,2017/4/4,131.9,132.53,131.87,132.51,13400022
QQQ,2017/4/5,132.68,133.48,131.72,131.97,32011155
QQQ,2017/4/6,132.12,132.39,131.7,132.04,18832193
QQQ,2017/4/7,131.99,132.37,131.5,131.97,16743064
QQQ,2017/4/10,132.11,132.565,131.6564,132.02,15619276
QQQ,2017/4/11,131.86,132.095,130.5,131.45,33778359
QQQ,2017/4/12,131.45,131.54,130.78,130.92,15955195
QQQ,2017/4/13,130.75,131.51,130.38,130.4,23683020
QQQ,2017/4/17,130.8,131.5,130.72,131.48,13325508
QQQ,2017/4/18,131.01,131.66,130.95,131.28,12841087
QQQ,2017/4/19,131.85,132.29,131.31,131.49,17764817
QQQ,2017/4/20,132.04,132.88,131.82,132.59,21977910
QQQ,2017/4/21,132.7,132.76,132.22,132.56,22454948
QQQ,2017/4/24,134.02,134.285,133.8042,134.16,22469948
QQQ,2017/4/25,134.58,135.3664,134.48,135.13,19384398
QQQ,2017/4/26,135.17,135.51,134.86,134.94,25398542
QQQ,2017/4/27,135.28,135.75,135.19,135.75,16136538
QQQ,2017/4/28,136.28,136.34,135.77,135.99,22771946
QQQ,2017/5/1,136.46,137.38,136.38,137.2,24815525
QQQ,2017/5/2,137.38,137.49,137.02,137.43,18345071
QQQ,2017/5/3,137.14,137.17,136.615,136.99,23827550
QQQ,2017/5/4,137.01,137.43,136.56,137.04,14630063
QQQ,2017/5/5,137.39,137.54,136.88,137.54,19330652
QQQ,2017/5/8,137.61,137.84,137.33,137.84,13279931
QQQ,2017/5/9,138.05,138.628,137.93,138.32,28426109
QQQ,2017/5/10,138.4,138.45,137.91,138.4,20499363
QQQ,2017/5/11,138.03,138.33,137.38,138.29,27232074
QQQ,2017/5/12,138.37,138.63,138.23,138.6,19738629
QQQ,2017/5/15,138.63,139.12,138.53,139.04,20481327
QQQ,2017/5/16,139.36,139.64,138.99,139.62,21785994
QQQ,2017/5/17,138.55,138.77,136.05,136.07,55642178
QQQ,2017/5/18,136.06,137.72,135.87,137.26,41319882
QQQ,2017/5/19,137.71,138.42,137.66,137.84,36730112
QQQ,2017/5/22,138.14,139.075,138.0967,139,19509659
QQQ,2017/5/23,139.42,139.42,138.7801,139.14,19687534
QQQ,2017/5/24,139.56,139.85,139.17,139.78,18323864
QQQ,2017/5/25,140.315,141.33,140.01,140.97,23928591
QQQ,2017/5/26,141,141.28,140.81,141.22,13851582
QQQ,2017/5/30,141.13,141.505,141.06,141.34,20306409
QQQ,2017/5/31,141.8,141.84,140.57,141.29,33229404
QQQ,2017/6/1,141.57,141.9,140.98,141.84,20120741
QQQ,2017/6/2,142.34,143.49,142.11,143.46,37222881
QQQ,2017/6/5,143.44,143.68,143.23,143.43,15727526
QQQ,2017/6/6,143.28,143.73,142.65,142.86,22393024
QQQ,2017/6/7,143.23,143.54,142.6,143.42,18842408
QQQ,2017/6/8,143.74,143.8,142.79,143.57,25417408
QQQ,2017/6/9,143.73,143.9,138.11,139.98,109783737
QQQ,2017/6/12,138.84,139.48,137.47,139.23,104453977
QQQ,2017/6/13,140.01,140.56,139.28,140.36,51193010
QQQ,2017/6/14,140.92,140.93,138.62,139.75,60093764
QQQ,2017/6/15,138.35,139.28,137.49,139.13,55145160
QQQ,2017/6/16,138.72,138.777,137.638,138.15,48087413
QQQ,2017/6/19,139.45,140.59,139.28,140.46,39626533
QQQ,2017/6/20,140.31,140.5,139.31,139.36,40935078
QQQ,2017/6/21,139.66,140.81,139.59,140.74,35743366
QQQ,2017/6/22,140.94,141.22,140.34,140.7,24099115
QQQ,2017/6/23,140.53,141.42,140.15,141.24,21654314
QQQ,2017/6/26,142,142.29,140.27,140.58,34411094
QQQ,2017/6/27,140.07,140.22,138.02,138.03,65957819
QQQ,2017/6/28,138.54,140.14,137.74,140.02,57427180
QQQ,2017/6/29,139.4,139.44,136.25,137.59,88769351
QQQ,2017/6/30,138,138.6687,137.19,137.64,68898255
QQQ,2017/7/3,138.25,138.43,136.1,136.19,32797005
QQQ,2017/7/5,136.57,137.9,136.16,137.53,42116584
QQQ,2017/7/6,136.47,137.06,135.8,136.29,48430476
QQQ,2017/7/7,136.74,138.13,136.74,137.76,36970402
QQQ,2017/7/10,137.84,138.985,137.5,138.66,24853545
QQQ,2017/7/11,138.44,139.22,137.94,139.05,31517660
QQQ,2017/7/12,140.21,140.86,139.955,140.7,36045799
QQQ,2017/7/13,140.85,141.35,140.6,141.01,31073595
QQQ,2017/7/14,141.57,142.3,141.19,142.12,34544847
QQQ,2017/7/17,142.25,142.69,141.92,142.19,25343155
QQQ,2017/7/18,142.06,143.17,141.64,143.14,25748527
QQQ,2017/7/19,143.53,144.19,143.5,143.98,33752309
QQQ,2017/7/20,144.31,144.44,143.52,144.17,36139449
QQQ,2017/7/21,143.62,144.11,143.35,144.11,39697094
QQQ,2017/7/24,144.07,144.87,143.92,144.77,26712732
QQQ,2017/7/25,144.29,144.74,144.01,144.4,28120884
QQQ,2017/7/26,144.74,144.95,144.53,144.87,18610634
QQQ,2017/7/27,145.86,145.96,142.3,143.96,80665866
QQQ,2017/7/28,143.14,144.0752,142.87,143.84,38013176
QQQ,2017/7/31,144.22,144.43,142.92,143.23,33848645
QQQ,2017/8/1,143.7,143.76,143.12,143.56,20149421
QQQ,2017/8/2,144.45,144.52,142.61,143.95,41769667
QQQ,2017/8/3,144.17,144.17,143.13,143.39,27112799
QQQ,2017/8/4,143.65,143.97,143.06,143.65,29472909
QQQ,2017/8/7,143.89,144.56,143.71,144.56,17933942
QQQ,2017/8/8,144.27,145.47,143.9,144.31,30810364
QQQ,2017/8/9,143.14,144.19,142.795,144.12,36169473
QQQ,2017/8/10,143.33,143.4,140.89,141.03,63331663
QQQ,2017/8/11,141.24,142.41,140.9,142.1,45862488
QQQ,2017/8/14,143.23,144.15,143.19,143.93,34161024
QQQ,2017/8/15,144.22,144.302,143.64,144.03,25509181
QQQ,2017/8/16,144.37,144.96,143.8007,144.28,31913002
QQQ,2017/8/17,143.73,143.94,141.33,141.33,70190975
QQQ,2017/8/18,141.43,142.2,140.65,141.23,60751940
QQQ,2017/8/21,141.23,141.53,140.18,141.05,37111487
QQQ,2017/8/22,141.8,143.35,141.76,143.2,36294232
QQQ,2017/8/23,142.5,143.01,142.38,142.69,25702324
QQQ,2017/8/24,143.03,143.17,141.47,142.27,38160803
QQQ,2017/8/25,142.8,143.18,141.78,141.97,26380436
QQQ,2017/8/28,142.41,142.74,141.9501,142.41,15362141
QQQ,2017/8/29,141.18,143.21,141.06,142.97,24498333
QQQ,2017/8/30,143.11,144.89,143,144.65,33642716
QQQ,2017/8/31,145.03,146.21,144.98,146.2,38480747
QQQ,2017/9/1,146.36,146.585,145.61,146,22293553
QQQ,2017/9/5,145.55,145.88,143.6,144.69,45480562
QQQ,2017/9/6,145.06,145.46,144.08,145.13,30722723
QQQ,2017/9/7,145.4,145.84,144.94,145.47,22721131
QQQ,2017/9/8,145.28,145.35,144.06,144.21,27890115
QQQ,2017/9/11,145.3,146.12,145.3,145.87,27126332
QQQ,2017/9/12,146.25,146.41,145.53,146.22,30256661
QQQ,2017/9/13,145.95,146.44,145.73,146.42,28450864
QQQ,2017/9/14,145.85,146.2869,145.47,145.56,35296413
QQQ,2017/9/15,145.56,146.59,145.29,146.06,46422402
QQQ,2017/9/18,145.88,146.37,145.11,145.55,24858157
QQQ,2017/9/19,145.81,146.01,145.31,145.8,20871237
QQQ,2017/9/20,145.75,145.91,144.23,145.35,34236155
QQQ,2017/9/21,145.25,145.26,143.95,144.46,28841835
QQQ,2017/9/22,144,144.53,143.855,144.32,21702401
QQQ,2017/9/25,143.75,143.8299,142.1,142.8,54947712
QQQ,2017/9/26,143.51,143.8,142.67,143.17,29628806
QQQ,2017/9/27,143.93,145,143.57,144.46,33249403
QQQ,2017/9/28,144.14,144.5566,143.78,144.41,24149422
QQQ,2017/9/29,144.7,145.555,144.32,145.45,43102366
QQQ,2017/10/2,145.67,146.17,144.93,145.58,27351260
QQQ,2017/10/3,145.74,146.06,145.45,145.89,19715152
QQQ,2017/10/4,145.6,146.34,145.47,146.03,26381099
QQQ,2017/10/5,146.54,147.54,146.4063,147.46,31562353
QQQ,2017/10/6,146.97,147.66,146.96,147.66,23561069
QQQ,2017/10/9,147.86,148.0093,147.3,147.49,13704835
QQQ,2017/10/10,147.98,148.14,146.95,147.6,19223092
QQQ,2017/10/11,147.53,148.07,147.34,148.04,12439051
QQQ,2017/10/12,147.84,148.355,147.615,147.77,14513477
QQQ,2017/10/13,148.4,148.51,147.7772,148.34,18409888
QQQ,2017/10/16,148.7,148.89,148.3928,148.85,21809410
QQQ,2017/10/17,148.79,149.06,148.57,149.04,13138157
QQQ,2017/10/18,149.21,149.21,148.64,148.86,17218243
QQQ,2017/10/19,148.02,148.33,147.27,148.31,27680285
QQQ,2017/10/20,148.91,149.04,148.53,148.71,30173268
QQQ,2017/10/23,149.01,149.03,147.53,147.74,29297126
QQQ,2017/10/24,148,148.3,147.44,147.99,20289467
QQQ,2017/10/25,147.7,148.18,146.33,147.43,36179124
QQQ,2017/10/26,147.36,147.705,146.92,146.96,28230199
QQQ,2017/10/27,149.33,151.52,149.2,151.24,60165127
QQQ,2017/10/30,151.08,152.19,150.9899,151.58,31733386
QQQ,2017/10/31,152.04,152.37,151.63,152.15,26319327
QQQ,2017/11/1,152.75,152.83,151.5,152.1,29481569
QQQ,2017/11/2,151.92,151.99,150.77,151.81,31017426
QQQ,2017/11/3,152.39,153.29,151.84,153.27,26199249
QQQ,2017/11/6,153.13,153.85,153.1,153.79,28693919
QQQ,2017/11/7,153.67,154.0823,153.34,153.88,21333062
QQQ,2017/11/8,153.81,154.54,153.62,154.5,17373517
QQQ,2017/11/9,153.26,153.77,152.11,153.69,40594482
QQQ,2017/11/10,153.36,153.8,153.06,153.68,20150762
QQQ,2017/11/13,153.12,154.0693,153.1,153.87,12522399
QQQ,2017/11/14,153.31,153.5,152.57,153.31,25173763
QQQ,2017/11/15,152.61,153,151.78,152.59,24808004
QQQ,2017/11/16,153.38,154.89,153.33,154.54,34790570
QQQ,2017/11/17,154.58,154.69,153.8,153.95,28725800
QQQ,2017/11/20,154.08,154.2,153.61,153.83,21143944
QQQ,2017/11/21,154.56,155.57,154.485,155.5,20147763
QQQ,2017/11/22,155.63,155.84,155.341,155.69,17299040
QQQ,2017/11/24,155.86,156.31,155.76,156.26,8280586
QQQ,2017/11/27,156.2,156.56,155.83,156.19,22653389
QQQ,2017/11/28,156.52,156.69,155.7,156.59,25227320
QQQ,2017/11/29,156.45,156.45,153.12,153.86,71986338
QQQ,2017/11/30,154.46,155.45,154.145,155.15,56595465
QQQ,2017/12/1,154.19,155.24,152.26,154.49,59015828
QQQ,2017/12/4,155.47,155.625,152.56,152.71,51319146
QQQ,2017/12/5,152.64,154.55,152.1,152.81,40604211
QQQ,2017/12/6,152.26,153.735,152.06,153.5,28647769
QQQ,2017/12/7,153.49,154.46,153.33,154.02,32666207
QQQ,2017/12/8,155.1,155.53,154.46,154.7,28081666
QQQ,2017/12/11,154.76,155.95,154.76,155.9,20821528
QQQ,2017/12/12,155.81,156.15,155.36,155.69,20310252
QQQ,2017/12/13,156.28,156.49,155.76,155.99,24418479
QQQ,2017/12/14,156.28,156.66,155.71,155.88,24594682
QQQ,2017/12/15,156.49,157.82,156.23,157.65,49816151
QQQ,2017/12/18,158.29,158.77,158.07,158.64,26844519
QQQ,2017/12/19,158.34,158.5,157.26,157.7,31414968
QQQ,2017/12/20,158.25,158.28,156.91,157.53,38972602
QQQ,2017/12/21,157.73,158.25,157.37,157.55,18638679
QQQ,2017/12/22,157.31,157.432,156.95,157.37,23330440
QQQ,2017/12/26,156.53,156.72,155.95,156.52,21918720
QQQ,2017/12/27,156.52,156.96,156.39,156.54,22388186
QQQ,2017/12/28,157.05,157.0653,156.54,156.73,25393825
QQQ,2017/12/29,156.9,156.9,155.7,155.76,33185962
QQQ,2018/1/2,156.5,158.525,156.17,158.49,32573272
QQQ,2018/1/3,158.61,160.17,158.61,160.03,29383557
QQQ,2018/1/4,160.59,160.79,160.0825,160.31,24776125
QQQ,2018/1/5,161.04,162.03,160.77,161.92,26992340
QQQ,2018/1/8,161.9,162.63,161.86,162.55,23159061
QQQ,2018/1/9,162.85,163.04,162.07,162.56,24782448
QQQ,2018/1/10,161.8,162.21,161.12,162.18,34004028
QQQ,2018/1/11,162.48,163.3,162.21,163.29,20473518
QQQ,2018/1/12,163.03,164.66,162.94,164.49,37762708
QQQ,2018/1/16,165.55,166.415,163.53,164.02,41231849
QQQ,2018/1/17,164.77,166.04,163.9982,165.79,33849879
QQQ,2018/1/18,165.55,166.1999,165.135,165.82,26432166
QQQ,2018/1/19,166.32,166.61,165.535,166.34,38937588
QQQ,2018/1/22,166.27,168.12,166.09,168.12,26081388
QQQ,2018/1/23,168.64,169.66,168.555,169.51,37989650
QQQ,2018/1/24,169.81,170.24,167.44,168.41,54287377
QQQ,2018/1/25,169.55,169.63,167.81,168.35,28924956
QQQ,2018/1/26,169.27,170.952,168.96,170.93,32038184
QQQ,2018/1/29,170.52,170.91,169.74,170.1,37277849
QQQ,2018/1/30,168.55,169.42,167.82,168.7,44987688
QQQ,2018/1/31,169.67,169.9899,168.34,169.4,42449199
QQQ,2018/2/1,168.12,169.73,167.42,167.96,38037875
QQQ,2018/2/2,167.34,167.7,164.47,164.61,68478082
QQQ,2018/2/5,163.13,165.75,158,158.12,105372224
QQQ,2018/2/6,155.96,162.51,155.1,162.31,118537891
QQQ,2018/2/7,161.79,163.55,160.2,160.21,91028328
QQQ,2018/2/8,160.69,160.8,153.45,153.45,94184831
QQQ,2018/2/9,155.66,157.24,150.125,156.1,113836554
QQQ,2018/2/12,157.67,159.95,156.46,158.87,63050637
QQQ,2018/2/13,157.98,160.01,157.7197,159.69,31785595
QQQ,2018/2/14,158.79,162.93,158,162.68,52107431
QQQ,2018/2/15,164.14,165.7,162.44,165.7,51633887
QQQ,2018/2/16,165.18,166.755,164.6799,164.96,62256291
QQQ,2018/2/20,164.39,166.68,164.31,165.29,36785626
QQQ,2018/2/21,166.06,167.72,164.72,164.82,41161779
QQQ,2018/2/22,165.54,166.42,164.3769,164.8,37074413
QQQ,2018/2/23,166.06,168.17,165.45,168.17,50096916
QQQ,2018/2/26,168.93,170.4,168.82,170.4,39266658
QQQ,2018/2/27,170.42,170.73,168.21,168.29,42209873
QQQ,2018/2/28,169.25,169.8,167.1,167.21,42936334
QQQ,2018/3/1,167.29,168.07,163.001,164.48,76809904
QQQ,2018/3/2,162.59,166.28,161.96,165.99,57445063
QQQ,2018/3/5,165.26,168.26,164.59,167.83,38540207
QQQ,2018/3/6,168.61,169.11,167.48,168.54,29480927
QQQ,2018/3/7,167.26,169.07,166.96,168.93,34609407
QQQ,2018/3/8,169.54,169.98,168.95,169.86,25828371
QQQ,2018/3/9,171.1,173.16,170.82,173.16,38310546
QQQ,2018/3/12,173.65,174.48,173.28,174.08,37634971
QQQ,2018/3/13,174.8,175.21,171.2666,171.71,55638925
QQQ,2018/3/14,172.58,172.74,170.93,171.68,40536383
QQQ,2018/3/15,171.83,172.53,170.9,171.53,28810366
QQQ,2018/3/16,171.78,172.2,170.935,171.02,31176742
QQQ,2018/3/19,169.16,169.22,165.6393,167.1,71395061
QQQ,2018/3/20,167.1,168.04,166.61,167.65,34075664
QQQ,2018/3/21,167.23,168.76,166.19,166.92,43863543
QQQ,2018/3/22,164.7,165.77,162.59,162.8,66607288
QQQ,2018/3/23,162.6,163.3,158.43,158.51,80110392
QQQ,2018/3/26,161.68,164.6,159.16,164.4,57481503
QQQ,2018/3/27,165.6,165.62,157.68,159.08,78889105
QQQ,2018/3/28,158.25,159.78,156.04,157.25,89369655
QQQ,2018/3/29,158.13,161.71,156.6338,160.13,68692566
QQQ,2018/4/2,159,159.74,153.88,155.51,85549443
QQQ,2018/4/3,156.92,157.92,154.44,157.26,64090049
QQQ,2018/4/4,154.27,160.23,154.04,159.74,65768692
QQQ,2018/4/5,161.33,161.58,159.48,160.65,43054868
QQQ,2018/4/6,158.94,160.4601,155.88,156.63,59870865
QQQ,2018/4/9,158.01,160.88,157.46,157.73,41810380
QQQ,2018/4/10,160.13,161.73,159.07,161.21,48601323
QQQ,2018/4/11,160.2,162,160.1,160.28,41622139
QQQ,2018/4/12,161.3,162.77,161.16,162.21,30467889
QQQ,2018/4/13,163.01,163.26,160.67,161.37,44604892
QQQ,2018/4/16,162.45,163.19,161.48,162.6,28180780
QQQ,2018/4/17,164.19,166.4592,163.91,166.1,35536087
QQQ,2018/4/18,166.12,167,165.31,166.44,29573880
QQQ,2018/4/19,165.65,165.99,164.34,164.91,34705692
QQQ,2018/4/20,164.49,164.61,161.73,162.3,49197140
QQQ,2018/4/23,163.08,163.73,161.02,161.89,33040646
QQQ,2018/4/24,162.62,162.905,157.39,158.46,70256751
QQQ,2018/4/25,158.8,159.31,156.47,158.65,52089323
QQQ,2018/4/26,160.72,162.53,160.18,161.99,43005532
QQQ,2018/4/27,164.35,164.41,161.17,162.09,51043406
QQQ,2018/4/30,162.48,163.48,160.54,160.94,35615273
QQQ,2018/5/1,160.52,162.8,160.14,162.78,36513529
QQQ,2018/5/2,163.1,163.57,161.63,161.82,38646842
QQQ,2018/5/3,161.08,162.4,159.22,161.8,60337134
QQQ,2018/5/4,161.11,165.25,160.98,164.87,41543243
QQQ,2018/5/7,165.64,166.78,165.51,166.24,32500152
QQQ,2018/5/8,165.83,166.43,164.86,166.07,26040170
QQQ,2018/5/9,166.4,168,165.78,167.88,29122718
QQQ,2018/5/10,168.43,169.74,168.29,169.62,27067597
QQQ,2018/5/11,169.35,169.86,168.72,169.46,24688847
QQQ,2018/5/14,169.8398,170.82,169.47,169.75,21821749
QQQ,2018/5/15,168.4,168.5,166.98,167.87,49361638
QQQ,2018/5/16,168.1,169.37,168.01,168.98,22941159
QQQ,2018/5/17,168.4,169.61,167.51,168.33,27480164
QQQ,2018/5/18,167.71,168.26,167.21,167.46,26217939
QQQ,2018/5/21,168.73,169.5,167.68,168.4,22954565
QQQ,2018/5/22,169.15,169.45,167.88,168.18,19477721
QQQ,2018/5/23,166.9,169.62,166.88,169.6,26557835
QQQ,2018/5/24,169.56,169.85,167.84,169.55,27696539
QQQ,2018/5/25,169.54,170.33,169.21,169.72,27460536
QQQ,2018/5/29,168.91,169.92,167.96,168.97,41220468
QQQ,2018/5/30,169.63,170.48,169.22,170.18,22665836
QQQ,2018/5/31,170.13,171.2,169.63,170.07,35670946
QQQ,2018/6/1,170.88,172.84,170.87,172.74,45543331
QQQ,2018/6/4,173.16,174.34,173.07,174.3,20459634
QQQ,2018/6/5,174.69,175.13,174.065,174.84,24779284
QQQ,2018/6/6,175.0248,175.89,174.14,175.86,25036647
QQQ,2018/6/7,175.91,175.93,173.55,174.43,39600316
QQQ,2018/6/8,173.57,174.8803,173.18,174.44,31780348
QQQ,2018/6/11,174.3,175.34,174.28,174.91,22319709
QQQ,2018/6/12,175.15,176,174.96,175.83,22511832
QQQ,2018/6/13,176.09,177.14,175.43,175.82,37858584
QQQ,2018/6/14,176.62,177.89,176.5,177.6,35915978
QQQ,2018/6/15,176.98,177.325,176.11,176.98,49615730
QQQ,2018/6/18,175.53,176.65,174.94,176.5,31633192
QQQ,2018/6/19,174.26,176.04,173.71,176,38235994
QQQ,2018/6/20,176.79,177.98,176.65,177.25,33038042
QQQ,2018/6/21,177.69,177.88,175.37,175.71,43469439
QQQ,2018/6/22,176.31,176.369,174.69,175.32,30073187
QQQ,2018/6/25,173.76,173.99,169.81,171.37,77799725
QQQ,2018/6/26,171.99,173.0585,171.37,172.07,39008146
QQQ,2018/6/27,172.77,173.58,169.61,169.73,52843497
QQQ,2018/6/28,169.52,171.77,169.17,171.19,46407708
QQQ,2018/6/29,172,172.92,171.395,171.65,36408464
QQQ,2018/7/2,170.04,172.85,169.67,172.8,31770026
QQQ,2018/7/3,173.41,173.45,170.63,170.8,25512707
QQQ,2018/7/5,171.91,173.06,171.03,172.92,31626198
QQQ,2018/7/6,173.31,175.74,173,175.61,37005574
QQQ,2018/7/9,176.49,177.23,175.82,177.19,27362061
QQQ,2018/7/10,177.41,177.72,176.71,177.32,23902488
QQQ,2018/7/11,175.96,177.07,175.8,176.42,30280553
QQQ,2018/7/12,177.21,179.46,177.08,179.46,27930119
QQQ,2018/7/13,179.42,179.9,178.95,179.61,28067961
QQQ,2018/7/16,179.64,179.95,178.88,179.18,21405310
QQQ,2018/7/17,177.3,180.65,177.28,180.27,31034075
QQQ,2018/7/18,180.28,180.44,179.38,179.93,23220839
QQQ,2018/7/19,179.34,179.88,178.82,179.03,31094145
QQQ,2018/7/20,179.57,180.17,178.79,178.99,35907619
QQQ,2018/7/23,178.45,179.64,177.74,179.56,22184720
QQQ,2018/7/24,181.39,182.05,179.56,180.3,36900281
QQQ,2018/7/25,180.36,182.93,180.29,182.82,36022078
QQQ,2018/7/26,180.35,180.92,179.81,180.05,40873485
QQQ,2018/7/27,181.26,181.31,176.6,177.62,59456093
QQQ,2018/7/30,177.66,177.73,174.27,175.11,60192990
QQQ,2018/7/31,175.75,177.13,174.82,176.45,47285135
QQQ,2018/8/1,176.87,177.65,176.0967,177.12,37101925
QQQ,2018/8/2,175.87,179.74,175.79,179.53,47178229
QQQ,2018/8/3,179.8,180.09,179.08,180.08,28934445
QQQ,2018/8/6,179.97,181.19,179.74,181.14,24808763
QQQ,2018/8/7,181.63,182.14,181.26,181.8,29895664
QQQ,2018/8/8,181.55,182.35,181.06,182.02,22680749
QQQ,2018/8/9,181.94,182.63,181.64,181.91,18852898
QQQ,2018/8/10,180.68,181.22,179.84,180.52,33818464
QQQ,2018/8/13,180.85,182.01,180.241,180.32,26089195
QQQ,2018/8/14,181.01,181.66,180.04,181.45,20913021
QQQ,2018/8/15,180.09,180.58,178.12,179.23,58528016
QQQ,2018/8/16,180.57,180.99,179.47,179.82,27711761
QQQ,2018/8/17,179.36,180.31,178.2679,179.86,36092641
QQQ,2018/8/20,180.28,180.3251,179,179.7,24938956
QQQ,2018/8/21,180.26,181.44,180.13,180.36,26258657
QQQ,2018/8/22,179.96,181.27,179.75,181.06,18042380
QQQ,2018/8/23,180.77,182.045,180.5,180.8,25776166
QQQ,2018/8/24,181.4,182.63,181.36,182.48,23136113
QQQ,2018/8/27,183.43,184.34,183.11,184.34,29343552
QQQ,2018/8/28,184.8,185.02,184.22,184.61,20277036
QQQ,2018/8/29,184.91,186.84,184.86,186.74,29175591
QQQ,2018/8/30,186.41,187.5199,185.79,186.41,29315453
QQQ,2018/8/31,186.18,187.18,185.98,186.65,28653248
QQQ,2018/9/4,186.1,186.4,184.85,185.85,29063537
QQQ,2018/9/5,185.55,185.55,182.82,183.45,42623326
QQQ,2018/9/6,183.54,183.75,180.58,181.81,46091403
QQQ,2018/9/7,180.53,182.67,180.44,181.11,46629495
QQQ,2018/9/10,182.12,182.25,180.725,181.72,26131977
QQQ,2018/9/11,180.97,183.42,180.52,183.12,30116460
QQQ,2018/9/12,182.87,182.98,181.01,182.58,36203973
QQQ,2018/9/13,183.67,184.88,183.6401,184.53,31133188
QQQ,2018/9/14,184.66,184.945,183.26,183.99,31224132
QQQ,2018/9/17,183.66,183.81,181.17,181.34,33071197
QQQ,2018/9/18,181.52,183.73,181.4,182.84,31877347
QQQ,2018/9/19,182.86,183.3,181.51,182.7,31843377
QQQ,2018/9/20,183.95,184.97,183.5199,184.72,33295820
QQQ,2018/9/21,185.27,185.48,183.48,183.71,38605353
QQQ,2018/9/24,182.05,183.96,181.3,183.89,34945602
QQQ,2018/9/25,183.78,184.28,183.18,184.14,25277520
QQQ,2018/9/26,184.25,185.99,183.905,184.27,36210571
QQQ,2018/9/27,185.04,186.49,184.92,185.83,33113269
QQQ,2018/9/28,185.25,186.28,184.97,185.79,28076843
QQQ,2018/10/1,186.82,187.53,185.7,186.17,27371297
QQQ,2018/10/2,185.95,187.175,185.32,185.75,25618608
QQQ,2018/10/3,186.52,186.97,185.66,185.95,29128683
QQQ,2018/10/4,185.22,185.32,181.06,182.38,80557283
QQQ,2018/10/5,182.39,182.97,178.43,180.15,83325630
QQQ,2018/10/8,179.37,180.6427,176.93,179.05,66864481
QQQ,2018/10/9,179.2,181.02,178.75,179.63,49097949
QQQ,2018/10/10,178.53,178.62,171.5,171.73,114471052
QQQ,2018/10/11,171.04,173.4,167.81,169.6,143084463
QQQ,2018/10/12,173.99,174.86,170.9328,174.32,102078388
QQQ,2018/10/15,173.69,174.04,171.56,172.21,64885255
QQQ,2018/10/16,174.02,177.65,173.7,177.22,71979688
QQQ,2018/10/17,178.14,178.2585,175.47,177.29,66987639
QQQ,2018/10/18,176.6,176.68,172.44,173.18,82486208
QQQ,2018/10/19,174.39,176.07,172.39,173.02,82923733
QQQ,2018/10/22,174.06,175.2485,172.59,173.91,52909281
QQQ,2018/10/23,170.79,174.13,168.82,173.27,77566972
QQQ,2018/10/24,173.12,173.36,165.04,165.34,102997449
QQQ,2018/10/25,167.99,172.08,167.16,171.06,83481070
QQQ,2018/10/26,165.24,169.96,164.23,166.66,130970908
QQQ,2018/10/29,169.16,169.86,160.09,163.23,111871933
QQQ,2018/10/30,162.8,166.035,162.015,165.92,92583965
QQQ,2018/10/31,168.55,171.25,168.54,169.82,73828635
QQQ,2018/11/1,170.08,172.24,168.78,172.06,52706823
QQQ,2018/11/2,171.53,172.55,168.22,169.38,75966781
QQQ,2018/11/5,169.61,169.66,167.08,168.96,39573533
QQQ,2018/11/6,168.93,171.19,168.72,170.24,34410390
QQQ,2018/11/7,172.25,175.58,171.87,175.58,51169614
QQQ,2018/11/8,174.76,175.302,173.63,174.46,40296538
QQQ,2018/11/9,172.83,173.25,170.16,171.52,50602710
QQQ,2018/11/12,170.33,170.64,166.18,166.33,62578371
QQQ,2018/11/13,167.15,169.48,166,166.47,64128079
QQQ,2018/11/14,168.09,168.7,164.25,165.2,75270714
QQQ,2018/11/15,164.84,168.54,163.46,168.09,73254349
QQQ,2018/11/16,166.49,168.31,165.78,167.5,65390675
QQQ,2018/11/19,166.74,166.9,161.54,162.06,67280478
QQQ,2018/11/20,158.37,161.38,157.13,159.16,102652794
QQQ,2018/11/21,161.29,161.97,159.2323,160.37,42965839
QQQ,2018/11/23,159.09,160.84,159.09,159.21,23503729
QQQ,2018/11/26,161.44,162.97,160.76,162.89,42012633
QQQ,2018/11/27,162,163.85,161.18,163.44,36608063
QQQ,2018/11/28,164.62,168.7,163.4719,168.7,70140986
QQQ,2018/11/29,168,169.26,166.82,168.15,44885711
QQQ,2018/11/30,168.38,169.47,167.54,169.37,36722760
QQQ,2018/12/3,173.1,173.31,169.5101,172.33,50771695
QQQ,2018/12/4,171.38,171.91,165.52,165.72,70594743
QQQ,2018/12/6,162.46,166.91,161.77,166.89,71715526
QQQ,2018/12/7,166.13,167.12,160.86,161.38,80432176
QQQ,2018/12/10,161.11,163.78,159.41,163.07,73960758
QQQ,2018/12/11,165.66,165.77,162.23,163.61,59058296
QQQ,2018/12/12,166.06,167.6,164.96,165.05,53779992
QQQ,2018/12/13,166.06,166.82,164.03,165.1,46377864
QQQ,2018/12/14,163.19,163.81,160.7,161.08,56547419
QQQ,2018/12/17,160.41,161.67,156.17,157.43,74834076
QQQ,2018/12/18,158.67,159.95,157.04,158.42,63642120
QQQ,2018/12/19,158.24,160.72,153.34,154.53,81856456
QQQ,2018/12/20,154.16,155.87,150.39,152.29,99002139
QQQ,2018/12/21,153.06,154.09,146.72,147.57,141129408
QQQ,2018/12/24,146.14,147.98,143.46,143.5,56163290
QQQ,2018/12/26,145.12,152.54,144.09,152.46,98982064
QQQ,2018/12/27,150.57,153.18,147.08,153.05,85824343
QQQ,2018/12/28,154.01,155.59,151.72,152.97,77856625
QQQ,2018/12/31,154.47,154.98,152.71,154.26,53015313
QQQ,2019/1/2,150.99,155.75,150.88,154.88,58576672
QQQ,2019/1/3,152.6,153.26,149.49,149.82,74820225
QQQ,2019/1/4,152.18,157,151.74,156.23,74709320
QQQ,2019/1/7,156.54,158.86,156.11,158.09,52059331
QQQ,2019/1/8,159.56,160.11,157.2,159.52,49388694
QQQ,2019/1/9,160.15,161.5229,159.47,160.82,46491747
QQQ,2019/1/10,159.59,161.37,158.7,161.28,38943414
QQQ,2019/1/11,160.32,160.86,159.79,160.69,30176643
QQQ,2019/1/14,159.32,159.96,158.59,159.27,30710234
QQQ,2019/1/15,159.97,162.6,159.9096,162.38,40874224
QQQ,2019/1/16,162.63,163.78,162.29,162.35,33812190
QQQ,2019/1/17,161.84,164.36,161.57,163.63,39328959
QQQ,2019/1/18,164.84,166.02,163.82,165.25,57183243
QQQ,2019/1/22,164.05,164.14,160.76,161.94,56711694
QQQ,2019/1/23,162.77,163.51,160.32,162.15,38106062
QQQ,2019/1/24,162.66,163.44,162.0626,163.2,32413351
QQQ,2019/1/25,164.48,165.65,163.95,165.15,36466069
QQQ,2019/1/28,163.03,163.12,161.75,163.11,33491216
QQQ,2019/1/29,163.2,163.24,160.99,161.57,30784175
QQQ,2019/1/30,163.39,166.28,162.89,165.68,41346533
QQQ,2019/1/31,166.65,168.99,166.4701,168.16,37258361
QQQ,2019/2/1,167.37,168.6,166.99,167.45,32143672
QQQ,2019/2/4,167.51,169.53,167.33,169.53,26718781
QQQ,2019/2/5,169.75,171.23,169.69,171.03,28156368
QQQ,2019/2/6,171.06,171.37,169.75,170.52,27970006
QQQ,2019/2/7,169.03,169.4499,166.95,168.23,42036193
QQQ,2019/2/8,166.73,168.59,166.57,168.56,29020747
QQQ,2019/2/11,169.14,169.58,167.98,168.4,21434088
QQQ,2019/2/12,169.59,171.14,169.33,170.89,29722073
QQQ,2019/2/13,171.62,172.16,170.82,171.01,26094136
QQQ,2019/2/14,170.38,171.83,169.83,171.22,30326830
QQQ,2019/2/15,172.51,172.5623,171.1392,171.94,32521685
QQQ,2019/2/19,171.39,172.8,171.38,172.28,19487679
QQQ,2019/2/20,172.43,173.08,171.32,172.25,32592995
QQQ,2019/2/21,171.77,172.26,170.71,171.62,25207401
QQQ,2019/2/22,171.98,173.01,171.9,172.89,27735358
QQQ,2019/2/25,174.2,174.66,173.4,173.52,32608754
QQQ,2019/2/26,173.04,174.25,172.81,173.7,21939717
QQQ,2019/2/27,172.92,173.8,171.76,173.59,25162014
QQQ,2019/2/28,173.04,173.81,172.7,173.19,25085470
QQQ,2019/3/1,174.41,174.65,173.18,174.39,31431156
QQQ,2019/3/4,175.37,175.79,172.47,174.42,38063458
QQQ,2019/3/5,174.52,175.085,173.685,174.55,22319863
QQQ,2019/3/6,174.68,174.75,173.28,173.56,27194581
QQQ,2019/3/7,173.09,173.18,170.79,171.43,39407443
QQQ,2019/3/8,169.51,171.26,169.3375,171.17,39303225
QQQ,2019/3/11,171.86,174.85,171.85,174.73,30518408
QQQ,2019/3/12,175.17,176.14,174.7715,175.69,33953500
QQQ,2019/3/13,176.6,177.93,176.35,177.01,42426135
QQQ,2019/3/14,177.115,177.34,176.66,176.71,23751477
QQQ,2019/3/15,177.43,178.88,177.28,178.35,38191958
QQQ,2019/3/18,177.95,178.99,177.5915,178.45,32935125
QQQ,2019/3/19,179.16,180,178.29,179.05,36893341
QQQ,2019/3/20,179.06,180.86,178.24,179.76,50104996
QQQ,2019/3/21,179.24,182.83,179.2,182.57,42428481
QQQ,2019/3/22,181.76,182.27,178.37,178.56,70794543
QQQ,2019/3/25,177.92,178.84,176.93,178.22,46336524
QQQ,2019/3/26,179.58,180.69,178.14,179.05,33248121
QQQ,2019/3/27,179.27,179.72,176.6,177.9,37096697
QQQ,2019/3/28,178.36,178.98,177.24,178.31,30368235
QQQ,2019/3/29,179.63,179.83,178.59,179.66,35205511
QQQ,2019/4/1,181.42,182.26,180.77,182.04,30969472
QQQ,2019/4/2,182.23,182.905,181.78,182.73,22645151
QQQ,2019/4/3,183.74,184.92,183.2089,183.78,31633476
QQQ,2019/4/4,183.81,184.5,182.65,183.71,28530828
QQQ,2019/4/5,184.3,184.77,184.0183,184.66,25674660
QQQ,2019/4/8,184.37,185.28,183.63,185.13,22697543
QQQ,2019/4/9,184.5,185.11,184.09,184.48,25631886
QQQ,2019/4/10,184.75,185.53,184.52,185.47,24562958
QQQ,2019/4/11,185.77,185.78,184.6899,185.03,20654094
QQQ,2019/4/12,185.86,185.95,185.0601,185.83,24989136
QQQ,2019/4/15,185.81,186.07,184.62,185.86,21073046
QQQ,2019/4/16,186.51,186.91,185.93,186.5,27195709
QQQ,2019/4/17,187.75,187.93,186.6,187.15,29651575
QQQ,2019/4/18,187.48,187.7905,186.29,187.39,28580864
QQQ,2019/4/22,186.54,187.99,186.43,187.92,17936033
QQQ,2019/4/23,188.37,190.54,188.13,190.31,33665561
QQQ,2019/4/24,190.44,190.71,189.65,189.71,24977108
QQQ,2019/4/25,191.15,191.22,189.45,190.48,29517497
QQQ,2019/4/26,190.2,190.69,188.59,190.65,26359537
QQQ,2019/4/29,190.62,191.32,190.34,191.02,21716242
QQQ,2019/4/30,189.48,189.85,188.21,189.54,31495277
QQQ,2019/5/1,190.76,191.32,188.795,188.93,34797109
QQQ,2019/5/2,188.88,189.85,186.87,188.11,44110122
QQQ,2019/5/3,189.69,191.25,189.33,191.11,30386180
QQQ,2019/5/6,187.1,190.2,186.76,189.94,38371777
QQQ,2019/5/7,187.86,188.67,184.51,186.24,58818134
QQQ,2019/5/8,185.68,187.17,184.96,185.77,37165319
QQQ,2019/5/9,183.76,185.4121,182.09,184.77,55351668
QQQ,2019/5/10,184.06,185.89,181.0302,185,58526402
QQQ,2019/5/13,180.3,181.26,178.06,178.58,67185766
QQQ,2019/5/14,179.51,181.63,178.86,180.54,43360636
QQQ,2019/5/15,179.39,183.55,179.31,183.09,40944547
QQQ,2019/5/16,183.11,186.07,182.95,184.93,39281157
QQQ,2019/5/17,183.1,185.5813,182.88,183.04,44702276
QQQ,2019/5/20,180.51,181.1799,179.34,179.95,38608294
QQQ,2019/5/21,181.5,182.33,180.92,181.83,31613790
QQQ,2019/5/22,180.81,182.07,180.75,181.02,24332550
QQQ,2019/5/23,179,179.023,177.14,178.25,45351309
QQQ,2019/5/24,179.3,179.85,177.94,178.16,25903267
QQQ,2019/5/28,178.67,179.66,177.47,177.49,24763823
QQQ,2019/5/29,176.45,177,175.09,176.03,42178772
QQQ,2019/5/30,176.54,177.27,175.77,176.77,30354790
QQQ,2019/5/31,174.71,175.29,173.87,173.95,45446206
QQQ,2019/6/3,173.52,173.95,169.27,170.12,75842290
QQQ,2019/6/4,171.98,174.97,171.37,174.91,47797848
QQQ,2019/6/5,176.6,176.61,174.38,176.21,34412697
QQQ,2019/6/6,176.52,178.04,175.73,177.61,29913205
QQQ,2019/6/7,178.5,181.7666,178.33,181.04,45888345
QQQ,2019/6/10,182.23,184.85,182.21,183.15,41385280
QQQ,2019/6/11,185.07,185.4,182.78,183.4,41260320
QQQ,2019/6/12,182.88,183.28,182,182.34,27758120
QQQ,2019/6/13,183.12,183.87,182.74,183.42,23715829
QQQ,2019/6/14,182.44,183.11,181.94,182.64,22844089
QQQ,2019/6/17,183.01,184.25,182.835,183.74,20379476
QQQ,2019/6/18,185.88,187.72,185.4291,186.41,48177301
QQQ,2019/6/19,186.73,187.53,185.57,187.11,31672855
QQQ,2019/6/20,189.72,189.76,187.1585,188.85,40921964
QQQ,2019/6/21,188.57,189.77,188.1736,188.57,39980418
QQQ,2019/6/24,188.52,188.72,188.06,188.16,19375205
QQQ,2019/6/25,188.06,188.14,184.65,184.93,33921112
QQQ,2019/6/26,186.13,187.33,185.49,185.79,22595721
QQQ,2019/6/27,186.47,186.94,185.99,186.5,19709228
QQQ,2019/6/28,186.95,187.15,186.07,186.74,21179248
QQQ,2019/7/1,190.3,190.5699,188.38,189.26,31193393
QQQ,2019/7/2,189.19,190.03,188.66,190.01,18035768
QQQ,2019/7/3,190.45,191.44,190.29,191.44,15792067
QQQ,2019/7/5,190.15,191.4,189.39,191.05,21415620
QQQ,2019/7/8,189.86,189.87,188.93,189.71,17598826
QQQ,2019/7/9,188.79,190.9,188.65,190.66,19193497
QQQ,2019/7/10,191.79,193.09,191.47,192.56,28374513
QQQ,2019/7/11,192.88,193.34,191.81,192.42,23736122
QQQ,2019/7/12,192.63,193.54,192.45,193.53,20211883
QQQ,2019/7/15,193.97,194.19,193.44,194.15,15606074
QQQ,2019/7/16,193.86,194.09,192.56,193.15,20190891
QQQ,2019/7/17,193.2,193.49,192.18,192.2,16765069
QQQ,2019/7/18,191.3,192.79,190.69,192.42,29066336
QQQ,2019/7/19,193.82,193.83,190.81,191.01,29387945
QQQ,2019/7/22,191.5,192.94,191.44,192.53,18953596
QQQ,2019/7/23,193.58,193.81,192.29,193.79,23786726
QQQ,2019/7/24,193.07,195.16,193.03,195.15,20422872
QQQ,2019/7/25,194.48,194.52,192.93,193.3,23434744
QQQ,2019/7/26,194.52,195.55,194.43,195.29,20431243
QQQ,2019/7/29,195.18,195.18,193.39,194.62,20451652
QQQ,2019/7/30,193.16,194.54,192.99,193.78,18705006
QQQ,2019/7/31,194.31,194.43,189.32,191.1,41627473
QQQ,2019/8/1,191.51,194.98,189.23,190.15,63251648
QQQ,2019/8/2,188.82,188.99,186.21,187.35,55214006
QQQ,2019/8/5,183.51,183.51,179.2,180.73,75039971
QQQ,2019/8/6,182.38,183.8,181.07,183.26,41897249
QQQ,2019/8/7,181.32,184.51,179.89,184.25,49990586
QQQ,2019/8/8,185.15,188.32,184.57,188.26,38418084
QQQ,2019/8/9,187.32,188,185.03,186.49,33608926
QQQ,2019/8/12,185.34,185.9,183.5,184.35,24642870
QQQ,2019/8/13,184.27,189.68,184.02,188.39,40473043
QQQ,2019/8/14,185.31,185.95,182.42,182.76,51000548
QQQ,2019/8/15,183.11,183.59,181.16,182.55,36848178
QQQ,2019/8/16,184.11,185.95,184.1,185.48,34785006
QQQ,2019/8/19,188.03,188.83,187.5,188.43,22568634
QQQ,2019/8/20,188,188.635,186.92,186.97,19939552
QQQ,2019/8/21,188.66,189.23,187.96,188.63,20745478
QQQ,2019/8/22,188.98,189.46,186.54,188.02,24270520
QQQ,2019/8/23,186.76,188.45,181.56,182.07,55442893
QQQ,2019/8/26,184.19,184.87,183.08,184.82,27689838
QQQ,2019/8/27,186.08,186.42,183.71,184.43,28080093
QQQ,2019/8/28,183.84,185.4,182.91,185.09,21848789
QQQ,2019/8/29,187.37,188.4562,186.675,187.92,25427207
QQQ,2019/8/30,188.94,188.97,186.41,187.47,26332749
QQQ,2019/9/3,186.26,187.18,185.03,185.65,28026617
QQQ,2019/9/4,187.43,188.49,186.9,188.33,21676335
QQQ,2019/9/5,190.39,192.325,190.34,191.78,34060994
QQQ,2019/9/6,192.03,192.17,191.17,191.59,19487821
QQQ,2019/9/9,192.18,192.27,190.215,191.19,24407580
QQQ,2019/9/10,190.19,190.74,188.91,190.64,23744687
QQQ,2019/9/11,190.98,192.53,190.56,192.43,25063617
QQQ,2019/9/12,193.64,194.71,192.97,193.23,28689878
QQQ,2019/9/13,192.95,193.4,192.29,192.54,27669795
QQQ,2019/9/16,191.3,192.08,191.11,191.68,20318987
QQQ,2019/9/17,191.7,192.6,191.29,192.6,21113675
QQQ,2019/9/18,192.2,192.6,190.11,192.52,31173056
QQQ,2019/9/19,192.86,194.035,192.47,192.84,26214873
QQQ,2019/9/20,193.11,193.31,190.16,190.8,30131528
QQQ,2019/9/23,190.36,191.07,189.72,190.5,22917563
QQQ,2019/9/24,191.37,191.79,187.151,187.97,41096614
QQQ,2019/9/25,187.79,190.58,186.21,190.08,36499191
QQQ,2019/9/26,189.87,190,187.98,189.38,27030029
QQQ,2019/9/27,189.7,189.83,185.75,187.03,40804222
QQQ,2019/9/30,187.75,189.11,187.4,188.81,26559841
QQQ,2019/10/1,189.54,190.5898,186.955,187.27,32665025
QQQ,2019/10/2,186.01,187.204,183.02,184.05,48931982
QQQ,2019/10/3,184.07,186.2065,181.82,186.07,39612315
QQQ,2019/10/4,186.99,189.08,186.88,188.81,32752668
QQQ,2019/10/7,188.23,189.74,187.91,188.24,21404580
QQQ,2019/10/8,187.01,187.8562,185.27,185.42,33201939
QQQ,2019/10/9,186.96,188.08,186.43,187.23,20829012
QQQ,2019/10/10,187.25,189.43,187.12,188.68,26693780
QQQ,2019/10/11,190.8,192.63,190.72,191.11,41428907
QQQ,2019/10/14,190.82,191.7,190.645,191.09,15372774
QQQ,2019/10/15,191.65,193.97,191.56,193.52,23735826
QQQ,2019/10/16,192.88,193.53,192.43,193.04,20689207
QQQ,2019/10/17,194.18,194.5,192.81,193.55,19161821
QQQ,2019/10/18,193.26,193.67,190.705,191.69,27719069
QQQ,2019/10/21,192.65,193.52,192.14,193.39,15868946
QQQ,2019/10/22,194.06,194.42,191.79,191.85,22988988
QQQ,2019/10/23,191.43,192.2582,191.15,192.22,15198327
QQQ,2019/10/24,193.62,194.21,192.74,194.09,19264220
QQQ,2019/10/25,193.09,195.74,193.05,195.64,21507115
QQQ,2019/10/28,196.57,197.83,196.55,197.57,18842303
QQQ,2019/10/29,197.24,197.535,196.01,196.04,18569675
QQQ,2019/10/30,196.42,197.32,195.29,196.99,21764311
QQQ,2019/10/31,197.56,197.65,195.94,197.08,26801803
QQQ,2019/11/1,197.93,198.88,197.63,198.87,22131875
QQQ,2019/11/4,200.19,200.5251,198.8658,200.1,19015855
QQQ,2019/11/5,200.35,200.55,199.55,200.21,15048864
QQQ,2019/11/6,199.98,200,198.785,199.76,19725486
QQQ,2019/11/7,200.76,201.72,199.85,200.43,17832355
QQQ,2019/11/8,200.02,201.25,199.54,201.23,15272516
QQQ,2019/11/11,200.23,201.0363,199.94,200.96,10187222
QQQ,2019/11/12,201.13,202.21,200.82,201.54,14778283
QQQ,2019/11/13,200.84,201.775,200.71,201.59,16110341
QQQ,2019/11/14,200.83,201.56,200.22,201.43,17055686
QQQ,2019/11/15,202.61,202.91,202,202.91,18434519
QQQ,2019/11/18,202.61,203.39,201.77,203.07,18408797
QQQ,2019/11/19,203.84,203.84,202.59,203.37,16997568
QQQ,2019/11/20,202.85,203.45,200.62,202.15,36706275
QQQ,2019/11/21,201.94,202.07,201.07,201.7,17934353
QQQ,2019/11/22,202.17,202.32,200.74,201.83,17197019
QQQ,2019/11/25,202.67,204.26,202.67,204.22,17794718
QQQ,2019/11/26,204.32,204.87,204.05,204.61,14812921
QQQ,2019/11/27,205.13,206.05,204.89,206.04,17060233
QQQ,2019/11/29,205.59,205.83,205,205.1,9854553
QQQ,2019/12/2,205.11,205.18,201.78,203,28121020
QQQ,2019/12/3,200.32,201.49,193.785,201.41,31425404
QQQ,2019/12/4,202.49,202.91,202.14,202.43,15336754
QQQ,2019/12/5,203.15,203.15,201.84,202.83,15038785
QQQ,2019/12/6,204.25,205.145,204.1501,205,16562247
QQQ,2019/12/9,204.63,205.5937,203.98,204.07,14032175
QQQ,2019/12/10,204.17,204.88,203.44,203.9,21849714
QQQ,2019/12/11,204.37,205.19,204.04,204.98,18897759
QQQ,2019/12/12,204.77,207.32,204.491,206.51,32704625
QQQ,2019/12/13,206.36,207.91,205.96,207.19,32534393
QQQ,2019/12/16,208.5,209.53,208.48,209.27,21366177
QQQ,2019/12/17,209.5,209.71,209.04,209.39,16034647
QQQ,2019/12/18,209.6,210.13,209.33,209.55,15490828
QQQ,2019/12/19,209.64,210.93,209.62,210.86,17892062
QQQ,2019/12/20,211.81,212.5186,211.27,211.71,27690934
QQQ,2019/12/23,212.03,212.15,211.63,211.81,23798671
QQQ,2019/12/24,211.97,212.09,211.44,211.92,7089020
QQQ,2019/12/26,212.26,213.81,212.23,213.79,17159310
QQQ,2019/12/27,214.55,214.56,213.04,213.61,18142239
QQQ,2019/12/30,213.51,213.63,211.16,212.21,21829913
QQQ,2019/12/31,211.62,212.76,211.2,212.61,18201585
QQQ,2020/1/2,214.4,216.16,213.98,216.16,31014904
QQQ,2020/1/3,213.29,215.47,213.28,214.18,27532657
QQQ,2020/1/6,212.49,215.59,212.24,215.56,21726989
QQQ,2020/1/7,215.64,216.14,214.85,215.53,23120994
QQQ,2020/1/8,215.47,218.14,215.16,217.15,26464212
QQQ,2020/1/9,218.91,219.41,217.7125,218.99,23641291
QQQ,2020/1/10,219.76,219.87,218.04,218.43,21914631
QQQ,2020/1/13,219.31,220.98,218.98,220.95,22846102
QQQ,2020/1/14,220.75,221.21,219.74,220.08,24573340
QQQ,2020/1/15,220.18,221.2,219.45,220.17,25742084
QQQ,2020/1/16,221.24,222.32,220.8,222.28,18804959
QQQ,2020/1/17,223.24,223.56,222.1221,223.38,24325167
QQQ,2020/1/21,222.73,223.84,222.66,223.28,21146264
QQQ,2020/1/22,224.38,225.15,223.59,223.87,20736403
QQQ,2020/1/23,223.71,224.69,222.7,224.59,26496113
QQQ,2020/1/24,225.62,225.88,221.6701,222.7,37436483
QQQ,2020/1/27,217.72,219.2845,217.18,218.1,42264418
QQQ,2020/1/28,219.6,221.96,219.06,221.45,26731876
QQQ,2020/1/29,222.66,222.93,220.83,221.81,29063128
QQQ,2020/1/30,220.37,222.7,219.6891,222.6,39568093
QQQ,2020/1/31,223.5,223.56,218.285,219.07,52015832
QQQ,2020/2/3,220.14,222.885,219.99,222.38,25468307
QQQ,2020/2/4,225.39,227.86,224.6523,227.47,30691211
QQQ,2020/2/5,230.22,230.25,226.85,228.22,38534817
QQQ,2020/2/6,228.77,230.25,227.98,230.19,22467077
QQQ,2020/2/7,229.16,230.44,228.54,229.2,25884933
QQQ,2020/2/10,228.43,231.98,228.38,231.97,21478925
QQQ,2020/2/11,233.21,234.02,231.3999,232.01,30197983
QQQ,2020/2/12,233.34,234.38,232.8,234.27,24471275
QQQ,2020/2/13,232.62,234.93,232.36,233.97,22773159
QQQ,2020/2/14,234.28,234.86,233.5501,234.64,23438530
QQQ,2020/2/18,233.47,235.17,233.25,234.73,24521242
QQQ,2020/2/19,236.07,237.47,235.85,236.98,22230464
QQQ,2020/2/20,236.46,236.95,231.88,234.78,42604016
QQQ,2020/2/21,233.64,234.01,229.3211,230.27,66058611
QQQ,2020/2/24,221.84,224.25,220.26,221.39,84522551
QQQ,2020/2/25,223.19,223.9879,214.74,215.37,97742982
QQQ,2020/2/26,216.67,220.28,214.9,216.48,80400053
QQQ,2020/2/27,211.05,216.4235,205.5,205.64,121822562
QQQ,2020/2/28,198.92,207.17,198.17,205.8,149247073
QQQ,2020/3/2,208.88,216.57,205.94,216.42,112933945
QQQ,2020/3/3,217.11,219.61,207.62,209.48,131953546
QQQ,2020/3/4,213.32,218.33,211.37,218.22,73086209
QQQ,2020/3/5,212.69,216.36,210.1,211.59,78705458
QQQ,2020/3/6,204.67,209.15,202.91,208.02,89828392
QQQ,2020/3/9,193.48,201.16,192.11,193.57,116423986
QQQ,2020/3/10,201.11,204.3,193.6802,204.11,100599233
QQQ,2020/3/11,199.35,200.75,192.73,195.22,89168783
QQQ,2020/3/12,182.09,190.78,176.94,177.32,137820698
QQQ,2020/3/13,187.07,194.48,178.13,192.34,134881981
QQQ,2020/3/16,174.15,184.68,169.16,169.3,92054386
QQQ,2020/3/17,175.47,184.39,169.78,182.14,121257108
QQQ,2020/3/18,171.605,179.22,166.8,176.6,114156320
QQQ,2020/3/19,175.69,183.49,171.63,177.66,120896481
QQQ,2020/3/20,181.74,182.87,170.1,170.7,118983891
QQQ,2020/3/23,170.92,174.21,164.93,170.46,124639782
QQQ,2020/3/24,179.91,183.83,177.95,183.66,94881785
QQQ,2020/3/25,184.42,189.51,179.98,182.3,88754909
QQQ,2020/3/26,183.87,192.72,183.61,191.9,79887564
QQQ,2020/3/27,186.93,190.5149,184.66,185.3,58844975
QQQ,2020/3/30,187.1,192.49,186.3406,192.04,49356936
QQQ,2020/3/31,191.53,195.25,189.2,190.4,62659265
QQQ,2020/4/1,184.81,187.66,180.86,182.31,53715375
QQQ,2020/4/2,181.59,190.1,180.97,186.01,56465348
QQQ,2020/4/3,185.5,187.0716,181.29,183.37,47487621
QQQ,2020/4/6,190.38,197.65,189.19,196.48,64763518
QQQ,2020/4/7,202.14,202.66,196,196.4,69904478
QQQ,2020/4/8,198.0835,201.17,196.1733,200.57,45940439
QQQ,2020/4/9,202.27,203.22,199.0281,200.86,68323929
QQQ,2020/4/13,199.92,203.42,198.75,203.03,42853948
QQQ,2020/4/14,207.17,212.5,206.42,211.86,63959563
QQQ,2020/4/15,208.48,211.8338,207.12,209.43,47035953
QQQ,2020/4/16,211.78,214.369,209.69,213.25,64657362
QQQ,2020/4/17,215.96,216.51,212.0801,215.29,62863223
QQQ,2020/4/20,213.27,215.88,212.57,212.74,38249128
QQQ,2020/4/21,210.63,211.16,203.63,204.89,72932771
QQQ,2020/4/22,209.14,212.35,208.33,210.97,40188772
QQQ,2020/4/23,211.8,214.435,210.095,210.52,43278542
QQQ,2020/4/24,210.94,214.3,209.5,213.84,34303365
QQQ,2020/4/27,216.18,216.63,214.5,215.56,36451698
QQQ,2020/4/28,217.27,217.32,211.21,211.5,46862816
QQQ,2020/4/29,216.21,219.97,215.14,219,48716406
QQQ,2020/4/30,220.01,220.04,217.35,218.91,43359476
QQQ,2020/5/1,214.54,216.67,211.68,212.74,48794968
QQQ,2020/5/4,211.61,215.45,211.12,215.22,32841020
QQQ,2020/5/5,217.4,220.14,216.85,217.66,37783075
QQQ,2020/5/6,219.37,221.04,218.11,219,36455218
QQQ,2020/5/7,221.75,222.73,220.42,221.82,38624836
QQQ,2020/5/8,223.55,225,222.48,224.86,31964416
QQQ,2020/5/11,223.5,227.93,223.25,226.87,35714128
QQQ,2020/5/12,227.48,228.095,222.09,222.12,41054123
QQQ,2020/5/13,222.65,224.61,216.71,219.34,65521208
QQQ,2020/5/14,218.12,221.87,215.99,221.83,51549345
QQQ,2020/5/15,218.77,223.33,218.33,223.27,55747208
QQQ,2020/5/18,226.28,228.68,225.47,227.43,42597551
QQQ,2020/5/19,227.66,229.85,226.71,226.86,36237303
QQQ,2020/5/20,229.48,231.76,229.48,231.39,37417000
QQQ,2020/5/21,231.49,232.135,228.34,228.87,43642908
QQQ,2020/5/22,228.46,229.87,227.5,229.66,28762389
QQQ,2020/5/26,233.44,233.57,228.79,229.04,33055346
QQQ,2020/5/27,228.51,230.41,223.94,230.29,55665565
QQQ,2020/5/28,229.05,233.47,229.05,229.99,43008478
QQQ,2020/5/29,230.43,233.6,228.76,233.36,50878596
QQQ,2020/6/1,232.4,234.45,232,234.06,26140125
QQQ,2020/6/2,234.42,235.69,232.01,235.63,33383415
QQQ,2020/6/3,236.23,237.47,235.35,236.69,37228701
QQQ,2020/6/4,236.32,237.79,233.68,235.03,38716097
QQQ,2020/6/5,236.06,240.297,235.63,239.69,47365569
QQQ,2020/6/8,239.54,241.68,237.91,241.55,32937305
QQQ,2020/6/9,240.66,244.18,240.47,243.3,35046254
QQQ,2020/6/10,245,247.815,244.51,246.22,58084410
QQQ,2020/6/11,242.29,243.59,233.96,234.02,72919442
QQQ,2020/6/12,239.09,240.4,231.74,235.88,72034787
QQQ,2020/6/15,232.44,239.45,231.47,238.75,45307371
QQQ,2020/6/16,243.78,244.39,239.1,242.85,48890095
QQQ,2020/6/17,244.4,245.5,242.73,243.62,34749268
QQQ,2020/6/18,243.29,244.53,242.49,244.28,30578648
QQQ,2020/6/19,246.74,247,242.45,244.24,49422112
QQQ,2020/6/22,243.77,246.87,243.38,246.74,24068676
QQQ,2020/6/23,248.39,251.15,247.82,248.84,32767370
QQQ,2020/6/24,247.99,249.325,242.16,243.71,46032376
QQQ,2020/6/25,243.91,246.34,241.14,246.03,36940811
QQQ,2020/6/26,245.75,245.96,239.68,240.22,52824554
QQQ,2020/6/29,239.98,242.85,237.35,242.84,34377800
QQQ,2020/6/30,242.77,248.16,242.58,247.6,38909219
QQQ,2020/7/1,247.66,251.52,247.0802,250.49,34689213
QQQ,2020/7/2,252.97,254.27,251.71,252.19,31956497
QQQ,2020/7/6,255.46,258.928,255.43,258.39,34589049
QQQ,2020/7/7,258.1,260.88,256.3,256.61,36578191
QQQ,2020/7/8,258,260.02,256.5,259.99,30426273
QQQ,2020/7/9,261.89,262.87,257.63,262.18,40312906
QQQ,2020/7/10,262,264.23,259.26,263.97,32885298
QQQ,2020/7/13,266.87,269.79,257.69,258.54,64108090
QQQ,2020/7/14,256.07,260.79,252.76,260.37,72230512
QQQ,2020/7/15,261.68,262.69,257.49,260.9,54523869
QQQ,2020/7/16,257.97,259.78,255.62,259.12,47594111
QQQ,2020/7/17,259.71,260.31,257.17,259.42,35137871
QQQ,2020/7/20,260.12,267.43,258.79,266.78,40610128
QQQ,2020/7/21,268.41,268.41,263.125,264,43442967
QQQ,2020/7/22,264.46,265.89,262.55,264.93,29865519
QQQ,2020/7/23,264.55,265.24,256.55,258.01,51363538
QQQ,2020/7/24,254.12,256.93,251.32,255.56,54054536
QQQ,2020/7/27,257.36,260.52,256.445,260.12,36445741
QQQ,2020/7/28,259.33,259.85,256.51,256.81,31302390
QQQ,2020/7/29,258.33,260.66,257.91,259.77,27556884
QQQ,2020/7/30,257.78,261.71,256.55,261.13,41774456
QQQ,2020/7/31,265.83,265.95,260.85,265.79,53756159
QQQ,2020/8/3,268.05,270.15,267.87,269.38,32081566
QQQ,2020/8/4,268.74,270.48,268.09,270.38,24911286
QQQ,2020/8/5,270.83,271.52,269.96,271.05,21685921
QQQ,2020/8/6,270.78,274.98,270.19,274.64,28048224
QQQ,2020/8/7,274.04,274.8818,269.245,271.47,44969356
QQQ,2020/8/10,271.74,271.98,266.67,270.31,35088373
QQQ,2020/8/11,269.1,270.44,264.63,265.19,43104323
QQQ,2020/8/12,267.37,272.84,267.37,271.86,38894272
QQQ,2020/8/13,272.64,274.83,271.51,272.48,31895717
QQQ,2020/8/14,273.01,273.4,270.72,272.16,30799494
QQQ,2020/8/17,273.91,275.84,272.1978,275.32,24802966
QQQ,2020/8/18,276.41,278.465,274.91,277.97,23529498
QQQ,2020/8/19,277.93,279.02,275.57,276.1,31999359
QQQ,2020/8/20,275.3,280.43,274.86,279.93,27723379
QQQ,2020/8/21,280.07,282.34,279.461,281.87,34748934
QQQ,2020/8/24,285.06,286,281.27,283.63,36418533
QQQ,2020/8/25,282.78,286.06,282.37,285.86,34866586
QQQ,2020/8/26,287.11,292.22,285.829,291.96,42216690
QQQ,2020/8/27,293.08,293.851,288.705,291.05,49482715
QQQ,2020/8/28,292.27,293.18,290.93,292.53,28021022
QQQ,2020/8/31,293.16,296.745,292.62,294.88,36321027
QQQ,2020/9/1,297.6,300.04,295.79,299.92,36395774
QQQ,2020/9/2,303.26,303.5,296.89,302.76,50836767
QQQ,2020/9/3,298.2,298.62,284.41,287.41,110083282
QQQ,2020/9/4,285.76,288.93,271.8,283.58,123958978
QQQ,2020/9/8,272.27,278.22,269.66,269.95,99568645
QQQ,2020/9/9,275.54,280.045,273,277.88,64837872
QQQ,2020/9/10,280.97,282.195,270.56,272.34,69667462
QQQ,2020/9/11,274.33,275.22,266.9,270.45,71809014
QQQ,2020/9/14,274.28,277.22,272.96,275.16,38525194
QQQ,2020/9/15,278.9,280.45,275.1332,279.06,41849926
QQQ,2020/9/16,279.77,280.36,274.25,274.61,42435626
QQQ,2020/9/17,267.52,274.3955,266.68,270.32,81570844
QQQ,2020/9/18,271.62,272.09,262.63,266.87,86251117
QQQ,2020/9/21,262.52,267.65,260.11,267.51,57168570
QQQ,2020/9/22,270.05,273.08,266.54,272.48,41128886
QQQ,2020/9/23,272.15,272.34,263.2502,264.16,48837270
QQQ,2020/9/24,261.58,268.7,261.22,265.39,70631704
QQQ,2020/9/25,265.82,272.395,264.2999,271.56,55242376
QQQ,2020/9/28,276.615,277.2,271.674,277.2,58438286
QQQ,2020/9/29,276.72,277.71,275.3719,275.95,27178921
QQQ,2020/9/30,276.09,281.09,275.8717,277.84,49380802
QQQ,2020/10/1,281.79,282.8794,279.84,282.25,50020223
QQQ,2020/10/2,276.01,282.2412,273.44,274.31,75497391
QQQ,2020/10/5,276.34,280.49,276.23,280.16,28184581
QQQ,2020/10/6,279.29,281.19,274.25,275.16,49704236
QQQ,2020/10/7,277.83,280.74,277.28,279.92,27539663
QQQ,2020/10/8,282.32,282.47,280.31,281.41,25443287
QQQ,2020/10/9,283.09,285.79,282.71,285.71,30201144
QQQ,2020/10/12,290.6,297.46,289.47,294.53,79370657
QQQ,2020/10/13,296.34,297.0496,293.11,294.52,64240031
QQQ,2020/10/14,295.32,296.35,290.26,292.06,37181227
QQQ,2020/10/15,287.25,290.71,286.54,290.1,42514177
QQQ,2020/10/16,291.8,293.269,288.15,288.51,40570702
QQQ,2020/10/19,290.49,291.48,282.79,283.8,36756754
QQQ,2020/10/20,284.56,287.62,282.95,284.41,32195361
QQQ,2020/10/21,284.67,287.32,283.69,284.19,29306137
QQQ,2020/10/22,285.05,285.98,280.82,284.18,32196162
QQQ,2020/10/23,284.79,284.91,281.7818,284.74,24658542
QQQ,2020/10/26,282.32,285.3,276.76,280.47,38421094
QQQ,2020/10/27,281.42,283.505,280.2,282.66,30559123
QQQ,2020/10/28,278.13,278.6401,271.38,271.64,53413523
QQQ,2020/10/29,273.04,279.49,272.52,276.39,43246302
QQQ,2020/10/30,274.375,275.24,267.07,269.38,65935893
QQQ,2020/11/2,271.73,273.52,266.97,269.98,39987409
QQQ,2020/11/3,271.86,276.82,270.84,274.65,43604145
QQQ,2020/11/4,283.56,288.77,281.87,286.91,75728206
QQQ,2020/11/5,293.41,295.39,292,294.39,52054186
QQQ,2020/11/6,293.58,295.36,289.83,294.61,40959764
QQQ,2020/11/9,297.31,299.14,288.12,288.59,86537071
QQQ,2020/11/10,285.26,286.6599,280.62,283.42,69024878
QQQ,2020/11/11,285.92,290.25,283.38,289.76,36102931
QQQ,2020/11/12,290.72,292.074,287.25,288.4,34516826
QQQ,2020/11/13,290.01,291.57,287.8701,290.93,24880582
QQQ,2020/11/16,290.68,293.51,289.99,293.2,30168361
QQQ,2020/11/17,293.4,293.74,291.61,292.27,21843463
QQQ,2020/11/18,291.7,293.37,290.02,290.11,28069619
QQQ,2020/11/19,289.48,292.7,288.85,292.38,22718422
QQQ,2020/11/20,292.3,293.065,290.29,290.38,25907308
QQQ,2020/11/23,291.41,292.75,288.07,290.39,26875588
QQQ,2020/11/24,291.49,294.98,289.63,294.47,24516791
QQQ,2020/11/25,295.44,296.94,294.59,296.28,23326826
QQQ,2020/11/27,298.29,300.17,297.9,299.01,17163115
QQQ,2020/11/30,299.3,299.97,294.78,299.62,27836232
QQQ,2020/12/1,301.87,305.14,300.83,303.46,27642640
QQQ,2020/12/2,302.22,304.195,300.35,303.85,23620003
QQQ,2020/12/3,304.07,305.88,303.531,304.28,22828727
QQQ,2020/12/4,304.33,305.67,303.63,305.52,19332081
QQQ,2020/12/7,305.71,307.63,305.52,307.25,20850969
QQQ,2020/12/8,306.76,308.6,304.95,308.29,18341464
QQQ,2020/12/9,308.07,308.36,300.21,301.31,48839306
QQQ,2020/12/10,299.21,303.68,298.09,302.52,27519544
QQQ,2020/12/11,300.81,301.98,298.47,301.85,26760416
QQQ,2020/12/14,303.08,306.05,303.01,304.04,28804832
QQQ,2020/12/15,306.37,307.29,304.11,307.29,25790455
QQQ,2020/12/16,307.7,309.785,306.621,308.98,25461890
QQQ,2020/12/17,310.63,311.24,309.39,311,23730524
QQQ,2020/12/18,311.66,311.98,307.61,310.06,41173392
QQQ,2020/12/21,306.46,309.47,303.6,308.92,37095480
QQQ,2020/12/22,309.85,310.7105,306.845,309.76,26378343
QQQ,2020/12/23,309.81,310.18,308.035,308.2,21201280
QQQ,2020/12/24,308.47,310.02,308.39,309.56,16784997
QQQ,2020/12/28,312.25,313.17,310.36,312.68,22497745
QQQ,2020/12/29,314.05,314.685,312.03,312.96,25871925
QQQ,2020/12/30,314.16,314.49,312.33,312.97,18138071
QQQ,2020/12/31,312.87,314.24,311.76,313.74,21611412
QQQ,2021/1/4,315.11,315.29,305.18,309.31,45305898
QQQ,2021/1/5,308.29,312.14,308.29,311.86,29323409
QQQ,2021/1/6,307,311.88,305.98,307.54,52809622
QQQ,2021/1/7,310.28,315.84,310.25,314.98,30394826
QQQ,2021/1/8,317.34,319.39,315.0814,319.03,33955847
QQQ,2021/1/11,315.98,317.19,313.75,314.42,32869095
QQQ,2021/1/12,314.46,315.58,311.2,313.92,29266762
QQQ,2021/1/13,314.19,316.86,313.57,316.04,22898417
QQQ,2021/1/14,316.5,317.53,313.8616,314.35,23500129
QQQ,2021/1/15,314.13,315.12,310.58,311.86,35118718
QQQ,2021/1/19,314.25,316.93,313.12,316.41,24537049
QQQ,2021/1/20,320.14,324.74,316.509,323.77,30728096
QQQ,2021/1/21,325.15,327.13,323.73,326.36,25316935
QQQ,2021/1/22,325.29,326.46,324.71,325.42,21609444
QQQ,2021/1/25,328.91,330.32,321.41,328.11,39080644
QQQ,2021/1/26,328.85,329.76,327.22,328.59,25498112
QQQ,2021/1/27,326.26,326.27,317.36,319.43,55263985
QQQ,2021/1/28,320.67,326.42,320.03,321.32,42836324
QQQ,2021/1/29,319.58,320.7193,312.76,314.56,55259018
QQQ,2021/2/1,318.11,323.54,316.02,322.42,35646008
QQQ,2021/2/2,325.48,328.87,325.31,327.68,33930844
QQQ,2021/2/3,329.82,330.195,326.32,326.38,24824518
QQQ,2021/2/4,327.82,330.33,326.46,330.24,22350947
QQQ,2021/2/5,331.22,332.4025,329.53,331.36,22731960
QQQ,2021/2/8,333.1,333.74,331.41,333.58,20462812
QQQ,2021/2/9,332.62,334.81,332.61,333.51,17597478
QQQ,2021/2/10,334.99,335.46,329.5,332.75,28068700
QQQ,2021/2/11,334.33,335,332.12,334.58,22046071
QQQ,2021/2/12,333.71,336.62,332.63,336.45,20346819
QQQ,2021/2/16,337.27,338.19,334.34,335.54,27080777
QQQ,2021/2/17,332.47,335.657,330.17,333.93,31467456
QQQ,2021/2/18,330.23,333.8661,328.36,332.47,32236240
QQQ,2021/2/19,333.86,333.99,329.97,331.02,39157677
QQQ,2021/2/22,326.5,327.8,322.23,322.44,47256944
QQQ,2021/2/23,317,323.2,311,321.48,97241936
QQQ,2021/2/24,318.74,324.45,315.96,324.13,58206272
QQQ,2021/2/25,321.39,324.03,311.24,312.83,110182582
QQQ,2021/2/26,315.85,319.11,310.88,314.14,104739841
QQQ,2021/3/1,319.27,323.94,317.935,323.59,49164518
QQQ,2021/3/2,324.25,324.33,318.14,318.4,48370034
QQQ,2021/3/3,317.27,318.24,309.1,309.16,86301073
QQQ,2021/3/4,308.78,312.04,300.11,304.1,139131582
QQQ,2021/3/5,306.795,309.609,297.45,308.68,121523726
QQQ,2021/3/8,308.12,310.06,299.51,299.94,88409781
QQQ,2021/3/9,307.47,313.73,306.92,311.77,80391114
QQQ,2021/3/10,316.16,316.47,310.17,310.88,76798065
QQQ,2021/3/11,315.77,319.86,314.85,318.04,53484804
QQQ,2021/3/12,313.86,318.2302,311.391,315.46,69315601
QQQ,2021/3/15,315.79,319,314.095,318.83,43123176
QQQ,2021/3/16,321.09,324.2,319.1,320.58,54925896
QQQ,2021/3/17,317.45,323.85,315.68,321.9,78258729
QQQ,2021/3/18,316.87,317.8801,311.57,312.04,82942269
QQQ,2021/3/19,311.87,314.73,309.6601,313.14,78446204
QQQ,2021/3/22,315.21,320.74,315.21,318.61,56194755
QQQ,2021/3/23,319.73,321.09,316.375,317.22,53455411
QQQ,2021/3/24,318.63,318.67,311.72,311.87,64803729
QQQ,2021/3/25,309.968,312.885,307.3899,311.33,78729008
QQQ,2021/3/26,311.11,316.33,309.67,316,63519634
QQQ,2021/3/29,315.45,316.99,312.47,315.91,54607963
QQQ,2021/3/30,313.89,314.91,311.54,314.32,44635676
QQQ,2021/3/31,316.16,320.74,315.81,319.13,55032535
QQQ,2021/4/1,323.07,324.71,322.81,324.57,55685602
QQQ,2021/4/5,327.13,331.84,324.6375,331.05,42172475
QQQ,2021/4/6,330.73,332.83,330.02,330.82,33537210
QQQ,2021/4/7,330.33,332.48,329.37,331.62,32046381
QQQ,2021/4/8,334.56,335.27,333.7399,335.08,29940799
QQQ,2021/4/9,333.68,337.32,332.92,337.11,36664892
QQQ,2021/4/12,336.04,337.1,334.73,336.67,25833013
QQQ,2021/4/13,338.24,341.08,338.02,340.6,30374033
QQQ,2021/4/14,340.85,340.98,335.67,336.51,42564337
QQQ,2021/4/15,339.47,342.01,336.2153,341.61,36342821
QQQ,2021/4/16,342.15,342.23,340.08,342.01,40860099
QQQ,2021/4/19,340.39,341.58,336.9016,338.88,34533129
QQQ,2021/4/20,338.2,339.52,334.3816,336.41,38081818
QQQ,2021/4/21,335.09,339.48,333.97,339.29,36598082
QQQ,2021/4/22,338.89,339.9,334.01,335.2,45936143
QQQ,2021/4/23,335.85,340.767,335.85,339.42,36414916
QQQ,2021/4/26,339.67,341.92,338.9,341.63,30811968
QQQ,2021/4/27,341.93,342.15,339.17,340.15,33187183
QQQ,2021/4/28,339.81,340.85,338.3301,339,33615696
QQQ,2021/4/29,342.37,342.8,336.9001,340.22,37708884
QQQ,2021/4/30,337.7,340.26,337.05,337.99,38263421
QQQ,2021/5/3,339.23,340,335.73,336.19,29729730
QQQ,2021/5/4,333.56,333.89,326.21,330.14,65146972
QQQ,2021/5/5,332.25,333.14,328.23,329.03,46219307
QQQ,2021/5/6,328.76,331.67,326.45,331.51,46814283
QQQ,2021/5/7,334.37,336.65,331.6914,334.2,53324460
QQQ,2021/5/10,332.78,332.96,325.55,325.76,60700462
QQQ,2021/5/11,319.7,326.1299,319.02,325.31,71963612
QQQ,2021/5/12,320.23,322.62,316,316.89,91164855
QQQ,2021/5/13,319.92,322.4,316.9,319.34,69877765
QQQ,2021/5/14,322.6,327.33,322.08,326.39,44370015
QQQ,2021/5/17,324.63,326.3721,321.45,324.41,39394997
QQQ,2021/5/18,325.39,326.65,321.94,322.22,36528454
QQQ,2021/5/19,316.66,322.9,316.3,322.59,66319108
QQQ,2021/5/20,324.12,329.71,323.89,328.83,46466135
QQQ,2021/5/21,330.43,330.86,326.64,327.01,50330449
QQQ,2021/5/24,329.37,333.67,326.9032,332.51,32475771
QQQ,2021/5/25,334.07,334.81,331.755,332.97,31280314
QQQ,2021/5/26,333.66,334.61,332.95,334.13,25444932
QQQ,2021/5/27,333.67,334.54,332.67,332.88,27931747
QQQ,2021/5/28,334.12,335.5699,333.6,333.93,29927449
QQQ,2021/6/1,335.3,335.785,331.43,332.82,31145424
QQQ,2021/6/2,333.25,334.34,331.695,333.47,22047940
QQQ,2021/6/3,330.55,331.86,328.28,330,37057825
QQQ,2021/6/4,331.85,336.0582,331.78,335.6,38736545
QQQ,2021/6/7,335.05,336.66,334.34,336.6,32611852
QQQ,2021/6/8,338.395,339.29,335.03,336.76,27282819
QQQ,2021/6/9,338.17,338.97,336.651,336.84,21485319
QQQ,2021/6/10,337.19,340.46,336.73,340.35,33702067
QQQ,2021/6/11,340.36,341.25,339.69,341.24,21222830
QQQ,2021/6/14,341.68,344.52,340.46,344.51,27827716
QQQ,2021/6/15,344.15,344.47,341.52,342.26,35963780
QQQ,2021/6/16,342.74,343.84,337.45,341.01,55399538
QQQ,2021/6/17,339.97,346.38,339.92,345.34,59722700
QQQ,2021/6/18,343.63,344.8082,341.86,342.63,55414862
QQQ,2021/6/21,342.43,344.69,340.15,344.36,32992649
QQQ,2021/6/22,344.15,348.03,343.84,347.57,28941626
QQQ,2021/6/23,347.51,348.92,346.88,347.74,27188454
QQQ,2021/6/24,349.73,351.46,349.17,349.89,32581605
QQQ,2021/6/25,350.47,350.72,348.84,349.46,28682801
QQQ,2021/6/28,350.78,353.85,350.72,353.71,39130305
QQQ,2021/6/29,353.53,355.0199,352.67,354.99,29426039
QQQ,2021/6/30,354.83,355.23,353.83,354.43,32723964
QQQ,2021/7/1,354.07,355.09,352.68,354.57,29289978
QQQ,2021/7/2,356.52,358.97,356.28,358.64,32727244
QQQ,2021/7/6,359.26,360.48,356.49,360.19,38842397
QQQ,2021/7/7,362.45,362.76,358.94,360.95,35265242
QQQ,2021/7/8,355.74,359.65,354.42,358.77,50890021
QQQ,2021/7/9,358.17,361.5,357.57,361.01,35184534
QQQ,2021/7/12,362.45,362.89,360.83,362.42,25717677
QQQ,2021/7/13,362.03,365.465,361.54,362.42,39723015
QQQ,2021/7/14,364.83,365.49,362.22,363.07,35336350
QQQ,2021/7/15,362.98,363.19,358.46,360.52,53391557
QQQ,2021/7/16,361.4,362.41,357.24,357.6,47261961
QQQ,2021/7/19,354.05,355.18,352.04,354.67,64404625
QQQ,2021/7/20,355.63,360.28,353.8,358.79,42183702
QQQ,2021/7/21,358.35,361.56,358.12,361.56,30259860
QQQ,2021/7/22,361.77,363.96,361.77,363.95,30252240
QQQ,2021/7/23,365.31,368.485,363.9157,368.2,31960799
QQQ,2021/7/26,367.49,368.89,366.601,368.49,28438126
QQQ,2021/7/27,368.22,368.22,360.16,364.43,57933148
QQQ,2021/7/28,365.6,367.45,363.24,365.83,42066195
QQQ,2021/7/29,365.25,367.6794,365.25,366.48,25672533
QQQ,2021/7/30,362.44,365.17,362.41,364.57,36484649
QQQ,2021/8/2,366.28,366.88,363.87,364.6,27334097
QQQ,2021/8/3,365.28,366.93,362,366.81,35558511
QQQ,2021/8/4,366.77,368.32,365.63,367.34,29602236
QQQ,2021/8/5,368.18,369.91,367.45,369.67,21443925
QQQ,2021/8/6,368.37,369.37,366.905,368.05,33332107
QQQ,2021/8/9,368.52,369.27,367.39,368.73,25960245
QQQ,2021/8/10,369.26,369.56,365.62,366.84,35130796
QQQ,2021/8/11,368.14,368.65,364.84,366.21,34249812
QQQ,2021/8/12,365.69,367.9,364.295,367.53,26003877
QQQ,2021/8/13,367.89,369.16,367.38,368.82,19336190
QQQ,2021/8/16,367.67,369.02,363.7,368.98,35044107
QQQ,2021/8/17,366.15,367.15,363.23,365.73,44793902
QQQ,2021/8/18,365.18,366.62,361.865,362.21,38541940
QQQ,2021/8/19,360.22,365.68,359.96,363.96,48499368
QQQ,2021/8/20,365.06,368.14,364.74,367.73,39486034
QQQ,2021/8/23,368.8,373.935,368.79,373.23,34034744
QQQ,2021/8/24,373.84,374.99,373.36,374.37,21732913
QQQ,2021/8/25,374.63,375.39,373.855,374.8,20441880
QQQ,2021/8/26,373.92,374.62,371.97,372.42,29133325
QQQ,2021/8/27,373.07,376.56,372.57,376.04,27104749
QQQ,2021/8/30,376.85,380.76,376.83,380.26,27295665
QQQ,2021/8/31,380.51,380.579,378.36,379.95,29628175
QQQ,2021/9/1,381.04,382.71,380.37,380.58,28138311
QQQ,2021/9/2,381.97,382.31,379.15,380.4,25503535
QQQ,2021/9/3,379.22,381.98,379.2003,381.57,24624937
QQQ,2021/9/7,381.68,382.778,380.4882,382.11,23970203
QQQ,2021/9/8,381.93,381.93,378.45,380.78,32949159
QQQ,2021/9/9,381.01,382.15,379.22,379.47,29398978
QQQ,2021/9/10,381.23,381.97,376.245,376.59,40249405
QQQ,2021/9/13,378.99,379.43,374.22,376.33,48741781
QQQ,2021/9/14,377.86,378.61,374.28,375.26,41826624
QQQ,2021/9/15,375.73,378.41,373.37,378.05,34097865
QQQ,2021/9/16,376.68,378.9,374.695,378.31,35193083
QQQ,2021/9/17,377.82,377.87,372.76,373.83,60912267
QQQ,2021/9/20,367.46,369.25,360.93,365.7,76203202
QQQ,2021/9/21,367.58,368.81,364.99,366.15,41927483
QQQ,2021/9/22,367.09,371.07,365.9584,369.57,46972920
QQQ,2021/9/23,370.76,374.04,370.099,372.98,44652002
QQQ,2021/9/24,370.65,373.76,370.27,373.33,36056800
QQQ,2021/9/27,370.2,371.2516,367.73,370.35,43338079
QQQ,2021/9/28,365.67,370.302,359.35,359.87,97701632
QQQ,2021/9/29,361.17,363.37,358.635,359.28,58076621
QQQ,2021/9/30,360.97,362.68,357.1,357.96,61384577
QQQ,2021/10/1,358.6,361.25,354.38,360.18,56375488
QQQ,2021/10/4,358.52,358.86,350.32,352.62,76766005
QQQ,2021/10/5,353.71,359.69,353.48,357.38,47232904
QQQ,2021/10/6,354.08,359.95,353.15,359.67,56806536
QQQ,2021/10/7,362.8,365.69,362.25,362.97,39411172
QQQ,2021/10/8,364.08,364.3166,360.61,361.16,41822309
QQQ,2021/10/11,359.58,363.2,358.3,358.39,34847182
QQQ,2021/10/12,359.88,360.33,356.48,357.14,43905101
QQQ,2021/10/13,359.51,360.69,357.43,360,40120795
QQQ,2021/10/14,363.69,366.85,363.01,366.63,43433867
QQQ,2021/10/15,367.88,369.06,366.82,368.94,40419878
QQQ,2021/10/18,367.61,372.87,366.99,372.65,34513514
QQQ,2021/10/19,373.75,375.52,372.6974,375.47,29090963
QQQ,2021/10/20,375.94,376.565,373.46,374.98,31390338
QQQ,2021/10/21,374.16,377.47,373.85,377.27,25469277
QQQ,2021/10/22,375.98,376.97,372.385,374.1,36275822
QQQ,2021/10/25,375.56,378.87,373.56,377.93,32597804
QQQ,2021/10/26,380.23,382.71,377.905,379.12,47191279
QQQ,2021/10/27,379.58,383.15,379.31,380,45760496
QQQ,2021/10/28,381.95,384.48,381.155,384.22,38007005
QQQ,2021/10/29,381.06,386.28,380.7,386.11,37310116
QQQ,2021/11/1,386.56,387.56,384.42,387.43,30765303
QQQ,2021/11/2,386.8,389.54,386.75,389.05,25135292
QQQ,2021/11/3,389.55,393.61,388.48,393.18,33748901
QQQ,2021/11/4,394.48,399.2,393.92,398.22,40265313
QQQ,2021/11/5,400.04,400.99,397.16,398.6,43383802
QQQ,2021/11/8,398.57,399.62,397.4,398.06,29256270
QQQ,2021/11/9,399.16,399.57,393.92,395.32,50490720
QQQ,2021/11/10,392.47,395.36,387.53,389.51,54937385
QQQ,2021/11/11,392.57,392.75,390.24,390.59,32242983
QQQ,2021/11/12,391.77,395.25,390.13,394.7,34730564
QQQ,2021/11/15,395.91,396.24,392.095,394.61,33716861
QQQ,2021/11/16,393.86,397.93,393.66,397.42,27872940
QQQ,2021/11/17,397.75,399.7196,396.64,397.63,28703263
QQQ,2021/11/18,399.73,402.27,397.45,401.75,45721515
QQQ,2021/11/19,403.43,405.3,402.58,403.99,45191721
QQQ,2021/11/22,405.57,408.71,399.19,399.3,61715370
QQQ,2021/11/23,398.11,400.23,392.92,397.48,70098736
QQQ,2021/11/24,394.93,399.05,392.54,398.76,46954382
QQQ,2021/11/26,396.11,397.54,389.77,391.2,51533314
QQQ,2021/11/29,395.89,400.73,395.14,399.69,54447106
QQQ,2021/11/30,398.78,401.19,391.75,393.82,81332693
QQQ,2021/12/1,398.28,400.48,386.64,387.12,78379245
QQQ,2021/12/2,385.8,391.74,384.34,389.91,84416623
QQQ,2021/12/3,391.31,392.34,378.9,383.13,105349104
QQQ,2021/12/6,383.63,387.6,379.3,386.2,67588801
QQQ,2021/12/7,393.03,398.46,392.99,397.83,56005264
QQQ,2021/12/8,398.17,399.82,396.22,399.61,39204041
QQQ,2021/12/9,398.35,400.2,393.5299,393.73,49973714
QQQ,2021/12/10,396.62,398.28,393.36,398.01,52545767
QQQ,2021/12/13,398,398.325,391.88,392.26,50166410
QQQ,2021/12/14,387.3,390.09,383.63,388.2,75199181
QQQ,2021/12/15,387.94,397.4198,383.88,397.05,73858028
QQQ,2021/12/16,398.04,398.475,385.21,386.84,82591368
QQQ,2021/12/17,383.33,389.19,381.77,384.91,81642848
QQQ,2021/12/20,379.565,381.5,377.47,380.69,65336827
QQQ,2021/12/21,384.05,389.53,380.201,389.21,48899477
QQQ,2021/12/22,388.91,394.16,388.23,393.95,37042200
QQQ,2021/12/23,394.31,398.425,394.14,396.92,29595536
QQQ,2021/12/27,398.25,403.48,398.2194,403.48,32820705
QQQ,2021/12/28,404.4,404.58,400.71,401.61,33113728
QQQ,2021/12/29,401.75,403.05,399.11,401.55,32248484
QQQ,2021/12/30,401.33,403.5699,399.75,400.35,23850065
QQQ,2021/12/31,399.66,401.0589,397.34,397.85,34752884
QQQ,2022/1/3,399.05,401.94,396.88,401.68,40575854
QQQ,2022/1/4,402.24,402.28,393.288,396.47,58027206
QQQ,2022/1/5,394.74,395.89,384.03,384.29,75739847
QQQ,2022/1/6,382.42,387.35,380.13,384.02,70814324
QQQ,2022/1/7,384.03,385.76,378.04,379.86,72652304
QQQ,2022/1/10,374.82,380.64,369.31,380.11,91770497
QQQ,2022/1/11,379.355,385.9899,377.2182,385.82,68295698
QQQ,2022/1/12,388.46,390.2,385.01,387.35,54576366
QQQ,2022/1/13,388.77,389.47,376.7,377.66,77993962
QQQ,2022/1/14,375.07,380.35,374.86,380.01,80121210
QQQ,2022/1/18,374.04,376.22,369.7704,370.55,75812296
QQQ,2022/1/19,372.15,374.69,366.21,366.48,81791482
QQQ,2022/1/20,369.79,373.87,361.17,361.72,88610680
QQQ,2022/1/21,359.47,362.18,351.4,351.69,143388920
QQQ,2022/1/24,345.905,353.98,334.15,353.3,199448109
QQQ,2022/1/25,346.67,351.0295,341.68,345.11,124398394
QQQ,2022/1/26,352.91,356.88,340.78,344.57,146559524
QQQ,2022/1/27,349.4,351.27,340.05,341.1,95255656
QQQ,2022/1/28,343.03,352.02,337.95,351.8,108167897
QQQ,2022/1/31,353.2,363.65,351.52,363.05,94326389
QQQ,2022/2/1,364.43,366.19,359.14,365.52,74433023
QQQ,2022/2/2,369.76,370.1,364.285,368.49,78777135
QQQ,2022/2/3,358.53,361.93,352.46,353.55,95384771
QQQ,2022/2/4,354.08,361.4,351.97,358.01,86318301
QQQ,2022/2/7,358.62,361.05,353.84,355.13,58198087
QQQ,2022/2/8,353.96,360.24,352.8,359.12,64720897
QQQ,2022/2/9,363.76,366.81,362.12,366.73,55766422
QQQ,2022/2/10,359.52,366.4885,356.54,358.43,112468483
QQQ,2022/2/11,358.43,360.07,345.8,347.06,101569102
QQQ,2022/2/14,346.49,350.98,343.89,347.49,80254439
QQQ,2022/2/15,352.91,356.37,351.82,356.13,55390805
QQQ,2022/2/16,353.82,357.0896,350.71,356.04,58947086
QQQ,2022/2/17,352.74,353.46,345.02,345.45,61801353
QQQ,2022/2/18,346.41,346.81,339.14,341.51,80001513
QQQ,2022/2/22,338.49,344.04,334.35,338.08,85967095
QQQ,2022/2/23,341.32,342.183,329.1,329.42,86215371
QQQ,2022/2/24,318.84,341.04,318.26,340.49,130614053
QQQ,2022/2/25,341.31,345.98,337.39,345.77,78842088
QQQ,2022/2/28,342.51,348.54,341.32,346.8,77515544
QQQ,2022/3/1,345.75,348.078,338.9,341.49,67407000
QQQ,2022/3/2,343.08,348.59,340.24,347.22,70609015
QQQ,2022/3/3,349.93,350.04,340.35,342.26,71089385
QQQ,2022/3/4,339.84,341.31,334.92,337.3,77009763
QQQ,2022/3/7,337.29,338.48,324.65,324.86,89933794
QQQ,2022/3/8,324.05,333.21,319.94,323.35,116153921
QQQ,2022/3/9,331.75,336.38,329.09,334.99,64723366
QQQ,2022/3/10,330.82,332.51,326.71,331.27,69362714
QQQ,2022/3/11,334.32,334.64,323.9,324.4,66228432
QQQ,2022/3/14,323.13,326.59,317.45,318.17,79802606
QQQ,2022/3/15,320.88,328.95,319.23,328.15,76470991
QQQ,2022/3/16,332.17,340.44,328.401,340.32,105242954
QQQ,2022/3/17,338.37,344.5,337.0406,344.44,67809951
QQQ,2022/3/18,342.74,351.79,341.55,351.49,85446347
QQQ,2022/3/21,350.2,352.48,345.575,350.08,73799072
QQQ,2022/3/22,350.59,357.85,350.2,356.96,63345928
QQQ,2022/3/23,354.01,357.66,351.77,351.83,70615457
QQQ,2022/3/24,353.8,359.7,351.5939,359.65,53555251
QQQ,2022/3/25,359.59,360.67,354.9438,359.35,57584158
QQQ,2022/3/28,359.34,365.01,358.07,364.91,56833866
QQQ,2022/3/29,368.9,371.83,366.06,371.19,68072955
QQQ,2022/3/30,369.275,370.98,365.57,367.09,68757710
QQQ,2022/3/31,367.24,367.6,361.68,362.54,67011405
QQQ,2022/4/1,362.81,363.61,358.59,361.85,54527761
QQQ,2022/4/4,362.71,369.31,362.44,369.3,45950171
QQQ,2022/4/5,367.81,368.54,359.93,361.1,62738661
QQQ,2022/4/6,355.65,356.78,350.56,353.26,90077072
QQQ,2022/4/7,352.24,356.35,348.69,354.1,63777373
QQQ,2022/4/8,352.32,353.09,348.5,349.15,61956094
QQQ,2022/4/11,344.81,345.75,340.535,340.89,66107401
QQQ,2022/4/12,345.76,347.69,338.035,339.45,72790215
QQQ,2022/4/13,339.8,347.43,339.06,346.35,61367755
QQQ,2022/4/14,346.44,346.97,338.21,338.43,73519367
QQQ,2022/4/18,337.35,341.04,335.791,338.69,58560555
QQQ,2022/4/19,338.03,346.85,336.98,346.26,56515684
QQQ,2022/4/20,347.09,347.56,339.96,341.21,65500022
QQQ,2022/4/21,345.19,347.87,333.2,334.15,75801008
QQQ,2022/4/22,334.31,335.56,324.96,325.4,82562145
QQQ,2022/4/25,323.73,329.9,322.43,329.58,101755856
QQQ,2022/4/26,327.47,327.66,316.855,317.14,105819629
QQQ,2022/4/27,317.24,322.88,315,316.76,111204164
QQQ,2022/4/28,321.85,329.89,317.52,328.01,99449957
QQQ,2022/4/29,323.7,327.225,312.6,313.25,91977859
QQQ,2022/5/2,312.83,318.72,309.645,318.48,115511770
QQQ,2022/5/3,318.5,321.17,315.98,318.82,78185527
QQQ,2022/5/4,319.31,330.29,313.891,329.6,116083395
QQQ,2022/5/5,325.17,325.25,309.62,313,154607447
QQQ,2022/5/6,310.95,315.09,305.105,309.25,139572805
QQQ,2022/5/9,303.48,309.3487,295.72,297.15,113387342
QQQ,2022/5/10,304.51,305.76,296.57,300.76,124124550
QQQ,2022/5/11,298.44,304.09,290.95,291.84,140326148
QQQ,2022/5/12,287.45,295.75,284.94,291.15,120910850
QQQ,2022/5/13,295.72,302.999,294.0825,301.94,83684931
QQQ,2022/5/16,300.15,302.26,297.13,298.44,59190432
QQQ,2022/5/17,304.45,306.56,300.55,306.17,62715293
QQQ,2022/5/18,301.54,302.25,289.85,291.14,79477109
QQQ,2022/5/19,289.29,294.39,287.58,289.58,79920709
QQQ,2022/5/20,293.13,293.8,280.21,288.68,91764174
QQQ,2022/5/23,289.75,293.87,287.29,293.48,63648400
QQQ,2022/5/24,288.125,288.86,282.25,287.24,73491124
QQQ,2022/5/25,285.71,293.39,285.5,291.26,67144548
QQQ,2022/5/26,290.44,300.92,290.15,299.33,59462231
QQQ,2022/5/27,302.54,309.25,302.42,309.1,66985596
QQQ,2022/5/31,309.07,311.33,304.33,308.28,60968330
QQQ,2022/6/1,310.47,312.65,303.73,306,65341653
QQQ,2022/6/2,304.85,314.56,303.4001,314.38,59291333
QQQ,2022/6/3,309.03,310.47,304.92,306.2,60914684
QQQ,2022/6/6,310.75,312.35,305.62,307.22,51785013
QQQ,2022/6/7,303.81,310.67,302.6886,309.87,44900292
QQQ,2022/6/8,309.05,311.72,306.77,307.64,38342062
QQQ,2022/6/9,305.91,309.05,299.23,299.4,55900475
QQQ,2022/6/10,293.65,294.87,288.384,288.84,85963456
QQQ,2022/6/13,279.75,282.34,274.53,275.41,94442009
QQQ,2022/6/14,277.66,278.66,273.3375,275.91,64697521
QQQ,2022/6/15,279.415,286.83,276.61,282.8,86051428
QQQ,2022/6/16,275.59,276.06,269.28,271.39,81910297
QQQ,2022/6/17,272.18,277.19,270.5119,274.69,82703402
QQQ,2022/6/21,278.75,283.45,278.64,281.08,51633741
QQQ,2022/6/22,278.52,285.18,277.91,280.67,67472924
QQQ,2022/6/23,283.21,285.72,280.31,284.85,57457796
QQQ,2022/6/24,287.74,295.04,287.5001,294.61,58422262
QQQ,2022/6/27,296,296.5799,291.29,292.45,54151452
QQQ,2022/6/28,293,295.65,283.35,283.54,61867060
QQQ,2022/6/29,283.4,285.34,280.84,283.8,57302726
QQQ,2022/6/30,280.75,283.9441,275.78,280.28,79313580
QQQ,2022/7/1,278.95,282.53,277.03,282.13,56675107
QQQ,2022/7/5,278.31,287.08,276.7501,286.96,61829272
QQQ,2022/7/6,287.35,290.95,285.59,288.8,63194715
QQQ,2022/7/7,289.63,295.7,289.63,294.98,56620114
QQQ,2022/7/8,292.08,296.75,291.12,295.35,59895478
QQQ,2022/7/11,292.88,293.11,288.14,289.04,55273920
QQQ,2022/7/12,290.32,292.28,284.61,286.24,55797088
QQQ,2022/7/13,280.6,288.05,280.02,285.65,73939418
QQQ,2022/7/14,282.99,287.56,279.8,286.67,63741837
QQQ,2022/7/15,289.73,291.98,288.08,291.87,63818149
QQQ,2022/7/18,294.72,296.16,288.2,289.4,59519581
QQQ,2022/7/19,293.11,298.6,291.47,298.3,55172640
QQQ,2022/7/20,298.73,304.24,297.9329,303.03,67769430
QQQ,2022/7/21,303.5,307.435,300.78,307.38,55049363
QQQ,2022/7/22,306.43,308.55,300.115,301.99,57127715
QQQ,2022/7/25,302.02,302.5,298.22,300.27,40582381
QQQ,2022/7/26,298.53,298.79,293.54,294.37,50074122
QQQ,2022/7/27,299.04,308.54,298.46,306.81,69304364
QQQ,2022/7/28,306.59,310.3965,302.745,309.81,55139941
QQQ,2022/7/29,311.385,316.39,309.931,315.46,57501043
QQQ,2022/8/1,313.65,318.81,312.53,315.27,46358833
QQQ,2022/8/2,312.92,318.545,311.8401,314.33,48676501
QQQ,2022/8/3,316.05,323.7291,315.99,322.89,53735729
QQQ,2022/8/4,322.97,324.72,320.77,324.4,38973659
QQQ,2022/8/5,319.19,323.83,318.39,321.75,53893972
QQQ,2022/8/8,322.69,326.47,319.21,320.71,44066297
QQQ,2022/8/9,318.77,319.03,315.42,317.08,39764220
QQQ,2022/8/10,324.59,326.23,322.0601,325.93,51459564
QQQ,2022/8/11,328.305,330.36,323.36,324.08,45897650
QQQ,2022/8/12,326.175,330.585,325.1001,330.39,40928379
QQQ,2022/8/15,329.42,333.5652,329.4,333.06,38266614
QQQ,2022/8/16,332.055,334.4209,329.16,332.28,41186864
QQQ,2022/8/17,329.07,331.43,326.36,328.49,47842155
QQQ,2022/8/18,328.44,330.49,326.79,329.28,41937172
QQQ,2022/8/19,326.17,326.84,322.08,322.86,51770570
QQQ,2022/8/22,318.5,318.74,313.53,314.36,51098890
QQQ,2022/8/23,314.12,317,313.33,314.1,39497074
QQQ,2022/8/24,313.61,316.87,312.99,315.01,38057059
QQQ,2022/8/25,316.83,320.6,315.7577,320.58,38098255
QQQ,2022/8/26,320.28,321.51,307.35,307.44,69047740
QQQ,2022/8/29,304.62,307.22,303.28,304.41,48321851
QQQ,2022/8/30,306.1,306.73,298.44,301.02,51184500
QQQ,2022/8/31,303.99,304.91,299.16,299.27,50044041
QQQ,2022/9/1,296.72,299.78,292.95,299.4,57990745
QQQ,2022/9/2,302.34,303.75,293.52,295.17,64666839
QQQ,2022/9/6,295.66,296.6,290.87,293.05,57005444
QQQ,2022/9/7,293.54,299.99,293.27,298.97,49260381
QQQ,2022/9/8,296.85,301.87,295.45,300.52,55649821
QQQ,2022/9/9,302.83,307.6,300.5209,307.09,56125215
QQQ,2022/9/12,308.5,311.08,308.18,310.74,45905737
QQQ,2022/9/13,301.8,303.02,292.785,293.7,79562172
QQQ,2022/9/14,294.865,296.93,293.06,296.03,54907198
QQQ,2022/9/15,294.07,296.53,289.46,291.1,65299411
QQQ,2022/9/16,287.72,289.72,285.62,289.32,79920391
QQQ,2022/9/19,286.1,291.21,286.04,291.05,52613831
QQQ,2022/9/20,288.49,291.07,286.38,288.73,51271117
QQQ,2022/9/21,289.59,293.95,283.42,283.56,82930963
QQQ,2022/9/22,282,283.03,278.815,280.07,62757073
QQQ,2022/9/23,277.55,277.85,272.02,275.51,74815189
QQQ,2022/9/26,275.03,279.49,273.56,274.37,71176694
QQQ,2022/9/27,277.81,280.21,272.11,274.48,69780115
QQQ,2022/9/28,274.46,281.25,272.945,279.94,79652140
QQQ,2022/9/29,275.86,276.25,268.84,271.87,81215957
QQQ,2022/9/30,271.03,275.19,267.1,267.26,78482378
QQQ,2022/10/3,269.07,275.16,267.53,273.53,61267449
QQQ,2022/10/4,278.99,282.85,278.99,282.13,66696931
QQQ,2022/10/5,278.28,283.81,275.42,281.98,55766318
QQQ,2022/10/6,280.96,284.18,279.43,279.76,53489411
QQQ,2022/10/7,275.02,275.15,267.74,269.1,71354674
QQQ,2022/10/10,269.3,269.7,263.64,266.41,60392990
QQQ,2022/10/11,264.7,267.63,261.03,262.75,66522509
QQQ,2022/10/12,263.4,265.36,261.95,262.66,50580179
QQQ,2022/10/13,255.16,270.17,254.26,268.82,112894068
QQQ,2022/10/14,271.2,271.81,260.14,260.74,77244302
QQQ,2022/10/17,266.84,270.24,266.74,269.35,64576452
QQQ,2022/10/18,276.53,277.21,268.74,271.48,69780995
QQQ,2022/10/19,269.93,273.68,268.07,270.49,53115405
QQQ,2022/10/20,269.58,274.84,267.92,269.11,60605496
QQQ,2022/10/21,267.98,275.969,266.8236,275.42,77897694
QQQ,2022/10/24,275.69,279.4,271.97,278.45,63963569
QQQ,2022/10/25,279.41,284.6,277.9,284.21,59014494
QQQ,2022/10/26,278.46,283.98,277.43,277.93,63898246
QQQ,2022/10/27,276.79,278.2795,272.34,272.87,57760302
QQQ,2022/10/28,272.23,281.698,272.06,281.22,62651312
QQQ,2022/10/31,278.92,279.76,275.99,277.95,47741952
QQQ,2022/11/1,281.495,282.07,274.74,275.11,45895897
QQQ,2022/11/2,275.08,278.21,265.61,265.68,79803142
QQQ,2022/11/3,263.01,264.5,260.1,260.49,70038903
QQQ,2022/11/4,265.53,266.61,259.08,264.68,78313213
QQQ,2022/11/7,265.75,268.14,263.57,267.59,47333828
QQQ,2022/11/8,269.14,272.85,265.52,269.54,63213785
QQQ,2022/11/9,267.76,268.56,263.03,263.32,64862129
QQQ,2022/11/10,276.01,283.05,273.85,282.75,99256693
QQQ,2022/11/11,282.56,288.64,281.19,287.96,66961751
QQQ,2022/11/14,285.86,289.215,284.44,285.44,55080048
QQQ,2022/11/15,292.21,293.26,285.97,289.39,73985372
QQQ,2022/11/16,287.39,289.4838,284.6,285.44,48859804
QQQ,2022/11/17,280.88,286.3189,280.72,284.81,55462076
QQQ,2022/11/18,287.89,287.99,282.3211,284.82,53588631
QQQ,2022/11/21,283.4,284.58,281.04,281.89,40083527
QQQ,2022/11/22,282.64,286.11,280.46,285.95,41873444
QQQ,2022/11/23,285.97,289.46,285.79,288.82,46389967
QQQ,2022/11/25,287.19,287.91,286.42,286.92,15498797
QQQ,2022/11/28,284.9,286.96,281.76,282.71,38877045
QQQ,2022/11/29,282.94,283.35,279.17,280.57,35618878
QQQ,2022/11/30,280.84,293.47,279.97,293.36,74718088
QQQ,2022/12/1,293.69,295.75,290.88,293.72,51547332
QQQ,2022/12/2,288.54,293.45,288.36,292.55,53583172
QQQ,2022/12/5,290.38,291.68,286.15,287.64,41482121
QQQ,2022/12/6,287.48,287.62,280.255,281.68,53937605
QQQ,2022/12/7,280.47,282.57,278.7801,280.53,45614254
QQQ,2022/12/8,281.91,284.84,279.79,283.85,42594913
QQQ,2022/12/9,282.81,285.64,281.59,282.04,47860487
QQQ,2022/12/12,282.22,285.64,281.16,285.58,35732518
QQQ,2022/12/13,296.65,296.875,285.91,288.65,80667675
QQQ,2022/12/14,288.05,291.41,283.19,286.51,64984432
QQQ,2022/12/15,282.33,283.01,275.67,276.89,60554119
QQQ,2022/12/16,276.2,277.77,272.61,274.25,68300351
QQQ,2022/12/19,273.87,273.96,268.49,269.75,44167920
QQQ,2022/12/20,268.56,271.32,266.95,269.54,51064199
QQQ,2022/12/21,270.6,274.78,269.74,273.45,46394694
QQQ,2022/12/22,270.38,270.5149,262.455,266.76,60278377
QQQ,2022/12/23,265.47,268.04,263.53,267.36,39373584
QQQ,2022/12/27,266.74,266.85,263.03,263.58,38009005
QQQ,2022/12/28,263.17,265.47,259.73,260.1,47139043
QQQ,2022/12/29,262.96,267.405,262.25,266.44,45893567
QQQ,2022/12/30,263.62,266.41,262.29,266.28,37858277
QQQ,2023/1/3,268.65,270.155,262.13,264.48,42335325
QQQ,2023/1/4,266.64,267.45,262.53,265.74,47754861
QQQ,2023/1/5,264.04,264.21,261.26,261.58,45396744
QQQ,2023/1/6,263.35,269.94,260.34,268.8,54659739
QQQ,2023/1/9,270.83,275.29,269.92,270.54,45568676
QQQ,2023/1/10,269.49,272.94,268.97,272.83,35247763
QQQ,2023/1/11,273.92,277.66,273.12,277.55,44077036
QQQ,2023/1/12,278.12,280.1,273.74,279.05,60599953
QQQ,2023/1/13,276.5,281.219,276.16,280.97,44802936
QQQ,2023/1/17,280.77,282.85,279.581,281.54,36269738
QQQ,2023/1/18,283.11,284.69,277.67,277.88,47754549
QQQ,2023/1/19,276.22,277.375,273.89,275.15,44150436
QQQ,2023/1/20,276.79,283.02,275.71,282.68,60613606
QQQ,2023/1/23,283.54,290.21,282.73,288.96,52799905
QQQ,2023/1/24,287.31,289.55,286.78,288.37,44875146
QQQ,2023/1/25,283.77,288.36,281.18,287.73,50872022
QQQ,2023/1/26,291.22,293.52,288.519,293.34,51596335
QQQ,2023/1/27,292,298.26,291.88,296.26,56441939
QQQ,2023/1/30,292.93,294.38,289.89,290.27,49405833
QQQ,2023/1/31,290.31,294.72,290.2,294.62,46705106
QQQ,2023/2/1,294.41,303.43,292.3,300.92,67562173
QQQ,2023/2/2,307.57,313.68,306.73,311.72,83070628
QQQ,2023/2/3,304.94,312.39,304.54,306.18,76170804
QQQ,2023/2/6,303.51,305.91,302.22,303.59,40802348
QQQ,2023/2/7,303.46,311.03,302.32,309.88,67583981
QQQ,2023/2/8,308.54,309.5,303.67,304.37,56720860
QQQ,2023/2/9,308.84,308.99,300.2,301.68,49137818
QQQ,2023/2/10,299.48,301.57,297.25,299.7,50050104
QQQ,2023/2/13,301.13,305.1,299.93,304.5,39636720
QQQ,2023/2/14,302.89,307.72,300.91,306.75,64079057
QQQ,2023/2/15,304.9,309.27,304.2,309.1,43427298
QQQ,2023/2/16,304.38,308.43,303.15,303.3,59498630
QQQ,2023/2/17,301.07,301.93,298.1,301.16,58230729
QQQ,2023/2/21,297.26,298.73,293.89,294.03,46526708
QQQ,2023/2/22,294.62,296.3599,292.56,294.25,51389237
QQQ,2023/2/23,297.97,298.13,292.55,296.82,69294443
QQQ,2023/2/24,291.76,292.97,290.05,291.85,74331958
QQQ,2023/2/27,295.07,296.49,293.34,293.94,48995009
QQQ,2023/2/28,293.3,296.124,292.96,293.56,48243141
QQQ,2023/3/1,293.26,293.93,290.2,291.2,58286972
QQQ,2023/3/2,288.66,294.43,288.37,293.61,53738557
QQQ,2023/3/3,295.39,299.92,294.87,299.68,60511540
QQQ,2023/3/6,300.94,304,299.82,300.02,56736294
QQQ,2023/3/7,300.07,301.01,295.72,296.34,65955756
QQQ,2023/3/8,296.77,298.43,294.88,297.82,50876265
QQQ,2023/3/9,298.33,300.98,291.8299,292.66,71456691
QQQ,2023/3/10,292.83,294.35,287.38,288.55,98593561
QQQ,2023/3/13,286.73,294.47,285.19,290.69,97123603
QQQ,2023/3/14,294.31,297.93,293.45,297.37,73602545
QQQ,2023/3/15,294.71,299.27,293.24,298.93,83631535
QQQ,2023/3/16,298,307.18,297.19,306.81,98556824
QQQ,2023/3/17,306.72,309.15,303.37,305.36,89923732
QQQ,2023/3/20,304.26,306.3,302.01,305.97,56359491
QQQ,2023/3/21,307.94,310.8,306.395,310.34,49757048
QQQ,2023/3/22,310.27,315.25,305.95,306.12,75791914
QQQ,2023/3/23,309.92,314.15,307.01,309.75,74575981
QQQ,2023/3/24,309.32,310.99,306.95,310.89,57245803
QQQ,2023/3/27,311.6,312.7,307.89,308.76,50287407
QQQ,2023/3/28,308.17,308.2,304.774,307.12,48585917
QQQ,2023/3/29,310.88,313.35,310.05,312.72,53274266
QQQ,2023/3/30,315.24,316.32,312.8088,315.68,58354808
QQQ,2023/3/31,315.91,321.17,315.6,320.93,62138097
QQQ,2023/4/3,318.77,320.42,317.4201,320.15,47126839
QQQ,2023/4/4,320.6,321.63,317.8251,319.07,45875384
QQQ,2023/4/5,318.1,319.06,314.07,315.92,62795706
QQQ,2023/4/6,314.24,318.55,312.82,318.05,46916496
QQQ,2023/4/10,315.07,317.92,313.25,317.87,45134736
QQQ,2023/4/11,317.83,317.89,315.31,315.83,40113594
QQQ,2023/4/12,317.82,318.42,312.565,313.04,62813305
QQQ,2023/4/13,314.83,319.65,313.63,319.17,54613792
QQQ,2023/4/14,317.59,320.36,315.61,318.57,56278284
QQQ,2023/4/17,318.15,319.1999,316.04,318.84,43007023
QQQ,2023/4/18,320.99,321.42,317.64,318.86,46746940
QQQ,2023/4/19,316.41,319.79,316.28,318.71,38960127
QQQ,2023/4/20,315.69,319.27,314.97,316.28,62462142
QQQ,2023/4/21,315.91,317.4,314.1,316.61,59002285
QQQ,2023/4/24,316.38,317.7391,313.74,315.95,44043063
QQQ,2023/4/25,314.29,314.97,309.89,309.99,57121644
QQQ,2023/4/26,313.44,314.935,311.34,311.87,55400496
QQQ,2023/4/27,315.7,320.86,315.05,320.35,65430392
QQQ,2023/4/28,320.11,322.65,318.96,322.56,59712635
QQQ,2023/5/1,322.09,323.63,321.09,322.19,41013386
QQQ,2023/5/2,322.12,322.45,317.61,319.38,56519407
QQQ,2023/5/3,319.75,322.47,317.18,317.29,59882070
QQQ,2023/5/4,317.06,318.23,315.115,316.17,50224520
QQQ,2023/5/5,318.47,323.76,316.2116,322.89,51806098
QQQ,2023/5/8,322.42,324.04,321.315,323.69,36465796
QQQ,2023/5/9,322,322.88,321.32,321.64,31768800
QQQ,2023/5/10,324.12,326.01,321.6,325.14,60446623
QQQ,2023/5/11,325.7,326.75,324.12,326.2,44278548
QQQ,2023/5/12,326.74,327.17,322.94,325.03,48432836
QQQ,2023/5/15,325.51,327.03,323.96,326.79,33375559
QQQ,2023/5/16,326.06,328.9025,326.02,327.16,40019151
QQQ,2023/5/17,328.24,331.71,327.04,331.12,47486124
QQQ,2023/5/18,331.52,337.49,331.5,337.27,64213466
QQQ,2023/5/19,337.49,338.205,335.43,336.51,61554926
QQQ,2023/5/22,336.25,338.67,336.24,337.64,43015948
QQQ,2023/5/23,335.89,337.06,333,333.36,48216663
QQQ,2023/5/24,331.37,332.905,329.56,331.65,62891169
QQQ,2023/5/25,339.14,341.01,336.665,339.72,66862773
QQQ,2023/5/26,340.76,349.245,340.66,348.4,63006952
QQQ,2023/5/30,352.71,353.93,348.53,349.98,72652156
QQQ,2023/5/31,348.37,350.6,346.51,347.99,65105378
QQQ,2023/6/1,347.73,353.36,346.66,352.01,50488601
QQQ,2023/6/2,353.8,355.83,352.01,354.65,53372113
QQQ,2023/6/5,354.43,357.495,353.85,354.9,47266228
QQQ,2023/6/6,354.28,355.82,352.93,354.84,41390400
QQQ,2023/6/7,355.13,357.12,348.18,348.82,69225936
QQQ,2023/6/8,349.12,353.62,348.89,353.15,47153922
QQQ,2023/6/9,354.63,357.66,353.03,354.5,53196927
QQQ,2023/6/12,356.19,360.59,355.2,360.49,44817646
QQQ,2023/6/13,363.29,364.11,360.03,363.26,57097804
QQQ,2023/6/14,363.27,366.19,360.42,365.9,69525642
QQQ,2023/6/15,364.61,371.77,363.98,370.26,71138823
QQQ,2023/6/16,372.72,372.85,367.48,367.93,80931971
QQQ,2023/6/20,365.95,368.32,363.8899,366.9,49204722
QQQ,2023/6/21,365.74,366.18,360.96,361.9,53378256
QQQ,2023/6/22,360.63,366.33,360.22,366.17,47603043
QQQ,2023/6/23,362.21,364.88,360.8227,362.54,48922911
QQQ,2023/6/26,362,364.84,357.59,357.68,52685478
QQQ,2023/6/27,359.25,364.57,358.51,363.83,49428091
QQQ,2023/6/28,361.98,366.52,361.9038,364.54,46498031
QQQ,2023/6/29,364.24,364.89,362.14,363.81,46150967
QQQ,2023/6/30,367.55,370.49,367.23,369.42,58712501
QQQ,2023/7/3,370.07,370.93,368.97,370.29,19432862
QQQ,2023/7/5,368.695,372.01,368.66,370.28,34460883
QQQ,2023/7/6,366.51,367.91,364.52,367.46,49374728
QQQ,2023/7/7,367.23,370.48,366.01,366.24,47133749
QQQ,2023/7/10,365.96,367.05,363.41,366.36,48498800
QQQ,2023/7/11,366.79,368.632,364.62,368.17,38214146
QQQ,2023/7/12,372.34,374.19,370.3,372.82,61703696
QQQ,2023/7/13,376.05,379.99,375.46,379.15,46960012
QQQ,2023/7/14,379.585,382.86,378.18,379.07,55148500
QQQ,2023/7/17,379.8,383.5,379.31,382.61,40868915
QQQ,2023/7/18,381.96,387.13,380,385.74,55343438
QQQ,2023/7/19,386.82,387.98,384.3,385.65,54092958
QQQ,2023/7/20,382.61,384.095,375.72,376.76,71941674
QQQ,2023/7/21,379.18,379.92,375.191,375.63,60499643
QQQ,2023/7/24,376.62,377.58,374.34,376.23,40380056
QQQ,2023/7/25,376.95,380.47,376.93,378.78,38894384
QQQ,2023/7/26,377.72,379.24,375.18,377.52,47075710
QQQ,2023/7/27,383.07,384.71,375.31,376.62,63940225
QQQ,2023/7/28,380.74,384.52,380.22,383.48,56902926
QQQ,2023/7/31,383.79,384.88,382.34,383.68,44019905
QQQ,2023/8/1,382.31,383.56,380.69,382.79,41308457
QQQ,2023/8/2,379.26,379.26,373.13,374.39,72687107
QQQ,2023/8/3,371.94,375.95,371.77,373.79,47855381
QQQ,2023/8/4,375.75,378.1,371.53,372.04,61702759
QQQ,2023/8/7,373.88,375.29,371.51,375.19,37230444
QQQ,2023/8/8,372.64,372.66,368.82,372,44726453
QQQ,2023/8/9,372.29,372.45,367.14,367.91,51150900
QQQ,2023/8/10,370.97,374.36,367.035,368.59,72035265
QQQ,2023/8/11,365.99,368,364.69,366.24,48707187
QQQ,2023/8/14,365.43,370.47,364.7,370.35,42130802
QQQ,2023/8/15,369.36,370.169,365.74,366.42,45539891
QQQ,2023/8/16,365.87,367.43,362.44,362.54,53190525
QQQ,2023/8/17,363.96,364.31,358.16,358.58,62604338
QQQ,2023/8/18,355.26,359.41,354.71,358.13,61191389
QQQ,2023/8/21,359.62,364.59,359.15,363.9,50696518
QQQ,2023/8/22,366.55,366.56,362.68,363.38,44613509
QQQ,2023/8/23,364.58,370.22,364.36,369.11,51770603
QQQ,2023/8/24,372.64,372.74,361.01,361.22,66842491
QQQ,2023/8/25,362.07,365.74,358.58,364.02,69960465
QQQ,2023/8/28,366.99,367.71,364.25,366.76,40910019
QQQ,2023/8/29,366.56,375.13,366.231,374.77,58492371
QQQ,2023/8/30,374.88,377.4467,373.86,376.86,41731511
QQQ,2023/8/31,376.94,379.719,376.87,377.99,35730701
QQQ,2023/9/1,380.4,380.83,376.0801,377.59,39801177
QQQ,2023/9/5,376.77,379.3093,375.83,378.07,32344222
QQQ,2023/9/6,377.28,377.63,372.7,374.74,42998735
QQQ,2023/9/7,370.21,372.85,369.15,372.06,52060716
QQQ,2023/9/8,372.01,374.85,371.6,372.58,35847359
QQQ,2023/9/11,375.66,377.49,373.66,376.97,39936634
QQQ,2023/9/12,375.27,376.9517,372.5,372.79,41391024
QQQ,2023/9/13,373.03,375.84,371.88,374.21,46300677
QQQ,2023/9/14,375.99,378.27,373.89,377.27,48039388
QQQ,2023/9/15,375.91,376.32,369.86,370.81,69811206
QQQ,2023/9/18,369.32,371.79,369.03,370.66,36903545
QQQ,2023/9/19,369.32,370.6826,366.8,369.87,37621734
QQQ,2023/9/20,370.95,371.31,364.46,364.54,45514189
QQQ,2023/9/21,360.8,361.6,357.69,357.86,69734845
QQQ,2023/9/22,359.63,361.8,357.59,357.91,51589689
QQQ,2023/9/25,356.93,359.7,355.93,359.61,39167985
QQQ,2023/9/26,356.99,357.54,353.2101,354.21,53657748
QQQ,2023/9/27,355.38,356.98,351.36,355.04,56065972
QQQ,2023/9/28,354.11,360.17,353.24,358.01,56453312
QQQ,2023/9/29,361.54,362.95,357.02,358.27,64829616
QQQ,2023/10/2,358.54,362.68,357.92,361.26,51625054
QQQ,2023/10/3,358.78,361.01,353.275,354.92,60478489
QQQ,2023/10/4,355.77,360.61,355.3,359.75,54786686
QQQ,2023/10/5,359.74,360.15,355.14,358.69,45897390
QQQ,2023/10/6,355.65,365.91,354.85,364.7,75049119
QQQ,2023/10/9,362.3,367.11,360.78,366.56,45304766
QQQ,2023/10/10,366.9,371.28,366.39,368.59,46968806
QQQ,2023/10/11,369.94,371.412,368.19,371.22,38215088
QQQ,2023/10/12,371.73,373.74,367.5,369.93,49587942
QQQ,2023/10/13,370.57,371.16,363.86,365.28,52519876
QQQ,2023/10/16,366.62,370.48,366.47,369.41,44201059
QQQ,2023/10/17,365.81,369.92,363.66,368.2,50999102
QQQ,2023/10/18,365.67,367.91,362.02,363.37,54280490
QQQ,2023/10/19,364.81,366.02,359.16,359.97,72274238
QQQ,2023/10/20,359.46,360.04,354.37,354.6,72559723
QQQ,2023/10/23,353.26,359.26,351.1199,355.67,60665185
QQQ,2023/10/24,357.51,359.91,355.79,359.13,47082078
QQQ,2023/10/25,356.7,356.88,349.75,350.34,71190536
QQQ,2023/10/26,349.12,350.07,342.35,343.66,78621425
QQQ,2023/10/27,346.43,348.84,344.08,345.31,63476707
QQQ,2023/10/30,347.83,350.54,346.45,349.2,55298536
QQQ,2023/10/31,349.23,351.25,346.62,350.87,47671906
QQQ,2023/11/1,351.72,357.5298,351.62,356.96,58992666
QQQ,2023/11/2,361.54,363.68,360.3,363.44,58162442
QQQ,2023/11/3,364.75,369.02,364.52,367.71,53280457
QQQ,2023/11/6,368.49,369.78,366.91,369.21,38848743
QQQ,2023/11/7,370.27,373.58,369.045,372.7,50777398
QQQ,2023/11/8,373.08,373.79,370.62,372.94,35663373
QQQ,2023/11/9,373.64,374.8,369.57,370.07,53859421
QQQ,2023/11/10,371.82,378.54,371.28,378.39,58368439
QQQ,2023/11/13,376.79,378.28,375.24,377.21,40733505
QQQ,2023/11/14,383.71,386.26,383.18,385.33,67792634
QQQ,2023/11/15,387.25,387.75,384.235,385.62,54141385
QQQ,2023/11/16,384.84,386.19,383.56,385.95,45343544
QQQ,2023/11/17,385.21,387.07,384.29,386.04,46622745
QQQ,2023/11/20,386.05,391.41,386.05,390.74,44536669
QQQ,2023/11/21,389.01,389.23,386.7,388.47,43336989
QQQ,2023/11/22,390.57,393.07,389.04,390.06,44178572
QQQ,2023/11/24,389.65,390.25,388.5,389.51,15718832
QQQ,2023/11/27,389.01,391.1499,388.28,389.17,34139656
QQQ,2023/11/28,388.41,390.78,388.05,390.19,35491123
QQQ,2023/11/29,392.69,394.14,389.46,389.81,38811745
QQQ,2023/11/30,390.08,390.55,385.82,388.83,52834381
QQQ,2023/12/1,387.75,390.54,386.0726,389.94,40490068
QQQ,2023/12/4,386.09,386.595,382.66,386.32,51186944
QQQ,2023/12/5,384.39,388.5,384.21,387.29,42932956
QQQ,2023/12/6,390.27,390.37,384.7,385.05,41994072
QQQ,2023/12/7,388.07,391.27,386.96,390.43,49593545
QQQ,2023/12/8,388.67,392.62,388.4801,392.17,46687525
QQQ,2023/12/11,391.74,395.79,391.53,395.52,41198021
QQQ,2023/12/12,395.56,398.79,394.41,398.67,39221152
QQQ,2023/12/13,399.62,404.36,398.8399,403.74,55408129
QQQ,2023/12/14,404.98,406.3,400.34,403.39,55447808
QQQ,2023/12/15,404.18,406.5399,403.57,405.34,62896645
QQQ,2023/12/18,404.93,407.99,404.6,407.08,46609985
QQQ,2023/12/19,407.54,409.28,407.345,409.16,35711855
QQQ,2023/12/20,408.35,410.4699,402.9,403.08,54042443
QQQ,2023/12/21,407.06,408.14,404.47,407.77,45568914
QQQ,2023/12/22,409,409.97,406.4787,408.38,34314003
QQQ,2023/12/26,409.25,411.56,409.15,410.88,22722545
QQQ,2023/12/27,410.95,411.7875,410.08,411.5,31980481
QQQ,2023/12/28,412.67,412.92,410.94,411.3,27029152
QQQ,2023/12/29,411.28,411.64,407.58,409.52,42662120
QQQ,2024/1/2,405.84,406.09,400.24,402.59,58026946
QQQ,2024/1/3,399.93,401,397.89,398.33,47002803
QQQ,2024/1/4,396.44,399.59,396.06,396.28,39432797
QQQ,2024/1/5,396.45,399.56,395.34,396.75,44922810
QQQ,2024/1/8,397.99,405.24,397.8399,404.95,42473796
QQQ,2024/1/9,401.91,406.69,401.71,405.75,39132860
QQQ,2024/1/10,406.07,409.515,405.17,408.5,33962774
QQQ,2024/1/11,409.79,411.2004,404.242,409.35,54536198
QQQ,2024/1/12,410.4,411.25,408.15,409.56,39594952
QQQ,2024/1/16,408.31,411.12,406.83,409.52,43903027
QQQ,2024/1/17,406.17,407.585,402.92,407.21,54385974
QQQ,2024/1/18,410.52,413.575,409.1601,412.99,59562505
QQQ,2024/1/19,415.22,421.34,414.625,421.18,70325123
QQQ,2024/1/22,423.41,424.7275,421.12,421.73,44880639
QQQ,2024/1/23,422.43,423.7,420.57,423.48,33003806
QQQ,2024/1/24,427.44,429.85,425.33,425.83,46948016
QQQ,2024/1/25,428.36,429.04,423.98,426.35,44367205
QQQ,2024/1/26,424.44,426.21,423.15,423.81,37137028
QQQ,2024/1/29,424.27,428.35,423.61,428.15,38694724
QQQ,2024/1/30,427.1,427.68,424.38,425.3,36738956
QQQ,2024/1/31,420.85,422.8699,416.79,416.97,64010649
QQQ,2024/2/1,418.79,422.375,417.81,421.88,51008622
QQQ,2024/2/2,423.8,430.24,422.79,429.01,59602435
QQQ,2024/2/5,429.07,429.61,425,428.45,39889209
QQQ,2024/2/6,429.61,430.22,425.22,427.59,35846134
QQQ,2024/2/7,430.41,432.83,429.09,431.99,37712661
QQQ,2024/2/8,432.11,433.56,431.42,432.79,29889892
QQQ,2024/2/9,433.94,437.845,433.1401,437.05,36943905
QQQ,2024/2/12,436.94,439.14,434.65,435.34,33203305
QQQ,2024/2/13,427.28,431.27,425.3305,428.55,64491669
QQQ,2024/2/14,431.26,433.65,428.8799,433.22,45092722
QQQ,2024/2/15,433.92,434.98,431.33,434.51,38796137
QQQ,2024/2/16,434.89,434.99,429.85,430.57,53716475
QQQ,2024/2/20,428.55,430.08,423.5,427.32,53999452
QQQ,2024/2/21,424.55,425.7,421.63,425.61,50179697
QQQ,2024/2/22,434.49,439.12,433.71,438.07,53887751
QQQ,2024/2/23,439.65,440.59,435.79,436.78,39853861
QQQ,2024/2/26,437.6,438.6,436.355,436.55,33043238
QQQ,2024/2/27,437.67,437.99,435.025,437.6,33713220
QQQ,2024/2/28,435.43,436.67,434.3,435.27,32938821
QQQ,2024/2/29,438.23,440.09,435.02,439,42495152
QQQ,2024/3/1,439.9,446.58,439.84,445.61,43853029
QQQ,2024/3/4,445.61,446.04,443.77,444.02,34325687
QQQ,2024/3/5,440.94,440.95,433.65,436.05,57917135
QQQ,2024/3/6,440.32,441.99,436.89,438.79,46234460
QQQ,2024/3/7,442.42,446.72,440.86,445.45,44526666
QQQ,2024/3/8,445.81,448.64,438.34,439.02,72095957
QQQ,2024/3/11,437.51,438.66,435.44,437.39,45859992
QQQ,2024/3/12,439.73,444.02,436.46,443.66,55300909
QQQ,2024/3/13,442.65,442.67,439.12,440.25,37928691
QQQ,2024/3/14,441.5,442.03,436.39,439.14,52195208
QQQ,2024/3/15,436.07,438.8733,432.7417,433.92,73069824
QQQ,2024/3/18,438.73,441.04,437.24,437.48,47323802
QQQ,2024/3/19,435.45,438.98,433.33,438.57,43004105
QQQ,2024/3/20,439.78,444.11,438.06,443.77,43653490
QQQ,2024/3/21,448.88,449.34,445.67,445.87,39345652
QQQ,2024/3/22,445.35,447.49,444.49,446.38,28253899
QQQ,2024/3/25,443.55,446.26,442.54,444.76,27789154
QQQ,2024/3/26,446.3,447.225,443.09,443.32,34142043
QQQ,2024/3/27,446.44,446.54,441.93,444.83,41359240
QQQ,2024/3/28,444.78,445.64,443.65,444.01,36839641
QQQ,2024/4/1,444.97,447.53,443.02,444.95,38728951
QQQ,2024/4/2,440.08,441.43,438.03,441.11,44259665
QQQ,2024/4/3,438.96,444,438.95,442.1,39949750
QQQ,2024/4/4,446.33,446.95,435.11,435.34,57267660
QQQ,2024/4/5,436.78,443.17,435.96,440.47,54744634
QQQ,2024/4/8,441.41,442.5,439.2,440.6,28144944
QQQ,2024/4/9,442.96,443.24,437.44,442.23,39521568
QQQ,2024/4/10,437,439.24,436.28,438.37,61502191
QQQ,2024/4/11,440.26,446.33,437.96,445.37,45474550
QQQ,2024/4/12,441.1,442.24,436.88,438.27,53664995
QQQ,2024/4/15,442.06,442.15,430.21,431.06,63453622
QQQ,2024/4/16,430.9,433.76,429.7,431.1,47618961
QQQ,2024/4/17,433.1,433.12,424.9,425.84,56880536
QQQ,2024/4/18,426.49,428.24,422.83,423.41,46549363
QQQ,2024/4/19,422.22,422.75,413.07,414.65,75230990
QQQ,2024/4/22,417.31,421.18,413.94,418.82,47807663
QQQ,2024/4/23,420.77,426.28,418.8715,425.07,44384741
QQQ,2024/4/24,428.2,429.73,424.2,426.51,48440305
QQQ,2024/4/25,419.24,425.32,418.14,424.45,57392169
QQQ,2024/4/26,427.62,432.55,426.92,431,41874907
QQQ,2024/4/29,433.13,433.76,429.98,432.75,30022161
QQQ,2024/4/30,431.15,432.56,424.51,424.59,43665934
QQQ,2024/5/1,423.15,430.14,420.66,421.52,52251707
QQQ,2024/5/2,425.3,427.81,420.63,426.9,36559007
QQQ,2024/5/3,434.44,436.48,432.62,435.48,48515252
QQQ,2024/5/6,437.3,440.34,436.52,440.25,30227200
QQQ,2024/5/7,440.7,441.97,439.58,440.32,30996094
QQQ,2024/5/8,437.67,441.48,437.55,440.06,24896723
QQQ,2024/5/9,440.33,441.6,438.46,441.02,24580121
QQQ,2024/5/10,442.54,444.31,440.499,442.06,27116566
QQQ,2024/5/13,443.99,444.09,441.65,443.08,22994192
QQQ,2024/5/14,442.65,446.465,442.46,445.93,34478321
QQQ,2024/5/15,448.43,453.15,446.9,452.9,41464651
QQQ,2024/5/16,452.71,454.69,451.81,451.98,34780412
QQQ,2024/5/17,452.11,452.72,449.5399,451.76,35803719
QQQ,2024/5/20,451.98,455.58,451.785,454.91,24474226
QQQ,2024/5/21,453.04,455.99,452.84,455.8,23167720
QQQ,2024/5/22,456.06,456.82,453.08,455.71,25120040
QQQ,2024/5/23,460.55,460.58,451.8503,453.66,40899230
QQQ,2024/5/24,455.29,459.23,453.5674,457.95,29669461
QQQ,2024/5/28,459.18,459.74,456.69,459.68,26216815
QQQ,2024/5/29,455.48,458.24,455.34,456.44,29739238
QQQ,2024/5/30,455.5,455.64,450.21,451.55,30714121
QQQ,2024/5/31,451.78,452.48,443.055,450.71,55941301
QQQ,2024/6/3,454.57,455.58,447.9,453.13,32997467
QQQ,2024/6/4,452.87,455.575,451.1311,454.37,23767436
QQQ,2024/6/5,457.98,463.61,454.408,463.53,33817409
QQQ,2024/6/6,464.22,464.54,462.19,463.37,21966820
QQQ,2024/6/7,463,465.74,461.84,462.96,25829720
QQQ,2024/6/10,461.82,465.19,461.53,464.83,20719771
QQQ,2024/6/11,463.54,468.14,462.03,468.02,22053281
QQQ,2024/6/12,471.99,476.5,471.29,474.15,34532585
QQQ,2024/6/13,477.72,478.39,474.42,476.72,25859014
QQQ,2024/6/14,476.52,479.26,476.05,479.19,23372620
QQQ,2024/6/17,479.46,486.86,478.14,485.06,37054504
QQQ,2024/6/18,485.01,485.9,483.43,485.21,24438565
QQQ,2024/6/20,486.42,486.8387,479.62,481.47,33918683
QQQ,2024/6/21,481.19,482.535,478.67,480.18,39432913
QQQ,2024/6/24,478.18,479.93,473.82,473.96,37750969
QQQ,2024/6/25,476.07,479.68,475.12,479.38,29250209
QQQ,2024/6/26,478.55,480.92,478.13,480.37,22737105
QQQ,2024/6/27,480.12,483.1,479.3,481.61,26222135
QQQ,2024/6/28,482.41,487.2,478.46,479.11,34881581
QQQ,2024/7/1,480.04,482.49,476.255,481.92,24898336
QQQ,2024/7/2,480.41,487.04,480.28,486.98,26723559
QQQ,2024/7/3,486.22,491.17,486.22,491.04,18064880
QQQ,2024/7/5,491.89,496.6,491.59,496.16,28495936
QQQ,2024/7/8,496.53,497.895,495.5,497.34,22109420
QQQ,2024/7/9,498.87,500,496.24,497.77,25701253
QQQ,2024/7/10,499.71,503.52,498.39,502.96,28046901
QQQ,2024/7/11,503.07,503.28,490.725,491.93,49966590
QQQ,2024/7/12,492.51,499.62,492.04,494.82,37109399
QQQ,2024/7/15,496.61,501.01,494.09,496.15,31151386
QQQ,2024/7/16,497.62,498.44,493.15,496.34,25950622
QQQ,2024/7/17,488.28,488.7984,481.7,481.77,56268768
QQQ,2024/7/18,485.53,485.71,476.27,479.49,49347361
QQQ,2024/7/19,479.15,481.69,473.94,475.24,42042856
QQQ,2024/7/22,481.16,483.35,477.7068,482.32,40299999
QQQ,2024/7/23,481.41,484.43,480.14,480.62,23282454
QQQ,2024/7/24,473.82,474.19,462.51,463.38,58818629
QQQ,2024/7/25,463.72,467.94,455.63,458.27,59256759
QQQ,2024/7/26,462.65,465.93,459.77,462.97,39992132
QQQ,2024/7/29,465.71,467.91,461.615,463.9,28218476
QQQ,2024/7/30,465.85,466.561,454.15,457.53,41317210
QQQ,2024/7/31,467.87,472.79,466.41,471.07,44552134
QQQ,2024/8/1,471.76,475.55,455.98,459.66,56653900
QQQ,2024/8/2,450.89,453.57,444.47,448.75,66323244
QQQ,2024/8/5,424.71,442.29,423.45,435.37,87483452
QQQ,2024/8/6,437.23,447.07,434.56,439.53,63164429
QQQ,2024/8/7,446.49,449,434.37,434.77,54929163
QQQ,2024/8/8,441.06,448.99,437.15,448.07,47890071
QQQ,2024/8/9,446.74,452.06,445.61,450.41,33573976
QQQ,2024/8/12,451.39,454.37,448.5546,451.38,27795006
QQQ,2024/8/13,455.82,462.85,455.68,462.58,40084457
QQQ,2024/8/14,463.51,465.1093,458.4,462.73,34733746
QQQ,2024/8/15,468.76,474.82,468.38,474.42,38280565
QQQ,2024/8/16,472.62,476.41,471.65,475.03,38383623
QQQ,2024/8/19,475.17,481.31,473.37,481.27,23737674
QQQ,2024/8/20,480.35,482.94,478.55,480.26,29209340
QQQ,2024/8/21,481.05,484.37,479.32,482.5,25658787
QQQ,2024/8/22,484.84,485.54,473.81,474.85,37739576
QQQ,2024/8/23,479.24,482.74,475.28,480,36061508
QQQ,2024/8/26,479.45,480.38,473.24,475.34,27452641
QQQ,2024/8/27,473.69,477.84,471.71,476.76,27510003
QQQ,2024/8/28,476.29,477.02,467.89,471.35,37372436
QQQ,2024/8/29,473.28,477.93,469.372,470.66,41081465
QQQ,2024/8/30,475.04,476.9,470.51,476.27,33466473
QQQ,2024/9/3,473.2,473.33,459.4101,461.81,44985219
QQQ,2024/9/4,458.67,464.45,457.73,460.61,32505102
QQQ,2024/9/5,458.97,465.36,457.939,461.04,34452385
QQQ,2024/9/6,460.33,461.22,448.19,448.69,50624385
QQQ,2024/9/9,453.06,455.46,449.8234,454.46,32981169
QQQ,2024/9/10,456.24,459.17,452.23,458.66,29680319
QQQ,2024/9/11,459.91,469.37,451.28,468.62,57842992
QQQ,2024/9/12,468.65,474.04,466.8491,473.22,40175456
QQQ,2024/9/13,472.48,476.53,472.25,475.34,29111849
QQQ,2024/9/16,473.19,473.8599,469.89,473.24,22585596
QQQ,2024/9/17,476.29,477.6,470.97,473.49,30084438
QQQ,2024/9/18,474.7,478.83,470.83,471.44,39909215
QQQ,2024/9/19,482.61,486.23,480.49,483.36,52782523
QQQ,2024/9/20,482.49,483.69,478.3,482.44,34577663
QQQ,2024/9/23,482.95,484.14,481.6,483.04,24842972
QQQ,2024/9/24,484.46,486.33,480.17,485.37,25952637
QQQ,2024/9/25,484.74,487.79,484.56,485.82,26549866
QQQ,2024/9/26,493.37,493.7,485.8,489.47,32020206
QQQ,2024/9/27,490.5,490.64,485.56,486.75,22851120
QQQ,2024/9/30,485.78,488.41,482.92,488.07,30330605
QQQ,2024/10/1,487.7,488,477.4,481.27,42735424
QQQ,2024/10/2,480.36,483.88,477.72,481.95,23744049
QQQ,2024/10/3,479.74,484.545,478.99,481.59,25337220
QQQ,2024/10/4,487.45,487.88,482.385,487.32,30744909
QQQ,2024/10/7,485.39,486.57,480.87,482.1,24975119
QQQ,2024/10/8,484.66,489.99,483.845,489.3,28272017
QQQ,2024/10/9,489,493.73,487.95,493.15,24994950
QQQ,2024/10/10,490.85,494.47,489.53,492.59,25750446
QQQ,2024/10/11,490.74,494.39,490.17,493.36,20644497
QQQ,2024/10/14,495.77,498.83,495.26,497.5,26060145
QQQ,2024/10/15,497.83,498.5,488.68,490.85,34784506
QQQ,2024/10/16,491.18,491.69,487.57,490.91,22996776
QQQ,2024/10/17,496.44,496.49,491.1901,491.25,27210658
QQQ,2024/10/18,494.06,495.57,493.3,494.47,25335030
QQQ,2024/10/21,493.25,496.23,491.31,495.42,30336549
QQQ,2024/10/22,492.73,497.445,491.97,495.96,26685841
QQQ,2024/10/23,493.59,494.25,485.05,488.36,39346565
QQQ,2024/10/24,492.11,493,489.44,492.32,22024930
QQQ,2024/10/25,495.14,500.28,494.43,495.32,38762143
QQQ,2024/10/28,498.46,498.52,495.1,495.4,20477778
QQQ,2024/10/29,495.72,501.35,493.85,500.16,28014059
QQQ,2024/10/30,499.39,500.35,495.89,496.38,29755960
QQQ,2024/10/31,492.38,492.43,483.75,483.85,41245248
QQQ,2024/11/1,485.5,490.7507,485.2,487.43,33655757
QQQ,2024/11/4,486.82,489.38,484.2545,486.01,23291580
QQQ,2024/11/5,487.61,492.88,487.52,492.21,24353615
QQQ,2024/11/6,500.56,506.41,499.6,505.58,43082198
QQQ,2024/11/7,508.4,514.33,508.34,513.54,32853120
QQQ,2024/11/8,513.035,514.9175,512.41,514.14,22924483
QQQ,2024/11/11,515.37,515.58,510.92,513.84,24167479
QQQ,2024/11/12,513.77,514.66,509.83,512.91,25835288
QQQ,2024/11/13,512.4,514.98,509.95,512.25,24567416
QQQ,2024/11/14,511.91,512.79,507.77,508.69,28679519
QQQ,2024/11/15,502.94,503.33,494.49,496.57,51461054
QQQ,2024/11/18,498.13,502.14,496.73,500.02,27192662
QQQ,2024/11/19,497.42,503.9536,497.08,503.46,24523020
QQQ,2024/11/20,503.16,503.48,496.555,503.17,29565491
QQQ,2024/11/21,506.24,506.96,497.56,504.98,34526738
QQQ,2024/11/22,504.42,506.53,502.78,505.79,23826644
QQQ,2024/11/25,509.9,511.4525,504.2625,506.59,26375166
QQQ,2024/11/26,508.08,510.14,507.23,509.31,26557061
QQQ,2024/11/27,508.17,508.24,501.93,505.3,24957441
QQQ,2024/11/29,505.93,510.34,505.31,509.74,15333968
QQQ,2024/12/2,511.01,516.26,510.62,515.29,25147165
QQQ,2024/12/3,513.95,517.15,513.37,516.87,18597900
QQQ,2024/12/4,520.32,523.52,519.6,523.26,26086222
QQQ,2024/12/5,523.31,524.0399,521.42,521.81,18169632
QQQ,2024/12/6,522.48,526.72,522.35,526.48,23762611
QQQ,2024/12/9,525.55,526.35,521.22,522.38,20674405
QQQ,2024/12/10,523.62,525.38,519.16,520.6,24350040
QQQ,2024/12/11,525,530.61,524.59,529.92,32168579
QQQ,2024/12/12,527.68,528.96,526.02,526.5,23577504
QQQ,2024/12/13,530.46,533.1661,527.3001,530.53,28780405
QQQ,2024/12/16,533.08,539.15,533,538.17,31979863
QQQ,2024/12/17,536.36,537.48,534.13,535.8,28579070
QQQ,2024/12/18,535.15,536.8799,515.01,516.47,54703155
QQQ,2024/12/19,521.19,521.7599,513.83,514.17,46441754
QQQ,2024/12/20,510.44,524.82,509.29,518.66,60529961
QQQ,2024/12/23,519.55,523.25,516.13,522.87,29672800
QQQ,2024/12/24,524.83,530.05,524.19,529.96,17558215
QQQ,2024/12/26,528.32,531.24,526.31,529.6,19141494
QQQ,2024/12/27,526.01,526.45,517.86,522.56,33839555
QQQ,2024/12/30,515.51,519.36,511.83,515.61,34584028
QQQ,2024/12/31,516.9,517.66,510.26,511.23,29117028
QQQ,2025/1/2,514.3,516.64,505.71,510.23,36389783
QQQ,2025/1/3,513.35,519.6454,512.53,518.58,29059520
QQQ,2025/1/6,524.02,527.92,522.03,524.54,36109734
QQQ,2025/1/7,525.59,525.99,513.28,515.18,36690272
QQQ,2025/1/8,515.08,516.9199,510.57,515.27,30777777
QQQ,2025/1/10,511.48,511.58,503.92,507.19,40532495
QQQ,2025/1/13,501.2,506.02,499.7,505.56,31694210
QQQ,2025/1/14,508.74,510.155,501.59,505.08,33737237
QQQ,2025/1/15,513.03,517.85,511.46,516.7,34957554
QQQ,2025/1/16,518.98,519.0599,512.95,513.08,28229037
QQQ,2025/1/17,522.85,524.0733,513.1086,521.74,51837941
QQQ,2025/1/21,524.48,525.97,520.06,524.8,23627971
QQQ,2025/1/22,529.57,533.82,529.26,531.51,33592988
QQQ,2025/1/23,529.04,532.76,528.45,532.64,23096588
QQQ,2025/1/24,533.02,533.79,528.15,529.63,19878251
QQQ,2025/1/27,511,517.99,510.15,514.21,60771695
QQQ,2025/1/28,515.22,523,511.78,521.81,33194214
QQQ,2025/1/29,522.46,522.59,516.8988,520.83,26649011
QQQ,2025/1/30,523.71,526.095,518.21,523.05,27431302
QQQ,2025/1/31,526.92,531.5178,521.19,522.29,38845467
QQQ,2025/2/3,513.47,520.8496,511.05,518.11,40580835
QQQ,2025/2/4,518.63,525.11,518.23,524.47,26046753
QQQ,2025/2/5,521.82,527.01,520.62,526.85,21134070
QQQ,2025/2/6,527.36,529.81,525.7413,529.6,19434454
QQQ,2025/2/7,530.14,532.1,522.19,522.92,29605470
QQQ,2025/2/10,527.22,530.3571,526.75,529.25,20852784
QQQ,2025/2/11,525.96,529.92,525.83,527.99,19325500
QQQ,2025/2/12,522.3,529.19,521.95,528.3,25009362
QQQ,2025/2/13,529.98,536.22,529.19,535.9,28714799
QQQ,2025/2/14,536.005,538.84,535.67,538.15,17862572
QQQ,2025/2/18,539.73,540,536.04,539.37,20565028
QQQ,2025/2/19,538.57,540.81,536.46,539.52,19666861
QQQ,2025/2/20,538.73,539.1,532.46,537.23,26550753
QQQ,2025/2/21,538.38,538.4,525.71,526.08,47093750
QQQ,2025/2/24,527.88,529.069,519.53,519.87,39268392
QQQ,2025/2/25,519.24,519.32,509.44,513.32,48940025
QQQ,2025/2/26,515.53,519.66,511.37,514.56,34457618
QQQ,2025/2/27,518.13,519.0699,500.05,500.27,52447966
QQQ,2025/2/28,500.13,508.78,496.93,508.17,47654043
QQQ,2025/3/3,511.52,513.04,493.58,497.05,44587204
QQQ,2025/3/4,494.18,503.74,487.735,495.55,67875402
QQQ,2025/3/5,496.2,503.63,491.26,502.01,46323725
QQQ,2025/3/6,493.69,498.58,486.2,488.2,57574332
QQQ,2025/3/7,487.16,493.28,480.53,491.79,54714726
QQQ,2025/3/10,483.45,483.97,468.66,472.73,76668029
QQQ,2025/3/11,472.35,478.805,467.01,471.6,68760771
QQQ,2025/3/12,479.16,481.06,471.79,476.92,46971082
QQQ,2025/3/13,476.25,476.2801,466.43,468.34,46563349
QQQ,2025/3/14,473.73,480.56,473.12,479.66,43563010
QQQ,2025/3/17,479.61,485.84,477.8,482.77,41744354
QQQ,2025/3/18,479.41,479.61,472.41,474.54,39072265
QQQ,2025/3/19,476.81,485.33,474.87,480.89,40430334
QQQ,2025/3/20,476.88,484.55,476.18,479.26,36780549
QQQ,2025/3/21,474.08,481.61,472.905,480.84,42234874
QQQ,2025/3/24,487.74,491.51,484.4,490.66,34567186
QQQ,2025/3/25,491.39,493.62,490.42,493.46,26035241
QQQ,2025/3/26,492.3,493.16,482.82,484.38,35043357
QQQ,2025/3/27,482.41,486.5799,480.25,481.62,33469817
QQQ,2025/3/28,479.81,480.52,468.05,468.94,46363797
QQQ,2025/3/31,461.92,469.86,457.33,468.92,53000303
QQQ,2025/4/1,467.3,473.63,464.42,472.7,41156226
QQQ,2025/4/2,466.12,479.56,465.86,476.15,49894489
QQQ,2025/4/3,456.44,460.07,450.14,450.66,70456338
QQQ,2025/4/4,438.14,440.37,422.67,422.67,117088441
QQQ,2025/4/7,408.66,443.14,402.39,423.69,161556970
QQQ,2025/4/8,438.16,443.1384,409.79,416.06,101248060
QQQ,2025/4/9,415.57,467.83,415.43,466,142876878
QQQ,2025/4/10,453.56,455.59,432.63,446.18,108384092
QQQ,2025/4/11,444.65,455.79,441.33,454.4,52483779
QQQ,2025/4/14,464.46,465.05,452.63,457.48,43941179
QQQ,2025/4/15,458.54,462.38,456.15,457.99,35404210
QQQ,2025/4/16,449.03,452.62,437.76,444.18,48980552
QQQ,2025/4/17,447.17,447.75,441.36,444.1,44837047
QQQ,2025/4/21,438.23,439.08,427.93,433.11,44149313
QQQ,2025/4/22,438.82,447.58,437.62,444.48,52304388
QQQ,2025/4/23,458.17,463.38,452.88,454.56,55801136
QQQ,2025/4/24,456.48,467.66,455.83,467.35,45956136
QQQ,2025/4/25,466.97,473.09,465.39,472.56,38697063
QQQ,2025/4/28,473.03,474.808,466.03,472.41,33550778
QQQ,2025/4/29,470.17,476.4243,469.59,475.53,30613120
QQQ,2025/4/30,467.13,477.2,462.43,475.47,46810610
QQQ,2025/5/1,483.41,487.18,480.74,481.68,43316539
QQQ,2025/5/2,486.54,490.91,484.83,488.83,39218082
QQQ,2025/5/5,484.6,489.03,484.1,485.93,28309490
QQQ,2025/5/6,479.56,485.05,478.19,481.41,32786310
QQQ,2025/5/7,482.08,485.8,476.782,483.3,38109864
QQQ,2025/5/8,488.53,492.7,484.17,488.29,39577592
QQQ,2025/5/9,490.21,491.54,486.195,487.97,27767416
QQQ,2025/5/12,506.99,507.89,501.48,507.85,45090616
QQQ,2025/5/13,509.16,517.39,508.42,515.59,53269573
QQQ,2025/5/14,516.77,519.2279,515.75,518.68,47014516
QQQ,2025/5/15,516.52,521.93,515.17,519.25,50153275
QQQ,2025/5/16,520.66,521.7,517.1,521.51,48394603
QQQ,2025/5/19,514.24,522.53,514.24,522.01,52536154
QQQ,2025/5/20,519.47,520.93,516.66,520.27,42517561
QQQ,2025/5/21,516.27,523,511.24,513.04,71292831
QQQ,2025/5/22,513.66,517.71,512.3,514,55607169
QQQ,2025/5/23,506.18,511.84,505.58,509.24,58368075
QQQ,2025/5/27,516.15,521.71,514.59,521.22,47226323
QQQ,2025/5/28,522.18,523.68,518.39,518.91,46637175
QQQ,2025/5/29,526.33,526.48,517.32,519.93,58724069
QQQ,2025/5/30,519.44,520.68,511.93,519.11,67662836
QQQ,2025/6/2,517.24,523.45,515.97,523.21,44762817
QQQ,2025/6/3,523.56,528.74,522.69,527.3,44070330
QQQ,2025/6/4,528.01,529.84,525.9694,528.77,41359322
QQQ,2025/6/5,530.18,533.05,522.66,524.79,61286623
QQQ,2025/6/6,530,531.8,528.21,529.92,42467021
QQQ,2025/6/9,530.14,532.35,529.01,530.7,33688671
QQQ,2025/6/10,531.17,534.9,528.89,534.21,40664795
QQQ,2025/6/11,535.62,536.78,530.11,532.41,53701033
QQQ,2025/6/12,531.09,534.6438,530.84,533.66,34104887
QQQ,2025/6/13,527.68,531.87,525.73,526.96,55814443
QQQ,2025/6/16,530.5,535.37,530.45,534.29,37622051
QQQ,2025/6/17,531.71,533.325,527.91,529.08,42180866
QQQ,2025/6/18,530.1,532.55,527.4,528.99,43983522
QQQ,2025/6/20,532.26,533.56,524.88,526.83,61643519
QQQ,2025/6/23,526.81,532.17,523.65,531.65,50666146
QQQ,2025/6/24,536.89,540.7,536.27,539.78,45441982
QQQ,2025/6/25,542.06,543.31,539.38,541.16,44804168
QQQ,2025/6/26,543.35,546.67,541.52,546.22,43811432
QQQ,2025/6/27,547.26,549.99,544.545,548.09,57577147
QQQ,2025/6/30,551.26,552.8,549.01,551.64,45548742
QQQ,2025/7/1,549.73,550.71,544.66,546.99,56166736
QQQ,2025/7/2,546.16,551,546.12,550.8,36538281
QQQ,2025/7/3,553.18,557.2,553.18,556.22,26443524
QQQ,2025/7/7,553.52,554.34,549.58,552.03,45349323
QQQ,2025/7/8,553.38,554.01,551.1,552.34,36153258
QQQ,2025/7/9,554.48,557.63,553.1,556.25,43045534
QQQ,2025/7/10,556.89,557.3,552.75,555.45,34710913
QQQ,2025/7/11,553.3,555.79,552.05,554.2,39618635
QQQ,2025/7/14,553.99,556.945,551.63,556.21,36453314
QQQ,2025/7/15,560.25,560.8,556.66,556.72,43277661
QQQ,2025/7/16,557.28,560.21,551.56,557.29,52314711
QQQ,2025/7/17,558.02,562.31,557.21,561.8,40423778
QQQ,2025/7/18,563.12,564.7262,559.98,561.26,50484704
QQQ,2025/7/21,562.09,566.06,562.06,564.17,39595214
QQQ,2025/7/22,564.3,564.35,558.61,561.25,43270647
QQQ,2025/7/23,562.34,563.85,559.58,563.81,40215259
QQQ,2025/7/24,565.13,566.24,563.295,565.01,42275541
QQQ,2025/7/25,564.93,567.695,564.27,566.37,30630813
QQQ,2025/7/28,567.74,569.04,566.87,568.14,31498739
QQQ,2025/7/29,570.76,572.11,566.53,567.26,45463317
QQQ,2025/7/30,568.18,570.62,565.05,568.02,43433777
QQQ,2025/7/31,574.54,574.63,563.87,565.01,64613590
QQQ,2025/8/1,558.83,559.02,551.68,553.88,69400789
QQQ,2025/8/4,559.05,564.315,558.95,564.1,47669751
QQQ,2025/8/5,565.39,566.5607,559.73,560.27,48666640
QQQ,2025/8/6,561.11,567.76,560.63,567.32,41823677
QQQ,2025/8/7,571.67,573.32,565.11,569.24,44462972
QQQ,2025/8/8,570.45,574.77,570.15,574.55,35255472
QQQ,2025/8/11,574.69,576.8,571.57,572.85,33112917
QQQ,2025/8/12,575.16,580.35,572.485,580.05,42271441
QQQ,2025/8/13,582.76,583.3199,578.94,580.34,41209294
QQQ,2025/8/14,578.28,581.88,577.91,579.89,45425043
QQQ,2025/8/15,579.8,579.84,575.5743,577.34,49480161
QQQ,2025/8/18,576.44,577.765,575.2412,577.11,29830957
QQQ,2025/8/19,576.39,576.56,568.25,569.28,53752635
QQQ,2025/8/20,568.33,568.45,558.84,565.9,76781087
QQQ,2025/8/21,564.35,566.49,560.98,563.28,46436899
QQQ,2025/8/22,564.67,573.99,563.27,571.97,51502129
QQQ,2025/8/25,570.4,573.2871,569.16,570.32,34044749
QQQ,2025/8/26,569.83,572.92,568.8,572.61,34103014
QQQ,2025/8/27,571.59,574.405,570.37,573.49,36927144
QQQ,2025/8/28,574.11,578,572.46,577.08,46787857
QQQ,2025/8/29,574.655,575.03,568.54,570.4,56030409
QQQ,2025/9/2,561.31,565.965,559.535,565.62,65876765
QQQ,2025/9/3,569.23,571.695,566.725,570.07,54230213
QQQ,2025/9/4,570.74,575.6,569.025,575.23,47526280
QQQ,2025/9/5,580.49,581.12,571.53,576.06,68342532
QQQ,2025/9/8,578.37,580.84,577.77,578.87,46371354
QQQ,2025/9/9,579.67,580.94,577.04,580.51,44007592
QQQ,2025/9/10,583.74,583.77,578.55,580.7,49307959
QQQ,2025/9/11,583.24,584.88,581.62,584.08,44745766
QQQ,2025/9/12,585.04,587.86,584.1,586.66,50745886
QQQ,2025/9/15,588.44,591.79,588.295,591.68,44360315
QQQ,2025/9/16,592.61,592.86,590.49,591.18,36942130
QQQ,2025/9/17,591.1,591.75,584.365,590,69384820
QQQ,2025/9/18,594.91,598.14,592.96,595.32,61069294
QQQ,2025/9/19,597.33,600.05,595.85,599.35,58196109
QQQ,2025/9/22,597.74,602.87,597.72,602.2,57154769
QQQ,2025/9/23,602.37,602.57,596.98,598.2,64635486
QQQ,2025/9/24,599.58,599.9,593.36,596.1,49850301
QQQ,2025/9/25,592.2,595.115,588.5,593.53,70920209
QQQ,2025/9/26,594.35,596.3,591.06,595.97,54337416
QQQ,2025/9/29,599.11,602.05,597.41,598.73,48332934
QQQ,2025/9/30,598.43,600.71,596.1,600.37,46533814
QQQ,2025/10/1,597.17,603.79,596.34,603.25,46899612
QQQ,2025/10/2,607.06,607.16,602.93,605.73,43765410
QQQ,2025/10/3,606.51,607.3255,601.385,603.18,46482098
QQQ,2025/10/6,608.45,609.36,605.97,607.71,41962115
QQQ,2025/10/7,609.02,609.71,603.03,604.51,58209463
QQQ,2025/10/8,605.41,611.75,605.26,611.44,50629754
QQQ,2025/10/9,611.48,611.61,607.48,610.7,45550958
QQQ,2025/10/10,611.4,613.18,589.05,589.5,97614783
QQQ,2025/10/13,599.68,602.95,597.23,602.01,65872584
QQQ,2025/10/14,595.31,602.69,590.13,598,69203187
QQQ,2025/10/15,604.01,606.7,595.93,602.22,62805456
QQQ,2025/10/16,605.11,608.31,595.5,599.99,70981963
QQQ,2025/10/17,597.95,605.51,596.37,603.93,72024872
QQQ,2025/10/20,607.14,612.8,607.065,611.54,45761697
QQQ,2025/10/21,611.64,612.7213,609.32,611.38,44538161
QQQ,2025/10/22,610.82,611.41,599.74,605.49,61478802
QQQ,2025/10/23,604.91,611.37,604.52,610.58,42844298
QQQ,2025/10/24,615.99,618.42,615.13,617.1,47632473
QQQ,2025/10/27,624.52,628.55,624.03,628.09,54098611
QQQ,2025/10/28,630.36,634.68,629.25,632.92,61195733
QQQ,2025/10/29,635.59,637.01,630.25,635.77,67422806
QQQ,2025/10/30,632.17,633.5,625.94,626.05,61628621
QQQ,2025/10/31,634.17,634.2,626.69,629.07,66305147
QQQ,2025/11/3,635.11,635.82,629.85,632.08,37154307
QQQ,2025/11/4,623.28,626.95,618.455,619.25,63830768
QQQ,2025/11/5,618.49,626.6,617.21,623.28,48688484
QQQ,2025/11/6,621.79,622.04,610.3,611.67,72115128
QQQ,2025/11/7,608.31,609.95,598.67,609.74,81835388
QQQ,2025/11/10,618.92,624.31,616.89,623.23,55919931
QQQ,2025/11/11,620.57,622.72,617.52,621.57,44868841
QQQ,2025/11/12,624.84,624.86,617.81,621.08,47444384
QQQ,2025/11/13,617.54,618.12,606.08,608.4,71333634
QQQ,2025/11/14,599.55,613.35,597.17,608.86,80087291
QQQ,2025/11/17,606.3,612.48,599.87,603.66,63850367
QQQ,2025/11/18,599.62,602.31,591.34,596.31,83327279
QQQ,2025/11/19,597.07,606.16,594.59,599.87,73111487
QQQ,2025/11/20,611.62,614.03,584.75,585.67,117743195
QQQ,2025/11/21,587.47,596.98,580.74,590.07,103344155
QQQ,2025/11/24,595.28,606.68,595.16,605.16,60168149
QQQ,2025/11/25,603.51,610.2601,597.32,608.89,57560867
QQQ,2025/11/26,612.51,616.19,610.39,614.27,42393598
QQQ,2025/11/28,616.11,619.32,615.4174,619.25,23034394
QQQ,2025/12/1,613.63,619.4401,612.52,617.17,40957588
QQQ,2025/12/2,619.46,623.75,617.59,622,54541834
QQQ,2025/12/3,619.62,624.22,618.03,623.52,47841627
QQQ,2025/12/4,624.93,624.94,619.54,622.94,47067751
QQQ,2025/12/5,624.38,628.92,623.71,625.48,53614169
QQQ,2025/12/8,627.21,628.84,621.69,624.28,43462406
QQQ,2025/12/9,623.01,625.87,621,625.05,37155999
QQQ,2025/12/10,623.85,629.21,620.99,627.61,55031384
QQQ,2025/12/11,623.82,625.78,617.72,625.58,58272844
QQQ,2025/12/12,622.08,623.54,611.36,613.62,75158726
QQQ,2025/12/15,618.37,618.42,609.32,610.54,49538197
QQQ,2025/12/16,608.26,613.51,606.9101,611.75,55152819
QQQ,2025/12/17,613.06,613.65,600.28,600.41,70654327
QQQ,2025/12/18,609.8,612.93,606.92,609.11,78875824
QQQ,2025/12/19,611.95,617.62,611.87,617.05,60369829
QQQ,2025/12/22,621.35,621.65,617.77,619.21,43703101
QQQ,2025/12/23,618.2,622.41,617.78,622.11,41120445
QQQ,2025/12/24,621.99,624.28,621.72,623.93,18468707
QQQ,2025/12/26,624.66,625.515,623.14,623.89,28959778
QQQ,2025/12/29,620.1,622.78,618.73,620.87,32458308
QQQ,2025/12/30,619.84,622.18,619.215,619.43,31226754
QQQ,2025/12/31,619.65,619.96,614.05,614.31,40746527