Ticker,Date,Open,High,Low,Close,Volume
SPY,2000/1/3,148.25,148.25,143.875,145.4375,8164300
SPY,2000/1/4,143.5313,144.0625,139.6406,139.75,8089800
SPY,2000/1/5,139.9375,141.5313,137.25,140,12177900
SPY,2000/1/6,139.625,141.5,137.75,137.75,6227200
SPY,2000/1/7,140.3125,145.75,140.0625,145.75,8066500
SPY,2000/1/10,146.25,146.9063,145.0313,146.25,5741700
SPY,2000/1/11,145.8125,146.0938,143.5,144.5,7503700
SPY,2000/1/12,144.5938,144.5938,142.875,143.0625,6907700
SPY,2000/1/13,144.4688,145.75,143.2813,145,5158300
SPY,2000/1/14,146.5313,147.4688,145.9688,146.9688,7437300
SPY,2000/1/18,145.3438,146.625,145.1875,145.8125,6488500
SPY,2000/1/19,145.3125,147,145,147,6157900
SPY,2000/1/20,146.9688,146.9688,143.8125,144.75,5821500
SPY,2000/1/21,145.5,145.5,144.0625,144.4375,6244800
SPY,2000/1/24,145.6563,145.8438,139.4063,140.3438,7896900
SPY,2000/1/25,140.5156,141.9375,139,141.9375,9942500
SPY,2000/1/26,141,141.5469,140.0938,140.8125,5158100
SPY,2000/1/27,141.8438,142.2188,138.125,140.25,10922700
SPY,2000/1/28,139.4375,140.0625,135.5313,135.875,11916200
SPY,2000/1/31,135.8125,139.6719,135,139.5625,10768700
SPY,2000/2/1,139.75,141.6875,138.5313,140.9375,8419900
SPY,2000/2/2,141.2813,142.25,140.375,141.0625,6205900
SPY,2000/2/3,140.875,143.25,140,143.1875,7997500
SPY,2000/2/4,143.1875,144,142.125,142.5938,4925400
SPY,2000/2/7,142.5625,142.7813,141.4375,142.375,5846800
SPY,2000/2/8,143.9688,144.5625,143.625,144.3125,4936500
SPY,2000/2/9,144.4688,144.4688,141.2656,141.2813,8511500
SPY,2000/2/10,141.625,142.5625,140.875,141.5625,6690600
SPY,2000/2/11,141.8438,141.9375,138.0313,138.6875,9849800
SPY,2000/2/14,139.7813,139.7813,138.3125,139.5,8528800
SPY,2000/2/15,139.25,141.2188,137.7969,141.0938,11078300
SPY,2000/2/16,140.375,140.9375,138.7969,139,8845400
SPY,2000/2/17,140.4375,140.4375,138.2188,138.2813,7584200
SPY,2000/2/18,138.875,138.875,134.625,135.3125,9409200
SPY,2000/2/22,135.1875,136.3438,133.5313,134.9688,16415400
SPY,2000/2/23,135.625,137.4688,134.5,136.5625,12119000
SPY,2000/2/24,136.6875,137.0313,133.0938,133.8125,17375000
SPY,2000/2/25,135.1875,136.7188,133.125,133.3281,10559900
SPY,2000/2/28,133.375,136.6875,132.7188,136.125,13397800
SPY,2000/2/29,136.0625,137.4375,135.75,137.4375,8242500
SPY,2000/3/1,137.625,139,137.2188,138.4375,6868000
SPY,2000/3/2,138.6875,139.125,137.3438,138.5313,7600200
SPY,2000/3/3,140.4375,141.7188,139.7188,141.125,12770300
SPY,2000/3/6,140.8125,141.3438,138.75,139.75,11967100
SPY,2000/3/7,140,140.1563,135.2188,137.0469,20062000
SPY,2000/3/8,136.4688,137.8438,135.0313,136.875,11808500
SPY,2000/3/9,137.25,140.875,136.125,140.875,5500900
SPY,2000/3/10,140.1875,142,139.5313,140.125,7924600
SPY,2000/3/13,136.6875,140.4688,136.5,138.5938,10540400
SPY,2000/3/14,139.2813,140.0938,136.1563,136.625,8263900
SPY,2000/3/15,136.875,140.4375,136.0625,139.8125,10300800
SPY,2000/3/16,141.625,146.8438,140.875,146.3438,25601400
SPY,2000/3/17,145.8125,148,145.4375,146.9375,10272900
SPY,2000/3/20,146.875,147.3438,144.7813,146.1875,12502300
SPY,2000/3/21,145.5313,149.75,144.5,149.1875,13612600
SPY,2000/3/22,149.5625,150.8438,148.6875,150.0938,8260000
SPY,2000/3/23,149.1563,153.4688,149.1563,152.6563,11654500
SPY,2000/3/24,152.875,155.75,151.7188,153.5625,11462900
SPY,2000/3/27,153.375,153.7813,151.8125,151.9375,8798600
SPY,2000/3/28,151.25,152.9844,150.5938,151.0625,6334400
SPY,2000/3/29,151.5625,152.4844,149.6563,151.2188,6747500
SPY,2000/3/30,150.1563,151.9219,147.125,148.6875,9491900
SPY,2000/3/31,149.625,152.3125,148.4375,150.375,9249100
SPY,2000/4/3,150.125,151.25,148.6875,151.25,8508200
SPY,2000/4/4,151.75,153,145.75,145.75,21060400
SPY,2000/4/5,147.875,150.8125,147.625,149.1875,8227900
SPY,2000/4/6,150.25,151.6875,149,150.4844,6378500
SPY,2000/4/7,151.5625,152.125,150.5,151.4375,6023600
SPY,2000/4/10,151.75,153.1094,150.3125,150.8438,9624200
SPY,2000/4/11,150,151.625,148.375,150.4063,9006400
SPY,2000/4/12,150.375,151.1563,146.1563,146.2813,10779700
SPY,2000/4/13,147.4688,148.1563,141.125,144.25,12226800
SPY,2000/4/14,142.625,142.8125,133.5,136,29604000
SPY,2000/4/17,135.1875,140.75,134.6875,140.75,23918200
SPY,2000/4/18,140.5625,144.4688,139.7813,144.4688,11070700
SPY,2000/4/19,144.5,145.125,142.5313,143.125,6553700
SPY,2000/4/20,143.5625,143.9375,142.375,143.8125,8537600
SPY,2000/4/24,141.5,143.3125,140.5,142.25,12893100
SPY,2000/4/25,144.625,148.1563,144.4375,148.1563,14230300
SPY,2000/4/26,147.9688,148.75,146,146.4844,7711100
SPY,2000/4/27,143,147.3438,143,146,15595300
SPY,2000/4/28,147,147.8594,145.0625,145.0938,8743400
SPY,2000/5/1,146.5625,148.4844,145.8438,147.0625,7328300
SPY,2000/5/2,145.5,147.125,144.125,144.125,9411900
SPY,2000/5/3,144,144,139.7813,140.75,12630700
SPY,2000/5/4,142,142.3594,140.75,141.8125,5963600
SPY,2000/5/5,141.0625,144,140.9375,143.5313,7862400
SPY,2000/5/8,142.75,143.375,141.8438,142.4531,5064100
SPY,2000/5/9,143.0625,143.4063,140.2656,141.3125,5620300
SPY,2000/5/10,140.5,140.9688,137.75,138.125,10293900
SPY,2000/5/11,140.125,141.5,139.125,141.2813,7091100
SPY,2000/5/12,141.8125,143.4688,141.625,142.8125,5960800
SPY,2000/5/15,142.75,145.6094,142,145.2813,4441300
SPY,2000/5/16,146.5625,147.7188,145.3125,146.6875,8192200
SPY,2000/5/17,145.6875,146.1875,144.4688,145.1563,5907200
SPY,2000/5/18,145.625,146.3125,143.375,143.375,4325600
SPY,2000/5/19,142.5625,143.2344,140.4063,141.125,6518400
SPY,2000/5/22,141.25,141.4688,137,140.0625,10839400
SPY,2000/5/23,140.4375,140.8125,137.5625,138,7979200
SPY,2000/5/24,138,140.6875,136.5,140.25,11084500
SPY,2000/5/25,140.6875,141.8125,137.7188,137.8438,8278900
SPY,2000/5/26,138.8125,139.6875,137.3281,138,4814000
SPY,2000/5/30,140,142.9375,139.4688,142.5,5362700
SPY,2000/5/31,142.5625,144,142.0938,142.8125,6056500
SPY,2000/6/1,143.6875,145.4375,143,145.3125,8961600
SPY,2000/6/2,148.9375,149.0938,147.4844,147.8438,8962200
SPY,2000/6/5,147.4688,148.2188,146.875,147.125,6998100
SPY,2000/6/6,146.625,147.7813,145.9063,146.4688,4858900
SPY,2000/6/7,146.625,148,146,147.4844,4919500
SPY,2000/6/8,147.5,147.75,146.0625,146.9063,5723100
SPY,2000/6/9,147.5,147.9688,145.625,146.5938,3085300
SPY,2000/6/12,146.9688,146.9688,144.875,144.875,3478900
SPY,2000/6/13,144.8125,147.75,144.625,147.5938,6558700
SPY,2000/6/14,148.25,148.875,147.1875,147.8438,6420500
SPY,2000/6/15,148.125,148.75,146.8438,148.1563,5881200
SPY,2000/6/16,148.3125,148.3125,145.875,146.5938,5567900
SPY,2000/6/19,146.4688,149.1563,146.25,148.4688,5106900
SPY,2000/6/20,148.1875,148.875,147,147.9375,6480000
SPY,2000/6/21,146.9375,148.4375,146.8906,147.875,3115000
SPY,2000/6/22,147.5625,147.6875,145,145.625,7490500
SPY,2000/6/23,145.8125,146.125,143.875,144.375,4863300
SPY,2000/6/26,145.375,146.25,144.875,146.2344,5201300
SPY,2000/6/27,145.9844,146.7188,145.0156,145.1563,4159500
SPY,2000/6/28,145.625,146.9844,145.3125,145.5625,5347700
SPY,2000/6/29,144.75,145.75,143.5156,144.1875,6345700
SPY,2000/6/30,143.9375,145.5938,143.8906,145.2813,7420200
SPY,2000/7/3,145.4375,147.4375,145.1875,147.2813,1436600
SPY,2000/7/5,146.375,146.6563,144.375,144.625,2748200
SPY,2000/7/6,144.9375,146.4688,144.2188,145.75,5963200
SPY,2000/7/7,146.6875,148.7813,146.25,148.0938,3034800
SPY,2000/7/10,147.875,148.9063,147.5313,147.8438,2816100
SPY,2000/7/11,147.4688,149.125,147.1563,148.1563,5431600
SPY,2000/7/12,149.2813,150.125,148.6875,149.125,5883000
SPY,2000/7/13,149.9844,150.375,149.1875,149.7813,5356000
SPY,2000/7/14,150.4375,151.25,149.6719,151.25,5341900
SPY,2000/7/17,150.9844,151.9844,150.6875,151,4208300
SPY,2000/7/18,150.625,150.625,149.3438,149.7656,4262100
SPY,2000/7/19,149.4688,149.9063,148.25,148.5625,8506800
SPY,2000/7/20,149,150.625,148.8125,150.625,4538900
SPY,2000/7/21,149.75,149.75,147.6875,147.6875,5656900
SPY,2000/7/24,148.125,148.8594,146.5625,146.8438,5628500
SPY,2000/7/25,147.75,147.8438,146.7813,147.3125,4757100
SPY,2000/7/26,146.9688,147.1563,145.6406,145.875,12062500
SPY,2000/7/27,145.9375,146.625,144.6875,145.375,7652600
SPY,2000/7/28,145.7188,145.9063,141.5156,142.0938,6229500
SPY,2000/7/31,142.9375,144.125,142.0625,143,5265500
SPY,2000/8/1,143.625,144.7188,143.125,143.875,3946600
SPY,2000/8/2,143.875,145.4063,143.625,144.5938,7439800
SPY,2000/8/3,142.875,145.8125,142.625,145.5938,4607100
SPY,2000/8/4,146.3125,146.7188,145.4063,146.375,3686600
SPY,2000/8/7,146.7188,148.4375,146.375,148.125,4159800
SPY,2000/8/8,147.5,148.8125,147.5,148.6875,3658700
SPY,2000/8/9,149.1406,149.2188,147.375,147.4375,5383800
SPY,2000/8/10,147.5313,147.8594,146.2813,146.7188,4193400
SPY,2000/8/11,146.625,148,145.5625,147.4063,5089400
SPY,2000/8/14,147.7813,149.5625,147.0625,149.2813,2966700
SPY,2000/8/15,149.3438,149.8125,148.5625,149.1563,5564600
SPY,2000/8/16,149.3125,149.9375,147.8438,148.625,5191600
SPY,2000/8/17,148.6875,150.4375,148.3438,150.1875,5652200
SPY,2000/8/18,150.375,150.375,149.2188,149.6875,4626400
SPY,2000/8/21,150.0313,150.7188,149.4063,150.5,2380600
SPY,2000/8/22,150.5625,151.3125,150.0938,150.25,3075300
SPY,2000/8/23,149.8125,151.2813,149.2813,150.8438,5483200
SPY,2000/8/24,151.1563,151.5469,150.5,151.3125,4529000
SPY,2000/8/25,151.1563,151.625,150.9375,151.25,2822200
SPY,2000/8/28,151.25,152.9063,151.25,151.7656,5518700
SPY,2000/8/29,151.4375,151.875,150.9063,151.7969,3561900
SPY,2000/8/30,151.3125,151.5,150.3438,150.3438,3964800
SPY,2000/8/31,151.0625,153.0938,150.9063,152.3438,4863100
SPY,2000/9/1,153.25,153.5938,152,152.5,3191200
SPY,2000/9/5,151.875,152.2031,150.8125,151.2813,3470800
SPY,2000/9/6,151.1875,151.9531,149.5313,149.5625,4322200
SPY,2000/9/7,150.25,151.0781,149.8281,150.8438,4265500
SPY,2000/9/8,150.2813,150.5,149.3281,149.8125,3518200
SPY,2000/9/11,149.75,151.1875,148.6875,149.5938,3937500
SPY,2000/9/12,149.75,150.25,148.4375,148.5,4769100
SPY,2000/9/13,148,149.3438,147.6563,148.8906,7691600
SPY,2000/9/14,149.875,149.9375,148.1563,149.6406,3397100
SPY,2000/9/15,148.1875,148.25,146,146,4085700
SPY,2000/9/18,146.375,146.9688,144.2031,144.6563,5109300
SPY,2000/9/19,145.125,146.3125,144.7031,145.9688,6588200
SPY,2000/9/20,145.6875,146.0313,143.1563,144.8906,6508100
SPY,2000/9/21,144.4688,145.5625,142.625,142.6875,5972300
SPY,2000/9/22,142.625,145.3125,142.4219,145.2813,7791300
SPY,2000/9/25,145.9375,146.0625,143.7188,144.25,9726300
SPY,2000/9/26,144.375,145,142.4063,142.4063,5302400
SPY,2000/9/27,143.5625,143.9688,142.125,143.1563,7186200
SPY,2000/9/28,143.1875,146.3281,142.8906,145,7036400
SPY,2000/9/29,145.4688,145.9688,143.625,143.625,9333600
SPY,2000/10/2,144.2813,144.9063,143.1406,143.8438,5517800
SPY,2000/10/3,144.5313,145.75,142.2813,142.5,9347200
SPY,2000/10/4,142.875,144.25,141.75,143.6875,6149000
SPY,2000/10/5,143.4063,144.8438,143.3125,144.1875,4566900
SPY,2000/10/6,143.875,144.6406,139.75,141.0625,10014900
SPY,2000/10/9,141.3125,141.3125,139.375,140,4508000
SPY,2000/10/10,140.0938,141.25,137.6875,137.6875,6104700
SPY,2000/10/11,137.625,138.625,135.125,136.5313,10366000
SPY,2000/10/12,137.2813,137.5938,132.7813,133.125,12336900
SPY,2000/10/13,132.9375,137.6563,132.875,137.5625,11778800
SPY,2000/10/16,137.4063,138.2344,136.6875,138.1875,5659000
SPY,2000/10/17,138.4375,138.5625,134.4063,134.75,7831700
SPY,2000/10/18,132.625,136.125,130.1563,134.25,10897300
SPY,2000/10/19,136.8438,139.4531,136.4375,139.2813,8767300
SPY,2000/10/20,138.375,141.1875,138.375,139.9063,7373500
SPY,2000/10/23,139.9375,141.0313,138.9375,140.5313,5290000
SPY,2000/10/24,140.9688,141.9375,139,139.5938,5750700
SPY,2000/10/25,138.75,139.5625,136.125,136.3125,9137600
SPY,2000/10/26,137.125,137.6563,134.0313,136.6875,9345800
SPY,2000/10/27,137.875,139.2813,136.625,139.2813,9762900
SPY,2000/10/30,138.4375,141.0938,138.1563,140.5313,10154100
SPY,2000/10/31,141.0156,143.6875,140.0625,142.9531,7752400
SPY,2000/11/1,142.25,143.25,141.2188,142.4688,6753600
SPY,2000/11/2,143.1563,143.9063,142.5156,142.7031,11395100
SPY,2000/11/3,143.4688,143.75,142.375,142.7813,5187100
SPY,2000/11/6,143.1563,144.2969,143.0313,143.7813,4042500
SPY,2000/11/7,143.1406,144,142.5625,143.75,5231300
SPY,2000/11/8,144.0625,144.0625,140.5625,140.5625,6123300
SPY,2000/11/9,140,141.2188,137.25,140.0313,10635300
SPY,2000/11/10,139,139.4688,136.5313,136.625,8569500
SPY,2000/11/13,135.625,136.9844,133.0156,135.5625,17285300
SPY,2000/11/14,137.4688,139.625,137,139.125,7668900
SPY,2000/11/15,139.0625,140.1094,137.75,139.5625,8837700
SPY,2000/11/16,138.5781,139.875,137.3125,137.375,6684100
SPY,2000/11/17,137.3125,139,135.75,136.6406,6551100
SPY,2000/11/20,135.75,136.375,134.3125,134.6875,5458500
SPY,2000/11/21,134.875,136.1875,133.5156,135.375,7684300
SPY,2000/11/22,134.3438,134.875,132.125,132.1406,5736900
SPY,2000/11/24,133.625,134.9688,133.625,134.8438,3411600
SPY,2000/11/27,136.4688,136.6875,135.3125,136.0313,5992000
SPY,2000/11/28,135.125,136.5938,133.6406,133.6875,5336100
SPY,2000/11/29,134.375,135.9063,133.2656,133.4375,6914100
SPY,2000/11/30,132.5,133.5,129.75,132.2813,11201600
SPY,2000/12/1,133.1875,134.0625,131,132.2188,7587200
SPY,2000/12/4,131.875,133.875,131.5,133.3438,6996600
SPY,2000/12/5,134.875,138.25,134.4063,137.7188,8883400
SPY,2000/12/6,137.7813,138.3438,135.0313,135.5156,12888000
SPY,2000/12/7,134.875,135.875,133.6563,133.6563,6529100
SPY,2000/12/8,137.0625,139.125,133.875,133.9688,10276300
SPY,2000/12/11,137.375,139.5625,136.7188,138.625,6405600
SPY,2000/12/12,138.1875,138.8125,137.375,138.0313,5022900
SPY,2000/12/13,139.25,139.4063,136.0313,136.1406,6070500
SPY,2000/12/14,135.875,136.5,134.0313,134.4063,7778400
SPY,2000/12/15,133.125,133.125,130.5625,130.9688,9065300
SPY,2000/12/18,132.0625,133.4688,131.7656,132.7188,7235400
SPY,2000/12/19,132.4688,134.9688,130.0156,130.0156,9616700
SPY,2000/12/20,128.625,128.9375,126.0938,126.25,9994300
SPY,2000/12/21,126,128.8594,125.5313,127.125,14331500
SPY,2000/12/22,129,131.1094,128.8438,130.9375,10182900
SPY,2000/12/26,130.8438,132.3438,130.2813,132.3438,4665300
SPY,2000/12/27,132,133.7344,131.25,133.3125,4854100
SPY,2000/12/28,132.8125,133.875,132.5938,133.7188,8358700
SPY,2000/12/29,134.0625,134.2813,131.1875,131.1875,8774600
SPY,2001/1/2,132,132.1563,127.5625,128.8125,8737500
SPY,2001/1/3,128.3125,136,127.6563,135,19431600
SPY,2001/1/4,134.9375,135.4688,133,133.5469,9219000
SPY,2001/1/5,133.4688,133.625,129.1875,129.1875,12911400
SPY,2001/1/8,129.875,130.1875,127.6875,130.1875,6625300
SPY,2001/1/9,131.0469,131.5,129.4219,129.8438,5702400
SPY,2001/1/10,129,132.125,128.8125,132.125,8746100
SPY,2001/1/11,131.0938,133.4844,131.0938,132.25,7245300
SPY,2001/1/12,132.6875,133.7188,131.2813,132,7244000
SPY,2001/1/16,132,133.1875,131.5156,132.8438,8542200
SPY,2001/1/17,134.8438,135.0469,132.6406,133.4531,7851400
SPY,2001/1/18,133.4375,135.7031,132.9375,134.7813,8107000
SPY,2001/1/19,136.1875,136.1875,133.875,134.0156,7782500
SPY,2001/1/22,134.25,135.7813,133.5625,134.9063,7050900
SPY,2001/1/23,134.4688,136.6563,134.1563,135.9688,8463100
SPY,2001/1/24,136.25,137.3125,135.8438,136.375,6199900
SPY,2001/1/25,136.25,137.25,135.6563,136.0313,10818300
SPY,2001/1/26,135.1563,136.125,134.4531,135.875,7136800
SPY,2001/1/29,135.5,136.9,135.37,136.6,6705900
SPY,2001/1/30,136.3,137.92,135.79,137.8,7069100
SPY,2001/1/31,137.4,138.7,136.6,137.02,9706900
SPY,2001/2/1,137.1,137.95,136.25,137.93,8239600
SPY,2001/2/2,137.4,137.99,134.75,134.8,8276700
SPY,2001/2/5,134.8,135.94,134.75,135.79,4352900
SPY,2001/2/6,135.3,136.7,135.22,135.39,7106700
SPY,2001/2/7,134.72,135.4,133.68,134.69,5748700
SPY,2001/2/8,134.8,135.4,133.1,133.12,5943300
SPY,2001/2/9,133.35,133.35,131.26,131.84,9913000
SPY,2001/2/12,131.7,133.5,131.7,133.35,5804400
SPY,2001/2/13,133.7,134.17,132,132.26,6587600
SPY,2001/2/14,132.65,132.65,130.66,132.06,8400100
SPY,2001/2/15,132.84,133.52,131.99,133.34,5929800
SPY,2001/2/16,131,131.29,129.3,130.4,6434900
SPY,2001/2/20,131.04,131.14,128.1,128.39,5760000
SPY,2001/2/21,127.9,128.84,125.5,125.62,10910800
SPY,2001/2/22,126.35,126.54,123.02,125.81,21281600
SPY,2001/2/23,125.08,125.54,121.8,124.96,20173000
SPY,2001/2/26,125.8,127.62,124.5,127.62,11503700
SPY,2001/2/27,126.8,127.84,125.51,126.44,11415200
SPY,2001/2/28,126.75,126.84,123.27,123.95,14831100
SPY,2001/3/1,124.05,124.6,121.75,124.6,14672000
SPY,2001/3/2,122.5,125.65,122.3,123.61,12564300
SPY,2001/3/5,124.15,124.78,123.81,124.74,5293200
SPY,2001/3/6,126.35,127.75,125.49,126.08,6917000
SPY,2001/3/7,126.9,127.04,125.76,126.98,6371700
SPY,2001/3/8,126.6,127.24,126.14,127.12,6055000
SPY,2001/3/9,126.1,126.1,123.11,123.36,10020300
SPY,2001/3/12,122.34,122.5,117.75,118.08,13973100
SPY,2001/3/13,119.4,120.44,117.53,120.02,12888000
SPY,2001/3/14,117.05,119.29,115.75,117.65,19883400
SPY,2001/3/15,118.45,118.86,117.36,117.68,10370300
SPY,2001/3/16,117.13,117.4,114.81,115.01,58515700
SPY,2001/3/19,115.76,117.69,114.82,117.35,10067800
SPY,2001/3/20,117.9,118.46,114.11,114.2,15086900
SPY,2001/3/21,114.18,115.26,111.9,112.26,19004700
SPY,2001/3/22,112.02,112.6,108.04,111.12,28626600
SPY,2001/3/23,113.25,114.66,111.5,114.48,12861700
SPY,2001/3/26,115.7,116.27,114.77,115.94,9944800
SPY,2001/3/27,115.62,118.65,115.28,118.31,12882000
SPY,2001/3/28,116.9,116.95,114.9,115.04,10953300
SPY,2001/3/29,114.56,116.5,113.84,115.48,12061600
SPY,2001/3/30,115.55,116.69,114.5,116.69,9183600
SPY,2001/4/2,116.3,117.38,113.8,114.2,10561000
SPY,2001/4/3,113.98,114.15,110.06,110.39,12838000
SPY,2001/4/4,110.578,112.1,109.3,110.85,14887300
SPY,2001/4/5,113.3,115.49,112.5,115.05,21528500
SPY,2001/4/6,113.991,114.4,112.06,113.3,14937800
SPY,2001/4/9,114,114.99,112.78,114.56,9036900
SPY,2001/4/10,115.45,117.75,115.17,116.65,17877100
SPY,2001/4/11,118.78,118.99,116.14,116.73,12735100
SPY,2001/4/12,116.3,118.94,115.96,118.85,9233200
SPY,2001/4/16,118.29,118.89,116.91,117.6,7351000
SPY,2001/4/17,117.31,119.66,117.02,119.26,10927400
SPY,2001/4/18,121.06,126,120.69,124,32495000
SPY,2001/4/19,124.25,125.84,123.58,125.65,13810800
SPY,2001/4/20,124.9,125.4,123.66,124.5,7626700
SPY,2001/4/23,123.65,123.89,121.91,122.24,8451800
SPY,2001/4/24,122.52,123.65,121.1,121.58,10046800
SPY,2001/4/25,121.42,123.67,120.95,123.17,8249000
SPY,2001/4/26,123.73,125.22,123.5,123.72,10590700
SPY,2001/4/27,124.92,125.84,124.2,125.78,8048900
SPY,2001/4/30,126.45,127.27,124.67,124.91,10766900
SPY,2001/5/1,125.07,127.15,124.6,127.05,10578300
SPY,2001/5/2,127.41,127.69,126,126.82,9572900
SPY,2001/5/3,126.13,126.15,124.22,125.21,9926200
SPY,2001/5/4,123.65,127.35,123.44,127.34,12145300
SPY,2001/5/7,126.86,127.38,126.23,126.24,7185200
SPY,2001/5/8,126.86,127.1,125.56,126.18,6952900
SPY,2001/5/9,125.25,126.55,125.06,125.65,9507400
SPY,2001/5/10,127.26,127.5,125.77,126.02,6872400
SPY,2001/5/11,126,126.49,124.4,125.15,7739400
SPY,2001/5/14,124.9,125.44,124.46,125.4,7914000
SPY,2001/5/15,125.55,126.5,124.85,125.98,9782500
SPY,2001/5/16,124.84,129.2,124.62,128.95,14916200
SPY,2001/5/17,129.005,130.08,128.56,129.15,11828900
SPY,2001/5/18,129.09,129.74,128.1,129.74,6683300
SPY,2001/5/21,129.84,131.84,129.15,131.65,11532100
SPY,2001/5/22,131.83,132.09,131.07,131.48,8343200
SPY,2001/5/23,131.05,131.05,129.25,129.25,12331000
SPY,2001/5/24,129.47,130,128.55,129.63,7906300
SPY,2001/5/25,129.65,129.7,127.9,128.1,7425000
SPY,2001/5/29,128.226,128.35,126.9,127.08,9012300
SPY,2001/5/30,126.59,127.09,125,125.3,10041800
SPY,2001/5/31,125.43,126.76,125.26,125.95,9875200
SPY,2001/6/1,126.2,127.1,125.12,126.73,8848300
SPY,2001/6/4,126.8,127.43,126.08,127.34,5634700
SPY,2001/6/5,127.49,129.23,127.27,128.8,9115900
SPY,2001/6/6,128.83,128.83,127.36,127.73,12067600
SPY,2001/6/7,127.05,128.35,127,128.19,7358900
SPY,2001/6/8,127.7,127.87,126.14,127,8170600
SPY,2001/6/11,126.71,126.99,125.41,126.1,7012200
SPY,2001/6/12,124.86,126.74,124.04,125.88,9369200
SPY,2001/6/13,126.17,126.58,124.65,124.8,7629600
SPY,2001/6/14,124.18,124.3,121.75,122,12603300
SPY,2001/6/15,120.91,122.4,120.4,121.85,16821300
SPY,2001/6/18,121.65,122.44,120.91,121.26,11376600
SPY,2001/6/19,122.38,122.89,120.89,121.79,7732300
SPY,2001/6/20,121.19,122.86,121.1,122.43,8787200
SPY,2001/6/21,122.22,124.31,122.15,123.82,12259100
SPY,2001/6/22,123.49,123.599,122.16,122.85,12212000
SPY,2001/6/25,123.28,123.44,121.5,121.72,8406800
SPY,2001/6/26,120.9,122.39,120.571,121.55,8006900
SPY,2001/6/27,121.6,122.24,120.91,121.48,10105100
SPY,2001/6/28,122,123.94,121.93,122.15,10271000
SPY,2001/6/29,122.8,124.01,122.26,122.6,9824200
SPY,2001/7/2,122.8,124.32,122.62,124.13,8522400
SPY,2001/7/3,123.98,124.1,123.05,124.1,3303100
SPY,2001/7/5,123.07,123.65,121.66,121.68,5520900
SPY,2001/7/6,121.31,121.49,119.05,119.05,11666200
SPY,2001/7/9,119.491,120.54,119.2,119.7,8340500
SPY,2001/7/10,120.29,120.64,118.21,118.26,8631900
SPY,2001/7/11,118.1,118.89,117.09,118.38,15374000
SPY,2001/7/12,119.5,121.47,119.31,121.19,12004800
SPY,2001/7/13,120.84,122.32,120.62,122.24,10433800
SPY,2001/7/16,121.77,122.28,120.29,120.71,6915300
SPY,2001/7/17,120.2,121.95,119.83,121.84,7470300
SPY,2001/7/18,120.56,121.64,120.06,121.01,7710300
SPY,2001/7/19,122.18,122.98,120.76,122.07,10083000
SPY,2001/7/20,121.15,121.94,120.92,121.34,6705800
SPY,2001/7/23,121.8,121.88,118.95,118.95,8067200
SPY,2001/7/24,119,119.2,116.75,117.8,12271000
SPY,2001/7/25,117.92,119.48,117.46,119.1,12090900
SPY,2001/7/26,119.06,120.85,118.56,120.35,12930100
SPY,2001/7/27,120.83,121.35,119.91,120.81,8481800
SPY,2001/7/30,121.19,121.35,120.3,120.85,8547700
SPY,2001/7/31,121,122.68,120.8,121.35,11918600
SPY,2001/8/1,121.97,122.7,121.55,122.11,11941800
SPY,2001/8/2,123.23,123.25,121.89,122.61,11070200
SPY,2001/8/3,122.36,122.36,120.9,121.94,10817900
SPY,2001/8/6,121.35,121.51,120.1,120.3,8550400
SPY,2001/8/7,120.27,121.2,119.911,120.77,8865100
SPY,2001/8/8,120.12,121.16,118.43,118.53,15183800
SPY,2001/8/9,118.7,118.97,117.86,118.88,14118500
SPY,2001/8/10,118.8,119.84,117.34,119.29,11173300
SPY,2001/8/13,119.6,119.85,118.819,119.32,7435400
SPY,2001/8/14,120.14,120.35,118.8,119.27,13178100
SPY,2001/8/15,119.23,119.61,118.08,118.24,8520600
SPY,2001/8/16,117.8,118.75,117,118.65,10735800
SPY,2001/8/17,117.65,117.87,116.01,116.75,11604600
SPY,2001/8/20,116.8,117.9,116.55,117.83,10417400
SPY,2001/8/21,117.8,118.54,115.8,115.82,14481500
SPY,2001/8/22,116.75,117.43,115.78,117.02,11752900
SPY,2001/8/23,116.96,117.52,116.49,116.6,8750300
SPY,2001/8/24,117.21,119.13,116.74,119.02,11688900
SPY,2001/8/27,118.97,119.2,118.26,118.31,7428100
SPY,2001/8/28,118.28,118.49,116.58,116.58,12046600
SPY,2001/8/29,117.13,117.18,115.17,115.54,16181800
SPY,2001/8/30,114.85,115.74,112.04,113.32,17693300
SPY,2001/8/31,113.4,114.77,113.13,114.15,15985700
SPY,2001/9/4,113.85,116.17,113.37,113.42,24476400
SPY,2001/9/5,113.7,114.19,111.95,113.7,21477700
SPY,2001/9/6,112.65,113.3,110.77,110.77,21655500
SPY,2001/9/7,110.02,111.25,108.63,108.72,33133900
SPY,2001/9/10,107.7,110.35,107.7,110.05,23409000
SPY,2001/9/17,101,106.4,100,104.3,32393800
SPY,2001/9/18,104.33,105.3,103.36,104.05,22029200
SPY,2001/9/19,104.1,104.5,98.56,101.95,42772100
SPY,2001/9/20,100.4,101.81,98.569,98.71,36212800
SPY,2001/9/21,94.05,98.99,93.8,97.28,49783500
SPY,2001/9/24,99.729,101.16,99.06,100.7,25549900
SPY,2001/9/25,100.751,102,99.9,101.75,25466200
SPY,2001/9/26,102.35,102.4,100.43,101.39,18587700
SPY,2001/9/27,101.25,102.29,100,102.27,20536800
SPY,2001/9/28,102.98,104.6,102.5,104.44,21787700
SPY,2001/10/1,103.9,104.32,102.83,104.27,20457800
SPY,2001/10/2,104,105.58,103.65,105.58,19833600
SPY,2001/10/3,104.6,107.881,104.35,107.35,32070900
SPY,2001/10/4,108.29,108.97,106.75,107.44,32676200
SPY,2001/10/5,107.25,107.62,105.521,107.23,29830200
SPY,2001/10/8,106.279,107.3,105.87,106.53,12971200
SPY,2001/10/9,106.61,106.75,105.6,105.96,15976300
SPY,2001/10/10,105.8,108.55,105.52,108.32,19992400
SPY,2001/10/11,108.95,110.3,108.95,110,23011600
SPY,2001/10/12,109.15,109.89,107.3,109.5,31363500
SPY,2001/10/15,108.63,109.45,108.06,109.3,16875000
SPY,2001/10/16,109.8,110.619,108.95,109.99,15885900
SPY,2001/10/17,111.07,111.15,107.65,107.65,28601700
SPY,2001/10/18,107.82,108.16,106.75,107.42,16521100
SPY,2001/10/19,107,107.91,106.01,107.35,21916300
SPY,2001/10/22,107.3,109.57,107.21,109.47,17571200
SPY,2001/10/23,109.96,110.28,108.379,108.91,22064500
SPY,2001/10/24,108.98,109.45,108.22,108.62,16065400
SPY,2001/10/25,107.45,110.6,106.74,110.57,27504000
SPY,2001/10/26,109.95,111.79,109.67,110.32,18623700
SPY,2001/10/29,110.16,110.55,107.45,107.45,18743900
SPY,2001/10/30,107.35,107.7,105.56,106.16,26203400
SPY,2001/10/31,106.9,107.86,105.8,105.8,28132000
SPY,2001/11/1,106.6,109.01,105.699,108.51,29807300
SPY,2001/11/2,108.44,109.38,107.87,109.25,17577900
SPY,2001/11/5,110.12,111.09,109.95,110.68,16100900
SPY,2001/11/6,110.35,112.48,109.85,112.4,23248100
SPY,2001/11/7,111.77,113.12,111.64,112.25,19717800
SPY,2001/11/8,112.87,114.08,111.9,112.6,22749200
SPY,2001/11/9,112.25,112.96,111.44,112.72,15897500
SPY,2001/11/12,111,112.65,110,112.03,26096600
SPY,2001/11/13,113.44,114.55,113.18,114.55,15347100
SPY,2001/11/14,115.17,115.4,113.71,114.66,17595500
SPY,2001/11/15,114.37,115.18,113.93,114.87,19472500
SPY,2001/11/16,115.08,115.1,113.4,114.36,18135900
SPY,2001/11/19,114.92,115.85,114.45,115.77,13683800
SPY,2001/11/20,115.37,115.8,114.64,114.8,16223000
SPY,2001/11/21,114.501,114.67,113.51,114.04,11471100
SPY,2001/11/23,114.04,115.75,114,115.68,6716900
SPY,2001/11/26,115.75,116.34,115.07,115.93,13729700
SPY,2001/11/27,115.62,116.9,114.09,115.43,19266400
SPY,2001/11/28,114.74,115.17,113.25,113.34,20247200
SPY,2001/11/29,113.662,114.92,113,114.87,17267900
SPY,2001/11/30,114.4,114.912,114.02,114.05,13680400
SPY,2001/12/3,113.65,114.08,113.01,113.37,15220400
SPY,2001/12/4,113.918,115.3,113.35,115.29,17245800
SPY,2001/12/5,115.61,118,115.56,117.4,25204000
SPY,2001/12/6,117.349,117.94,116.93,117.34,17972900
SPY,2001/12/7,116.9,117.09,115.7,116.56,18908000
SPY,2001/12/10,115.85,116.39,114.35,114.38,13862800
SPY,2001/12/11,114.9,115.72,113.9,114.15,20833500
SPY,2001/12/12,114.55,114.78,113.11,114.28,16172400
SPY,2001/12/13,113.45,113.7,112.04,112.06,19037900
SPY,2001/12/14,112.33,113.49,112,113.13,16723100
SPY,2001/12/17,112.99,114.36,112.9,114.3,13947300
SPY,2001/12/18,114.63,115.15,114.34,114.98,13664000
SPY,2001/12/19,114.09,115.92,114,115.79,20147400
SPY,2001/12/20,115.5,115.8,114.55,114.65,14867900
SPY,2001/12/21,115.03,115.07,114.2,114.95,14042700
SPY,2001/12/24,114.83,115.04,114.61,114.73,5728800
SPY,2001/12/26,114.65,116.21,114.65,115.36,10307900
SPY,2001/12/27,115.301,116.08,115.259,116.06,9407300
SPY,2001/12/28,116.29,116.75,115.92,116,10593800
SPY,2001/12/31,116.15,116.39,114.23,114.3,14620200
SPY,2002/1/2,115.11,115.75,113.81,115.53,18652200
SPY,2002/1/3,115.65,116.95,115.54,116.84,15743100
SPY,2002/1/4,117.17,117.98,116.55,117.62,20140700
SPY,2002/1/7,117.7,117.99,116.56,116.79,13106500
SPY,2002/1/8,116.798,117.06,115.97,116.52,12687200
SPY,2002/1/9,116.68,117.78,115.34,115.57,16616900
SPY,2002/1/10,115.695,116.35,115.3,116.08,12823400
SPY,2002/1/11,116.21,116.28,114.7,114.94,13708500
SPY,2002/1/14,114.65,114.84,113.96,114.22,12304300
SPY,2002/1/15,114.55,115.39,113.9,115.15,20221400
SPY,2002/1/16,114.3,114.4,112.69,112.82,17077200
SPY,2002/1/17,113.76,114.24,113.4,113.67,17707900
SPY,2002/1/18,113,113.85,112.67,113.15,17028200
SPY,2002/1/22,113.75,113.93,112.02,112.29,11472400
SPY,2002/1/23,112.63,113.55,112.02,113.23,12439100
SPY,2002/1/24,113.64,114.25,113.32,113.58,12163100
SPY,2002/1/25,113.12,114.18,113.04,113.55,12810700
SPY,2002/1/28,113.9,114.19,112.92,113.86,10589500
SPY,2002/1/29,113.851,114.13,110.05,110.28,27736100
SPY,2002/1/30,110.39,113.39,108.4,111.87,34712000
SPY,2002/1/31,112.15,113.3,111.62,113.18,19910100
SPY,2002/2/1,113.09,113.3,112.17,112.65,15838500
SPY,2002/2/4,112.23,112.23,109.449,109.85,24247500
SPY,2002/2/5,109.4,110.499,108.53,109.17,33614000
SPY,2002/2/6,109.65,109.74,108.06,108.7,29670400
SPY,2002/2/7,108.72,109.86,108,108.02,23450200
SPY,2002/2/8,108.63,110.75,108.3,110.09,19278100
SPY,2002/2/11,110.05,111.64,109.82,111.44,18792400
SPY,2002/2/12,110.96,111.71,110.03,111.09,13942500
SPY,2002/2/13,111.481,112.54,111.35,112.27,16791900
SPY,2002/2/14,112.51,112.97,111.591,112.06,20458200
SPY,2002/2/15,112.15,112.24,110.71,110.89,18394600
SPY,2002/2/19,110.15,110.298,108.59,108.76,15998300
SPY,2002/2/20,109.05,110.59,107.82,110.59,29247100
SPY,2002/2/21,109.931,110.63,108.26,108.3,26292800
SPY,2002/2/22,108.35,109.94,107.87,109.64,26572900
SPY,2002/2/25,109.748,111.81,109.7,111.45,17459600
SPY,2002/2/26,111.6,112.04,110.57,111.22,22362900
SPY,2002/2/27,111.961,112.86,110.65,111.65,28597900
SPY,2002/2/28,111.834,112.75,111.03,111.15,23755500
SPY,2002/3/1,111.72,113.85,111.51,113.74,26186600
SPY,2002/3/4,113.901,115.99,113.65,115.75,27187800
SPY,2002/3/5,115.33,116.4,114.97,115.38,22733500
SPY,2002/3/6,115.1,117.15,115.079,116.75,20169700
SPY,2002/3/7,117.361,117.5,115.57,116.5,19331900
SPY,2002/3/8,117.381,117.907,116.48,116.99,19930800
SPY,2002/3/11,116.891,117.9,116.43,117.24,15622100
SPY,2002/3/12,116.109,117.25,115.94,117.17,17155000
SPY,2002/3/13,116.631,116.75,115.64,116.04,17176600
SPY,2002/3/14,116.04,116.43,115.63,115.88,11169600
SPY,2002/3/15,115.97,116.95,115.9,116.65,21222100
SPY,2002/3/18,117.1,117.567,116.1,116.67,17558000
SPY,2002/3/19,117.301,117.74,116.82,117.45,17913600
SPY,2002/3/20,116.5,116.58,115.19,115.24,17128200
SPY,2002/3/21,115.3,115.83,114.12,115.29,26888800
SPY,2002/3/22,115.5,115.94,114.7,115.04,15235400
SPY,2002/3/25,115.091,115.36,113.3,113.61,17507200
SPY,2002/3/26,113.521,115.02,113.47,114.27,19950600
SPY,2002/3/27,114.033,115.01,113.76,114.57,19021400
SPY,2002/3/28,114.97,115.77,114.5,114.52,17535900
SPY,2002/4/1,114.23,115.1,113.5,114.57,17714000
SPY,2002/4/2,113.98,114.406,113.77,113.94,15596700
SPY,2002/4/3,114.011,114.217,112.16,113.14,25662700
SPY,2002/4/4,112.6,113.4,112.23,112.67,23561400
SPY,2002/4/5,113.19,113.63,112.18,112.69,19404900
SPY,2002/4/8,111.32,113.03,111.23,112.93,16476200
SPY,2002/4/9,113.189,113.189,111.93,112.14,15122700
SPY,2002/4/10,112.101,113.54,112.092,113.41,17204500
SPY,2002/4/11,112.893,113.052,110.5,110.59,25460200
SPY,2002/4/12,111.029,111.65,111.029,111.42,14950600
SPY,2002/4/15,111.62,111.86,110.2,110.57,17403600
SPY,2002/4/16,111.702,113.32,111.67,113.2,15098400
SPY,2002/4/17,113.39,113.67,112.6,112.96,12928600
SPY,2002/4/18,112.9,113.46,111.15,112.47,25219800
SPY,2002/4/19,113.2,113.24,112.56,112.88,10602500
SPY,2002/4/22,112.38,112.43,110.84,111,13924500
SPY,2002/4/23,111.09,111.48,110.17,110.52,16973800
SPY,2002/4/24,110.56,111.24,109.4,109.41,18903900
SPY,2002/4/25,109.21,109.741,108.72,109.47,25456900
SPY,2002/4/26,109.79,110.01,107.29,107.39,19770000
SPY,2002/4/29,107.931,108.26,106.63,106.86,17725600
SPY,2002/4/30,107.02,108.64,106.64,107.86,19475300
SPY,2002/5/1,107.97,109.25,106.8,109.18,24581100
SPY,2002/5/2,109.1,109.53,108.2,108.76,15667300
SPY,2002/5/3,108.6,108.76,107.2,107.58,18186000
SPY,2002/5/6,107.647,107.998,105.31,105.47,23911200
SPY,2002/5/7,106.109,106.322,104.9,105.1,22173500
SPY,2002/5/8,107.053,109.36,106.79,109.01,27918600
SPY,2002/5/9,108.65,109.1,107.58,107.75,18087300
SPY,2002/5/10,107.97,108.05,105.6,105.72,18959500
SPY,2002/5/13,106.22,107.95,105.799,107.87,14687000
SPY,2002/5/14,109.62,110.37,109,110.22,34224900
SPY,2002/5/15,109.5,110.91,109.29,109.79,29539200
SPY,2002/5/16,109.7,110.48,109.33,110.36,28097400
SPY,2002/5/17,110.66,111.25,110.1,110.9,27823700
SPY,2002/5/20,110.64,110.69,109.492,109.7,13834200
SPY,2002/5/21,110.11,110.487,108.32,108.7,16878100
SPY,2002/5/22,108.22,109.12,108,108.94,15845100
SPY,2002/5/23,109.261,110.36,108.48,110.1,13881600
SPY,2002/5/24,109.98,110.2,108.61,108.69,11876600
SPY,2002/5/28,109.05,109.13,107.45,108.1,24237200
SPY,2002/5/29,107.629,108.02,107.13,107.3,14779300
SPY,2002/5/30,106.551,107.51,105.9,107,18218100
SPY,2002/5/31,107.4,108.56,106.85,107.22,19826300
SPY,2002/6/3,107.09,107.6,104.13,104.37,26074700
SPY,2002/6/4,104.15,105.2,103.55,104.63,25872100
SPY,2002/6/5,104.95,105.67,104.35,105.61,19718500
SPY,2002/6/6,105.543,105.6,103.15,103.46,23369900
SPY,2002/6/7,101.789,103.92,101.72,103.34,24011600
SPY,2002/6/10,103.243,104.46,103.02,103.74,18760200
SPY,2002/6/11,104.131,104.54,101.73,101.96,19992200
SPY,2002/6/12,101.71,102.81,100.78,102.58,31273400
SPY,2002/6/13,102.13,103,101.34,101.55,21052400
SPY,2002/6/14,100.31,101.56,98.5,101.4,39267500
SPY,2002/6/17,101.921,104.34,101.85,104.12,17649000
SPY,2002/6/18,103.74,105.03,103.631,104.97,21860800
SPY,2002/6/19,103.5,104.43,102.24,102.52,21550900
SPY,2002/6/20,102.265,103.05,100.96,101.21,25762400
SPY,2002/6/21,100.47,100.93,98.687,99.28,31191400
SPY,2002/6/24,98.61,100.69,97.25,99.8,37173800
SPY,2002/6/25,100.303,100.89,97.54,97.56,33419000
SPY,2002/6/26,95.2,98.15,95.195,97.72,37928400
SPY,2002/6/27,98.5,99.49,96.57,99.43,31729100
SPY,2002/6/28,99.243,100.5,98.88,98.96,28185600
SPY,2002/7/1,99.187,99.8,96.89,97.03,20282900
SPY,2002/7/2,96.869,97.2,94.77,94.97,34219100
SPY,2002/7/3,94.62,95.84,93.727,95.51,30571900
SPY,2002/7/5,96.78,99.53,96.668,99.31,19014900
SPY,2002/7/8,98.98,99.7,97.56,98.07,19123100
SPY,2002/7/9,97.73,98.34,95.01,95.6,28636000
SPY,2002/7/10,96,96.07,92.04,92.12,50533700
SPY,2002/7/11,91.763,93.35,90.32,92.87,59537700
SPY,2002/7/12,93.333,93.89,91.52,91.85,39026100
SPY,2002/7/15,91.643,92.4,87.89,92.34,77322900
SPY,2002/7/16,91.127,92.38,89.87,90.56,53293100
SPY,2002/7/17,92.46,93.3,89.75,90.74,49016200
SPY,2002/7/18,90.703,91.1,87.75,87.8,32721600
SPY,2002/7/19,86.767,87.553,84.3,84.71,77712000
SPY,2002/7/22,84.107,85.913,81.45,82.2,78252700
SPY,2002/7/23,82.55,83.24,79.75,79.95,74520500
SPY,2002/7/24,78.137,85.12,77.68,84.72,107023100
SPY,2002/7/25,84.275,85.85,81.6,84,87195600
SPY,2002/7/26,84.653,85.93,83.8,85.6,41211700
SPY,2002/7/29,87.508,90.34,87.3,89.77,53498500
SPY,2002/7/30,89.323,91.4,88.72,90.94,47570000
SPY,2002/7/31,90.497,91.55,89.25,91.16,44719500
SPY,2002/8/1,90.88,91.35,88.33,88.78,66576300
SPY,2002/8/2,88.5,88.917,85.62,86.79,51831200
SPY,2002/8/5,86.498,86.933,83.55,83.77,47199500
SPY,2002/8/6,85.233,87.9,85.05,86.59,65257800
SPY,2002/8/7,87.879,88.5,85.77,88.1,43720300
SPY,2002/8/8,88.423,91.1,87.8,90.95,48380400
SPY,2002/8/9,90.1,91.94,89.35,91.29,41880600
SPY,2002/8/12,89.997,91.27,89.55,90.62,25858300
SPY,2002/8/13,90.15,91.66,88.65,88.97,49637500
SPY,2002/8/14,89.02,92.63,88.02,92.22,57437000
SPY,2002/8/15,92.847,93.99,92.2,93.5,45653700
SPY,2002/8/16,92.82,94.08,92,93.22,36518800
SPY,2002/8/19,93.46,95.75,93.1,95.4,33676900
SPY,2002/8/20,94.822,95.4,93.62,94.39,30513600
SPY,2002/8/21,95.063,95.78,93.57,95.75,39635600
SPY,2002/8/22,95.493,97.15,95.07,96.68,38404300
SPY,2002/8/23,96.017,96.15,94.15,94.6,33717800
SPY,2002/8/26,94.91,95.64,93.5,95.26,33832800
SPY,2002/8/27,95.7,96.25,93.505,94.16,46036700
SPY,2002/8/28,93.287,93.49,91.8,92.1,38983800
SPY,2002/8/29,91.27,93.058,90.81,92.14,42968100
SPY,2002/8/30,91.686,93.39,91.4,91.78,30371500
SPY,2002/9/3,90.735,91,88.15,88.28,76692300
SPY,2002/9/4,88.615,90.25,88.06,89.54,51100600
SPY,2002/9/5,88.49,89.43,87.5,88.78,67335200
SPY,2002/9/6,89.75,90.57,89.347,90,38622900
SPY,2002/9/9,89.1,91.351,88.8,90.66,34078600
SPY,2002/9/10,91.14,91.78,90.56,91.7,41430300
SPY,2002/9/11,92.47,93.33,91.1,91.13,27746100
SPY,2002/9/12,90.753,90.843,88.99,89.45,43639100
SPY,2002/9/13,88.698,89.9,88.25,89.67,41131300
SPY,2002/9/16,89.317,89.89,88.466,89.89,28170800
SPY,2002/9/17,90.89,91.19,87.75,87.83,47770000
SPY,2002/9/18,87.017,88.5,86.283,86.95,54847500
SPY,2002/9/19,85.995,86.8,84.7,84.7,48524600
SPY,2002/9/20,84.92,85.2,84.05,84.35,46326200
SPY,2002/9/23,83.65,84.066,82.69,83.66,46913200
SPY,2002/9/24,82.44,83.65,81.85,82.31,69598900
SPY,2002/9/25,83.373,84.77,82.04,84.35,59297300
SPY,2002/9/26,85.02,85.97,84.45,85.73,53672400
SPY,2002/9/27,85,85.63,82.75,82.75,64778400
SPY,2002/9/30,82,82.8,80.01,81.79,73096500
SPY,2002/10/1,82.438,85.77,81.47,85.72,67278500
SPY,2002/10/2,84.69,85.53,82.6,83.15,56850900
SPY,2002/10/3,83.14,84.6,81.95,82.31,55568900
SPY,2002/10/4,82.8,82.92,79.58,80.8,68725100
SPY,2002/10/7,80.065,81.2,78.55,79.13,53217600
SPY,2002/10/8,79.81,81.31,78.2,80.37,79535200
SPY,2002/10/9,79.09,79.7,77.78,78.1,79918900
SPY,2002/10/10,77.94,81.07,77.07,80.63,76784800
SPY,2002/10/11,82.1,84.73,81.82,84.16,82323000
SPY,2002/10/14,83.2,84.85,83.04,84.63,40644700
SPY,2002/10/15,86.991,88.72,86.856,88.7,82460100
SPY,2002/10/16,87.417,87.8,85.924,86.55,63588600
SPY,2002/10/17,88.87,89.3,87.85,88.27,68608100
SPY,2002/10/18,87.65,89.11,86.93,88.64,47563900
SPY,2002/10/21,88.121,90.5,87.57,90.17,45977500
SPY,2002/10/22,89.05,90.01,88.52,89.52,41217400
SPY,2002/10/23,88.77,90.27,87.68,90.2,55128700
SPY,2002/10/24,90.75,90.9,88.1,88.36,55306000
SPY,2002/10/25,88.215,90.39,87.944,90.2,43735200
SPY,2002/10/28,91.15,91.29,88.85,89.61,39428500
SPY,2002/10/29,89.08,89.49,87,88.57,59535800
SPY,2002/10/30,88.68,89.96,88.23,89.43,41707400
SPY,2002/10/31,89.66,90.3,88.19,88.52,41623000
SPY,2002/11/1,88.35,90.82,88.05,90.27,51905100
SPY,2002/11/4,91.8,92.94,90.9,91.13,49084800
SPY,2002/11/5,90.84,92.07,90.84,91.85,37291500
SPY,2002/11/6,92.48,93.07,90.79,93.04,65347600
SPY,2002/11/7,92.027,92.22,90.22,90.76,51582000
SPY,2002/11/8,90.53,91.57,89.52,89.65,37911900
SPY,2002/11/11,89.515,89.56,87.8,88.26,33598500
SPY,2002/11/12,88.66,89.93,88.37,88.96,37775500
SPY,2002/11/13,88.32,89.749,87.45,89.05,63916100
SPY,2002/11/14,90.07,91,89.759,90.73,31988900
SPY,2002/11/15,90,91.55,89.95,91.4,39166800
SPY,2002/11/18,92.15,92.15,90.35,90.48,29019400
SPY,2002/11/19,90.02,91.1,89.76,90.36,32814800
SPY,2002/11/20,89.98,92.42,89.95,92.37,36823200
SPY,2002/11/21,92.6,94.19,92.43,94.09,55172500
SPY,2002/11/22,93.48,94.27,93.273,93.42,32515000
SPY,2002/11/25,93.43,94.26,92.77,93.48,34060600
SPY,2002/11/26,93.074,93.45,91.62,91.7,42290400
SPY,2002/11/27,92.52,94.65,92.43,94.28,37775000
SPY,2002/11/29,94.8,94.95,93.77,93.98,19385700
SPY,2002/12/2,95.47,96.05,93.22,94.13,49798600
SPY,2002/12/3,93.25,93.4,92.35,92.87,34434200
SPY,2002/12/4,91.77,93.14,91.43,92.45,64151000
SPY,2002/12/5,92.7,92.801,91.1,91.43,36825300
SPY,2002/12/6,90.12,92.17,89.98,92.03,50132600
SPY,2002/12/9,91.07,91.46,89.48,89.5,36888500
SPY,2002/12/10,90.02,91.1,89.76,90.7,33451700
SPY,2002/12/11,90.42,91.62,90.16,90.78,39207900
SPY,2002/12/12,91.2,91.49,90.2,90.77,34486300
SPY,2002/12/13,89.91,90.48,89.27,89.34,36877700
SPY,2002/12/16,89.82,91.79,89.66,91.65,37119500
SPY,2002/12/17,91.372,91.74,90.74,90.85,32405800
SPY,2002/12/18,90.32,90.4,89.33,89.8,35651300
SPY,2002/12/19,89.35,90.7,88.6,89.16,39293300
SPY,2002/12/20,89.2,90.02,89.1,89.99,31183500
SPY,2002/12/23,89.59,90.47,89.31,90.02,22645500
SPY,2002/12/24,89.59,89.86,89.25,89.355,10937000
SPY,2002/12/26,89.7,90.61,88.84,89.39,17490000
SPY,2002/12/27,88.96,89.29,87.38,87.38,22213100
SPY,2002/12/30,87.797,88.47,87.22,88.11,29972300
SPY,2002/12/31,87.99,88.43,87.11,88.23,34038300
SPY,2003/1/2,88.85,91.3,88.54,91.07,44645400
SPY,2003/1/3,90.91,91.387,90.5,91.35,32227900
SPY,2003/1/6,91.24,93.49,91.176,92.96,41009800
SPY,2003/1/7,92.9,93.37,92.2,92.73,38656800
SPY,2003/1/8,92.2,92.4,91.05,91.39,38739700
SPY,2003/1/9,91.821,93.18,91.41,92.81,34858800
SPY,2003/1/10,91.95,93.64,91.8,93.06,37773300
SPY,2003/1/13,93.54,93.86,92.44,93.03,31676800
SPY,2003/1/14,92.69,93.83,92.41,93.33,30924700
SPY,2003/1/15,93.54,93.57,91.91,92.4,33543000
SPY,2003/1/16,92.5,92.93,91.455,92.02,45381800
SPY,2003/1/17,90.99,92.3,90.15,90.66,35621000
SPY,2003/1/21,90.87,90.92,88.95,89.25,42376400
SPY,2003/1/22,88.77,89.8,88,88.17,42816000
SPY,2003/1/23,88.75,89.38,87.95,88.71,56082000
SPY,2003/1/24,88.59,88.68,86.17,86.38,68703000
SPY,2003/1/27,85.73,86.8,84.5,85.2,58297300
SPY,2003/1/28,85.63,86.4,85.13,85.83,46965300
SPY,2003/1/29,85.44,87.18,84.77,86.48,53780800
SPY,2003/1/30,86.79,86.88,84.4,84.43,49886700
SPY,2003/1/31,84.15,86.215,84.15,86.06,55323600
SPY,2003/2/3,86.14,86.817,85.92,86.23,39799900
SPY,2003/2/4,85.31,85.75,84.3,85.38,43762600
SPY,2003/2/5,85.754,86.54,84.489,84.85,55304300
SPY,2003/2/6,84.37,84.89,83.65,84.45,53664400
SPY,2003/2/7,84.91,84.99,82.97,83.42,43170200
SPY,2003/2/10,83.466,84.13,82.65,84.01,45476500
SPY,2003/2/11,84.37,84.69,82.834,83.43,46887400
SPY,2003/2/12,83.16,83.62,82.09,82.1,35929500
SPY,2003/2/13,82.15,82.66,81,82.35,58073500
SPY,2003/2/14,82.37,84.2,81.829,84.15,59590200
SPY,2003/2/18,84.53,85.8,84.39,85.63,39527000
SPY,2003/2/19,85.32,85.47,84.28,85.18,31441500
SPY,2003/2/20,85.21,85.42,84.05,84.33,29300500
SPY,2003/2/21,84.38,85.74,83.46,85.18,60965300
SPY,2003/2/24,84.93,85,83.59,83.8,30703600
SPY,2003/2/25,82.95,84.49,82.22,84.47,56927400
SPY,2003/2/26,84.024,84.53,83.08,83.24,37808200
SPY,2003/2/27,83.7,84.75,83.16,84.34,51834200
SPY,2003/2/28,84.47,85.23,84.16,84.9,43891400
SPY,2003/3/3,85.26,85.78,83.72,84.09,42942600
SPY,2003/3/4,83.95,84.01,82.65,82.75,31481900
SPY,2003/3/5,82.61,83.54,82.36,83.45,44110700
SPY,2003/3/6,82.87,83.52,82.47,82.75,41469400
SPY,2003/3/7,81.61,83.99,81.43,83.32,63584700
SPY,2003/3/10,82.6,82.86,81.1,81.32,41077700
SPY,2003/3/11,81.48,82,80.48,80.52,48128900
SPY,2003/3/12,80.38,81.1,79.383,81.06,62483800
SPY,2003/3/13,82.18,83.91,81.53,83.86,72199000
SPY,2003/3/14,84.2,84.77,83.35,84.13,63965400
SPY,2003/3/17,83.46,86.95,83.22,86.78,88316900
SPY,2003/3/18,87.154,87.35,86.28,87.29,51094700
SPY,2003/3/19,87.28,88.16,86.68,87.96,49668600
SPY,2003/3/20,87.33,88.59,86.35,88.15,67479700
SPY,2003/3/21,88.8,89.88,87.93,89.67,71267000
SPY,2003/3/24,88.02,88.14,86.35,86.69,65434500
SPY,2003/3/25,86.74,88.26,86.44,87.52,61190500
SPY,2003/3/26,87.56,87.85,86.8,87.08,45772400
SPY,2003/3/27,86.4,87.66,85.99,87.15,53294500
SPY,2003/3/28,86.47,87.28,86.25,86.71,32604600
SPY,2003/3/31,85.35,86.59,84.4,84.74,60802300
SPY,2003/4/1,85.25,86.39,84.91,86.04,53914800
SPY,2003/4/2,87.54,88.77,87.5,88.12,50507800
SPY,2003/4/3,88.87,88.99,87.65,87.7,49028500
SPY,2003/4/4,88.43,88.59,87.62,88.22,36262500
SPY,2003/4/7,90.34,90.85,87.97,88.05,69833100
SPY,2003/4/8,88.3,88.65,87.71,88.19,39753900
SPY,2003/4/9,88.36,89.1,86.77,87.03,55693900
SPY,2003/4/10,87.095,87.63,85.71,87.51,42155800
SPY,2003/4/11,88.16,88.701,86.86,87.15,47738800
SPY,2003/4/14,87.47,89,87,88.95,36967900
SPY,2003/4/15,88.84,89.78,88.42,89.78,49989400
SPY,2003/4/16,89.91,90.066,88.03,88.25,51820400
SPY,2003/4/17,88.3,89.72,88.194,89.56,37487600
SPY,2003/4/21,89.86,90.16,89.06,89.65,32085800
SPY,2003/4/22,89.1,91.56,88.89,91.34,59870000
SPY,2003/4/23,91.62,92.35,91.24,92.18,44254100
SPY,2003/4/24,91.53,92.08,90.96,91.36,50038400
SPY,2003/4/25,91.3,91.47,90.02,90.23,43926700
SPY,2003/4/28,90.44,92.19,90.3,91.79,46471900
SPY,2003/4/29,92.14,92.8,91.4,91.79,52347400
SPY,2003/4/30,91.91,92.57,91.41,91.91,48919400
SPY,2003/5/1,91.92,92.731,90.5,91.9,50419000
SPY,2003/5/2,91.56,93.47,91.491,93.21,50239900
SPY,2003/5/5,93.47,93.78,92.5,93.03,35456200
SPY,2003/5/6,93.04,94.38,93,93.91,44587300
SPY,2003/5/7,93.42,94.14,92.972,93.39,41443000
SPY,2003/5/8,92.52,93.337,92.28,92.45,40774900
SPY,2003/5/9,92.83,93.8,92.61,93.73,33653700
SPY,2003/5/12,93.5,95.12,93.28,94.88,35688500
SPY,2003/5/13,94.534,95.189,94.26,94.71,39299000
SPY,2003/5/14,95.09,95.24,93.91,94.51,32236900
SPY,2003/5/15,94.89,95.33,94.25,95.11,43939900
SPY,2003/5/16,94.89,95.45,94.26,94.87,38914500
SPY,2003/5/19,94.15,94.8905,92.33,92.65,43242300
SPY,2003/5/20,92.82,93.03,91.597,92.46,55457600
SPY,2003/5/21,92.11,92.88,91.91,92.65,49859600
SPY,2003/5/22,92.95,94.05,92.68,93.57,38463900
SPY,2003/5/23,93.53,93.98,93.14,93.76,26158600
SPY,2003/5/27,93.3,95.84,93.18,95.4,43739500
SPY,2003/5/28,95.85,96.47,95.43,95.67,37752100
SPY,2003/5/29,95.88,96.82,95.08,95.42,50982100
SPY,2003/5/30,95.901,97.09,95.56,96.95,52546300
SPY,2003/6/2,97.53,98.45,97.03,97.35,50711700
SPY,2003/6/3,97.15,97.84,96.85,97.75,39555300
SPY,2003/6/4,97.66,99.35,97.569,99.16,49422500
SPY,2003/6/5,98.584,99.65,98.27,99.65,46432100
SPY,2003/6/6,100.4,101.4,99.13,99.26,60401100
SPY,2003/6/9,98.769,99.1,97.77,98.25,38400100
SPY,2003/6/10,98.46,99.26,98.19,99.25,30120200
SPY,2003/6/11,99.16,100.39,98.71,100.3,37641900
SPY,2003/6/12,100.754,100.9,99.62,100.61,36491400
SPY,2003/6/13,100.61,100.749,98.95,99.56,48640800
SPY,2003/6/16,99.96,101.7,99.8,101.66,36422100
SPY,2003/6/17,102.07,102.179,101.23,101.66,36824400
SPY,2003/6/18,101.29,102.14,101,101.57,35552200
SPY,2003/6/19,101.64,101.73,99.84,100.02,43570700
SPY,2003/6/20,100.39,100.5,99.42,99.44,41554900
SPY,2003/6/23,99.45,99.66,97.92,98.42,34344600
SPY,2003/6/24,98.223,99.09,98.02,98.52,36237900
SPY,2003/6/25,98.53,99.44,97.53,97.53,47864500
SPY,2003/6/26,97.78,98.979,96.96,98.8,33552000
SPY,2003/6/27,98.747,99.19,97.58,97.66,54216000
SPY,2003/6/30,98.22,98.67,97.47,97.63,33865300
SPY,2003/7/1,97.253,98.85,96.43,98.53,51418400
SPY,2003/7/2,98.77,99.79,98.57,99.77,34679700
SPY,2003/7/3,99.07,99.85,97.904,98.74,30868400
SPY,2003/7/7,99.653,100.9,99.65,100.7,31432300
SPY,2003/7/8,100.5,101.29,100.17,101.15,33159700
SPY,2003/7/9,100.92,101.4,100.03,100.58,36632000
SPY,2003/7/10,99.84,100.04,98.63,99.3,49850500
SPY,2003/7/11,99.39,100.45,99.39,100.24,40079100
SPY,2003/7/14,101.2,101.9,99.915,100.73,42157200
SPY,2003/7/15,101.38,101.46,99.95,100.51,63632700
SPY,2003/7/16,100.81,100.87,99.23,99.92,40217600
SPY,2003/7/17,99.15,99.88,98.16,98.5,48928600
SPY,2003/7/18,99.02,99.8,98.46,99.51,35705800
SPY,2003/7/21,99.45,99.494,97.85,98.28,35142700
SPY,2003/7/22,98.69,99.41,97.91,99.17,50010600
SPY,2003/7/23,99.21,99.45,98.28,99.24,37302100
SPY,2003/7/24,99.99,100.34,98.37,98.49,41176100
SPY,2003/7/25,98.66,100.29,98.04,100.23,43329600
SPY,2003/7/28,100.37,100.98,99.67,99.86,34417000
SPY,2003/7/29,100.14,100.27,98.68,99.4,53571600
SPY,2003/7/30,99.6,99.79,98.93,99.16,28428700
SPY,2003/7/31,99.98,100.94,99.05,99.39,59123300
SPY,2003/8/1,99.19,99.53,98.24,98.51,49326900
SPY,2003/8/4,98.31,99,97,98.51,55546900
SPY,2003/8/5,98.411,98.76,96.34,96.42,61749600
SPY,2003/8/6,96.69,98.06,96.423,96.98,51183600
SPY,2003/8/7,97.17,98.07,96.758,98,43549000
SPY,2003/8/8,98.32,98.547,97.76,98.28,27359700
SPY,2003/8/11,98.26,99.04,97.84,98.65,34638500
SPY,2003/8/12,98.71,99.59,98.42,99.55,43366600
SPY,2003/8/13,99.82,99.849,98.53,99.04,36158300
SPY,2003/8/14,99.1,99.75,98.45,99.31,36259400
SPY,2003/8/15,99.36,99.79,99.12,99.62,12567600
SPY,2003/8/18,99.93,100.6,99.74,100.48,22951800
SPY,2003/8/19,100.687,100.94,100,100.86,37460700
SPY,2003/8/20,100.29,100.89,100.164,100.45,23206200
SPY,2003/8/21,101.05,101.52,100.4,100.77,46553400
SPY,2003/8/22,101.75,101.818,99.73,99.77,52046700
SPY,2003/8/25,99.71,100,99.28,99.93,23495600
SPY,2003/8/26,99.5,100.39,98.83,100.11,45084500
SPY,2003/8/27,100.05,100.36,99.57,100.14,18987900
SPY,2003/8/28,100.4,101,99.66,100.76,27427400
SPY,2003/8/29,100.61,101.48,100.48,101.44,28721900
SPY,2003/9/2,101.64,102.88,101.05,102.8,50864300
SPY,2003/9/3,103.03,103.7,102.78,103.36,44927200
SPY,2003/9/4,103.1,103.55,102.76,103.41,28404900
SPY,2003/9/5,102.94,103.549,102.4,102.83,31656500
SPY,2003/9/8,103.04,103.88,102.93,103.68,32666300
SPY,2003/9/9,103.37,103.46,102.68,103,35084100
SPY,2003/9/10,102.54,102.8,101.55,101.96,45953600
SPY,2003/9/11,102.1,102.76,101.84,102.26,38801600
SPY,2003/9/12,101.91,102.64,101.35,102.45,42443200
SPY,2003/9/15,102.52,102.63,101.95,102.09,21321900
SPY,2003/9/16,102.232,103.64,102.17,103.58,37956300
SPY,2003/9/17,103.48,103.785,103.05,103.38,32073000
SPY,2003/9/18,103.4,104.7,103.17,104.6,30295300
SPY,2003/9/19,104.27,104.6,103.4,103.67,34385900
SPY,2003/9/22,102.85,102.96,102.03,102.55,36704300
SPY,2003/9/23,102.59,103.29,102.36,102.94,32514100
SPY,2003/9/24,103.118,103.22,101.07,101.11,41720700
SPY,2003/9/25,101.41,101.88,100.2,100.28,53188100
SPY,2003/9/26,100.44,100.66,99.846,99.95,42916300
SPY,2003/9/29,100.3,100.99,99.79,100.93,36793100
SPY,2003/9/30,100.48,100.76,99.25,99.95,70777300
SPY,2003/10/1,100.24,102.18,100.2,102.08,65806400
SPY,2003/10/2,101.93,102.56,101.63,102.45,44639600
SPY,2003/10/3,103.67,104.28,103.08,103.39,48822200
SPY,2003/10/6,103.482,103.99,103.2,103.86,20246500
SPY,2003/10/7,103.26,104.31,102.91,104.26,42636600
SPY,2003/10/8,104.33,104.39,103.41,104,30944800
SPY,2003/10/9,104.88,105.22,103.83,104.28,40100900
SPY,2003/10/10,104.27,104.6,103.91,104.57,22686200
SPY,2003/10/13,104.715,105.29,104.51,104.9,23830300
SPY,2003/10/14,104.8,105.43,104.36,105.27,38506000
SPY,2003/10/15,105.86,105.89,104.64,104.99,39893900
SPY,2003/10/16,104.68,105.73,104.65,105.41,32794000
SPY,2003/10/17,105.47,105.63,103.98,104.26,32802200
SPY,2003/10/20,104.447,105.04,103.94,105.04,27791200
SPY,2003/10/21,104.82,105.28,104.32,104.86,26768000
SPY,2003/10/22,104.03,104.19,103.19,103.54,34131200
SPY,2003/10/23,102.89,103.95,102.84,103.35,46431100
SPY,2003/10/24,102.83,103.58,102.18,103.58,51738800
SPY,2003/10/27,103.74,104.18,103.27,103.63,32511400
SPY,2003/10/28,103.98,105.15,103.82,105.04,35036600
SPY,2003/10/29,104.77,105.43,104.69,105.18,30970400
SPY,2003/10/30,105.79,105.97,104.8,105.4,39153300
SPY,2003/10/31,105.4,105.74,105.22,105.3,25765300
SPY,2003/11/3,105.75,106.61,105.71,105.99,37605797
SPY,2003/11/4,105.99,106.27,105.58,105.76,31435465
SPY,2003/11/5,105.5,105.97,104.9,105.84,33661200
SPY,2003/11/6,105.6,106.44,105.1,106.4,28414000
SPY,2003/11/7,106.64,106.72,105.57,105.61,31737600
SPY,2003/11/10,105.74,105.84,105.01,105.18,25538500
SPY,2003/11/11,105.09,105.33,104.8,105.15,26809400
SPY,2003/11/12,105.23,106.47,105.16,106.33,28064200
SPY,2003/11/13,106.01,106.54,105.78,106.36,29725100
SPY,2003/11/14,106.4,106.95,105.29,105.46,49163200
SPY,2003/11/17,104.91,105.14,104.04,104.93,44440700
SPY,2003/11/18,105.24,105.45,103.7,103.84,41169200
SPY,2003/11/19,104.03,105.01,103.92,104.72,29848600
SPY,2003/11/20,104.02,105.24,103.75,103.78,53636400
SPY,2003/11/21,104.24,104.33,103.62,104.21,30027800
SPY,2003/11/24,104.69,105.78,104.68,105.59,28975000
SPY,2003/11/25,105.73,106.42,105.45,105.99,37583300
SPY,2003/11/26,106.42,106.45,105.39,106.37,33078800
SPY,2003/11/28,106.28,106.66,106.201,106.45,10507800
SPY,2003/12/1,106.85,107.68,106.8,107.6,38711000
SPY,2003/12/2,107.38,107.77,107.07,107.33,35371400
SPY,2003/12/3,107.65,108.08,107.07,107.16,39108800
SPY,2003/12/4,107.17,107.72,106.94,107.6,36097600
SPY,2003/12/5,107.12,107.8,106.62,106.85,28847100
SPY,2003/12/8,106.74,107.64,106.68,107.57,32499200
SPY,2003/12/9,107.9,107.93,106.54,106.74,43624700
SPY,2003/12/10,106.77,106.98,105.96,106.73,36931400
SPY,2003/12/11,106.68,108.1,106.67,107.93,45476300
SPY,2003/12/12,107.97,108.2,107.39,108.14,34145300
SPY,2003/12/15,109.17,109.23,107.48,107.6,38688200
SPY,2003/12/16,107.68,108.5,107.52,108.16,32905900
SPY,2003/12/17,108.06,108.5,107.8,108.5,23206100
SPY,2003/12/18,108.55,109.73,108.39,109.72,29792100
SPY,2003/12/19,109.3,109.37,108.58,108.9,41466700
SPY,2003/12/22,108.79,109.66,108.78,109.66,27639200
SPY,2003/12/23,109.48,109.95,109.38,109.73,24756600
SPY,2003/12/24,109.52,109.88,109.43,109.62,8055800
SPY,2003/12/26,109.71,110.08,109.63,109.7,8308400
SPY,2003/12/29,110.1,111.27,109.7843,111.16,22548500
SPY,2003/12/30,111.09,111.27,110.85,111.18,19584400
SPY,2003/12/31,111.22,111.52,110.84,111.28,31505600
SPY,2004/1/2,111.74,112.19,110.73,111.23,38084800
SPY,2004/1/5,111.69,112.52,111.59,112.44,27970800
SPY,2004/1/6,112.16,112.73,112,112.55,20506400
SPY,2004/1/7,112.39,113.06,111.89,112.93,30182100
SPY,2004/1/8,113.25,113.41,112.77,113.38,37052200
SPY,2004/1/9,112.83,113.5,112.27,112.39,54093100
SPY,2004/1/12,112.55,113.25,112.36,113.22,33568700
SPY,2004/1/13,113.09,113.23,111.76,112.56,54293200
SPY,2004/1/14,112.76,113.66,112.67,113.5,30146600
SPY,2004/1/15,113.57,114.06,112.58,113.78,38434500
SPY,2004/1/16,114.04,114.31,113.63,114.23,31926100
SPY,2004/1/20,114.53,114.65,113.82,114.2,29880600
SPY,2004/1/21,114.13,115.3,113.72,115.1,30745000
SPY,2004/1/22,115.14,115.38,114.58,114.8,29915100
SPY,2004/1/23,115,115.37,113.95,114.43,49968700
SPY,2004/1/26,114.39,115.93,114.38,115.87,30474700
SPY,2004/1/27,115.75,115.85,114.65,114.68,35373200
SPY,2004/1/28,114.98,115.28,112.94,113.37,52893400
SPY,2004/1/29,113.56,113.85,112.56,113.48,60120400
SPY,2004/1/30,113.52,113.72,113.09,113.48,30993800
SPY,2004/2/2,113.7,114.68,113.12,113.97,38851900
SPY,2004/2/3,113.74,114.14,113.44,113.78,25159200
SPY,2004/2/4,113.19,113.73,112.79,112.85,39630900
SPY,2004/2/5,113.17,113.54,112.78,113.18,35998100
SPY,2004/2/6,113.42,114.7,113.2,114.45,37239200
SPY,2004/2/9,114.67,114.87,114.29,114.48,24860400
SPY,2004/2/10,114.28,115.14,114.26,114.85,27933300
SPY,2004/2/11,114.85,116.39,114.17,116.07,42980700
SPY,2004/2/12,115.97,116.27,115.58,115.65,27830500
SPY,2004/2/13,115.82,116.2,114.75,115.13,44741900
SPY,2004/2/17,115.85,116.43,115.77,116.17,23990400
SPY,2004/2/18,116.2,116.6,115.35,115.66,28661000
SPY,2004/2/19,116.33,116.39,115.06,115.23,51184200
SPY,2004/2/20,115.48,115.5616,114.32,114.88,46729500
SPY,2004/2/23,115.22,115.26,114.17,114.59,36366000
SPY,2004/2/24,114.27,114.99,113.9,114.39,43960800
SPY,2004/2/25,114.46,115.06,114.32,114.87,31234900
SPY,2004/2/26,114.61,115.29,114.34,114.94,29685800
SPY,2004/2/27,115.19,115.74,114.63,115.02,39275400
SPY,2004/3/1,115.43,116.34,115.25,116.16,33196200
SPY,2004/3/2,115.94,116.23,115.23,115.48,38607900
SPY,2004/3/3,115.25,115.87,114.92,115.69,31355600
SPY,2004/3/4,115.72,116.1,115.52,115.99,21075200
SPY,2004/3/5,115.42,116.95,115.28,116.38,55923200
SPY,2004/3/8,116.34,116.62,114.91,114.96,39289700
SPY,2004/3/9,115.1,115.21,114.24,114.5,39750700
SPY,2004/3/10,114.72,114.77,112.56,112.58,67812900
SPY,2004/3/11,112.4,113.27,111.1,111.12,89450400
SPY,2004/3/12,111.73,112.71,111.58,112.58,54027100
SPY,2004/3/15,112.27,112.35,110.9,111.2,57702300
SPY,2004/3/16,111.78,112.06,110.84,111.79,60111400
SPY,2004/3/17,112.18,113.26,112.1,113.04,41889900
SPY,2004/3/18,112.67,113.27,111.93,113.07,60029000
SPY,2004/3/19,112.41,112.57,111.04,111.06,48646100
SPY,2004/3/22,110.54,110.57,109.1,109.65,62761700
SPY,2004/3/23,110.25,110.4,109.36,109.46,54119400
SPY,2004/3/24,109.64,110.14,108.85,109.55,51595900
SPY,2004/3/25,110.08,111.3,109.79,111,49995700
SPY,2004/3/26,110.955,111.79,110.8,111.03,37413700
SPY,2004/3/29,111.63,112.74,111.58,112.59,44118300
SPY,2004/3/30,112.3,113.07,112.22,112.97,39062200
SPY,2004/3/31,112.99,113.4,112.38,113.1,48600600
SPY,2004/4/1,113.07,113.87,113.05,113.78,45139900
SPY,2004/4/2,114.81,114.84,113.9,114.64,50998200
SPY,2004/4/5,114.46,115.38,114.44,115.27,30280900
SPY,2004/4/6,114.83,115.18,114.62,114.9,28488600
SPY,2004/4/7,114.94,114.98,114.11,114.63,45900800
SPY,2004/4/8,115.41,115.41,113.74,114.37,46938700
SPY,2004/4/12,114.58,115.08,114.57,114.82,23101400
SPY,2004/4/13,115.26,115.3,113.02,113.21,56236000
SPY,2004/4/14,112.61,113.64,112.55,113.39,62340800
SPY,2004/4/15,113.45,113.78,112.36,112.96,61634700
SPY,2004/4/16,113.43,114.05,112.98,113.83,47059500
SPY,2004/4/19,113.55,113.99,113.27,113.83,28278000
SPY,2004/4/20,114.08,114.32,111.78,111.92,53356200
SPY,2004/4/21,112.2,112.95,111.87,112.67,50302600
SPY,2004/4/22,112.48,114.67,112.44,114.25,62145000
SPY,2004/4/23,114.42,114.57,113.79,114.36,29422500
SPY,2004/4/26,114.5,114.94,113.6,114.2,35567400
SPY,2004/4/27,114.23,115.12,113.96,114.3,43490800
SPY,2004/4/28,113.89,114.01,112.5,112.82,50181500
SPY,2004/4/29,112.72,113.32,111.16,111.83,69710300
SPY,2004/4/30,112.17,112.38,110.9,110.96,48685700
SPY,2004/5/3,111.37,112.29,111.35,112.15,33764600
SPY,2004/5/4,112.25,113.26,111.66,112.06,51197600
SPY,2004/5/5,112.41,112.96,112.16,112.78,34431000
SPY,2004/5/6,112.02,112.5895,111,111.81,55011200
SPY,2004/5/7,111.22,112.23,109.96,109.96,60959100
SPY,2004/5/10,109.44,109.75,108.36,108.83,75362900
SPY,2004/5/11,109.46,110.05,109.33,109.75,48350300
SPY,2004/5/12,109.57,110.54,108.06,110.45,90898600
SPY,2004/5/13,109.76,110.81,109.63,109.99,57510300
SPY,2004/5/14,109.96,110.74,109.27,110.04,54133300
SPY,2004/5/17,108.89,109.5,108.41,109.1,55081500
SPY,2004/5/18,109.49,109.94,109.33,109.65,30206500
SPY,2004/5/19,110.5,111.18,109.15,109.27,55021600
SPY,2004/5/20,109.45,109.87,109.04,109.62,38127000
SPY,2004/5/21,110.05,110.55,109.47,109.81,47491000
SPY,2004/5/24,110.53,110.76,109.68,110.27,40977200
SPY,2004/5/25,109.9,111.98,109.6,111.85,51718900
SPY,2004/5/26,111.66,112.29,111.51,112.24,35982700
SPY,2004/5/27,112.54,113.03,112.06,112.87,45319500
SPY,2004/5/28,112.73,112.88,112.36,112.86,23371200
SPY,2004/6/1,112.46,112.86,111.87,112.71,41065300
SPY,2004/6/2,113.03,113.48,112.46,113.13,39782100
SPY,2004/6/3,112.81,113.19,112.07,112.09,38729500
SPY,2004/6/4,112.98,113.58,112.71,112.98,32763500
SPY,2004/6/7,113.43,114.81,113.42,114.7,31678100
SPY,2004/6/8,114.37,114.92,114.17,114.86,32854800
SPY,2004/6/9,114.51,114.7,113.72,113.79,36813200
SPY,2004/6/10,114.04,114.35,113.93,114.35,21719200
SPY,2004/6/14,113.82,113.85,112.87,113.22,34639300
SPY,2004/6/15,113.9,114.445,113.51,114.02,37446100
SPY,2004/6/16,114,114.2,113.7,114,26638800
SPY,2004/6/17,113.85,114.07,113.33,113.83,28475800
SPY,2004/6/18,113.27,114.22,113.18,113.63,31805900
SPY,2004/6/21,113.75,114.14,113.13,113.2,24743900
SPY,2004/6/22,113.13,113.88,112.67,113.77,37342800
SPY,2004/6/23,113.61,114.84,113.42,114.75,35765700
SPY,2004/6/24,114.56,114.93,114.26,114.39,39411200
SPY,2004/6/25,114.41,114.94,113.68,113.84,32874000
SPY,2004/6/28,114.52,114.61,113.41,113.45,41290700
SPY,2004/6/29,113.53,114.17,113.42,113.92,28428000
SPY,2004/6/30,114.07,114.79,113.65,114.53,52610400
SPY,2004/7/1,114.25,114.4,112.58,112.94,57780200
SPY,2004/7/2,113.16,113.29,112.6,112.88,34621000
SPY,2004/7/6,112.37,112.45,111.63,111.89,38711600
SPY,2004/7/7,111.81,112.57,111.75,112.22,30049300
SPY,2004/7/8,111.81,112.32,111.2,111.42,45292300
SPY,2004/7/9,111.71,111.94,111.38,111.73,27412600
SPY,2004/7/12,111.52,112.04,111,111.78,35691600
SPY,2004/7/13,111.92,112.02,111.6,111.86,26817800
SPY,2004/7/14,111.26,112.39,111.12,111.52,54239800
SPY,2004/7/15,111.74,111.91,110.7,110.8,38437700
SPY,2004/7/16,111.57,111.67,110.44,110.71,40873700
SPY,2004/7/19,110.75,110.96,109.99,110.24,39599000
SPY,2004/7/20,110.53,111.9,110.25,111.64,47297900
SPY,2004/7/21,111.82,112.06,109.45,109.58,56265000
SPY,2004/7/22,109.36,110.39,108.77,109.88,72667100
SPY,2004/7/23,109.62,109.71,108.69,108.96,49612000
SPY,2004/7/26,109.19,109.43,108.21,108.75,49692000
SPY,2004/7/27,109.05,110.11,108.97,109.77,51312500
SPY,2004/7/28,109.55,110.37,108.59,110.1,66079300
SPY,2004/7/29,110.54,110.87,110,110.57,52354600
SPY,2004/7/30,110.32,110.9,110.1,110.84,41589700
SPY,2004/8/2,110.19,111.35,110.05,111.07,38808900
SPY,2004/8/3,110.93,111.06,110.16,110.21,40994400
SPY,2004/8/4,109.89,110.75,109.64,110.2,40841700
SPY,2004/8/5,110.29,110.38,108.27,108.4,50836700
SPY,2004/8/6,107.63,107.965,106.62,106.85,74749500
SPY,2004/8/9,107.02,107.48,106.87,107,37481100
SPY,2004/8/10,107.31,108.41,107.26,108.38,56104500
SPY,2004/8/11,107.68,108.33,107.1,108.16,53027500
SPY,2004/8/12,107.68,107.95,106.63,106.98,50044300
SPY,2004/8/13,107.1,107.35,106.59,107.19,41640800
SPY,2004/8/16,107.14,108.64,107.1,108.3,45747900
SPY,2004/8/17,108.75,109.28,108.53,108.91,40792200
SPY,2004/8/18,108.52,110.17,108.49,110.03,43231900
SPY,2004/8/19,109.81,110.02,109.18,109.71,39973700
SPY,2004/8/20,109.61,110.63,109.51,110.48,44899800
SPY,2004/8/23,110.55,110.77,110.05,110.2,33853500
SPY,2004/8/24,110.64,110.73,109.85,110.35,30566400
SPY,2004/8/25,110.33,111.27,109.9,111.1,38586800
SPY,2004/8/26,110.96,111.31,110.85,111.1,26634100
SPY,2004/8/27,111.2,111.63,111.05,111.45,24905000
SPY,2004/8/30,111.23,111.34,110.45,110.53,26729800
SPY,2004/8/31,110.66,111.16,110.1,111.11,44210100
SPY,2004/9/1,110.95,111.64,110.48,111.32,52800400
SPY,2004/9/2,111.24,112.7,111.24,112.58,42837600
SPY,2004/9/3,112.3,112.82,112.01,112.12,30491700
SPY,2004/9/7,112.54,113.13,112.32,112.86,37352500
SPY,2004/9/8,112.62,113.06,112.31,112.58,33012500
SPY,2004/9/9,112.57,112.88,112.03,112.48,34335400
SPY,2004/9/10,112.52,113.27,112.08,113.06,27914900
SPY,2004/9/13,113.31,113.74,113.01,113.43,44539100
SPY,2004/9/14,113.3,113.69,113.19,113.66,28071400
SPY,2004/9/15,113.3,113.36,112.68,112.8,38461200
SPY,2004/9/16,112.85,113.37,112.8,113.14,23918800
SPY,2004/9/17,112.95,113.36,112.69,113.15,33694500
SPY,2004/9/20,112.67,112.99,112.28,112.47,37190000
SPY,2004/9/21,112.75,113.47,112.54,112.96,40943500
SPY,2004/9/22,112.5,112.52,111.47,111.55,49170000
SPY,2004/9/23,111.6,111.7,110.95,110.95,44102400
SPY,2004/9/24,111.17,111.73,111.13,111.46,35011800
SPY,2004/9/27,111.1,111.2,110.58,110.75,39681500
SPY,2004/9/28,110.91,111.51,110.41,111.28,41702700
SPY,2004/9/29,111.21,111.85,111,111.84,33866800
SPY,2004/9/30,111.55,111.98,111.26,111.76,43593400
SPY,2004/10/1,112.26,113.65,112.21,113.65,62844300
SPY,2004/10/4,114.1,114.44,113.8,113.84,33587900
SPY,2004/10/5,113.85,114.16,113.54,113.9,37163100
SPY,2004/10/6,113.77,114.68,113.68,114.62,42298300
SPY,2004/10/7,114.38,114.4,113.36,113.45,39410600
SPY,2004/10/8,113.15,113.7,112.35,112.51,51883500
SPY,2004/10/11,112.78,113.02,112.64,112.97,20249000
SPY,2004/10/12,112.2,112.83,111.94,112.53,41862300
SPY,2004/10/13,113,113.07,111.32,111.54,54435800
SPY,2004/10/14,111.68,111.93,110.58,110.64,64553200
SPY,2004/10/15,111.02,111.74,110.57,111.26,63484200
SPY,2004/10/18,110.89,111.9,110.7,111.68,43770000
SPY,2004/10/19,112.02,112.23,110.59,110.74,56063400
SPY,2004/10/20,110.38,110.82,109.75,110.52,57176500
SPY,2004/10/21,110.79,111.32,110.21,111.24,53275600
SPY,2004/10/22,111.19,111.25,109.86,109.99,48760500
SPY,2004/10/25,109.75,110.12,109.35,109.86,44057300
SPY,2004/10/26,110.13,111.6,109.88,111.54,54487300
SPY,2004/10/27,111.38,113.1,111.12,112.88,73932400
SPY,2004/10/28,112.78,113.56,112.49,113.22,54428000
SPY,2004/10/29,113.12,113.64,112.9,113.2,48824800
SPY,2004/11/1,113.56,113.84,113.2,113.51,36781400
SPY,2004/11/2,113.67,114.57,113.22,113.55,56267600
SPY,2004/11/3,115.03,115.36,114.24,114.98,77030200
SPY,2004/11/4,114.78,116.67,114.68,116.55,55467300
SPY,2004/11/5,117.05,117.64,116.49,117.28,63308700
SPY,2004/11/8,116.98,117.23,116.72,117.11,34166200
SPY,2004/11/9,117.08,117.5,116.76,116.88,44721600
SPY,2004/11/10,117.06,117.55,116.76,116.97,45270900
SPY,2004/11/11,117.18,118.12,117.1,117.86,38411000
SPY,2004/11/12,117.97,119,117.68,118.79,55644000
SPY,2004/11/15,118.5,118.77,118.23,118.73,35299400
SPY,2004/11/16,118.36,118.41,117.73,117.88,40138600
SPY,2004/11/17,118.37,119.14,118.07,118.58,54943600
SPY,2004/11/18,118.53,118.8,118.23,118.74,31910700
SPY,2004/11/19,118.7,118.72,117.14,117.42,54280400
SPY,2004/11/22,117.17,118.12,117.03,117.98,37574400
SPY,2004/11/23,117.93,118.26,117.37,118.16,41973400
SPY,2004/11/24,118.27,118.59,118.05,118.44,29735000
SPY,2004/11/26,118.51,118.98,118.3,118.35,15490000
SPY,2004/11/29,118.79,119.01,117.48,117.81,61762600
SPY,2004/11/30,118,118.24,117.64,117.89,54476300
SPY,2004/12/1,118.16,119.5,118.1,119.23,49920200
SPY,2004/12/2,119.1,119.87,119.01,119.33,60192500
SPY,2004/12/3,119.31,120.14,119.09,119.25,49078200
SPY,2004/12/6,119.21,119.64,118.84,119.21,33046700
SPY,2004/12/7,119.49,119.62,118.04,118.1,52106700
SPY,2004/12/8,118.21,118.82,118.01,118.79,43904900
SPY,2004/12/9,118.14,119.46,117.73,119.21,60959300
SPY,2004/12/10,118.91,119.56,118.85,119.33,47853700
SPY,2004/12/13,119.76,120.4,119.35,120.37,38717900
SPY,2004/12/14,120.18,120.96,120.18,120.79,41736100
SPY,2004/12/15,120.7,121.11,120.31,120.88,46759800
SPY,2004/12/16,120.72,121.24,120.04,120.24,51651500
SPY,2004/12/17,119.46,119.97,119.16,119.44,71183600
SPY,2004/12/20,119.73,120.29,119.17,119.47,47202100
SPY,2004/12/21,119.6,120.48,119.46,120.39,33202000
SPY,2004/12/22,120.38,121.08,120.05,120.68,31508800
SPY,2004/12/23,120.87,121.28,120.09,120.77,25647700
SPY,2004/12/27,121.2,121.36,120.39,120.52,29984600
SPY,2004/12/28,120.64,121.33,120.6,121.18,23429900
SPY,2004/12/29,121.08,121.4,120.95,121.36,23772600
SPY,2004/12/30,121.4,121.57,121.04,121.13,21080700
SPY,2004/12/31,121.3,121.66,120.8,120.87,28655600
SPY,2005/1/3,121.6,121.76,119.9,120.3,56002000
SPY,2005/1/4,120.46,120.54,118.44,118.83,69270700
SPY,2005/1/5,118.74,119.25,118,118.01,65878000
SPY,2005/1/6,118.44,119.15,118.26,118.61,48291000
SPY,2005/1/7,118.97,119.23,118.13,118.44,55857400
SPY,2005/1/10,118.34,119.46,118.34,119,56799100
SPY,2005/1/11,118.64,118.74,117.99,118.18,63360500
SPY,2005/1/12,118.4,118.84,117.52,118.57,74306400
SPY,2005/1/13,118.64,118.73,117.5,117.62,55785800
SPY,2005/1/14,117.97,118.53,117.76,118.24,42034200
SPY,2005/1/18,118.05,119.62,117.95,119.47,57454000
SPY,2005/1/19,119.43,119.52,118.21,118.22,54918200
SPY,2005/1/20,117.89,118.2,117.29,117.5,72095800
SPY,2005/1/21,117.79,118,116.65,116.78,63275000
SPY,2005/1/24,117.09,117.34,116.37,116.55,58562500
SPY,2005/1/25,116.91,117.47,116.72,116.88,68338500
SPY,2005/1/26,117.32,117.6,117.04,117.23,57447000
SPY,2005/1/27,117.19,117.75,116.98,117.43,56664800
SPY,2005/1/28,117.49,117.55,116.61,117.43,60817900
SPY,2005/1/31,118,118.25,117.71,118.16,54141700
SPY,2005/2/1,118.25,119.08,118.1,118.91,52016300
SPY,2005/2/2,119.06,119.59,118.9,119.27,52606500
SPY,2005/2/3,119.06,119.16,118.57,119.11,49150700
SPY,2005/2/4,119,120.43,118.98,120.23,50024600
SPY,2005/2/7,120.22,120.52,119.96,120.07,46216000
SPY,2005/2/8,120.17,120.65,120.07,120.21,39459400
SPY,2005/2/9,120.42,120.49,119.25,119.31,55387500
SPY,2005/2/10,119.66,120.02,119.26,119.74,46023700
SPY,2005/2/11,119.71,121.04,119.46,120.77,53275100
SPY,2005/2/14,120.69,120.86,120.48,120.68,32553900
SPY,2005/2/15,120.8,121.43,120.68,121.13,44440500
SPY,2005/2/16,120.93,121.46,120.67,121.21,51795800
SPY,2005/2/17,121.23,121.33,120.22,120.23,58154100
SPY,2005/2/18,120.17,120.48,119.9,120.39,49544300
SPY,2005/2/22,119.9,120.47,118.58,118.6,80857400
SPY,2005/2/23,118.73,119.57,118.6247,119.45,68310700
SPY,2005/2/24,119.24,120.32,118.98,120.24,69311400
SPY,2005/2/25,120.27,121.67,120.18,121.43,61174700
SPY,2005/2/28,121.15,121.3,120.04,120.63,69427700
SPY,2005/3/1,120.78,121.52,120.78,121.23,47572000
SPY,2005/3/2,120.76,121.93,120.65,121.17,64233600
SPY,2005/3/3,121.66,121.9,120.7,121.22,62102500
SPY,2005/3/4,122.05,122.83,121.79,122.73,56175800
SPY,2005/3/7,122.66,123.25,122.4,122.79,43809100
SPY,2005/3/8,122.67,123,122.11,122.33,44668900
SPY,2005/3/9,121.97,122.29,120.96,120.97,73605600
SPY,2005/3/10,120.99,121.5,120.4,121.24,65304400
SPY,2005/3/11,121.54,121.72,120.16,120.39,58132700
SPY,2005/3/14,120.4,121.16,120.28,121.14,36339100
SPY,2005/3/15,121.42,121.46,120.08,120.14,62488700
SPY,2005/3/16,119.7,119.88,118.9,119.12,76727200
SPY,2005/3/17,119.31,119.74,118.98,119.36,62740500
SPY,2005/3/18,119.1,119.53,118.15,118.54,61885000
SPY,2005/3/21,118.71,118.78,117.76,118.1,61430600
SPY,2005/3/22,118.37,118.93,116.9,116.9,93334300
SPY,2005/3/23,116.945,117.72,116.75,117,71947900
SPY,2005/3/24,117.46,117.99,117.06,117.14,52020500
SPY,2005/3/28,117.42,117.94,117.31,117.31,46942700
SPY,2005/3/29,117.14,117.9,116.25,116.53,73047000
SPY,2005/3/30,116.9,118.2,116.77,118.18,62897600
SPY,2005/3/31,118.19,118.46,117.87,117.96,65049100
SPY,2005/4/1,118.63,118.99,116.91,117.43,97396700
SPY,2005/4/4,117.36,117.86,116.74,117.63,71610100
SPY,2005/4/5,117.78,118.38,117.67,118.19,50081100
SPY,2005/4/6,118.45,118.95,118.18,118.6,53311700
SPY,2005/4/7,118.41,119.26,118.32,119.24,47225600
SPY,2005/4/8,119.17,119.21,118,118,64295900
SPY,2005/4/11,118.29,118.42,117.83,118.09,45858000
SPY,2005/4/12,117.89,119.06,117.07,118.7,86570800
SPY,2005/4/13,118.56,118.8,117.13,117.3,66060200
SPY,2005/4/14,117.44,117.5,115.77,115.77,99643200
SPY,2005/4/15,115.74,116.2,114.1,114.15,134065900
SPY,2005/4/18,114.12,114.96,113.96,114.5,100318700
SPY,2005/4/19,115.1,115.71,114.83,115.41,68402200
SPY,2005/4/20,115.4,115.63,113.55,113.8,114839500
SPY,2005/4/21,114.79,116.21,114.38,116.01,87467500
SPY,2005/4/22,115.74,116.5,114.27,115.57,89839500
SPY,2005/4/25,115.86,116.5,115.72,116.33,52365600
SPY,2005/4/26,115.96,116.77,115.15,115.2,75364600
SPY,2005/4/27,114.86,116.07,114.44,115.65,85186600
SPY,2005/4/28,115.27,115.68,114.2,114.2,74269500
SPY,2005/4/29,115.07,115.87,113.97,115.75,104285600
SPY,2005/5/2,116.07,116.41,115.52,116.4,56060700
SPY,2005/5/3,116.07,116.85,115.69,116.6,86914900
SPY,2005/5/4,116.65,117.75,116.28,117.5,82487900
SPY,2005/5/5,117.67,118,116.74,117.46,97323300
SPY,2005/5/6,117.93,117.99,117.06,117.09,69603700
SPY,2005/5/9,117.21,118.08,117.05,117.82,43976700
SPY,2005/5/10,117.36,117.5,116.39,116.6,75034400
SPY,2005/5/11,116.93,117.4,115.85,117.24,92041300
SPY,2005/5/12,117.32,117.59,115.41,115.95,95574400
SPY,2005/5/13,116.3,116.62,114.8,115.72,85442700
SPY,2005/5/16,115.7,116.84,115.66,116.8,49351500
SPY,2005/5/17,116.43,117.7,116.16,117.58,61417200
SPY,2005/5/18,118.07,119.08,118.01,118.79,78053800
SPY,2005/5/19,119.02,119.41,118.7,119.29,62850100
SPY,2005/5/20,119.34,119.39,118.74,119.12,46424800
SPY,2005/5/23,119.21,120.04,119.19,119.78,51294200
SPY,2005/5/24,119.44,119.83,119.2,119.5,50999500
SPY,2005/5/25,119.35,119.87,118.83,119.41,48483800
SPY,2005/5/26,119.79,120.21,119.62,120.05,43558900
SPY,2005/5/27,120.06,120.25,119.8,120.25,24641600
SPY,2005/5/31,120.08,120.17,119.4,119.48,44931300
SPY,2005/6/1,119.52,120.92,119.45,120.5,69884800
SPY,2005/6/2,120.23,120.84,120.1,120.76,40485200
SPY,2005/6/3,120.55,120.89,119.73,120.15,61053700
SPY,2005/6/6,120.02,120.2,119.55,120.04,36332000
SPY,2005/6/7,120.39,121.25,120.01,120.13,66691800
SPY,2005/6/8,120.43,120.59,119.67,119.91,50023400
SPY,2005/6/9,119.74,120.58,119.44,120.48,57167700
SPY,2005/6/10,120.56,120.65,119.6,120.2,36504400
SPY,2005/6/13,119.94,121.08,119.81,120.58,49503300
SPY,2005/6/14,120.45,121.2,120.38,120.86,34001600
SPY,2005/6/15,121.16,121.24,120.23,121.09,53891700
SPY,2005/6/16,121.09,121.64,120.92,121.4,46664300
SPY,2005/6/17,121.54,121.9,120.49,121.36,53756800
SPY,2005/6/20,121.08,121.84,120.94,121.4,42236500
SPY,2005/6/21,121.5,121.65,121.03,121.47,40060700
SPY,2005/6/22,121.68,121.94,121.07,121.57,46684100
SPY,2005/6/23,121.32,121.6,119.83,119.86,62818500
SPY,2005/6/24,119.88,120.0078,118.84,118.98,59190900
SPY,2005/6/27,118.97,119.41,118.75,119.15,51164200
SPY,2005/6/28,119.4,120.24,119.37,120.15,42617300
SPY,2005/6/29,120.37,120.4,119.76,119.83,43059500
SPY,2005/6/30,120.22,120.32,118.95,119.18,62303700
SPY,2005/7/1,119.45,119.8,119.21,119.53,49786600
SPY,2005/7/5,119.43,120.65,119.19,120.49,51552100
SPY,2005/7/6,120.39,120.65,119.41,119.48,54070500
SPY,2005/7/7,118.28,119.95,118.26,119.95,103268900
SPY,2005/7/8,119.97,121.32,119.72,121.32,64550900
SPY,2005/7/11,121.33,122.1,121.31,121.94,49772400
SPY,2005/7/12,121.89,122.63,121.64,122.26,52169900
SPY,2005/7/13,122.27,122.52,121.99,122.43,41297700
SPY,2005/7/14,122.91,123.44,122.49,122.91,64776100
SPY,2005/7/15,122.79,123.04,122.36,122.84,56138000
SPY,2005/7/18,122.5,122.63,122.05,122.35,56857200
SPY,2005/7/19,122.71,123.11,122.41,123.02,59514500
SPY,2005/7/20,122.59,123.73,122.3,123.44,69608800
SPY,2005/7/21,123.55,123.61,122.47,122.72,100793200
SPY,2005/7/22,122.88,123.56,122.63,123.54,55934700
SPY,2005/7/25,123.41,123.95,122.85,123.19,57598900
SPY,2005/7/26,123.23,123.53,122.37,123.34,42852600
SPY,2005/7/27,123.5,123.89,123.05,123.79,45263500
SPY,2005/7/28,123.99,124.64,123.64,124.57,48448900
SPY,2005/7/29,124.41,124.63,123.5,123.74,62448200
SPY,2005/8/1,123.83,124.04,123.45,123.65,42941100
SPY,2005/8/2,123.87,124.6,123.74,124.39,46243800
SPY,2005/8/3,124.25,124.74,124.12,124.72,37199000
SPY,2005/8/4,124.23,124.31,123.57,123.72,51044800
SPY,2005/8/5,123.45,123.98,122.67,122.88,53712900
SPY,2005/8/8,123.17,123.41,122.38,122.65,48241900
SPY,2005/8/9,123.06,123.59,122.87,123.39,47524300
SPY,2005/8/10,123.82,124.5,122.82,123.33,73118700
SPY,2005/8/11,123.27,124.03,123.01,123.82,58888000
SPY,2005/8/12,123.57,123.69,122.75,123.06,54814600
SPY,2005/8/15,123.22,123.87,122.83,123.82,36229300
SPY,2005/8/16,123.44,123.52,122.09,122.21,72272600
SPY,2005/8/17,122.19,122.87,122.03,122.2,62513800
SPY,2005/8/18,122.05,122.56,121.84,122.19,53546300
SPY,2005/8/19,122.63,122.82,122.2,122.47,39955800
SPY,2005/8/22,122.58,123.23,121.88,122.47,69950100
SPY,2005/8/23,122.5,122.61,121.15,122.24,56763000
SPY,2005/8/24,121.94,122.73,121.09,121.15,79139600
SPY,2005/8/25,121.35,121.67,121.21,121.59,35647400
SPY,2005/8/26,121.48,121.49,120.68,120.76,61962500
SPY,2005/8/29,120.476,121.78,120.38,121.69,56204000
SPY,2005/8/30,121.25,121.3,120.39,121.05,74325000
SPY,2005/8/31,121.19,122.66,120.74,122.58,103020300
SPY,2005/9/1,122.51,123.15,121.93,122.49,74583200
SPY,2005/9/2,122.85,122.88,122.04,122.27,47658500
SPY,2005/9/6,122.66,123.8,122.65,123.7,57258600
SPY,2005/9/7,123.63,124.13,123.46,123.91,41772100
SPY,2005/9/8,123.66,124,123.31,123.5,39074300
SPY,2005/9/9,123.83,124.74,123.8,124.6,44113400
SPY,2005/9/12,124.45,124.67,124.27,124.35,33029700
SPY,2005/9/13,124.11,124.42,123.52,123.66,58479400
SPY,2005/9/14,123.75,123.92,123.02,123.21,55196700
SPY,2005/9/15,123.51,123.65,122.9,123.15,73656500
SPY,2005/9/16,123.205,123.74,122.87,123.5,75436000
SPY,2005/9/19,123.47,123.55,122.64,123.09,53376100
SPY,2005/9/20,123.21,123.61,121.87,122.05,85005000
SPY,2005/9/21,121.79,121.87,120.78,120.91,94516500
SPY,2005/9/22,120.95,121.66,120.44,121.34,84605100
SPY,2005/9/23,121.24,121.89,120.9,121.44,59369900
SPY,2005/9/26,122,122.24,121.08,121.58,70426300
SPY,2005/9/27,121.52,121.99,121.02,121.55,66156600
SPY,2005/9/28,121.91,122.12,121.2,121.67,58709400
SPY,2005/9/29,121.55,122.86,121.08,122.66,66646800
SPY,2005/9/30,122.62,123.04,122.45,123.04,47827600
SPY,2005/10/3,122.96,123.34,122.45,122.6,51017300
SPY,2005/10/4,122.79,123.03,121.16,121.22,60784700
SPY,2005/10/5,121.29,121.31,119.57,119.63,106066000
SPY,2005/10/6,119.63,120.26,118.17,119.2,141217400
SPY,2005/10/7,119.7,120.05,119.13,119.61,75664400
SPY,2005/10/10,119.68,119.71,118.3,118.6,52680400
SPY,2005/10/11,118.99,119.39,118.32,118.43,75645600
SPY,2005/10/12,118.39,119.13,117.41,117.5,100525800
SPY,2005/10/13,117.5,118.08,116.88,117.43,99076100
SPY,2005/10/14,118.12,118.81,117.56,118.67,88659200
SPY,2005/10/17,118.77,119.27,118.45,119.11,68972800
SPY,2005/10/18,118.96,118.96,117.8,117.82,75020400
SPY,2005/10/19,117.56,119.8,117.12,119.78,116577100
SPY,2005/10/20,119.49,119.81,117.3,117.67,132117600
SPY,2005/10/21,118.2,118.78,117.51,118.13,96580800
SPY,2005/10/24,118.44,120.09,118.41,119.96,72380800
SPY,2005/10/25,119.72,120.24,118.94,119.72,77057500
SPY,2005/10/26,119.57,120.54,119.19,119.37,82697900
SPY,2005/10/27,119.2,119.37,117.93,118.1,68294600
SPY,2005/10/28,118.43,119.95,118.1,119.8,72959900
SPY,2005/10/31,120.29,121.3,120.13,120.13,80153200
SPY,2005/11/1,120.58,120.9,120.22,120.49,66996400
SPY,2005/11/2,120.3198,121.75,120.13,121.75,74690900
SPY,2005/11/3,122.15,122.66,121.75,122.27,84904100
SPY,2005/11/4,122.4,122.46,121.55,122.11,59156400
SPY,2005/11/7,122.4,122.62,121.85,122.23,46765900
SPY,2005/11/8,121.95,122.42,121.79,122.23,42157200
SPY,2005/11/9,122.08,122.95,121.86,122.39,57675900
SPY,2005/11/10,122.34,123.52,121.75,123.34,79148200
SPY,2005/11/11,123.35,123.84,123.28,123.76,34867900
SPY,2005/11/14,123.785,124.02,123.38,123.69,45095400
SPY,2005/11/15,123.67,124.09,122.86,123.24,69593000
SPY,2005/11/16,123.35,123.55,122.98,123.49,51134500
SPY,2005/11/17,123.75,124.65,123.14,124.64,55720000
SPY,2005/11/18,125.04,125.756,124.33,125.13,72438800
SPY,2005/11/21,125.15,125.91,124.98,125.76,50024600
SPY,2005/11/22,125.56,126.52,125.42,126.3,66439900
SPY,2005/11/23,126.25,127.41,126.21,127.03,50856800
SPY,2005/11/25,126.98,127.22,126.81,127.13,15270000
SPY,2005/11/28,127.25,127.27,126.04,126.23,54515700
SPY,2005/11/29,126.65,126.98,126.09,126.09,51814300
SPY,2005/11/30,126.04,126.52,125.29,125.41,56078900
SPY,2005/12/1,126.02,127.03,125.98,126.69,65525600
SPY,2005/12/2,126.69,127.08,126.5,126.85,46724700
SPY,2005/12/5,126.64,126.73,126.18,126.58,59368100
SPY,2005/12/6,126.87,127.74,126.63,126.82,57943900
SPY,2005/12/7,126.79,126.87,125.68,126.08,66829700
SPY,2005/12/8,126.16,126.82,125.48,126,62609100
SPY,2005/12/9,126.2,126.78,125.82,126.33,50747700
SPY,2005/12/12,126.71,126.86,125.96,126.45,48394200
SPY,2005/12/13,126.4,127.7,126.29,127.31,88657500
SPY,2005/12/14,127.19,128.09,127.14,127.81,64376600
SPY,2005/12/15,127.84,128,127.18,127.44,55909700
SPY,2005/12/16,127.27,127.38,126.36,126.36,46239200
SPY,2005/12/19,126.73,126.87,125.69,125.71,48820900
SPY,2005/12/20,125.86,126.22,125.48,125.83,46605200
SPY,2005/12/21,126.17,126.76,125.8,126.03,51806900
SPY,2005/12/22,126.37,126.69,126.08,126.69,32250600
SPY,2005/12/23,126.79,126.86,126.42,126.76,27977300
SPY,2005/12/27,126.92,127.05,125.38,125.47,44504900
SPY,2005/12/28,125.74,125.99,125.5,125.75,30764800
SPY,2005/12/29,125.72,125.96,125.06,125.19,33035000
SPY,2005/12/30,124.8,125.06,124.36,124.51,44646500
SPY,2006/1/3,125.3,127,124.39,126.7,73398800
SPY,2006/1/4,126.86,127.49,126.7,127.3,52244900
SPY,2006/1/5,127.17,127.59,126.88,127.38,47314500
SPY,2006/1/6,127.7,128.58,127.36,128.44,62894200
SPY,2006/1/9,128.41,129.06,128.38,128.77,43536800
SPY,2006/1/10,128.37,128.98,128.26,128.9,44965400
SPY,2006/1/11,129.02,129.44,128.73,129.31,49608100
SPY,2006/1/12,129.08,129.28,128.44,128.8,40525300
SPY,2006/1/13,128.62,128.9,128.2,128.68,44864900
SPY,2006/1/17,128.2,128.42,127.81,128.33,52188600
SPY,2006/1/18,127.25,128.23,127.16,127.82,75147100
SPY,2006/1/19,128.09,128.77,127.81,128.31,78077700
SPY,2006/1/20,128.05,128.31,125.97,125.97,115316800
SPY,2006/1/23,126.27,126.82,126.13,126.42,67103700
SPY,2006/1/24,126.66,127.15,126.42,126.55,53016400
SPY,2006/1/25,127.04,127.18,125.84,126.66,87798900
SPY,2006/1/26,127.28,127.67,126.76,127.36,71370600
SPY,2006/1/27,127.555,128.66,127.45,128.54,65794700
SPY,2006/1/30,128.48,128.81,128.35,128.44,33715200
SPY,2006/1/31,128.32,128.54,127.49,127.5,73151200
SPY,2006/2/1,127.99,128.43,127.72,128.39,63565400
SPY,2006/2/2,128.04,128.14,126.8,126.9,83628600
SPY,2006/2/3,127.22,128.39,126.14,126.27,86044200
SPY,2006/2/6,126.44,126.8,126.17,126.6,45515500
SPY,2006/2/7,126.3,126.66,125.4,125.48,71230800
SPY,2006/2/8,125.88,126.78,125.6,126.62,59427600
SPY,2006/2/9,126.85,127.6,126.37,126.41,62025800
SPY,2006/2/10,126.42,127.13,125.45,126.64,64509900
SPY,2006/2/13,126.57,126.79,125.95,126.41,52318300
SPY,2006/2/14,126.46,128.03,126.19,127.75,90995300
SPY,2006/2/15,127.68,128.32,127.24,128.2,85473500
SPY,2006/2/16,128.2,129.21,128.18,129.16,61035500
SPY,2006/2/17,129.09,129.16,128.58,128.81,40345900
SPY,2006/2/21,129.12,129.4,128.29,128.49,46462000
SPY,2006/2/22,128.77,129.65,128.65,129.27,42340200
SPY,2006/2/23,129.27,129.64,128.28,129.08,43455000
SPY,2006/2/24,129.08,129.48,128.76,129.41,36784600
SPY,2006/2/27,129.4,130.04,129.28,129.46,35926100
SPY,2006/2/28,129.5,129.91,128.13,128.23,74402500
SPY,2006/3/1,128.67,129.49,128.5,129.37,48667800
SPY,2006/3/2,128.9,129.42,128.61,129.36,60650900
SPY,2006/3/3,128.7,130.07,128.65,128.76,73430800
SPY,2006/3/6,129.07,129.18,127.85,128.17,57479400
SPY,2006/3/7,127.81,128.06,127.4,127.97,61788300
SPY,2006/3/8,127.64,128.44,127.18,128.24,66726800
SPY,2006/3/9,128.271,128.68,127.38,127.38,56584000
SPY,2006/3/10,127.79,128.84,127.44,128.59,60493800
SPY,2006/3/13,128.84,129.16,128.53,128.83,45736600
SPY,2006/3/14,128.77,130.23,128.61,130.18,69883500
SPY,2006/3/15,130.15,130.86,129.85,130.76,53416400
SPY,2006/3/16,130.9,131.47,130.84,131.03,67086500
SPY,2006/3/17,130.68,130.9,130.38,130.62,47288300
SPY,2006/3/20,130.68,130.9,130.21,130.41,45557500
SPY,2006/3/21,130.19,130.99,129.45,129.59,87415500
SPY,2006/3/22,129.51,130.51,129.45,130.38,51612200
SPY,2006/3/23,130.24,130.3935,129.66,130.11,46844700
SPY,2006/3/24,129.99,130.57,129.74,130.21,43215700
SPY,2006/3/27,130.03,130.28,129.74,130.02,32529400
SPY,2006/3/28,129.93,130.53,129.05,129.22,82089000
SPY,2006/3/29,129.48,130.5,129.29,130.03,61537200
SPY,2006/3/30,130.11,130.98,129.55,129.8,70573800
SPY,2006/3/31,130.02,130.24,129.37,129.83,62925700
SPY,2006/4/3,130.07,130.87,129.49,129.73,61631500
SPY,2006/4/4,129.72,130.73,129.36,130.56,54811800
SPY,2006/4/5,130.61,131.28,130.38,131.01,50612000
SPY,2006/4/6,130.85,131.21,130.19,130.87,57911600
SPY,2006/4/7,131.06,131.4,129.35,129.54,80189200
SPY,2006/4/10,129.71,130.08,129.26,129.74,41542100
SPY,2006/4/11,129.85,130.06,128.25,128.64,72806700
SPY,2006/4/12,128.77,129.13,128.61,128.88,43052600
SPY,2006/4/13,128.59,129.25,128.31,128.71,51077200
SPY,2006/4/17,128.79,129.31,128.02,128.66,64172400
SPY,2006/4/18,128.95,130.94,128.84,130.7,92684300
SPY,2006/4/19,130.72,131.07,130.24,130.95,87275600
SPY,2006/4/20,131,131.86,130.6,131.13,86024100
SPY,2006/4/21,131.73,131.79,130.62,131.15,72359600
SPY,2006/4/24,130.93,131.07,130.38,130.91,52548400
SPY,2006/4/25,131.04,131.12,129.92,130.37,84361300
SPY,2006/4/26,130.5,131.14,130.3,130.4,67267600
SPY,2006/4/27,129.9,131.63,129.59,131.03,124607600
SPY,2006/4/28,130.79,131.75,130.71,131.47,55855100
SPY,2006/5/1,131.47,131.8,130.32,130.4,65021100
SPY,2006/5/2,131.01,131.46,130.74,131.38,49091700
SPY,2006/5/3,131.22,131.32,130.45,130.89,60825000
SPY,2006/5/4,131.08,131.62,130.34,131.36,42937300
SPY,2006/5/5,132.05,132.8,131.85,132.52,62593300
SPY,2006/5/8,132.51,132.77,132.36,132.36,30018100
SPY,2006/5/9,132.42,132.77,132.31,132.62,29866200
SPY,2006/5/10,132.41,132.75,131.89,132.55,64413900
SPY,2006/5/11,132.51,132.55,130.52,130.95,80659000
SPY,2006/5/12,130.48,130.72,129.19,129.24,91736300
SPY,2006/5/15,128.79,129.74,128.61,129.5,84049100
SPY,2006/5/16,129.76,130,129.01,129.31,62137600
SPY,2006/5/17,128.67,129.1,126.77,126.85,144789500
SPY,2006/5/18,127.38,127.75,126.11,126.21,87937900
SPY,2006/5/19,126.87,127.49,125.8,127.1,124345600
SPY,2006/5/22,126.28,127.17,125.5,126.13,110880900
SPY,2006/5/23,127.18,127.63,125.17,125.17,92006500
SPY,2006/5/24,125.68,126.89,124.76,126.17,168405000
SPY,2006/5/25,126.92,127.73,126.43,127.73,78992600
SPY,2006/5/26,128,128.38,127.51,128.38,62991900
SPY,2006/5/30,127.97,128,126.05,126.1,72448000
SPY,2006/5/31,126.58,127.51,126.2,127.51,86934700
SPY,2006/6/1,127.38,128.94,127.27,128.73,73737200
SPY,2006/6/2,129.25,129.43,128.32,129,91704600
SPY,2006/6/5,128.79,128.86,126.77,127.12,86144500
SPY,2006/6/6,127.21,127.38,125.76,126.81,130881900
SPY,2006/6/7,126.91,127.65,125.79,125.86,108718000
SPY,2006/6/8,125.58,126.5,123.87,125.75,204972100
SPY,2006/6/9,126.36,126.96,125.29,125.35,94977600
SPY,2006/6/12,125.88,125.93,123.82,123.99,95887100
SPY,2006/6/13,123.78,124.84,122.55,122.55,185702000
SPY,2006/6/14,122.84,123.63,122.34,123.5,163668600
SPY,2006/6/15,123.92,126.36,123.86,126.12,134463400
SPY,2006/6/16,125.19,125.56,124.46,124.65,94267500
SPY,2006/6/19,125.4,125.48,123.55,123.67,95823700
SPY,2006/6/20,124.01,124.81,123.72,124.09,65524400
SPY,2006/6/21,124,125.7,123.96,125.01,75044400
SPY,2006/6/22,124.95,125.06,124.04,124.46,74997100
SPY,2006/6/23,124.33,125.3,124.03,124.44,54112500
SPY,2006/6/26,124.54,125.06,124.25,124.99,37906000
SPY,2006/6/27,125.01,125.29,123.77,123.91,69834200
SPY,2006/6/28,124.19,124.77,123.65,124.75,62371200
SPY,2006/6/29,125.2,127.35,125.17,127.27,110698800
SPY,2006/6/30,127.47,127.66,126.96,127.23,54230200
SPY,2006/7/3,127.43,128.01,127.31,127.8,23936200
SPY,2006/7/5,127.29,127.45,126.52,127.07,69654000
SPY,2006/7/6,127.2,127.85,127.08,127.44,51290700
SPY,2006/7/7,127.46,127.56,126.29,126.61,81628500
SPY,2006/7/10,126.94,127.43,126.41,126.85,60964100
SPY,2006/7/11,126.61,127.41,125.94,127.41,73640800
SPY,2006/7/12,127.21,127.4,125.72,126.05,82562100
SPY,2006/7/13,125.5,125.68,124,124,102622000
SPY,2006/7/14,124.16,124.26,122.83,123.52,103243200
SPY,2006/7/17,123.5,124.1,123.15,123.34,81290500
SPY,2006/7/18,123.74,124.05,122.39,123.97,123706800
SPY,2006/7/19,124.18,126.26,123.724,125.69,134401100
SPY,2006/7/20,126.12,126.3,124.66,124.83,112344300
SPY,2006/7/21,125.15,125.19,123.82,123.95,101726800
SPY,2006/7/24,124.44,126.32,124.44,126.21,92892700
SPY,2006/7/25,125.98,127.3,125.72,126.66,95528100
SPY,2006/7/26,126.59,127.45,126.18,126.83,84532200
SPY,2006/7/27,127.33,127.69,126.2,126.71,87261200
SPY,2006/7/28,126.99,128.14,126.86,127.98,82138900
SPY,2006/7/31,127.66,127.96,126.55,127.85,49593100
SPY,2006/8/1,127.34,127.38,126.6,127.22,65225600
SPY,2006/8/2,127.58,128.46,127.55,128.08,64792900
SPY,2006/8/3,127.33,128.55,127.15,128.42,63737500
SPY,2006/8/4,129.06,129.43,127.48,128.2,96298400
SPY,2006/8/7,127.9,128.08,127.4,127.95,45434700
SPY,2006/8/8,128.09,128.46,126.95,127.41,90901300
SPY,2006/8/9,128.2,128.6,126.61,126.98,78918100
SPY,2006/8/10,126.53,127.5,126.28,127.37,69325900
SPY,2006/8/11,127.17,127.2,126.39,127.01,47490500
SPY,2006/8/14,127.63,128.16,126.92,127.11,58044500
SPY,2006/8/15,128.21,128.87,127.9,128.63,68165900
SPY,2006/8/16,129.32,129.89,129.04,129.79,71760000
SPY,2006/8/17,129.58,130.37,129.49,130.03,71065800
SPY,2006/8/18,130.19,130.69,129.59,130.69,58290000
SPY,2006/8/21,130.18,130.28,129.8,130.13,42134200
SPY,2006/8/22,129.94,130.52,129.68,130.12,60850500
SPY,2006/8/23,130.18,130.44,129.19,129.76,66625800
SPY,2006/8/24,129.99,130.1,129.4,129.65,57983500
SPY,2006/8/25,129.64,130.25,129.55,129.81,41757900
SPY,2006/8/28,129.65,130.82,129.64,130.43,52681500
SPY,2006/8/29,130.49,130.83,129.81,130.58,61817800
SPY,2006/8/30,130.87,131.04,130.55,130.66,50056400
SPY,2006/8/31,130.85,130.99,130.58,130.64,38585400
SPY,2006/9/1,131.14,131.58,130.84,131.42,48801600
SPY,2006/9/5,131.51,131.85,131.2,131.67,52350500
SPY,2006/9/6,131.11,131.16,130.33,130.51,53797100
SPY,2006/9/7,130.06,130.57,129.35,129.91,86302600
SPY,2006/9/8,130.08,130.46,129.83,130.28,45107700
SPY,2006/9/11,129.86,130.69,129.48,130.41,68500000
SPY,2006/9/12,130.56,131.84,130.3681,131.69,69899500
SPY,2006/9/13,131.64,132.45,131.52,132.22,62931800
SPY,2006/9/14,131.96,132.24,131.75,132.23,57821300
SPY,2006/9/15,132.31,132.39,131.68,131.96,76716600
SPY,2006/9/18,131.79,132.39,131.65,132.14,64178000
SPY,2006/9/19,132.12,132.13,131.07,131.81,92108400
SPY,2006/9/20,132.25,132.77,132.06,132.51,75213400
SPY,2006/9/21,132.61,132.75,131.42,131.87,88947500
SPY,2006/9/22,131.67,131.68,131,131.47,65969200
SPY,2006/9/25,131.73,132.85,131.05,132.48,92299100
SPY,2006/9/26,132.5,133.6,132.4,133.58,74019600
SPY,2006/9/27,133.49,133.97,133.27,133.74,82434300
SPY,2006/9/28,133.74,133.99,133.28,133.69,58603600
SPY,2006/9/29,133.8,133.94,133.48,133.58,47994200
SPY,2006/10/2,133.54,133.83,132.34,133.08,52445500
SPY,2006/10/3,132.89,133.87,132.65,133.36,73112800
SPY,2006/10/4,133.23,135,133.08,134.92,80897100
SPY,2006/10/5,134.92,135.41,133.08,135.18,60642900
SPY,2006/10/6,134.95,135.1,134.4,135.01,65001800
SPY,2006/10/9,134.85,135.3,134.64,135.09,41177900
SPY,2006/10/10,135.11,135.45,134.84,135.27,56441400
SPY,2006/10/11,134.84,135.43,134.3,135.11,104079100
SPY,2006/10/12,135.45,136.39,135.4,136.28,59186600
SPY,2006/10/13,136.16,136.71,136.04,136.63,53945500
SPY,2006/10/16,136.52,137.05,136.42,136.84,42323200
SPY,2006/10/17,136.47,136.7,135.67,136.41,90787300
SPY,2006/10/18,137.04,137.37,136.1,136.59,87382100
SPY,2006/10/19,136.39,136.88,136.23,136.81,64084400
SPY,2006/10/20,136.81,136.95,136.33,136.84,48099700
SPY,2006/10/23,136.56,137.8,136.39,137.47,66237400
SPY,2006/10/24,137.28,137.93,137.22,137.88,53357300
SPY,2006/10/25,137.74,138.41,137.51,138.35,80754100
SPY,2006/10/26,138.66,139,137.98,138.78,66848900
SPY,2006/10/27,138.61,138.75,137.63,137.91,80240900
SPY,2006/10/30,137.66,138.2,137.4,137.81,49718100
SPY,2006/10/31,138.07,138.26,137.25,137.79,71298400
SPY,2006/11/1,138.22,138.31,136.72,136.86,83006800
SPY,2006/11/2,136.51,137.01,136.36,136.78,60703900
SPY,2006/11/3,137.27,137.39,135.62,136.54,71346400
SPY,2006/11/6,136.96,138.28,136.95,138.08,63314500
SPY,2006/11/7,138.2,138.98,138,138.61,63391700
SPY,2006/11/8,138,139.05,136.86,138.91,87521900
SPY,2006/11/9,139.01,139.14,137.9,138.18,95920200
SPY,2006/11/10,138.14,138.34,137.72,138.24,48992000
SPY,2006/11/13,138.18,139.04,138.07,138.58,59414600
SPY,2006/11/14,138.97,139.74,138.12,139.62,96722200
SPY,2006/11/15,139.57,140.45,139.53,140.02,76522200
SPY,2006/11/16,140.44,140.68,139.49,140.38,76749000
SPY,2006/11/17,139.93,140.43,139.73,140.42,56358200
SPY,2006/11/20,140.3,140.74,139.941,140.5,69190900
SPY,2006/11/21,140.49,140.67,140.29,140.64,51373900
SPY,2006/11/22,140.75,141.16,140.5,140.92,45508800
SPY,2006/11/24,140.24,140.84,140.2,140.35,30998500
SPY,2006/11/27,140.28,140.35,138.38,138.42,84551400
SPY,2006/11/28,138.24,139.16,138.11,139.02,106671500
SPY,2006/11/29,139.47,140.53,139.0828,140.47,91542100
SPY,2006/11/30,140.44,141.05,139.76,140.53,83999100
SPY,2006/12/1,140.53,140.66,138.97,140.22,126159100
SPY,2006/12/4,140.25,141.55,140.23,141.29,87816400
SPY,2006/12/5,141.56,141.96,141.26,141.9,73383600
SPY,2006/12/6,141.87,142.07,141.5,141.78,53327400
SPY,2006/12/7,142.03,142.3,141.11,141.16,62857400
SPY,2006/12/8,141.13,141.9,140.78,141.42,79625500
SPY,2006/12/11,141.42,142.09,141.34,141.83,39784100
SPY,2006/12/12,141.69,141.87,140.89,141.72,77461200
SPY,2006/12/13,142.23,142.34,141.56,141.87,55570000
SPY,2006/12/14,141.86,143.24,141.84,143.12,64780600
SPY,2006/12/15,142.64,142.89,142.24,142.34,70860200
SPY,2006/12/18,142.54,142.88,141.75,141.95,48957900
SPY,2006/12/19,141.55,142.56,141.19,142.22,65077800
SPY,2006/12/20,142.28,142.66,142.01,142.14,41473800
SPY,2006/12/21,142.27,142.43,141.32,141.62,48698800
SPY,2006/12/22,141.64,141.65,140.67,140.75,62074300
SPY,2006/12/26,140.81,141.61,140.78,141.58,32700100
SPY,2006/12/27,141.87,142.6,141.83,142.51,39736200
SPY,2006/12/28,142.41,142.7,141.99,142.21,37292100
SPY,2006/12/29,142.1,142.54,141.43,141.62,45468600
SPY,2007/1/3,142.25,142.86,140.57,141.37,94846800
SPY,2007/1/4,141.23,142.05,140.61,141.67,69638900
SPY,2007/1/5,141.33,141.4,140.38,140.54,76696700
SPY,2007/1/8,140.82,141.41,140.25,141.19,71676000
SPY,2007/1/9,141.31,141.6,140.4,141.07,75730400
SPY,2007/1/10,140.58,141.57,140.3,141.54,72484100
SPY,2007/1/11,141.56,142.62,141.5,142.16,55533200
SPY,2007/1/12,142.12,143.24,142.11,143.24,57641900
SPY,2007/1/16,143.07,143.44,142.73,142.96,44990100
SPY,2007/1/17,142.85,143.46,142.73,143.02,51598500
SPY,2007/1/18,143.17,143.26,142.31,142.54,68263800
SPY,2007/1/19,142.54,143.1,142.46,142.82,56983900
SPY,2007/1/22,143.07,143.1,141.93,142.38,60263300
SPY,2007/1/23,142.26,143.08,142.06,142.8,54091000
SPY,2007/1/24,142.97,143.98,142.91,143.95,56469800
SPY,2007/1/25,143.84,143.92,142.01,142.26,74967600
SPY,2007/1/26,142.57,142.65,141.58,142.16,74588300
SPY,2007/1/29,142.19,142.8,141.74,142.05,66216700
SPY,2007/1/30,142.35,142.86,142.06,142.79,70424100
SPY,2007/1/31,142.63,144.13,142.4,143.75,91905000
SPY,2007/2/1,144.15,144.66,143.91,144.61,69317300
SPY,2007/2/2,144.73,144.95,144.38,144.81,49607700
SPY,2007/2/5,144.7,144.94,144.34,144.85,45751400
SPY,2007/2/6,144.97,145.03,144.33,144.89,57084900
SPY,2007/2/7,145.12,145.36,144.57,145.21,55695600
SPY,2007/2/8,144.78,145.12,144.27,145.02,70648000
SPY,2007/2/9,145.06,145.33,143.39,143.94,79086500
SPY,2007/2/12,143.94,144.04,143.19,143.45,65663228
SPY,2007/2/13,143.77,144.9,143.76,144.66,64113480
SPY,2007/2/14,144.8,145.9,144.78,145.61,66062345
SPY,2007/2/15,145.67,145.95,145.43,145.8,38727300
SPY,2007/2/16,145.44,145.76,145.23,145.73,39843500
SPY,2007/2/20,145.56,146.2,144.06,146.04,56924500
SPY,2007/2/21,145.61,146.07,145.35,145.98,63994800
SPY,2007/2/22,146.05,146.42,145.17,145.87,79081900
SPY,2007/2/23,145.74,145.79,144.75,145.3,71988900
SPY,2007/2/26,145.83,145.95,144.75,145.17,70096062
SPY,2007/2/27,143.88,144.2,139,139.5,274953900
SPY,2007/2/28,140.39,141.98,139.8,140.93,177574000
SPY,2007/3/1,139.34,141.25,138.05,140.51,212853496
SPY,2007/3/2,140.05,140.66,138.66,138.67,162612800
SPY,2007/3/5,137.93,139.58,137.33,137.35,144649801
SPY,2007/3/6,138.78,140.12,137.717,139.7,143447200
SPY,2007/3/7,139.59,140.46,139.4,139.56,115253500
SPY,2007/3/8,140.54,141.16,140.07,140.74,117903266
SPY,2007/3/9,141.31,141.42,140.08,140.78,107768800
SPY,2007/3/12,140.42,141.34,140.16,140.99,80384200
SPY,2007/3/13,140.18,140.77,138.04,138.25,190605200
SPY,2007/3/14,138.43,139.36,136.75,139.28,231853800
SPY,2007/3/15,138.97,139.99,138.8,139.47,132435812
SPY,2007/3/16,139.31,139.63,138.12,138.53,122073808
SPY,2007/3/19,139.26,140.33,138.5466,140.2,96219354
SPY,2007/3/20,140.08,141.05,139.96,140.97,83364744
SPY,2007/3/21,141.1,143.65,140.82,143.29,153436549
SPY,2007/3/22,143.48,143.68,142.79,143.18,119002202
SPY,2007/3/23,143.28,143.81,143.15,143.39,74431674
SPY,2007/3/26,143.5,143.65,142.09,143.2,113814330
SPY,2007/3/27,143.12,143.16,142.39,142.86,100592590
SPY,2007/3/28,142.14,142.47,141.26,141.82,152974787
SPY,2007/3/29,142.54,142.61,141.19,141.97,139505747
SPY,2007/3/30,142.24,142.84,140.56,142,128208880
SPY,2007/4/2,142.16,142.46,140.89,142.16,79454680
SPY,2007/4/3,142.97,143.98,142.91,143.69,82515208
SPY,2007/4/4,143.69,143.95,143.16,143.85,64019623
SPY,2007/4/5,143.67,144.44,143.61,144.24,46871640
SPY,2007/4/9,144.65,144.8,144.15,144.44,51153140
SPY,2007/4/10,144.33,144.85,144.27,144.61,56641366
SPY,2007/4/11,144.82,144.86,143.54,144.02,106555131
SPY,2007/4/12,143.74,144.92,143.34,144.66,116464748
SPY,2007/4/13,144.9,145.32,144.36,145.32,85181640
SPY,2007/4/16,145.83,146.86,145.82,146.7,83212818
SPY,2007/4/17,146.97,147.4,146.65,147.09,108445673
SPY,2007/4/18,146.6,147.7,146.57,147.27,88354163
SPY,2007/4/19,146.55,147.4,146.36,147.23,103366536
SPY,2007/4/20,148.22,148.62,147.0439,148.62,124129435
SPY,2007/4/23,148.37,148.73,147.97,148.06,77586137
SPY,2007/4/24,148.24,148.4,147.32,148.12,114476697
SPY,2007/4/25,148.73,149.66,148.0233,149.48,109171934
SPY,2007/4/26,149.49,149.8,149.1,149.65,88758255
SPY,2007/4/27,149.09,149.74,148.84,149.53,108197354
SPY,2007/4/30,149.64,149.74,148.21,148.29,101022774
SPY,2007/5/1,148.42,149.47,147.67,148.67,134447334
SPY,2007/5/2,148.9,149.95,148.75,149.54,87183213
SPY,2007/5/3,149.97,150.4,149.05,150.35,87865741
SPY,2007/5/4,150.75,151.12,150.22,150.92,96424729
SPY,2007/5/7,150.88,151.2,150.81,150.95,63691549
SPY,2007/5/8,150.58,150.92,150.13,150.75,81538936
SPY,2007/5/9,150.64,152.82,150.37,151.16,102950775
SPY,2007/5/10,150.73,151.02,149.27,149.58,153702478
SPY,2007/5/11,149.75,150.93,149.72,150.86,113415741
SPY,2007/5/14,150.86,151.3,149.79,150.53,108065801
SPY,2007/5/15,150.7,151.665,150.19,150.57,180954808
SPY,2007/5/16,150.8,151.63,150.38,151.6,114674127
SPY,2007/5/17,151.38,151.96,151.11,151.3,101569226
SPY,2007/5/18,152.01,152.62,151.81,152.62,99187841
SPY,2007/5/21,152.58,153.23,152.4993,152.54,98660470
SPY,2007/5/22,152.7,153.16,152.38,152.42,82284087
SPY,2007/5/23,152.95,153.5,152.36,152.44,133961926
SPY,2007/5/24,152.53,153.21,150.74,151.06,187777507
SPY,2007/5/25,151.49,152.02,151.18,151.69,83309621
SPY,2007/5/29,151.94,152.5,151.45,152.24,83961894
SPY,2007/5/30,151.46,153.54,151.34,153.48,131293868
SPY,2007/5/31,153.66,153.89,153.12,153.32,115780217
SPY,2007/6/1,153.88,154.4,153.51,154.08,107816219
SPY,2007/6/4,153.54,154.39,153.48,154.1,78077762
SPY,2007/6/5,153.74,153.9,152.86,153.49,127966653
SPY,2007/6/6,152.91,152.95,151.75,151.84,164156415
SPY,2007/6/7,151.56,152.5,149.06,149.1,232536760
SPY,2007/6/8,149.5,151.19,149.09,151.04,176989611
SPY,2007/6/11,150.93,151.95,150.7,151.3,102540269
SPY,2007/6/12,150.67,151.54,149.55,149.65,235777476
SPY,2007/6/13,150.5,152.07,149.722,151.89,193259036
SPY,2007/6/14,152.06,153.12,152.03,152.86,146777231
SPY,2007/6/15,153.14,153.66,152.93,153.07,154433068
SPY,2007/6/18,153.38,153.39,152.66,152.89,88637361
SPY,2007/6/19,152.55,153.38,152.36,153.27,111130055
SPY,2007/6/20,153.58,153.58,150.96,151.14,177247940
SPY,2007/6/21,151.08,152.11,150.25,151.98,205276467
SPY,2007/6/22,151.52,151.77,149.85,150.55,205158931
SPY,2007/6/25,150.24,151.25,149.02,149.83,232071665
SPY,2007/6/26,150.21,150.46,148.28,148.29,198445634
SPY,2007/6/27,148.13,150.57,148.06,150.4,213637766
SPY,2007/6/28,150.38,151.41,149.67,150.38,157704908
SPY,2007/6/29,150.9,151.65,149.15,150.43,199701731
SPY,2007/7/2,150.87,151.92,150.77,151.79,103357331
SPY,2007/7/3,152.18,152.5,151.99,152.34,54048392
SPY,2007/7/5,152.4,152.56,151.63,152.18,89278638
SPY,2007/7/6,152.38,153.17,151.93,152.98,81108856
SPY,2007/7/9,153.16,153.36,152.62,153,72348059
SPY,2007/7/10,152.29,152.61,150.77,150.92,180362556
SPY,2007/7/11,150.75,152.05,150.52,151.99,175608117
SPY,2007/7/12,152.37,154.75,152.34,154.39,133882744
SPY,2007/7/13,154.57,155.46,154.39,154.85,111794261
SPY,2007/7/16,154.99,155.53,154.58,154.83,98382696
SPY,2007/7/17,154.93,156,154.68,154.75,126201238
SPY,2007/7/18,154.23,154.8,153.3,154.47,237889754
SPY,2007/7/19,155.2,155.53,154.75,155.07,145249637
SPY,2007/7/20,154.89,155.2484,152.29,153.5,245504494
SPY,2007/7/23,154.18,154.72,153.3,153.97,121183836
SPY,2007/7/24,153.12,154.28,150.76,151.3,256875406
SPY,2007/7/25,152.02,152.39,150.25,151.61,265214482
SPY,2007/7/26,150.19,150.8,146.39,148.02,467592493
SPY,2007/7/27,148.21,148.87,145.05,145.11,422987635
SPY,2007/7/30,145.93,147.81,145.29,147.38,283017522
SPY,2007/7/31,148.33,149.46,145.04,145.72,316976706
SPY,2007/8/1,145.18,147.01,143.95,146.43,467669944
SPY,2007/8/2,146.76,147.76,145.26,147.6,294758353
SPY,2007/8/3,147.28,147.58,143.2,143.8,359398213
SPY,2007/8/6,144.21,146.83,142.53,146.21,324979665
SPY,2007/8/7,145.94,149,145.23,147.77,280693465
SPY,2007/8/8,148.41,150.59,147.34,149.83,274930582
SPY,2007/8/9,147.43,148.95,145.29,145.39,358182347
SPY,2007/8/10,144.39,146.5,143.12,144.71,411018374
SPY,2007/8/13,146.5,146.89,145.02,145.23,181987405
SPY,2007/8/14,145.7,146.06,142.72,143.01,264134492
SPY,2007/8/15,142.72,144.46,140.62,141.04,323833925
SPY,2007/8/16,139.79,142.94,137,142.1,546743619
SPY,2007/8/17,145.5,148.35,141.386,144.71,388218015
SPY,2007/8/20,145.17,145.47,143.29,144.64,187320336
SPY,2007/8/21,144.6,145.97,144.14,144.93,157066342
SPY,2007/8/22,146.01,146.8,145.33,146.65,173156672
SPY,2007/8/23,147.34,147.65,145.61,146.52,203915272
SPY,2007/8/24,146.48,148.33,146.28,148.33,128901846
SPY,2007/8/27,147.85,148.33,146.73,146.95,113024247
SPY,2007/8/28,146.16,146.25,143.46,143.72,219790628
SPY,2007/8/29,144.37,146.74,143.96,146.54,207654197
SPY,2007/8/30,145.45,147.19,145.31,146.15,191817206
SPY,2007/8/31,147.65,148.5,146.83,147.59,185477406
SPY,2007/9/4,147.45,149.98,147.4,149.08,120061971
SPY,2007/9/5,148.2,148.36,147,147.79,166261708
SPY,2007/9/6,147.95,148.61,147.12,148.13,127878356
SPY,2007/9/7,146.48,146.89,145.26,146.07,235447578
SPY,2007/9/10,146.52,146.72,144.33,145.79,192374772
SPY,2007/9/11,146.24,147.7,146.13,147.49,162081875
SPY,2007/9/12,147.29,148.44,146.98,147.87,149591913
SPY,2007/9/13,148.55,149.45,148.2,148.91,154078942
SPY,2007/9/14,147.96,149.09,147.74,148.9,121910941
SPY,2007/9/17,148.31,148.8905,147.63,148.1,109870775
SPY,2007/9/18,148.83,152.5,148.1341,152.46,263759497
SPY,2007/9/19,153.41,154.39,152.71,153.36,193779848
SPY,2007/9/20,153.34,153.43,152.11,152.28,175186778
SPY,2007/9/21,152.71,153.1177,151.74,151.97,141463409
SPY,2007/9/24,152.42,152.82,151.36,151.69,139450117
SPY,2007/9/25,150.81,151.66,150.47,151.39,142296566
SPY,2007/9/26,152.25,152.77,151.39,152.19,135588854
SPY,2007/9/27,152.91,153.1,152.19,153.09,102713274
SPY,2007/9/28,152.85,153.19,151.98,152.58,133372085
SPY,2007/10/1,152.6,154.75,152.5,154.3,148162230
SPY,2007/10/2,154.61,154.65,153.81,154.09,112978769
SPY,2007/10/3,153.81,154.41,153.01,153.78,119055844
SPY,2007/10/4,154.11,154.26,153.59,154.02,76864345
SPY,2007/10/5,155.03,156.1,154.63,155.85,134584501
SPY,2007/10/8,155.39,155.49,154.77,155.02,71280351
SPY,2007/10/9,155.6,156.5,155.03,156.48,94054252
SPY,2007/10/10,156.04,156.44,155.41,156.22,101711081
SPY,2007/10/11,156.93,157.52,154.54,155.47,233529065
SPY,2007/10/12,155.46,156.35,155.27,156.33,124546644
SPY,2007/10/15,156.27,156.36,153.94,155.01,161151820
SPY,2007/10/16,154.41,156.48,153.47,153.78,166525626
SPY,2007/10/17,154.98,155.09,152.47,154.25,216687238
SPY,2007/10/18,153.45,154.19,153.08,153.69,148457453
SPY,2007/10/19,153.09,156.48,149.66,149.67,297169866
SPY,2007/10/22,148.86,150.76,148.66,150.54,261989782
SPY,2007/10/23,151.46,151.95,150.25,151.76,180085062
SPY,2007/10/24,151.21,151.74,148,151.48,326694120
SPY,2007/10/25,151.65,152.29,149.88,151.84,237374487
SPY,2007/10/26,153.06,153.62,151.9,153.62,176491208
SPY,2007/10/29,153.93,154.44,153.55,154.13,106840923
SPY,2007/10/30,153.45,153.75,152.87,153.06,132981516
SPY,2007/10/31,153.98,155.27,152.84,154.65,220954386
SPY,2007/11/1,153.29,153.41,150.59,151.03,333040702
SPY,2007/11/2,151.53,152,149.21,151.2,331228171
SPY,2007/11/5,149.64,151.16,148,150.05,226845931
SPY,2007/11/6,150.86,152.11,149.9,152.07,177800407
SPY,2007/11/7,150.44,152.1072,147.55,147.91,306639644
SPY,2007/11/8,147.99,149.3,145.07,147.16,374510087
SPY,2007/11/9,145.69,147.54,144.89,145.14,277745044
SPY,2007/11/12,145.21,146.61,143.7,143.7,243087901
SPY,2007/11/13,145.37,148.31,145.22,148.08,191117400
SPY,2007/11/14,149.22,149.4,146.78,147.67,230558773
SPY,2007/11/15,146.57,147.49,144.52,145.54,263111078
SPY,2007/11/16,146.31,146.47,144.57,145.79,308771041
SPY,2007/11/19,145.28,145.36,143.19,143.76,267745911
SPY,2007/11/20,144.02,145.53,142.11,144.64,414767456
SPY,2007/11/21,143.08,143.91,141.67,141.68,259196735
SPY,2007/11/23,143.07,144.34,142.7,144.13,77688317
SPY,2007/11/26,144.43,144.88,140.66,140.95,214232568
SPY,2007/11/27,141.74,143.23,140.95,142.57,293900195
SPY,2007/11/28,144.19,147.47,144.14,147.13,259096930
SPY,2007/11/29,146.62,147.72,146.1,147.18,199411087
SPY,2007/11/30,149.04,149.87,147.33,148.66,222907919
SPY,2007/12/3,148.19,148.45,147.29,147.68,146430461
SPY,2007/12/4,146.66,147.5409,146.31,146.36,136533869
SPY,2007/12/5,147.93,149.2,147.83,148.81,171129967
SPY,2007/12/6,148.63,151.21,148.57,150.94,154542538
SPY,2007/12/7,151.42,151.5,150.55,150.91,148980042
SPY,2007/12/10,151.28,152.25,150.86,152.08,123914390
SPY,2007/12/11,152.14,152.89,147.83,147.91,250346381
SPY,2007/12/12,151.06,151.77,147.2,149.37,322435576
SPY,2007/12/13,148.32,149.39,147.3,149.06,237607051
SPY,2007/12/14,147.93,149.1,147.1,147.17,159152848
SPY,2007/12/17,146.61,146.87,144.86,145.07,177269311
SPY,2007/12/18,146.1,146.48,143.96,145.88,245569258
SPY,2007/12/19,145.94,146.89,144.94,145.88,198917144
SPY,2007/12/20,146.84,146.86,145.18,146.8,214813762
SPY,2007/12/21,147.37,148.42,147.09,148.13,146090319
SPY,2007/12/24,148.82,149.48,148.48,149.23,45601326
SPY,2007/12/26,148.65,149.68,148.5,149.55,67118073
SPY,2007/12/27,149.02,149.03,147.32,147.67,122981696
SPY,2007/12/28,148.54,148.61,146.9,147.3,116398074
SPY,2007/12/31,147.1,147.6062,146.06,146.21,108126722
SPY,2008/1/2,146.53,146.99,143.88,144.93,204935531
SPY,2008/1/3,144.91,145.49,144.07,144.86,125133258
SPY,2008/1/4,143.34,143.44,140.91,141.31,232330819
SPY,2008/1/7,141.81,142.23,140.1,141.19,234990926
SPY,2008/1/8,142.08,142.9,138.44,138.91,326366804
SPY,2008/1/9,139.09,140.79,137.7,140.37,301910852
SPY,2008/1/10,139.68,142.8,139.37,141.29,335701114
SPY,2008/1/11,140.78,141.8985,139,140.15,267076591
SPY,2008/1/14,141.16,141.86,140.4,141.28,170365600
SPY,2008/1/15,139.79,141.4903,137.9,138.17,240456494
SPY,2008/1/16,137.36,139.12,136.28,136.98,378955910
SPY,2008/1/17,137.81,137.88,132.93,133.43,398404809
SPY,2008/1/18,134.74,135.02,131.1,132.06,348561439
SPY,2008/1/22,127.21,132.4266,126,130.72,435925182
SPY,2008/1/23,127.09,134.19,126.84,133.86,511912974
SPY,2008/1/24,134.48,135.46,133.31,134.99,259949233
SPY,2008/1/25,136.51,136.76,132.6,133.04,269603877
SPY,2008/1/28,133.26,135.52,132.06,135.24,217934538
SPY,2008/1/29,136.1,136.45,134.88,135.91,168968791
SPY,2008/1/30,135.58,138.54,134.6,134.91,334939168
SPY,2008/1/31,133.4,138.54,133.2,137.37,343680718
SPY,2008/2/1,137.94,139.61,137.52,139.58,206843683
SPY,2008/2/4,139.21,139.3,137.64,137.82,124694258
SPY,2008/2/5,135.94,136.25,133.67,134.13,286882428
SPY,2008/2/6,134.58,135.25,132.41,133.05,250792900
SPY,2008/2/7,131.8,134.79,131.73,133.93,297541558
SPY,2008/2/8,133.09,134.22,132.1,133.07,221643475
SPY,2008/2/11,133.1,134.23,132.04,133.75,188576221
SPY,2008/2/12,134.91,136.31,133.98,134.99,256654378
SPY,2008/2/13,136.01,137.1,135.14,136.37,181967779
SPY,2008/2/14,136.95,137,134.79,135.17,215207108
SPY,2008/2/15,134.55,136.1,133.36,135.14,154110256
SPY,2008/2/19,136.69,136.89,134.61,135.52,145189997
SPY,2008/2/20,133.99,137.6,133.76,135.92,220709388
SPY,2008/2/21,136.66,137.01,134.07,134.79,201051185
SPY,2008/2/22,134.97,135.85,132.86,135.62,205490992
SPY,2008/2/25,135.54,137.65,134.78,137.33,190106974
SPY,2008/2/26,136.75,138.95,136.5,138.36,212420648
SPY,2008/2/27,137.56,139.14,137.41,138.22,168395790
SPY,2008/2/28,137.24,137.96,136.55,136.87,170831046
SPY,2008/2/29,135.6,137.0249,132.78,133.82,252715127
SPY,2008/3/3,133.14,133.81,132.24,133.5,195613597
SPY,2008/3/4,132.23,133.4,130.99,132.99,282513064
SPY,2008/3/5,133.41,134.77,132.34,133.83,270681315
SPY,2008/3/6,132.98,133.22,130.55,131.06,247912112
SPY,2008/3/7,129.63,131.74,128.58,129.71,326434577
SPY,2008/3/10,129.81,129.93,127.59,128,235683379
SPY,2008/3/11,130.72,132.72,127.7152,132.6,341875778
SPY,2008/3/12,132.73,133.77,131.16,131.36,229161103
SPY,2008/3/13,129.61,132.64,128.6,131.65,351881388
SPY,2008/3/14,132.77,132.81,127.78,129.61,484687785
SPY,2008/3/17,126.57,129.26,126.07,128.3,405311065
SPY,2008/3/18,130.62,133.69,129.98,133.63,334416531
SPY,2008/3/19,134.14,134.65,130.04,130.32,345971558
SPY,2008/3/20,130.05,132.91,129.26,132.08,245320642
SPY,2008/3/24,133.31,135.81,133.24,134.72,209110354
SPY,2008/3/25,134.86,135.55,133.77,134.85,192947165
SPY,2008/3/26,134.46,135.0884,133.11,133.2,196934212
SPY,2008/3/27,134.2,134.44,132.36,132.78,225153152
SPY,2008/3/28,132.99,133.36,131.06,131.51,180918668
SPY,2008/3/31,131.29,132.73,131.09,131.97,166692100
SPY,2008/4/1,133.71,136.84,133.51,136.61,254547255
SPY,2008/4/2,137.06,137.67,135.98,136.7,210910787
SPY,2008/4/3,135.94,137.44,135.71,137.04,175884744
SPY,2008/4/4,137.12,137.96,136.12,136.89,204473086
SPY,2008/4/7,137.87,138.57,136.74,136.96,154381330
SPY,2008/4/8,136.19,137.1554,135.95,136.82,148937266
SPY,2008/4/9,136.61,136.8,134.89,135.83,195610559
SPY,2008/4/10,135.39,136.67,134.9,136.02,192967836
SPY,2008/4/11,134.45,135.9837,133.01,133.38,222973288
SPY,2008/4/14,133.19,133.54,132.55,132.93,160521950
SPY,2008/4/15,133.58,133.69,132.33,133.24,172389154
SPY,2008/4/16,134.54,136.93,134.4,136.85,189268809
SPY,2008/4/17,136.02,137.25,135.66,137.05,179707519
SPY,2008/4/18,138.94,139.56,138.26,138.48,218530591
SPY,2008/4/21,138.23,138.98,136.87,138.55,118587402
SPY,2008/4/22,138.19,138.37,136.64,137.94,162166076
SPY,2008/4/23,138.09,138.78,137.12,137.72,193309031
SPY,2008/4/24,138.08,139.74,137.04,138.32,229381367
SPY,2008/4/25,139.41,139.89,137.91,139.6,190788061
SPY,2008/4/28,139.88,140.25,139.38,139.63,105616522
SPY,2008/4/29,139.39,139.73,138.61,139.08,125514035
SPY,2008/4/30,139.29,140.59,138.26,138.26,208395818
SPY,2008/5/1,138.39,141.12,138.27,141.12,187279487
SPY,2008/5/2,142.33,142.37,140.56,141.51,181585519
SPY,2008/5/5,141.05,141.61,140.41,140.83,118510376
SPY,2008/5/6,140.01,142.2,139.69,142.05,179339817
SPY,2008/5/7,141.89,142.04,139.13,139.52,199267237
SPY,2008/5/8,139.74,140.32,138.98,139.16,178321159
SPY,2008/5/9,138.6,139.39,138.45,138.9,152589652
SPY,2008/5/12,139.25,140.56,138.73,140.46,150911417
SPY,2008/5/13,140.8,140.89,139.73,140.48,159141858
SPY,2008/5/14,141.07,142.2,140.462,140.77,181910731
SPY,2008/5/15,141.04,142.63,140.83,142.53,166926993
SPY,2008/5/16,142.86,142.87,141.61,142.66,204236796
SPY,2008/5/19,142.81,144.3,142.3,143.05,165704071
SPY,2008/5/20,142.27,142.34,141,141.89,178552026
SPY,2008/5/21,141.81,142.12,139,139.49,252724795
SPY,2008/5/22,139.43,140.17,139,139.51,170820315
SPY,2008/5/23,139.05,139.6631,137.52,137.64,181436189
SPY,2008/5/27,137.8,139,137.53,138.66,168322809
SPY,2008/5/28,139.17,140,138,139.3,181288080
SPY,2008/5/29,139.13,140.93,139.08,140,173927173
SPY,2008/5/30,140.47,140.74,139.94,140.35,117361933
SPY,2008/6/2,139.83,139.86,138,138.9,181069856
SPY,2008/6/3,139.3,139.62,137.23,138.09,272049901
SPY,2008/6/4,137.7,139.16,137.46,138.02,246726346
SPY,2008/6/5,138.58,140.89,138.32,140.78,237867025
SPY,2008/6/6,139.55,139.8,136.22,136.29,384276297
SPY,2008/6/9,136.86,137.5,135.41,136.62,228263864
SPY,2008/6/10,135.67,137.1,135.35,135.94,260234811
SPY,2008/6/11,135.97,136.2592,133.93,133.94,284064388
SPY,2008/6/12,134.6,135.87,133.52,134.45,252791740
SPY,2008/6/13,135.17,136.52,134.418,136.15,244727072
SPY,2008/6/16,135.55,136.93,135.46,136.23,185832466
SPY,2008/6/17,137.07,137.12,135.37,135.57,191743789
SPY,2008/6/18,134.69,135.5235,133.71,134.25,266970557
SPY,2008/6/19,134.15,135.24,132,134.42,304310864
SPY,2008/6/20,132.84,133.09,131.22,131.58,289275675
SPY,2008/6/23,132.09,132.23,131.32,131.45,165115667
SPY,2008/6/24,131.05,132.44,130.19,131.19,267300600
SPY,2008/6/25,131.72,133.4,131.239,131.81,287853822
SPY,2008/6/26,130.57,131.42,128.08,128.23,297774971
SPY,2008/6/27,128.28,128.86,127.035,127.53,303423342
SPY,2008/6/30,127.89,128.91,127.3,127.98,258888157
SPY,2008/7/1,126.52,128.47,125.93,128.38,388621949
SPY,2008/7/2,128.79,129.16,125.95,126.18,291223193
SPY,2008/7/3,127.11,127.11,124.99,126.31,239359650
SPY,2008/7/7,126.79,127.34,123.92,125.02,372427205
SPY,2008/7/8,124.99,127.39,124.2,127.24,376225357
SPY,2008/7/9,127.5,127.74,124.39,124.79,336789772
SPY,2008/7/10,124.43,125.79,123.58,125.3,436475660
SPY,2008/7/11,123.97,125.9,122.49,123.84,481124589
SPY,2008/7/14,125.26,125.5,122.4,122.72,322720839
SPY,2008/7/15,121.8,123.49,120.02,120.99,502502423
SPY,2008/7/16,121.45,124.57,121.1,123.96,371642870
SPY,2008/7/17,125.14,126.26,124.09,125.2,375490518
SPY,2008/7/18,126.17,126.4159,125.15,125.98,267030007
SPY,2008/7/21,126.51,126.8,125.19,126.05,222862990
SPY,2008/7/22,125.15,127.8,124.85,127.48,296904155
SPY,2008/7/23,127.89,129.15,127.55,128.17,311698327
SPY,2008/7/24,128.34,128.41,125.16,125.51,248634472
SPY,2008/7/25,125.89,126.49,125.17,125.48,219130985
SPY,2008/7/28,125.51,126.06,123.42,123.64,205202879
SPY,2008/7/29,123.98,126.38,123.64,126.28,261505542
SPY,2008/7/30,127.11,128.6,126.28,128.53,354709945
SPY,2008/7/31,127.4,128.57,126.63,126.83,277402187
SPY,2008/8/1,127.12,127.28,125.46,126.16,248703556
SPY,2008/8/4,126.04,126.14,124.76,124.99,188251720
SPY,2008/8/5,126.02,128.56,124.9736,128.36,251624292
SPY,2008/8/6,128.02,129.3,127.48,128.93,209555389
SPY,2008/8/7,127.96,129.0549,126.54,127.01,246312455
SPY,2008/8/8,126.58,129.93,126.38,129.37,260811653
SPY,2008/8/11,129.47,131.51,129.23,130.71,249425782
SPY,2008/8/12,130.2801,130.7028,128.73,129.35,213200792
SPY,2008/8/13,128.79,129.65,127.67,128.57,256467211
SPY,2008/8/14,127.84,130.28,127.75,129.54,239556086
SPY,2008/8/15,129.93,130.5,129.3,130.17,181005385
SPY,2008/8/18,130.43,130.48,127.66,128.39,172275090
SPY,2008/8/19,127.42,128.1181,126.53,126.99,194673636
SPY,2008/8/20,127.39,127.95,126.34,127.58,225498123
SPY,2008/8/21,126.75,128.44,126.6,127.8,180609785
SPY,2008/8/22,128.67,129.65,127.8,129.65,167715248
SPY,2008/8/25,128.8,129.65,126.75,127.02,171936874
SPY,2008/8/26,127.02,127.87,126.58,127.39,159117183
SPY,2008/8/27,127.55,128.83,127.3,128.63,171032725
SPY,2008/8/28,129.28,130.34,128.63,130.19,167537065
SPY,2008/8/29,129.73,130.14,128.51,128.79,189209985
SPY,2008/9/2,130.03,130.71,127.52,127.99,252469587
SPY,2008/9/3,127.88,128.5,126.93,127.88,251949709
SPY,2008/9/4,126.97,127.23,123.96,124.03,340438555
SPY,2008/9/5,123.29,124.95,122,124.42,289514595
SPY,2008/9/8,128.04,128.24,124.42,126.99,364148821
SPY,2008/9/9,127.1,127.36,122.8,123.22,377326719
SPY,2008/9/10,123.89,124.9,122.55,123.72,298916535
SPY,2008/9/11,122.12,125.74,121.6,125.51,375369319
SPY,2008/9/12,124.29,126.21,123.83,126.09,297851196
SPY,2008/9/15,121.63,125.652,119.89,120.09,483606961
SPY,2008/9/16,117.2,122.32,117,122.1,581744246
SPY,2008/9/17,119.64,121.8517,116,116.61,624095548
SPY,2008/9/18,118.05,121.79,113.8,120.07,776114658
SPY,2008/9/19,126.7,128,116.52,124.12,501146907
SPY,2008/9/22,124.4505,124.75,120.36,121.31,249966466
SPY,2008/9/23,120.85,122.02,118.28,118.55,328230198
SPY,2008/9/24,119.35,120,117.79,118.93,311871169
SPY,2008/9/25,119.4,121.91,118.4369,120.79,328252953
SPY,2008/9/26,118.83,121.5,118.51,120.85,285917303
SPY,2008/9/29,119.18,121.18,110.97,111.38,459562289
SPY,2008/9/30,113.51,116.8,112.71,115.99,328510275
SPY,2008/10/1,115.27,116.69,113.95,116.06,333084914
SPY,2008/10/2,114.95,115.11,111.06,111.85,365632407
SPY,2008/10/3,112.86,115.45,109.68,110.34,461832495
SPY,2008/10/6,107.15,107.62,100.64,104.72,610790992
SPY,2008/10/7,106.84,107.33,99.65,100.03,540213491
SPY,2008/10/8,97.52,102.18,96.81,97.51,725787952
SPY,2008/10/9,99.66,100.62,90.25,90.7,534758440
SPY,2008/10/10,86.76,93.94,83.58,88.5,871546886
SPY,2008/10/13,93.87,101.35,89.9479,101.35,456904722
SPY,2008/10/14,104.7,105.53,97.11,99.85,546688419
SPY,2008/10/15,97.46,97.8,89.71,90.02,484627451
SPY,2008/10/16,91.29,94.77,86.54,93.77,708811161
SPY,2008/10/17,91.99,98.59,91.65,93.21,476770069
SPY,2008/10/20,95.35,99.1,94.0895,98.81,321294111
SPY,2008/10/21,96.97,98.64,95.22,95.86,356501918
SPY,2008/10/22,93.2,95.86,87.53,90.64,516167991
SPY,2008/10/23,90.29,92.45,85.81,91.69,634666348
SPY,2008/10/24,84.06,89.92,84,87.04,545812560
SPY,2008/10/27,85.97,89.51,83.7,83.95,400238591
SPY,2008/10/28,87.34,94.24,84.53,93.76,639939456
SPY,2008/10/29,93.77,97.17,92.1,93.08,531381584
SPY,2008/10/30,95.78,96.54,92.9,96.3,414582025
SPY,2008/10/31,95.08,98.57,94.48,96.83,411499930
SPY,2008/11/3,96.78,97.69,95.95,97.11,205566755
SPY,2008/11/4,99.06,100.86,96.7142,100.41,346977620
SPY,2008/11/5,99.2,100.7114,95,96.19,390404104
SPY,2008/11/6,94.46,95.44,90.06,90.86,477982837
SPY,2008/11/7,91.65,94,90.86,93.86,380538559
SPY,2008/11/10,95.21,95.53,90.92,92.63,301903186
SPY,2008/11/11,90.76,92.1377,88.65,89.77,418596705
SPY,2008/11/12,88.23,90.1516,85.12,85.82,454330554
SPY,2008/11/13,86.13,91.73,82.09,91.17,753800996
SPY,2008/11/14,89.41,92.06,86.52,86.62,540352274
SPY,2008/11/17,86.38,88.56,85.16,85.47,415543773
SPY,2008/11/18,85.15,87.22,82.91,87.08,524140602
SPY,2008/11/19,85.91,86.87,80.92,81.5,558809438
SPY,2008/11/20,80.13,82.51,75.05,75.45,814180365
SPY,2008/11/21,77.46,80.9,74.34,79.52,718768573
SPY,2008/11/24,81.92,86.985,80.3614,85.03,523462008
SPY,2008/11/25,87.3,87.51,83.82,85.66,454188290
SPY,2008/11/26,84.3,89.19,84.24,88.97,370320441
SPY,2008/11/28,88.63,90.13,88.48,90.09,119905331
SPY,2008/12/1,87.51,87.55,81.86,82.11,370826753
SPY,2008/12/2,83.47,85.49,82.038,85.27,469785220
SPY,2008/12/3,83.4,87.83,83.14,87.32,520103726
SPY,2008/12/4,86.06,88.05,83.74,85.3,444341542
SPY,2008/12/5,83.65,88.42,82.24,87.93,472064235
SPY,2008/12/8,90.34,92.38,88.0815,91,413016783
SPY,2008/12/9,90.37,92.13,88.98,89.5,370862472
SPY,2008/12/10,90.32,91.36,89,90.11,396381231
SPY,2008/12/11,89.54,91,87.37,87.94,366329668
SPY,2008/12/12,85.55,89.07,85.2,88.99,415140912
SPY,2008/12/15,89.02,89.15,86.29,87.75,256846094
SPY,2008/12/16,88.3,92.02,88.18,91.88,377699953
SPY,2008/12/17,90.84,92.43,90.06,90.99,288101788
SPY,2008/12/18,91.4,91.67,88.21,89.29,374829388
SPY,2008/12/19,89.1,90.62,88.09,88.19,301523386
SPY,2008/12/22,88.58,88.67,85.49,87.06,244192166
SPY,2008/12/23,87.53,87.93,85.8,86.16,221772540
SPY,2008/12/24,86.45,86.87,86,86.66,62142421
SPY,2008/12/26,87.24,87.3,86.5,87.16,74775826
SPY,2008/12/29,87.24,87.33,85.6,86.91,128419175
SPY,2008/12/30,87.51,89.05,86.8766,88.97,168555662
SPY,2008/12/31,89.08,90.97,88.87,90.24,194141827
SPY,2009/1/2,90.44,93.44,89.85,92.96,227638523
SPY,2009/1/5,92.63,94.5533,91.89,92.85,240697608
SPY,2009/1/6,93.64,94.45,92.68,93.47,328481747
SPY,2009/1/7,92,92.26,90.2,90.67,281047574
SPY,2009/1/8,90.16,91.09,89.67,91.042,263834401
SPY,2009/1/9,91.16,91.32,85.36,89.09,331160908
SPY,2009/1/12,88.84,88.91,86.41,86.95,278008387
SPY,2009/1/13,86.73,87.88,86.2,87.11,356731781
SPY,2009/1/14,85.54,85.75,83.16,84.37,435967129
SPY,2009/1/15,84.12,85.25,81.72,84.4,533808811
SPY,2009/1/16,85.86,85.9876,83.05,85.06,399307014
SPY,2009/1/20,84.23,85.059,80.05,80.57,420108448
SPY,2009/1/21,81.94,84.24,80.47,84.05,364767258
SPY,2009/1/22,82.42,84.04,81.17,82.75,427940436
SPY,2009/1/23,80.9,83.99,80.57,83.11,386800533
SPY,2009/1/26,83.59,85.36,82.81,83.68,318269470
SPY,2009/1/27,84.13,85.15,83.3,84.53,274111851
SPY,2009/1/28,86.4,87.95,86.07,87.39,330317423
SPY,2009/1/29,86.11,87.4901,84.47,84.55,294591469
SPY,2009/1/30,84.98,85.4,82.21,82.83,383464165
SPY,2009/2/2,81.57,83.18,81.31,82.58,288488899
SPY,2009/2/3,83.1,84.36,82.22,83.74,278480540
SPY,2009/2/4,84.3,85.37,83.04,83.33,322993929
SPY,2009/2/5,82.7,85.29,77.73,84.57,417679916
SPY,2009/2/6,84.86,87.34,84.68,86.98,366101656
SPY,2009/2/9,86.96,87.74,86.32,87.1,240075116
SPY,2009/2/10,86.27,87.03,82.45,83.11,536212730
SPY,2009/2/11,83.45,84.05,82.4,83.6,324674586
SPY,2009/2/12,82.17,83.82,81.05,83.66,469302192
SPY,2009/2/13,83.55,84.24,82.74,82.76,293998386
SPY,2009/2/17,80.16,82.958,79.17,79.22,478910634
SPY,2009/2/18,79.79,79.94,78.28,79.03,362970111
SPY,2009/2/19,79.84,80.15,78.02,78.181,316869547
SPY,2009/2/20,76.73,78.34,75.77,77.42,477176566
SPY,2009/2/23,78.27,78.27,74.59,74.65,379644668
SPY,2009/2/24,75.29,77.95,74.7003,77.48,426412267
SPY,2009/2/25,77.14,78.42,75.63,76.872,462039594
SPY,2009/2/26,77.82,79.6667,75.53,75.62,363371321
SPY,2009/2/27,74.01,75.6872,73.81,73.93,470568851
SPY,2009/3/2,72.52,73.9169,70.37,70.6,426453248
SPY,2009/3/3,71.61,71.7,69.64,70.07,443761154
SPY,2009/3/4,71.23,72.87,70.0729,71.73,462763396
SPY,2009/3/5,70.1,71.73,68.17,68.8,485551217
SPY,2009/3/6,69.4,70.45,67.1,68.92,490495181
SPY,2009/3/9,67.95,70,67.73,68.11,379907248
SPY,2009/3/10,69.51,72.37,69.37,72.17,406230757
SPY,2009/3/11,73,73.75,71.83,72.64,356809978
SPY,2009/3/12,72.62,75.75,71.97,75.5,409818582
SPY,2009/3/13,76.01,76.98,74.73,76.09,337474612
SPY,2009/3/16,76.96,77.97,75.81,75.86,360821360
SPY,2009/3/17,76.07,78.36,75.45,78.18,357075105
SPY,2009/3/18,77.81,80.9,77.07,79.93,473552378
SPY,2009/3/19,80.93,81,78.69,78.94,428597138
SPY,2009/3/20,78.76,78.91,76.53,76.71,371165651
SPY,2009/3/23,78.74,82.29,78.31,82.22,420247245
SPY,2009/3/24,81.24,82.36,80.51,80.6,330843985
SPY,2009/3/25,81.23,82.7,79.06,81.45,441995020
SPY,2009/3/26,82.25,83.3,81.32,83.11,422025298
SPY,2009/3/27,82.05,82.53,81.31,81.61,322343625
SPY,2009/3/30,79.8,79.87,77.96,78.79,324108478
SPY,2009/3/31,79.56,81.08,79.05,79.52,364238267
SPY,2009/4/1,78.53,81.42,78.33,81.06,377018284
SPY,2009/4/2,83.08,84.61,81.1296,83.43,476230899
SPY,2009/4/3,83.49,84.28,82.67,84.26,284646280
SPY,2009/4/6,83.34,84.2747,82.29,83.6,264866540
SPY,2009/4/7,82.25,82.65,81.51,81.65,259071910
SPY,2009/4/8,82.06,82.94,81.54,82.53,230402749
SPY,2009/4/9,84.67,85.82,84.33,85.81,269653423
SPY,2009/4/13,84.92,86.54,84.58,85.83,224847431
SPY,2009/4/14,85.03,85.76,84.08,84.35,276598725
SPY,2009/4/15,83.84,85.42,83.61,85.25,250726037
SPY,2009/4/16,85.93,87.15,84.77,86.5,335202868
SPY,2009/4/17,86.83,87.65,86.14,87.08,262648937
SPY,2009/4/20,85.54,87.0489,83.34,83.43,293690096
SPY,2009/4/21,82.82,85.13,82.75,85.06,300478349
SPY,2009/4/22,84.29,86.34,84.07,84.54,340395130
SPY,2009/4/23,84.71,85.42,83.63,85.37,324903639
SPY,2009/4/24,86.03,87.31,85.69,86.66,287702994
SPY,2009/4/27,85.68,87.01,85.54,85.84,289581577
SPY,2009/4/28,84.97,86.59,84.76,85.57,247927845
SPY,2009/4/29,86.52,88.36,86.3,87.39,311505611
SPY,2009/4/30,88.55,89.02,86.92,87.42,301419716
SPY,2009/5/1,87.44,88.21,86.72,87.89,236110289
SPY,2009/5/4,88.55,90.94,88.38,90.88,287119943
SPY,2009/5/5,90.57,90.93,89.84,90.57,243036257
SPY,2009/5/6,91.68,92.2,90.61,92.141,291940993
SPY,2009/5/7,93.01,93.15,90.28,90.86,317800496
SPY,2009/5/8,92.03,93.22,90.911,92.98,299081637
SPY,2009/5/11,91.7,92.11,91.04,91.24,247923537
SPY,2009/5/12,91.63,91.83,89.85,90.97,282431248
SPY,2009/5/13,89.74,90.01,88.5,88.68,269619034
SPY,2009/5/14,88.72,90.12,88.5,89.44,260098610
SPY,2009/5/15,89.37,90,88.15,88.71,271502644
SPY,2009/5/18,89.55,91.34,88.5702,91.23,242217264
SPY,2009/5/19,91.18,91.97,90.81,91.12,206102165
SPY,2009/5/20,91.95,92.8,90.41,90.51,285608129
SPY,2009/5/21,89.46,89.8,88.26,89.21,258988348
SPY,2009/5/22,89.46,90,88.68,89.02,166811890
SPY,2009/5/26,88.36,91.56,88.32,91.3,236318435
SPY,2009/5/27,91.44,91.75,89.53,89.67,246313516
SPY,2009/5/28,90.46,91.34,89.1,90.92,289094940
SPY,2009/5/29,91.42,93.7,90.68,92.53,258641403
SPY,2009/6/1,93.67,95.17,93.43,94.77,276246736
SPY,2009/6/2,94.4,95.37,94.16,94.85,230874413
SPY,2009/6/3,94.04,94.13,92.76,93.65,235403909
SPY,2009/6/4,94,94.67,93.3,94.53,210102279
SPY,2009/6/5,95.49,95.67,93.8,94.55,284257858
SPY,2009/6/8,93.84,95.1,93.04,94.16,238565101
SPY,2009/6/9,94.69,95.145,94.02,94.64,225125447
SPY,2009/6/10,95.48,95.49,93.19,94.4,296100341
SPY,2009/6/11,94.58,96.11,94.56,94.82,275414130
SPY,2009/6/12,94.4,95.14,94,95.08,184372990
SPY,2009/6/15,93.96,94.02,92.4,92.9,224190426
SPY,2009/6/16,93.23,93.29,91.58,91.64,227318999
SPY,2009/6/17,91.6,92.33,90.83,91.55,223445332
SPY,2009/6/18,91.69,92.67,91.25,92.219,211725057
SPY,2009/6/19,92.58,92.7,91.52,92.04,215655554
SPY,2009/6/22,91.14,91.19,89.25,89.28,251913590
SPY,2009/6/23,89.47,89.88,88.85,89.35,188309715
SPY,2009/6/24,90.16,91.08,89.6,90.118,211577613
SPY,2009/6/25,89.67,92.17,89.57,92.08,279410908
SPY,2009/6/26,91.77,92.24,91.27,91.84,167578971
SPY,2009/6/29,92.11,92.82,91.6,92.7,168481226
SPY,2009/6/30,92.72,93.06,91.27,91.95,228888184
SPY,2009/7/1,92.34,93.23,92.21,92.33,173041091
SPY,2009/7/2,91.13,92.3624,89.76,89.81,212309828
SPY,2009/7/6,88.94,89.93,88.66,89.8,174499587
SPY,2009/7/7,89.71,89.82,88,88.06,197054382
SPY,2009/7/8,88.59,88.8,87,88,248050486
SPY,2009/7/9,88.61,88.9,87.91,88.17,163777534
SPY,2009/7/10,87.7,88.49,87.35,87.96,173520274
SPY,2009/7/13,88.31,90.17,87.59,90.102,217413403
SPY,2009/7/14,90.38,90.69,89.73,90.61,181555369
SPY,2009/7/15,91.81,93.51,90.6795,93.26,220877822
SPY,2009/7/16,93,94.51,92.82,94.15,231174490
SPY,2009/7/17,94.06,94.32,93.54,94.13,138561667
SPY,2009/7/20,94.68,95.29,94.19,95.131,164179393
SPY,2009/7/21,95.87,95.9,94.42,95.57,217718237
SPY,2009/7/22,94.96,96.13,94.89,95.55,196067554
SPY,2009/7/23,95.61,98.08,95.53,97.661,258795486
SPY,2009/7/24,97.2,98.14,96.69,98.06,154003013
SPY,2009/7/27,97.88,98.4,97.34,98.35,159259390
SPY,2009/7/28,97.66,98.37,97.06,97.89,186685697
SPY,2009/7/29,97.44,98.088,96.98,97.652,194399284
SPY,2009/7/30,98.83,99.83,98.6,98.67,225575365
SPY,2009/7/31,98.65,99.47,98.38,98.81,207357955
SPY,2009/8/3,99.85,100.53,99.31,100.44,175776845
SPY,2009/8/4,99.99,100.84,99.78,100.7,176714531
SPY,2009/8/5,100.77,100.855,99.58,100.41,184726382
SPY,2009/8/6,100.87,101.02,99.42,99.89,193203766
SPY,2009/8/7,100.94,102.03,100.39,101.202,220684347
SPY,2009/8/10,100.74,101.22,100.27,100.99,130898603
SPY,2009/8/11,100.54,100.61,99.46,99.73,157300973
SPY,2009/8/12,99.56,101.56,99.51,100.8,219052366
SPY,2009/8/13,101.26,101.61,100.26,101.57,176449495
SPY,2009/8/14,101.52,101.6,99.7,100.79,199691264
SPY,2009/8/17,98.85,98.95,98.115,98.31,237892610
SPY,2009/8/18,98.53,99.44,98.35,99.09,173461411
SPY,2009/8/19,98.31,100.3,98.21,99.96,192812731
SPY,2009/8/20,100.09,101.22,99.87,100.99,174131266
SPY,2009/8/21,101.82,103.13,101.62,102.97,224604936
SPY,2009/8/24,103.39,103.95,102.59,102.96,191278905
SPY,2009/8/25,103.37,104.26,102.94,103.16,215310557
SPY,2009/8/26,102.84,103.64,102.49,103.17,194620649
SPY,2009/8/27,103.11,103.72,101.94,103.4,196230012
SPY,2009/8/28,104.23,104.35,102.67,103.38,147024385
SPY,2009/8/31,102.37,102.58,101.79,102.46,176051535
SPY,2009/9/1,101.95,103.24,99.99,100.2,321276728
SPY,2009/9/2,99.78,100.44,99.57,99.82,171804979
SPY,2009/9/3,100.4,100.77,99.59,100.65,143572281
SPY,2009/9/4,100.85,102.09,100.55,102.06,142687808
SPY,2009/9/8,103,103.05,102.39,102.94,132909024
SPY,2009/9/9,103.12,104.08,102.8,103.73,154612484
SPY,2009/9/10,103.8,104.86,103.22,104.79,162902370
SPY,2009/9/11,104.99,105.3,104.28,104.77,152383638
SPY,2009/9/14,103.88,105.46,103.15,105.28,149593734
SPY,2009/9/15,105.45,106.11,104.76,105.72,196795897
SPY,2009/9/16,106.1,107.34,105.7288,107.32,206406229
SPY,2009/9/17,107.17,108.06,106.57,107.16,229170848
SPY,2009/9/18,107.15,107.16,106.36,106.72,153799032
SPY,2009/9/21,105.89,107,105.66,106.45,151891981
SPY,2009/9/22,107.08,107.37,106.6,107.07,143126642
SPY,2009/9/23,107.32,108.03,105.99,106.18,225947337
SPY,2009/9/24,106.41,106.64,104.55,105.01,228636708
SPY,2009/9/25,104.78,105.36,104.09,104.45,204058931
SPY,2009/9/28,104.85,106.55,104.83,106.32,118285775
SPY,2009/9/29,106.51,107.02,105.78,106,133733834
SPY,2009/9/30,106.36,106.46,104.62,105.59,254382968
SPY,2009/10/1,105.34,105.7331,102.95,103,281840568
SPY,2009/10/2,102.02,103.1,101.99,102.49,224748757
SPY,2009/10/5,102.9,104.32,102.6,104.02,149874949
SPY,2009/10/6,104.77,106.11,104.71,105.51,202491015
SPY,2009/10/7,105.27,105.91,105.07,105.8,159200262
SPY,2009/10/8,106.55,107.17,105.8449,106.61,183305731
SPY,2009/10/9,106.64,107.26,106.36,107.26,135008260
SPY,2009/10/12,107.76,108.09,107.28,107.68,118030971
SPY,2009/10/13,107.39,107.7132,106.76,107.46,157692668
SPY,2009/10/14,108.72,109.42,107.4174,109.31,191421516
SPY,2009/10/15,108.78,109.71,108.73,109.71,173873591
SPY,2009/10/16,108.8,109.27,108.23,108.89,192069345
SPY,2009/10/19,109.07,110.13,108.73,109.79,159530358
SPY,2009/10/20,109.95,109.985,108.68,109.211,180921009
SPY,2009/10/21,109.04,110.31,108.15,108.23,225787463
SPY,2009/10/22,108.19,109.68,107.5,109.33,238443948
SPY,2009/10/23,109.69,109.76,107.63,108.08,240033192
SPY,2009/10/26,108.2,109.31,106.61,106.91,242028169
SPY,2009/10/27,107.03,107.39,106.16,106.42,253266295
SPY,2009/10/28,106.15,106.4783,104.35,104.41,248821371
SPY,2009/10/29,105.19,106.86,104.94,106.65,198110571
SPY,2009/10/30,106.3,106.62,103.44,103.56,325608088
SPY,2009/11/2,104.13,105.41,103.08,104.32,254489769
SPY,2009/11/3,103.74,104.8,103.54,104.65,228362523
SPY,2009/11/4,105.51,106.33,104.65,104.92,247996688
SPY,2009/11/5,105.66,106.88,105.44,106.8501,180015203
SPY,2009/11/6,106.26,107.4,106.05,107.13,170954088
SPY,2009/11/9,107.95,109.63,107.87,109.57,159495654
SPY,2009/11/10,109.31,109.93,108.97,109.59,171899752
SPY,2009/11/11,110.31,110.82,109.62,110.15,169466161
SPY,2009/11/12,110,110.57,108.75,109.03,157144501
SPY,2009/11/13,109.31,110.09,108.75,109.62,150962935
SPY,2009/11/16,110.38,111.69,110.32,111.21,210922108
SPY,2009/11/17,110.92,111.39,110.5,111.339,147134089
SPY,2009/11/18,111.26,111.43,110.57,111.27,156486734
SPY,2009/11/19,110.51,111.3059,109.13,109.82,208734520
SPY,2009/11/20,109.25,109.76,109.01,109.43,134195979
SPY,2009/11/23,110.72,111.74,110.6,110.82,148010135
SPY,2009/11/24,111,111.2022,110.01,110.99,138420046
SPY,2009/11/25,111.17,111.5,110.82,111.38,109564770
SPY,2009/11/27,108.4,110.32,108.29,109.57,126001795
SPY,2009/11/30,109.48,110.2,108.12,109.94,160874797
SPY,2009/12/1,110.92,111.66,110.73,111.3,159613619
SPY,2009/12/2,111.28,112.01,110.92,111.25,132315059
SPY,2009/12/3,111.55,112.18,110.29,110.38,167324826
SPY,2009/12/4,111.84,112.38,110.04,111.01,274907788
SPY,2009/12/7,110.91,111.53,110.49,110.84,127973802
SPY,2009/12/8,110.04,110.7725,109.27,109.61,169863654
SPY,2009/12/9,109.58,110.18,109.02,110.021,155063348
SPY,2009/12/10,110.7,111.12,110.45,110.64,137914737
SPY,2009/12/11,111.11,111.36,110.61,111.11,124853988
SPY,2009/12/14,111.87,112,111.37,111.87,107141486
SPY,2009/12/15,111.46,111.92,111,111.35,120408777
SPY,2009/12/16,111.8,112.13,111.27,111.52,155358104
SPY,2009/12/17,110.72,110.93,110.08,110.18,183390083
SPY,2009/12/18,110.2,110.3,109.28,110.21,174591136
SPY,2009/12/21,110.76,111.7,110.76,111.33,118104223
SPY,2009/12/22,111.57,111.97,111.425,111.73,91707436
SPY,2009/12/23,112,112.11,111.5,111.95,111783033
SPY,2009/12/24,112.19,112.6,111.9948,112.48,39677470
SPY,2009/12/28,112.9,112.99,112.32,112.72,87508427
SPY,2009/12/29,113.01,113.03,112.55,112.562,80572472
SPY,2009/12/30,112.23,112.65,112.17,112.52,73138357
SPY,2009/12/31,112.77,112.8,111.39,111.44,90637861
SPY,2010/1/4,112.37,113.39,111.51,113.33,118944541
SPY,2010/1/5,113.26,113.68,112.85,113.63,111579866
SPY,2010/1/6,113.52,113.99,113.43,113.71,116074402
SPY,2010/1/7,113.5,114.33,113.18,114.19,131091048
SPY,2010/1/8,113.89,114.62,113.66,114.57,126402764
SPY,2010/1/11,115.08,115.13,114.235,114.73,106375678
SPY,2010/1/12,113.97,114.21,113.22,113.66,163333432
SPY,2010/1/13,113.95,114.94,113.37,114.62,161821927
SPY,2010/1/14,114.49,115.14,114.42,114.93,115783759
SPY,2010/1/15,114.73,114.84,113.2,113.64,212283097
SPY,2010/1/19,113.62,115.13,113.59,115.06,139172635
SPY,2010/1/20,114.28,114.45,112.98,113.89,216490121
SPY,2010/1/21,113.92,114.27,111.56,111.7,344859506
SPY,2010/1/22,111.2,111.7416,109.09,109.21,345942402
SPY,2010/1/25,110.21,110.41,109.41,109.77,186937468
SPY,2010/1/26,109.34,110.47,109.04,109.31,211168719
SPY,2010/1/27,109.17,110.08,108.33,109.83,271863580
SPY,2010/1/28,110.19,110.25,107.91,108.57,316103993
SPY,2010/1/29,109.04,109.8,107.22,107.39,310677592
SPY,2010/2/1,108.15,109.07,107.5008,109.06,187864905
SPY,2010/2/2,109.26,110.59,108.88,110.38,216327851
SPY,2010/2/3,109.88,110.4815,109.51,109.83,172730603
SPY,2010/2/4,108.98,109.03,106.42,106.44,356715612
SPY,2010/2/5,106.56,106.88,104.58,106.66,493585758
SPY,2010/2/8,106.74,107.33,105.8099,105.89,224166833
SPY,2010/2/9,107.13,108.15,106.27,107.22,337820408
SPY,2010/2/10,107.05,107.6,106.11,107.01,240511495
SPY,2010/2/11,106.87,108.25,106.25,108.13,223591548
SPY,2010/2/12,106.99,108.1012,106.51,108.04,304622008
SPY,2010/2/16,108.86,109.85,108.42,109.74,159317418
SPY,2010/2/17,110.27,110.41,109.74,110.26,168845041
SPY,2010/2/18,110.08,111.14,110.035,110.91,193708529
SPY,2010/2/19,110.62,111.57,110.36,111.14,222684816
SPY,2010/2/22,111.55,111.58,110.83,111.16,132346808
SPY,2010/2/23,110.86,111.2,109.52,109.81,207496924
SPY,2010/2/24,110.14,111,109.86,110.82,176350611
SPY,2010/2/25,109.24,110.75,108.94,110.67,259634682
SPY,2010/2/26,110.77,111.12,110.11,110.74,173589231
SPY,2010/3/1,111.2,112,111.17,111.89,147709644
SPY,2010/3/2,112.37,112.74,112,112.2,160992382
SPY,2010/3/3,112.49,112.97,112.02,112.3,150784940
SPY,2010/3/4,112.45,112.8,112.03,112.641,135770353
SPY,2010/3/5,113.37,114.34,113.1,114.25,176118769
SPY,2010/3/8,114.26,114.52,114.07,114.27,114631139
SPY,2010/3/9,113.93,114.99,113.87,114.46,154556674
SPY,2010/3/10,114.51,115.275,114.41,114.97,186088798
SPY,2010/3/11,114.7,115.48,114.35,115.45,160875844
SPY,2010/3/12,115.95,115.97,115.14,115.46,162074761
SPY,2010/3/15,115.26,115.575,114.6,115.49,146816801
SPY,2010/3/16,115.81,116.52,115.49,116.41,168615539
SPY,2010/3/17,116.76,117.48,116.4198,117.1,177468085
SPY,2010/3/18,117.11,117.27,116.57,117.0375,196509041
SPY,2010/3/19,116.96,117.293,115.52,115.97,226641098
SPY,2010/3/22,115.31,116.8,115.24,116.5925,184477713
SPY,2010/3/23,116.76,117.51,116.38,117.41,182941554
SPY,2010/3/24,116.97,117.4264,115.58,116.84,196183319
SPY,2010/3/25,117.63,118.1666,116.51,116.65,223396257
SPY,2010/3/26,116.87,117.42,116.12,116.582,205808499
SPY,2010/3/29,117.1699,117.53,116.6886,117.32,134513501
SPY,2010/3/30,117.46,117.83,116.91,117.4,145772406
SPY,2010/3/31,116.95,117.52,116.61,117,161078665
SPY,2010/4/1,117.8,118.25,117.1,117.8,161215165
SPY,2010/4/5,118.25,118.84,117.92,118.76,105847602
SPY,2010/4/6,118.42,119.25,118.29,119.04,110384143
SPY,2010/4/7,118.8,119.3567,117.81,118.36,184576297
SPY,2010/4/8,117.95,118.97,117.6,118.7725,158703990
SPY,2010/4/9,119.02,119.6,118.8,119.55,133006493
SPY,2010/4/12,119.7,120.05,119.56,119.74,110278931
SPY,2010/4/13,119.62,120.04,119,119.83,125125040
SPY,2010/4/14,120.27,121.19,120.08,121.19,161608989
SPY,2010/4/15,120.99,121.5654,120.95,121.29,144615226
SPY,2010/4/16,120.86,121.285,118.75,119.36,366879697
SPY,2010/4/19,119.01,119.93,118.47,119.81,217947757
SPY,2010/4/20,120.56,120.98,119.871,120.88,157707939
SPY,2010/4/21,120.95,121.23,119.99,120.66,192910086
SPY,2010/4/22,119.81,121.17,119.12,121.02,239188584
SPY,2010/4/23,120.94,121.86,120.63,121.8125,177335420
SPY,2010/4/26,121.85,122.12,121.23,121.35,143457213
SPY,2010/4/27,120.65,121.3346,118.25,118.48,355853771
SPY,2010/4/28,119.05,119.68,118.27,119.38,300677608
SPY,2010/4/29,120.1,121.11,120.07,120.8575,193774904
SPY,2010/4/30,120.88,121.01,118.78,118.8125,270000858
SPY,2010/5/3,119.38,120.68,119.2,120.35,182747817
SPY,2010/5/4,119.01,119.03,116.92,117.52,360353366
SPY,2010/5/5,116.56,117.8,115.97,116.82,328973162
SPY,2010/5/6,116.26,117,105,112.942,647356524
SPY,2010/5/7,112.64,113.77,109.41,111.26,637558734
SPY,2010/5/10,115.81,116.65,114.91,116.16,396159543
SPY,2010/5/11,115.07,117.36,114.91,115.83,317849705
SPY,2010/5/12,116.29,117.62,116.09,117.45,235607027
SPY,2010/5/13,117.13,117.68,115.89,115.99,234456089
SPY,2010/5/14,115.12,115.33,112.87,113.89,345602060
SPY,2010/5/17,114.2,114.52,111.77,113.95,325943991
SPY,2010/5/18,114.88,115.22,112.03,112.4,360595878
SPY,2010/5/19,111.77,112.77,110.36,111.76,394759527
SPY,2010/5/20,109.38,109.89,107.47,107.54,530423626
SPY,2010/5/21,105.91,109.38,105.3612,109.115,500909335
SPY,2010/5/24,108.52,109.39,107.61,107.71,269822997
SPY,2010/5/25,105.11,107.87,104.38,107.818,396505132
SPY,2010/5/26,108.48,109.47,106.85,107.17,349719279
SPY,2010/5/27,109.19,110.8,108.7801,110.76,300870473
SPY,2010/5/28,110.64,110.724,108.85,109.369,297933434
SPY,2010/6/1,108.35,109.95,107.37,107.53,277909392
SPY,2010/6/2,108.08,110.34,107.5091,110.33,240243641
SPY,2010/6/3,110.65,111.06,109.58,110.71,226618259
SPY,2010/6/4,108.61,109.33,106.465,106.82,398475566
SPY,2010/6/7,107.2,107.61,105.41,105.49,264609061
SPY,2010/6/8,105.57,106.83,104.65,106.62,357774294
SPY,2010/6/9,107.24,108.28,105.6,106.05,268023252
SPY,2010/6/10,107.86,109.28,106.0426,109.15,317890583
SPY,2010/6/11,108.19,109.75,108.12,109.68,214128107
SPY,2010/6/14,110.52,111.12,109.4,109.509,207196003
SPY,2010/6/15,110.28,112.1,110.09,112,238268655
SPY,2010/6/16,111.42,112.42,111.2,111.96,216373918
SPY,2010/6/17,112.28,112.33,111.05,112.14,263185740
SPY,2010/6/18,111.83,112.13,111.37,111.729,174006543
SPY,2010/6/21,113.12,113.2,110.79,111.41,213140636
SPY,2010/6/22,111.41,111.9,109.41,109.57,239355313
SPY,2010/6/23,109.64,110.03,108.48,109.23,254698722
SPY,2010/6/24,108.69,108.83,107.14,107.42,268692053
SPY,2010/6/25,107.74,108.42,106.77,107.8675,238726472
SPY,2010/6/28,108.03,108.32,107.14,107.53,169333229
SPY,2010/6/29,106.02,107.5114,103.55,104.21,373760407
SPY,2010/6/30,103.92,104.88,102.88,103.22,284101670
SPY,2010/7/1,103.15,103.49,101.13,102.76,382924764
SPY,2010/7/2,103.11,103.42,101.62,102.2,233385146
SPY,2010/7/6,103.64,104.37,101.88,102.87,256936431
SPY,2010/7/7,103.13,106.24,103.02,106.1075,253769702
SPY,2010/7/8,107,107.28,105.91,107.16,210842046
SPY,2010/7/9,107.13,107.97,106.93,107.96,144999850
SPY,2010/7/12,107.6,108.24,107.15,108.03,131283538
SPY,2010/7/13,109.15,110.09,108.93,109.66,213025882
SPY,2010/7/14,109.31,110.08,108.86,109.651,184426719
SPY,2010/7/15,109.61,110.06,108.17,109.68,232337892
SPY,2010/7/16,109.09,109.2059,106.45,106.66,282693306
SPY,2010/7/19,107.05,107.63,106.22,107.29,186708979
SPY,2010/7/20,105.87,108.56,105.82,108.48,258162303
SPY,2010/7/21,109.04,109.07,106.63,107.07,264526950
SPY,2010/7/22,108.34,109.94,108.33,109.461,274781292
SPY,2010/7/23,109.24,110.57,108.93,110.41,222020785
SPY,2010/7/26,110.6,111.67,110.29,111.56,182126480
SPY,2010/7/27,112.17,112.29,111.11,111.55,204855535
SPY,2010/7/28,111.32,111.66,110.46,110.83,163056171
SPY,2010/7/29,111.52,111.82,109.41,110.29,220149031
SPY,2010/7/30,109.17,110.86,108.98,110.27,220070531
SPY,2010/8/2,111.99,112.94,111.54,112.76,188263197
SPY,2010/8/3,112.48,112.77,111.85,112.22,146657242
SPY,2010/8/4,112.53,113.11,112.16,112.97,158171627
SPY,2010/8/5,112.25,112.91,112.08,112.85,140473721
SPY,2010/8/6,111.74,112.57,110.92,112.392,239728279
SPY,2010/8/9,112.92,113.18,112.32,112.992,120800381
SPY,2010/8/10,112.03,112.98,111.3701,112.375,242916211
SPY,2010/8/11,110.65,110.69,109.12,109.3,273408176
SPY,2010/8/12,107.65,109.02,107.6,108.63,239542543
SPY,2010/8/13,108.29,108.96,108.18,108.31,158698476
SPY,2010/8/16,107.57,108.61,107.18,108.26,147895278
SPY,2010/8/17,109.19,110.39,108.88,109.59,172270222
SPY,2010/8/18,109.54,110.38,108.91,109.79,182922040
SPY,2010/8/19,109.22,109.49,107.43,107.88,265847589
SPY,2010/8/20,107.56,107.9376,106.7499,107.53,209714149
SPY,2010/8/23,108.04,108.57,107.07,107.1236,163490258
SPY,2010/8/24,105.95,106.39,104.97,105.53,280795568
SPY,2010/8/25,104.95,106.34,104.29,105.94,272330717
SPY,2010/8/26,106.44,106.58,104.88,105.23,224492677
SPY,2010/8/27,105.89,106.97,104.31,106.86,272704063
SPY,2010/8/30,106.58,106.91,105.3,105.311,167238558
SPY,2010/8/31,104.92,105.98,104.49,105.31,273933006
SPY,2010/9/1,106.73,108.61,106.66,108.46,267834949
SPY,2010/9/2,108.72,109.49,108.49,109.47,156112147
SPY,2010/9/3,110.54,110.99,109.95,110.89,212197260
SPY,2010/9/7,110.37,110.51,109.55,109.64,141973690
SPY,2010/9/8,109.86,110.85,109.81,110.41,150268927
SPY,2010/9/9,111.65,111.68,110.62,110.92,147017889
SPY,2010/9/10,111.12,111.61,110.87,111.482,127818961
SPY,2010/9/13,112.58,112.95,112.13,112.72,178503456
SPY,2010/9/14,112.5,113.29,112.08,112.65,209823581
SPY,2010/9/15,112.32,113.21,111.98,113.08,168608341
SPY,2010/9/16,112.73,113.12,112.35,113.05,199962858
SPY,2010/9/17,113.04,113.15,112.18,112.49,195836810
SPY,2010/9/20,112.88,114.46,112.5216,114.21,214786712
SPY,2010/9/21,114.3,114.84,113.51,113.98,268632440
SPY,2010/9/22,113.8,114.44,113.1,113.42,191322353
SPY,2010/9/23,112.49,113.67,112.18,112.498,202354235
SPY,2010/9/24,113.75,114.9,113.65,114.82,209671704
SPY,2010/9/27,114.86,114.99,114.16,114.27,128799460
SPY,2010/9/28,114.42,115.04,113.18,114.67,209207409
SPY,2010/9/29,114.38,114.91,114.02,114.47,179665724
SPY,2010/9/30,115.05,115.79,113.59,114.13,287106609
SPY,2010/10/1,114.99,115.12,113.93,114.61,174638619
SPY,2010/10/4,114.37,114.85,113.18,113.75,166153198
SPY,2010/10/5,114.8,116.32,114.67,116.04,229634076
SPY,2010/10/6,116.02,116.33,115.56,116.03,148626519
SPY,2010/10/7,116.5,116.53,115.19,115.89,164859971
SPY,2010/10/8,116.05,116.86,115.61,116.5375,177760079
SPY,2010/10/11,116.72,116.97,116.25,116.65,103098291
SPY,2010/10/12,116.27,117.35,115.65,117.01,182209984
SPY,2010/10/13,117.66,118.55,117.38,117.92,194347147
SPY,2010/10/14,117.8099,118.01,116.72,117.46,217764255
SPY,2010/10/15,118.28,118.35,116.76,117.7,243704938
SPY,2010/10/18,117.74,118.67,117.31,118.28,141502179
SPY,2010/10/19,117.19,117.85,116.02,116.73,280604682
SPY,2010/10/20,116.94,118.44,116.87,117.87,200051747
SPY,2010/10/21,118.4,119.09,117.21,118.13,221546107
SPY,2010/10/22,118.31,118.53,118,118.347,108212321
SPY,2010/10/25,119.14,119.76,118.61,118.7,151145700
SPY,2010/10/26,118.1,118.84,117.87,118.72,158982885
SPY,2010/10/27,117.89,118.51,117.26,118.38,190023965
SPY,2010/10/28,119.06,119.11,117.83,118.4,168575989
SPY,2010/10/29,118.28,118.72,118.07,118.49,144305475
SPY,2010/11/1,119.07,119.75,117.85,118.53,174074708
SPY,2010/11/2,119.42,119.75,119.1,119.475,158345856
SPY,2010/11/3,119.675,120.02,118.45,119.95,226702775
SPY,2010/11/4,121.28,122.32,119.9724,122.26,215039313
SPY,2010/11/5,122.34,122.92,122.18,122.725,180654096
SPY,2010/11/8,122.34,122.69,121.94,122.49,155901614
SPY,2010/11/9,122.82,122.95,121.12,121.61,186621575
SPY,2010/11/10,121.58,122.16,120.66,122.1,221387386
SPY,2010/11/11,121.05,121.82,120.68,121.635,158017547
SPY,2010/11/12,120.82,121.35,119.65,120.198,239068789
SPY,2010/11/15,120.58,121.05,119.98,120.03,163940710
SPY,2010/11/16,119.29,119.49,117.59,118.16,300331917
SPY,2010/11/17,118.21,118.71,117.86,118.218,172308826
SPY,2010/11/18,119.36,120.39,119.35,119.9575,197723674
SPY,2010/11/19,119.9,120.34,119.25,120.29,156852807
SPY,2010/11/22,119.69,120.24,118.77,120.19,181592166
SPY,2010/11/23,118.77,119.015,117.99,118.4475,222308913
SPY,2010/11/24,119.2,120.23,119.18,120.2,140159033
SPY,2010/11/26,119.16,119.81,118.8,118.8,76007704
SPY,2010/11/29,118.5,119.48,117.74,119.162,223642224
SPY,2010/11/30,117.98,119.17,117.81,118.4925,233930639
SPY,2010/12/1,120.2,121.24,120.19,121.01,221037149
SPY,2010/12/2,121.2,122.65,121.13,122.56,191213570
SPY,2010/12/3,122.14,123.03,122.11,122.89,151288823
SPY,2010/12/6,122.63,123.04,122.5,122.76,103050459
SPY,2010/12/7,123.94,124.01,122.76,122.83,206580946
SPY,2010/12/8,122.98,123.38,122.41,123.28,138019177
SPY,2010/12/9,123.97,124.02,123.15,123.76,123705049
SPY,2010/12/10,124.14,124.6,123.73,124.48,117571625
SPY,2010/12/13,125.05,125.2,124.52,124.56,133812609
SPY,2010/12/14,124.75,125.23,124.29,124.67,147249532
SPY,2010/12/15,124.44,124.93,123.89,124.098,160823010
SPY,2010/12/16,124.18,124.91,123.75,124.82,185035177
SPY,2010/12/17,124.08,124.46,123.82,124.3,141075278
SPY,2010/12/20,124.64,124.9,123.98,124.6,119085459
SPY,2010/12/21,124.99,125.47,124.87,125.39,94965438
SPY,2010/12/22,125.48,125.82,125.41,125.78,78878090
SPY,2010/12/23,125.64,125.78,125.29,125.6,70079275
SPY,2010/12/27,125.13,125.77,125.04,125.65,58125974
SPY,2010/12/28,125.9,125.95,125.5,125.83,55309010
SPY,2010/12/29,125.98,126.2,125.9,125.92,58033036
SPY,2010/12/30,125.8,126.13,125.53,125.72,76616846
SPY,2010/12/31,125.53,125.87,125.33,125.75,91270271
SPY,2011/1/3,126.71,127.6,125.6969,127.05,138725191
SPY,2011/1/4,127.33,127.37,126.19,126.98,137409675
SPY,2011/1/5,126.58,127.725,126.46,127.64,133975250
SPY,2011/1/6,127.69,127.83,127.01,127.39,122518970
SPY,2011/1/7,127.56,127.77,126.15,127.14,156034587
SPY,2011/1/10,126.58,127.16,126.2,126.98,122401644
SPY,2011/1/11,127.44,127.74,126.95,127.43,110286968
SPY,2011/1/12,128.21,128.72,127.4621,128.58,107929135
SPY,2011/1/13,128.63,128.69,128.05,128.3675,129229132
SPY,2011/1/14,128.19,129.33,128.1,129.3,117677857
SPY,2011/1/18,129.18,129.64,129.03,129.52,114401252
SPY,2011/1/19,129.41,129.5357,127.91,128.25,151958324
SPY,2011/1/20,127.96,128.4,127.13,128.08,175745603
SPY,2011/1/21,128.88,129.17,128.23,128.37,151462880
SPY,2011/1/24,128.285,129.25,128.26,129.1,113715455
SPY,2011/1/25,128.76,129.28,128.11,129.17,167552153
SPY,2011/1/26,129.49,130.05,129.23,129.67,141281439
SPY,2011/1/27,129.7,130.21,129.47,129.99,123302633
SPY,2011/1/28,130.14,130.35,127.51,127.72,295637223
SPY,2011/1/31,128.07,128.78,127.75,128.68,149249105
SPY,2011/2/1,129.46,130.97,129.3801,130.74,167194214
SPY,2011/2/2,130.4,130.84,130.33,130.485,118323602
SPY,2011/2/3,130.26,130.98,129.57,130.78,145886611
SPY,2011/2/4,130.83,131.2,130.23,131.15,134634710
SPY,2011/2/7,131.44,132.4,131.43,131.97,112439030
SPY,2011/2/8,132.09,132.64,131.73,132.57,99072704
SPY,2011/2/9,132.21,132.63,131.61,132.269,146436606
SPY,2011/2/10,131.6,132.47,131.3,132.321,162708478
SPY,2011/2/11,131.8,133.28,131.77,133.11,137716436
SPY,2011/2/14,133.03,133.54,132.88,133.43,101691100
SPY,2011/2/15,133.02,133.22,132.3167,133.01,119575387
SPY,2011/2/16,133.46,134.01,133.19,133.85,130183448
SPY,2011/2/17,133.46,134.43,133.34,134.25,109810420
SPY,2011/2/18,134.37,134.69,134.06,134.53,130002330
SPY,2011/2/22,133.12,134.5615,131.47,131.83,233116375
SPY,2011/2/23,131.75,132.07,130.21,131.02,227610100
SPY,2011/2/24,130.88,131.44,129.7,130.93,260467041
SPY,2011/2/25,131.48,132.41,131.4,132.33,141693837
SPY,2011/2/28,132.82,133.32,132.38,133.15,141600773
SPY,2011/3/1,133.57,133.69,130.89,130.93,258582270
SPY,2011/3/2,130.75,131.82,130.35,131.21,200277834
SPY,2011/3/3,132.4,133.62,132.39,133.47,176485166
SPY,2011/3/4,133.37,133.63,131.6,132.47,277371473
SPY,2011/3/7,132.86,133.1594,130.735,131.43,216888931
SPY,2011/3/8,131.64,133,131.07,132.58,174706407
SPY,2011/3/9,132.32,132.8,131.6,132.39,153903463
SPY,2011/3/10,131,131.18,129.81,129.9375,301665703
SPY,2011/3/11,129.52,131.31,129.49,130.84,225758504
SPY,2011/3/14,129.99,130.48,129.06,130.05,235607778
SPY,2011/3/15,126.59,129.33,126.5,128.56,359794831
SPY,2011/3/16,128.15,128.57,125.28,126.175,469160630
SPY,2011/3/17,128,128.39,127.1,127.85,254521638
SPY,2011/3/18,128.84,128.88,127.51,127.76,230654390
SPY,2011/3/21,129.35,130.01,129.2,129.74,154065282
SPY,2011/3/22,129.72,129.89,129.17,129.29,129743412
SPY,2011/3/23,128.93,130,128.32,129.66,148648724
SPY,2011/3/24,130.4,131.09,129.67,130.9,159238287
SPY,2011/3/25,131.24,131.87,130.8921,131.3,155769995
SPY,2011/3/28,131.58,131.92,130.94,130.98,109839083
SPY,2011/3/29,130.87,131.9,130.44,131.86,129844555
SPY,2011/3/30,132.55,133.16,132.36,132.77,135895860
SPY,2011/3/31,132.6,132.96,132.45,132.59,132756530
SPY,2011/4/1,133.41,133.77,132.83,133.15,154038917
SPY,2011/4/4,133.43,133.67,132.88,133.26,100773342
SPY,2011/4/5,133,133.83,132.94,133.24,121083840
SPY,2011/4/6,133.88,134,133.12,133.66,120453617
SPY,2011/4/7,133.42,133.9775,132.66,133.32,170973204
SPY,2011/4/8,133.91,133.99,132.31,132.86,148014798
SPY,2011/4/11,133,133.45,132.14,132.46,121518486
SPY,2011/4/12,131.72,131.98,130.99,131.47,161480682
SPY,2011/4/13,132.08,132.18,130.96,131.46,162172967
SPY,2011/4/14,130.7,131.76,130.27,131.56,161271236
SPY,2011/4/15,131.8,132.37,131.41,132.04,170146610
SPY,2011/4/18,130.59,132.0301,129.51,130.56,210908208
SPY,2011/4/19,130.76,131.35,130.44,131.31,124321889
SPY,2011/4/20,132.88,133.39,132.79,133.1,156473001
SPY,2011/4/21,133.79,133.84,133.1046,133.78,136214509
SPY,2011/4/25,133.68,133.86,133.2,133.64,65760002
SPY,2011/4/26,134.05,135.06,133.91,134.791,146658425
SPY,2011/4/27,135.05,135.87,134.5,135.67,143104801
SPY,2011/4/28,135.43,136.29,135.41,136.11,124865764
SPY,2011/4/29,136.16,136.57,135.98,136.43,115094350
SPY,2011/5/2,137.07,137.18,135.95,136.22,126310033
SPY,2011/5/3,135.96,136.19,135.045,135.73,138445808
SPY,2011/5/4,135.67,135.73,134.23,134.83,182821163
SPY,2011/5/5,134.08,134.95,133.02,133.61,227065699
SPY,2011/5/6,134.94,135.63,133.22,134.2,222951264
SPY,2011/5/9,134.19,135.11,133.98,134.72,114134435
SPY,2011/5/10,135.17,136.11,135,135.87,114886994
SPY,2011/5/11,135.67,135.69,133.82,134.44,193745610
SPY,2011/5/12,134.08,135.36,133.39,135.08,171648128
SPY,2011/5/13,135.15,135.34,133.56,134.04,157499081
SPY,2011/5/16,133.56,134.61,132.97,133.19,141770642
SPY,2011/5/17,132.69,133.35,132.12,133.17,192852310
SPY,2011/5/18,133.24,134.5,132.95,134.36,135228138
SPY,2011/5/19,134.8,135.03,133.94,134.68,119584847
SPY,2011/5/20,134.33,134.6781,133.36,133.61,182638302
SPY,2011/5/23,131.98,133.6475,131.59,132.06,168799987
SPY,2011/5/24,132.44,132.73,131.7,131.95,147200295
SPY,2011/5/25,131.42,132.94,131.38,132.39,151102185
SPY,2011/5/26,132.03,133.24,131.78,133,164984594
SPY,2011/5/27,133.37,133.87,132.9588,133.51,120921858
SPY,2011/5/31,134.77,134.92,133.84,134.9,164731167
SPY,2011/6/1,134.51,134.9234,131.76,131.87,233094277
SPY,2011/6/2,131.96,132.24,130.96,131.73,200466729
SPY,2011/6/3,130.15,131.42,130.08,130.42,234690124
SPY,2011/6/6,130.09,130.36,128.87,129.045,179951146
SPY,2011/6/7,129.7,130.07,128.85,128.96,161805954
SPY,2011/6/8,128.76,129.19,128.18,128.42,198696304
SPY,2011/6/9,128.77,129.93,128.46,129.4,160964350
SPY,2011/6/10,128.85,128.93,127.26,127.6,238629307
SPY,2011/6/13,127.89,128.24,127.05,127.7,207599751
SPY,2011/6/14,128.87,129.77,128.82,129.32,160570345
SPY,2011/6/15,128.24,129.2991,126.68,127.02,300957945
SPY,2011/6/16,127.06,127.97,126.32,127.3,308038426
SPY,2011/6/17,127.93,127.94,126.62,127.05,234996065
SPY,2011/6/20,126.62,127.97,126.58,127.7,159478911
SPY,2011/6/21,128.36,129.7,127.7535,129.45,193157234
SPY,2011/6/22,129.05,129.81,128.59,128.67,176886453
SPY,2011/6/23,127.16,128.6361,126.19,128.301,334286827
SPY,2011/6/24,128.27,128.37,126.62,126.81,226129358
SPY,2011/6/27,126.89,128.43,126.64,127.94,168908174
SPY,2011/6/28,128.45,129.63,128.27,129.61,165556257
SPY,2011/6/29,130.2,130.93,129.6321,130.72,244295405
SPY,2011/6/30,131.14,132.18,130.705,131.97,223496512
SPY,2011/7/1,132.09,134.1,131.78,133.92,202385636
SPY,2011/7/5,133.78,134.08,133.39,133.81,165935968
SPY,2011/7/6,133.49,134.14,133.11,133.97,143332679
SPY,2011/7/7,135.16,135.7,134.88,135.36,170464164
SPY,2011/7/8,133.83,134.4,133.39,134.4,194171492
SPY,2011/7/11,132.75,133.18,131.66,131.97,195918544
SPY,2011/7/12,131.69,132.78,131.36,131.4,214675640
SPY,2011/7/13,132.09,133.22,131.519,131.84,204062545
SPY,2011/7/14,132.17,132.78,130.68,130.93,226111747
SPY,2011/7/15,131.66,131.87,130.77,131.69,220124620
SPY,2011/7/18,131.08,131.28,129.63,130.61,196872076
SPY,2011/7/19,131.34,132.89,131.31,132.73,166554896
SPY,2011/7/20,133.07,133.15,132.42,132.65,137145310
SPY,2011/7/21,133.4,134.82,132.6693,134.49,245270290
SPY,2011/7/22,134.52,134.72,133.76,134.58,126019327
SPY,2011/7/25,133.3,134.49,133.16,133.83,136653703
SPY,2011/7/26,133.74,133.96,133.03,133.33,131278113
SPY,2011/7/27,132.59,132.63,130.43,130.6,249020022
SPY,2011/7/28,130.6,131.77,130.01,130.22,207939900
SPY,2011/7/29,128.91,130.55,127.9667,129.33,307042469
SPY,2011/8/1,130.84,130.96,127.53,128.78,325790824
SPY,2011/8/2,127.81,128.5,125.49,125.49,346653757
SPY,2011/8/3,125.66,126.31,123.53,126.17,371029415
SPY,2011/8/4,124.42,124.62,120.06,120.26,520721783
SPY,2011/8/5,121.76,122.07,116.86,120.08,655561584
SPY,2011/8/8,116.91,120.1218,112.02,112.26,702263849
SPY,2011/8/9,114.07,117.64,110.27,117.48,717828611
SPY,2011/8/10,115.26,116.28,111.95,112.29,662607378
SPY,2011/8/11,113.26,118.92,112.317,117.33,487979673
SPY,2011/8/12,118.4,119.215,117.28,118.12,313731600
SPY,2011/8/15,119.19,120.74,119,120.62,258810580
SPY,2011/8/16,119.47,120.69,118.31,119.59,294095199
SPY,2011/8/17,120.25,121.2,118.72,119.67,238201070
SPY,2011/8/18,116.5,119.714,113.39,114.51,512956218
SPY,2011/8/19,112.96,115.88,112.5,112.64,428281241
SPY,2011/8/22,115.17,115.23,112.41,112.73,275090591
SPY,2011/8/23,113.15,116.5665,112.58,116.44,331136599
SPY,2011/8/24,116.19,118.24,115.92,118.08,246869675
SPY,2011/8/25,118.73,119.4,115.87,116.28,312365337
SPY,2011/8/26,115.69,118.51,113.85,117.97,314495833
SPY,2011/8/29,119.56,121.43,118.0569,121.36,190977185
SPY,2011/8/30,120.83,122.43,119.26,121.68,241315666
SPY,2011/8/31,122.46,123.51,121.3,122.22,301828304
SPY,2011/9/1,122.29,123.4,120.78,120.94,254585844
SPY,2011/9/2,118.42,120.8726,117.43,117.85,255517200
SPY,2011/9/6,114.39,117.16,114.38,116.99,285142737
SPY,2011/9/7,118.76,120.34,118.36,120.29,209803113
SPY,2011/9/8,119.57,120.94,118.77,119.04,250568194
SPY,2011/9/9,117.68,119.057,115.28,115.92,380195064
SPY,2011/9/12,114.47,116.76,114.05,116.67,305793438
SPY,2011/9/13,117.05,118.18,116.22,117.74,272514654
SPY,2011/9/14,118.34,120.8,116.72,119.37,319389428
SPY,2011/9/15,120.65,121.47,119.4034,121.43,326777105
SPY,2011/9/16,121.29,121.97,120.32,121.521,284528213
SPY,2011/9/19,119.53,120.93,118.72,120.31,241516921
SPY,2011/9/20,120.82,121.99,120.01,120.17,218932124
SPY,2011/9/21,120.23,120.6,116.44,116.63,316251215
SPY,2011/9/22,113.25,114.21,111.3,112.86,513920097
SPY,2011/9/23,112.11,114.16,112.02,113.54,307242488
SPY,2011/9/26,114.61,116.4,112.98,116.24,260673617
SPY,2011/9/27,118.53,119.56,116.84,117.54,311753819
SPY,2011/9/28,117.78,118.49,114.97,115.145,286696748
SPY,2011/9/29,117.05,117.63,113.93,116.05,298108816
SPY,2011/9/30,114.45,115.45,113.07,113.15,288685511
SPY,2011/10/3,112.49,113.95,109.81,109.93,365136777
SPY,2011/10/4,108.35,112.58,107.43,112.34,459177456
SPY,2011/10/5,112.62,114.72,111.58,114.42,284107995
SPY,2011/10/6,114.36,116.66,113.51,116.49,257800742
SPY,2011/10/7,117.17,117.245,115.06,115.71,312657900
SPY,2011/10/10,117.68,119.63,117.67,119.58,230666207
SPY,2011/10/11,118.87,120.04,118.75,119.7,209087953
SPY,2011/10/12,120.6,122.14,120.33,120.75,281544827
SPY,2011/10/13,120.04,120.87,119.12,120.51,212538802
SPY,2011/10/14,121.91,122.6,121.23,122.57,211397567
SPY,2011/10/17,121.99,122.5492,119.93,120.23,202311559
SPY,2011/10/18,120.14,123.5,119.2,122.58,318857857
SPY,2011/10/19,122.38,123.08,120.71,121.13,226601263
SPY,2011/10/20,121.43,122.1,119.82,121.66,262075598
SPY,2011/10/21,123.09,124.12,122.72,123.97,278999360
SPY,2011/10/24,124.17,125.8,124.06,125.49,203215563
SPY,2011/10/25,124.89,124.95,122.78,123.049,268596749
SPY,2011/10/26,124.35,124.77,122.21,124.3,289053783
SPY,2011/10/27,127.63,129.42,124.3187,128.63,393288897
SPY,2011/10/28,128,128.85,127.8,128.6,225906497
SPY,2011/10/31,127.16,128.6239,125.32,125.5,228146632
SPY,2011/11/1,122.03,123.51,121.52,122.002,416565738
SPY,2011/11/2,123.83,124.4,122.7905,123.99,245529375
SPY,2011/11/3,125.27,126.5,123.595,126.25,280849123
SPY,2011/11/4,125.23,125.7,124.01,125.481,249401512
SPY,2011/11/7,125.39,126.39,124.2,126.26,196617175
SPY,2011/11/8,126.92,128.02,125.71,127.88,224426217
SPY,2011/11/9,124.89,125.8,122.86,123.161,337981970
SPY,2011/11/10,124.79,124.94,123.02,124.32,231866470
SPY,2011/11/11,125.83,126.99,125.79,126.66,189924327
SPY,2011/11/14,126.19,127.45,124.92,125.46,159258229
SPY,2011/11/15,125.17,126.75,124.72,126.083,184709388
SPY,2011/11/16,124.81,126.34,123.9,124.08,235782466
SPY,2011/11/17,123.85,124.16,121.23,122.105,331219799
SPY,2011/11/18,122.5,122.75,121.47,121.979,215580353
SPY,2011/11/21,120.2,120.35,118.65,119.661,229611599
SPY,2011/11/22,119.4,120.1,118.52,119.19,216494841
SPY,2011/11/23,118.07,119.19,116.56,116.56,224531653
SPY,2011/11/25,116.38,117.7,116.2,116.34,99556980
SPY,2011/11/28,119.54,120.18,118.82,119.71,210686012
SPY,2011/11/29,120.05,121,119.61,120.05,199241491
SPY,2011/11/30,123.49,125.22,123.22,124.99,324439457
SPY,2011/12/1,124.85,125.64,124.43,124.97,176954756
SPY,2011/12/2,126.12,126.5,124.78,124.86,221109692
SPY,2011/12/5,126.84,127.18,125.44,126.22,225263845
SPY,2011/12/6,126.21,127.11,125.76,126.26,178842040
SPY,2011/12/7,125.84,127.26,124.97,126.73,237802476
SPY,2011/12/8,125.9,126.18,123.65,123.95,240862724
SPY,2011/12/9,124.51,126.37,124.4,126.05,209111336
SPY,2011/12/12,124.95,124.97,123.16,124.21,215826054
SPY,2011/12/13,124.86,125.57,122.45,123.05,245159708
SPY,2011/12/14,122.56,123.03,121.47,121.74,238618786
SPY,2011/12/15,123.03,123.2,121.99,122.185,199109123
SPY,2011/12/16,122.23,122.95,121.3,121.59,220481303
SPY,2011/12/19,122.06,122.32,120.03,120.29,183902965
SPY,2011/12/20,122.18,124.14,122.17,123.93,225418075
SPY,2011/12/21,123.93,124.36,122.75,124.17,194230879
SPY,2011/12/22,124.63,125.4,124.2324,125.27,119465303
SPY,2011/12/23,125.67,126.43,125.41,126.39,92187159
SPY,2011/12/27,126.17,126.82,126.06,126.49,86075701
SPY,2011/12/28,126.51,126.53,124.73,124.83,119107005
SPY,2011/12/29,125.24,126.25,124.8566,126.12,123507123
SPY,2011/12/30,126.02,126.33,125.5,125.5,95598996
SPY,2012/1/3,127.76,128.38,127.43,127.495,193697825
SPY,2012/1/4,127.2,127.81,126.71,127.7,127186456
SPY,2012/1/5,127.01,128.23,126.43,128.04,173894933
SPY,2012/1/6,128.1999,128.22,127.29,127.71,148049929
SPY,2012/1/9,128,128.18,127.41,128.02,99530109
SPY,2012/1/10,129.39,129.65,128.95,129.13,115281921
SPY,2012/1/11,128.73,129.37,128.52,129.2,111540673
SPY,2012/1/12,129.57,129.7,128.54,129.51,118983646
SPY,2012/1/13,128.64,129.05,127.72,128.84,179836140
SPY,2012/1/17,130.08,130.32,128.8957,129.34,132209191
SPY,2012/1/18,129.31,130.84,129.08,130.77,163395122
SPY,2012/1/19,131.22,131.57,130.8,131.46,126328814
SPY,2012/1/20,131.24,131.95,130.92,131.54,138230146
SPY,2012/1/23,131.51,132.25,130.98,131.61,129295759
SPY,2012/1/24,130.8,131.5,130.6,131.46,103083260
SPY,2012/1/25,131.26,132.87,130.75,132.56,198613161
SPY,2012/1/26,133.15,133.4,131.36,131.88,184880478
SPY,2012/1/27,131.24,132.05,131.15,131.82,135259033
SPY,2012/1/30,130.51,131.44,130.06,131.37,147311730
SPY,2012/1/31,132.02,132.18,130.68,131.32,157211918
SPY,2012/2/1,132.29,133.14,132.13,132.47,166234457
SPY,2012/2/2,132.73,133.02,132.21,132.68,113090345
SPY,2012/2/3,134,134.62,133.77,134.54,160598487
SPY,2012/2/6,133.98,134.5134,133.83,134.45,107694459
SPY,2012/2/7,134.17,135.02,133.64,134.79,135528071
SPY,2012/2/8,134.86,135.22,134.31,135.19,139361385
SPY,2012/2/9,135.41,135.59,134.56,135.36,148602826
SPY,2012/2/10,134.16,134.47,133.84,134.361,167907482
SPY,2012/2/13,135.32,135.52,134.74,135.36,115841819
SPY,2012/2/14,135,135.27,134.25,135.19,165996154
SPY,2012/2/15,135.63,135.83,134.29,134.56,195195094
SPY,2012/2/16,134.57,136.17,134.33,136.049,186567742
SPY,2012/2/17,136.52,136.6275,135.96,136.41,129869401
SPY,2012/2/21,136.73,137.05,136.05,136.47,134042271
SPY,2012/2/22,136.26,136.55,135.79,136.032,124455245
SPY,2012/2/23,135.96,136.73,135.5,136.631,137704236
SPY,2012/2/24,136.93,137.2,136.63,136.93,105539083
SPY,2012/2/27,136.02,137.53,135.8,137.16,145728833
SPY,2012/2/28,137.2,137.72,136.93,137.559,129355808
SPY,2012/2/29,137.76,138.19,136.54,137.02,185934689
SPY,2012/3/1,137.31,137.99,136.9312,137.73,145026117
SPY,2012/3/2,137.64,137.82,137,137.312,120638224
SPY,2012/3/5,137.1,137.2,136.28,136.75,140764992
SPY,2012/3/6,135.35,135.43,134.36,134.75,202129838
SPY,2012/3/7,135.06,135.91,134.93,135.69,143692128
SPY,2012/3/8,136.52,137.32,136.24,137.04,116968812
SPY,2012/3/9,137.3,137.93,137.13,137.57,122836765
SPY,2012/3/12,137.55,137.76,137.09,137.58,104003471
SPY,2012/3/13,138.32,140.13,138.09,140.062,184090417
SPY,2012/3/14,140.1,140.445,139.48,139.91,145163502
SPY,2012/3/15,140.12,140.78,139.76,140.72,165118448
SPY,2012/3/16,140.36,140.48,140,140.3,152893405
SPY,2012/3/19,140.21,141.28,140.11,140.85,125291026
SPY,2012/3/20,140.05,140.61,139.64,140.44,121729639
SPY,2012/3/21,140.52,140.65,139.92,140.21,122388401
SPY,2012/3/22,139.18,139.55,138.74,139.2,135216691
SPY,2012/3/23,139.32,139.81,138.55,139.65,120520956
SPY,2012/3/26,140.65,141.61,140.6,141.61,120163949
SPY,2012/3/27,141.74,141.83,141.08,141.17,119868421
SPY,2012/3/28,141.1,141.32,139.64,140.47,148562025
SPY,2012/3/29,139.64,140.4934,139.09,140.23,164963645
SPY,2012/3/30,140.92,141.05,140.05,140.81,135486715
SPY,2012/4/2,140.64,142.21,140.36,141.84,151741045
SPY,2012/4/3,141.64,141.8826,140.43,141.26,155806609
SPY,2012/4/4,140.22,140.339,139.34,139.86,146895936
SPY,2012/4/5,139.38,140.2,139.26,139.79,137439344
SPY,2012/4/9,138.03,139.8444,137.84,138.22,127555857
SPY,2012/4/10,137.95,138.34,135.76,135.9,235360256
SPY,2012/4/11,137.29,137.54,136.75,137,154132907
SPY,2012/4/12,137.13,138.9,137.03,138.79,154321489
SPY,2012/4/13,138.47,138.8168,137.01,137.14,169246612
SPY,2012/4/16,137.84,138.04,136.58,137.05,147825217
SPY,2012/4/17,137.84,139.36,137.698,139.082,147877575
SPY,2012/4/18,138.46,139.08,138.38,138.61,123884187
SPY,2012/4/19,138.63,139.15,137.07,137.72,198666751
SPY,2012/4/20,138.33,138.83,137.87,137.95,143199560
SPY,2012/4/23,136.54,136.91,135.94,136.79,171844860
SPY,2012/4/24,136.91,137.66,136.8,137.31,137484192
SPY,2012/4/25,138.65,139.25,138.53,139.19,150254995
SPY,2012/4/26,138.89,140.32,138.81,140.16,136292712
SPY,2012/4/27,140.58,140.79,139.8,140.39,123981420
SPY,2012/4/30,140.11,140.21,139.49,139.87,115092198
SPY,2012/5/1,139.79,141.66,139.63,140.74,138837314
SPY,2012/5/2,139.92,140.46,139.46,140.325,121080935
SPY,2012/5/3,140.34,140.45,138.99,139.25,143762703
SPY,2012/5/4,138.515,139.3012,136.92,137,193931300
SPY,2012/5/7,136.51,137.56,136.46,137.1,127765875
SPY,2012/5/8,136.28,136.77,134.92,136.55,213383873
SPY,2012/5/9,135.1,136.61,134.49,135.74,220778190
SPY,2012/5/10,136.68,136.85,135.71,136.02,150600916
SPY,2012/5/11,135.17,136.87,135.11,135.61,153032360
SPY,2012/5/14,134.31,135.6144,133.91,134.11,163909908
SPY,2012/5/15,134.02,134.81,133.13,133.34,207629260
SPY,2012/5/16,133.94,134.55,132.8,132.829,207265560
SPY,2012/5/17,132.86,133.02,130.79,130.86,247992908
SPY,2012/5/18,131.37,131.6,129.55,129.74,319631058
SPY,2012/5/21,130.16,132.02,129.95,131.97,177861071
SPY,2012/5/22,132.31,133.23,131.34,132.2,197531138
SPY,2012/5/23,131.25,132.46,129.99,132.27,204958303
SPY,2012/5/24,132.63,132.84,131.42,132.53,167357599
SPY,2012/5/25,132.48,132.85,131.78,132.1,135465568
SPY,2012/5/29,133.16,133.93,131.17,133.7,152883408
SPY,2012/5/30,132.56,133.6924,131.49,131.76,162370365
SPY,2012/5/31,131.71,132.45,130.34,131.47,196186175
SPY,2012/6/1,129.41,131.5042,128.16,128.16,253244993
SPY,2012/6/4,128.39,128.74,127.135,128.1,202548253
SPY,2012/6/5,127.85,129.26,127.78,129.07,164149384
SPY,2012/6/6,129.97,132.03,129.93,131.97,184202757
SPY,2012/6/7,133.47,133.53,131.78,132.05,184772672
SPY,2012/6/8,131.71,133.125,131.29,133.1,143915630
SPY,2012/6/11,134.17,134.25,131.28,131.415,169756044
SPY,2012/6/12,131.79,133.01,131.16,132.92,181931736
SPY,2012/6/13,132.53,133.36,131.62,132.07,172223884
SPY,2012/6/14,132.34,134,131.98,133.47,230616235
SPY,2012/6/15,133.38,134.26,133.1,134.14,169444421
SPY,2012/6/18,133.58,134.73,133.28,134.4,131365459
SPY,2012/6/19,135.08,136.25,134.3714,135.7,137382532
SPY,2012/6/20,135.71,136.1,134.27,135.48,206466600
SPY,2012/6/21,135.64,135.78,132.33,132.44,205272317
SPY,2012/6/22,133.13,133.71,132.62,133.46,130029174
SPY,2012/6/25,132.05,132.1,130.85,131.32,146375688
SPY,2012/6/26,131.7,132.38,130.93,131.98,141633945
SPY,2012/6/27,132.42,133.43,131.9667,133.173,108087938
SPY,2012/6/28,132.29,132.99,131.28,132.79,169242658
SPY,2012/6/29,135.2,136.27,134.85,136.105,212251060
SPY,2012/7/2,136.48,136.65,135.52,136.51,129524407
SPY,2012/7/3,136.48,137.51,136.34,137.412,80450171
SPY,2012/7/5,136.9,137.8,136.29,136.79,126177419
SPY,2012/7/6,135.47,135.77,134.85,135.49,151192025
SPY,2012/7/9,135.38,135.57,134.7,135.32,103780468
SPY,2012/7/10,136.01,136.23,133.68,134.14,167884796
SPY,2012/7/11,134.21,134.6,133.38,134.16,141734024
SPY,2012/7/12,133.38,134.2269,132.6,133.51,143583154
SPY,2012/7/13,133.86,135.89,133.84,135.75,129644147
SPY,2012/7/16,135.44,135.83,134.9,135.43,97525191
SPY,2012/7/17,135.97,136.64,134.55,136.36,138860218
SPY,2012/7/18,136.04,137.64,135.96,137.37,113349636
SPY,2012/7/19,137.65,138.18,137.21,137.73,129847218
SPY,2012/7/20,136.95,137.16,136.32,136.47,142904464
SPY,2012/7/23,134.47,136.3852,133.84,135.09,145210831
SPY,2012/7/24,135.19,135.25,133.03,133.925,173301102
SPY,2012/7/25,134.21,134.56,133.25,133.96,129122265
SPY,2012/7/26,135.89,136.46,135.26,136.17,156526464
SPY,2012/7/27,136.89,139.07,136.1364,138.675,236768882
SPY,2012/7/30,138.52,139.339,138.27,138.68,106781926
SPY,2012/7/31,138.49,138.87,137.71,137.71,120575835
SPY,2012/8/1,138.7,138.73,137.4,137.59,138293740
SPY,2012/8/2,136.55,137.57,135.58,136.64,199556580
SPY,2012/8/3,138.56,139.64,136.6794,139.349,157824975
SPY,2012/8/6,139.72,140.17,139.56,139.62,86327738
SPY,2012/8/7,140.18,140.92,140.03,140.32,109545089
SPY,2012/8/8,139.85,140.65,139.81,140.49,89754633
SPY,2012/8/9,140.29,140.89,140.15,140.61,90291642
SPY,2012/8/10,140.04,140.89,139.81,140.84,99792622
SPY,2012/8/13,140.6,140.84,140.04,140.77,79426869
SPY,2012/8/14,141.29,141.38,140.37,140.79,102379363
SPY,2012/8/15,140.64,141.19,140.55,140.95,71085811
SPY,2012/8/16,141.15,142.16,140.8,141.99,112014164
SPY,2012/8/17,142.23,142.3,141.86,142.18,90813666
SPY,2012/8/20,141.98,142.22,141.59,142.19,78255657
SPY,2012/8/21,142.54,143.09,141.45,141.76,105581009
SPY,2012/8/22,141.4,142.05,141.07,141.82,133243431
SPY,2012/8/23,141.47,141.48,140.44,140.665,111466361
SPY,2012/8/24,140.31,141.83,140.22,141.51,99481192
SPY,2012/8/27,141.89,142.08,141.34,141.54,68785850
SPY,2012/8/28,141.18,141.84,140.97,141.4,75689536
SPY,2012/8/29,141.52,141.89,141.12,141.51,65421300
SPY,2012/8/30,140.9,140.94,140.19,140.49,96589830
SPY,2012/8/31,141.29,141.82,140.36,141.16,151970364
SPY,2012/9/4,141.04,141.46,140.13,141.03,120226199
SPY,2012/9/5,141.09,141.47,140.63,140.91,100660254
SPY,2012/9/6,141.76,143.78,141.75,143.77,158272434
SPY,2012/9/7,144.01,144.39,143.88,144.33,107272023
SPY,2012/9/10,144.19,144.44,143.46,143.51,86458407
SPY,2012/9/11,143.6,144.37,143.56,143.91,88759995
SPY,2012/9/12,144.39,144.55,143.9,144.39,87640880
SPY,2012/9/13,144.37,147.04,143.99,146.59,225470102
SPY,2012/9/14,146.88,148.11,146.76,147.24,169776992
SPY,2012/9/17,146.94,147.19,146.37,146.74,119427726
SPY,2012/9/18,146.49,146.81,146.25,146.62,98326520
SPY,2012/9/19,146.79,147.17,146.41,146.7,128318257
SPY,2012/9/20,146.03,146.79,145.63,146.71,154009764
SPY,2012/9/21,146.64,146.67,145.81,145.87,108737426
SPY,2012/9/24,145.15,145.98,145.04,145.645,95681978
SPY,2012/9/25,145.96,146.24,144.06,144.1,133165138
SPY,2012/9/26,144.065,144.11,142.95,143.295,146502136
SPY,2012/9/27,143.89,144.97,143.51,144.64,111830276
SPY,2012/9/28,144.09,144.56,143.46,143.97,150696066
SPY,2012/10/1,144.52,145.69,144.0082,144.345,135911137
SPY,2012/10/2,144.92,145.15,143.83,144.5,113422151
SPY,2012/10/3,144.89,145.43,144.13,145.09,121283027
SPY,2012/10/4,145.64,146.34,145.44,146.125,124311599
SPY,2012/10/5,146.91,147.16,145.7,146.14,124842048
SPY,2012/10/8,145.6,146.1231,145.31,145.642,78415562
SPY,2012/10/9,145.53,145.65,144.15,144.2,148872811
SPY,2012/10/10,144.18,144.32,143.09,143.28,124247412
SPY,2012/10/11,144.28,144.49,143.327,143.36,123601455
SPY,2012/10/12,143.46,143.95,142.58,142.89,124181900
SPY,2012/10/15,143.23,144.23,142.77,144.08,107689051
SPY,2012/10/16,144.76,145.64,144.66,145.54,108815410
SPY,2012/10/17,145.64,146.32,145.42,146.2,128834057
SPY,2012/10/18,145.82,146.52,145.33,145.82,148108412
SPY,2012/10/19,145.55,145.56,143.05,143.3896,185645112
SPY,2012/10/22,143.15,143.67,142.28,143.41,125578601
SPY,2012/10/23,141.86,142.06,140.83,141.42,192056293
SPY,2012/10/24,141.93,142.1,140.8,141.02,120179305
SPY,2012/10/25,142.02,142.28,140.57,141.43,134457331
SPY,2012/10/26,141.3,141.84,140.39,141.35,146023428
SPY,2012/10/31,141.85,142.03,140.68,141.35,103438492
SPY,2012/11/1,141.65,143.01,141.52,142.83,100995566
SPY,2012/11/2,143.68,143.72,141.41,141.56,137702120
SPY,2012/11/5,141.35,142.17,140.93,141.8486,98378432
SPY,2012/11/6,142.28,143.52,142.13,142.96,107068091
SPY,2012/11/7,141.66,141.68,139.06,139.72,264304430
SPY,2012/11/8,139.7,140.41,137.93,138.04,181517243
SPY,2012/11/9,137.62,139.44,137.55,138.16,201055214
SPY,2012/11/12,138.59,138.81,137.96,138.265,97677409
SPY,2012/11/13,137.54,139.25,137.36,137.79,123018209
SPY,2012/11/14,138.21,138.43,135.62,135.9299,191504916
SPY,2012/11/15,135.98,136.4901,135.18,135.7,178128354
SPY,2012/11/16,135.9,136.64,134.7,136.37,239483819
SPY,2012/11/19,137.9,139.15,136.4057,139.13,151495731
SPY,2012/11/20,138.91,139.42,138.08,139.19,119807381
SPY,2012/11/21,139.31,139.57,139.03,139.45,81710736
SPY,2012/11/23,140.13,141.4,140.04,141.35,65409145
SPY,2012/11/26,140.65,141.3563,140.19,141.05,100124325
SPY,2012/11/27,140.91,141.39,140.24,140.33,128646177
SPY,2012/11/28,139.76,141.54,139,141.46,177086443
SPY,2012/11/29,141.99,142.51,141.37,142.12,151085880
SPY,2012/11/30,142.14,142.42,141.66,142.155,136568288
SPY,2012/12/3,142.8,142.92,141.34,141.45,124656283
SPY,2012/12/4,141.44,141.87,140.87,141.25,127622507
SPY,2012/12/5,141.37,142.16,140.37,141.5,147300444
SPY,2012/12/6,141.37,142.04,141.16,141.98,103220533
SPY,2012/12/7,142.53,142.69,141.67,142.415,108726325
SPY,2012/12/10,142.21,142.81,142.15,142.473,98840667
SPY,2012/12/11,143.06,144.11,142.99,143.44,152570378
SPY,2012/12/12,144,144.55,143.31,143.51,145880026
SPY,2012/12/13,143.42,143.83,142.275,142.63,135714940
SPY,2012/12/14,142.32,142.58,141.88,142.1051,137701692
SPY,2012/12/17,142.47,143.85,142.43,143.77,143735755
SPY,2012/12/18,144,145.5,143.79,145.37,177762727
SPY,2012/12/19,145.53,145.58,144.24,144.29,150895322
SPY,2012/12/20,144.38,145.14,143.98,145.12,168486930
SPY,2012/12/21,142.17,144.0881,141.94,142.79,245883785
SPY,2012/12/24,142.48,142.56,142.19,142.35,53874548
SPY,2012/12/26,142.64,142.71,141.35,141.75,106947663
SPY,2012/12/27,141.79,142.08,139.92,141.5616,167920546
SPY,2012/12/28,140.64,141.42,139.87,140.03,148806608
SPY,2012/12/31,139.66,142.56,139.54,142.41,243952162
SPY,2013/1/2,145.11,146.15,144.73,146.06,192058911
SPY,2013/1/3,145.99,146.37,145.34,145.7341,144761781
SPY,2013/1/4,145.97,146.61,145.67,146.37,116817675
SPY,2013/1/7,145.85,146.4442,145.43,145.9695,110002444
SPY,2013/1/8,145.71,145.91,144.98,145.5496,121265078
SPY,2013/1/9,145.87,146.32,145.64,145.92,90745581
SPY,2013/1/10,146.73,147.09,145.97,147.08,130735372
SPY,2013/1/11,147.04,147.15,146.61,147.07,113917286
SPY,2013/1/14,146.89,147.07,146.43,146.97,89567104
SPY,2013/1/15,146.29,147.21,146.2,147.07,93172559
SPY,2013/1/16,146.77,147.28,146.61,147.05,104849487
SPY,2013/1/17,147.7,148.42,147.1446,148,133833420
SPY,2013/1/18,147.97,148.49,147.43,148.33,169905915
SPY,2013/1/22,148.33,149.13,147.98,149.13,111797291
SPY,2013/1/23,149.13,149.5,148.86,149.37,104596066
SPY,2013/1/24,149.15,150.14,149.01,149.41,146426315
SPY,2013/1/25,149.88,150.25,149.3726,150.25,147216088
SPY,2013/1/28,150.29,150.33,149.51,150.07,113357611
SPY,2013/1/29,149.77,150.85,149.67,150.66,105694364
SPY,2013/1/30,150.64,150.94,149.93,150.07,137447625
SPY,2013/1/31,149.89,150.38,149.6,149.7,108975801
SPY,2013/2/1,150.65,151.42,150.39,151.24,131172997
SPY,2013/2/4,150.32,151.2679,149.43,149.535,159073559
SPY,2013/2/5,150.35,151.48,150.29,151.05,113912334
SPY,2013/2/6,150.52,151.26,150.41,151.16,138762719
SPY,2013/2/7,151.205,151.35,149.86,150.96,162489974
SPY,2013/2/8,151.22,151.89,151.22,151.8,103133681
SPY,2013/2/11,151.74,151.9,151.3938,151.77,73774925
SPY,2013/2/12,151.78,152.3,151.61,152.02,65392613
SPY,2013/2/13,152.33,152.61,151.72,152.151,82322561
SPY,2013/2/14,151.69,152.47,151.52,152.29,80834206
SPY,2013/2/15,152.43,152.59,151.55,152.11,215226408
SPY,2013/2/19,152.37,153.28,152.1629,153.25,95105396
SPY,2013/2/20,153.14,153.19,151.26,151.34,160574782
SPY,2013/2/21,150.96,151.4218,149.94,150.42,183256921
SPY,2013/2/22,151.15,151.89,150.4913,151.89,106356525
SPY,2013/2/25,152.63,152.86,149,149,245824757
SPY,2013/2/26,149.72,150.2,148.73,150.02,186596178
SPY,2013/2/27,149.89,152.33,149.76,151.91,150781872
SPY,2013/2/28,151.9,152.87,151.41,151.61,126865910
SPY,2013/3/1,151.09,152.34,150.41,152.11,170634729
SPY,2013/3/4,151.76,152.92,151.52,152.92,99010157
SPY,2013/3/5,153.66,154.7,153.64,154.29,121663035
SPY,2013/3/6,154.84,154.92,154.16,154.5,94469849
SPY,2013/3/7,154.7,154.98,154.52,154.776,86101309
SPY,2013/3/8,155.46,155.65,154.66,155.44,123487628
SPY,2013/3/11,155.325,156.04,155.13,156.03,83746703
SPY,2013/3/12,155.92,156.1,155.21,155.68,105755706
SPY,2013/3/13,155.76,156.12,155.23,155.905,92550856
SPY,2013/3/14,156.31,156.8,155.9078,156.73,126329853
SPY,2013/3/15,155.85,156.04,155.31,155.83,138601089
SPY,2013/3/18,154.34,155.64,154.2,154.97,126704266
SPY,2013/3/19,155.3,155.51,153.59,154.61,167567263
SPY,2013/3/20,155.52,155.95,155.26,155.69,113759222
SPY,2013/3/21,154.76,155.6389,154.1,154.359,128604916
SPY,2013/3/22,154.85,155.6,154.73,155.6,111163530
SPY,2013/3/25,156.01,156.27,154.35,154.95,151322280
SPY,2013/3/26,155.59,156.23,155.42,156.19,86856545
SPY,2013/3/27,155.26,156.245,155,156.19,99950532
SPY,2013/3/28,156.09,156.85,155.75,156.67,102932783
SPY,2013/4/1,156.59,156.91,155.67,156.05,99194043
SPY,2013/4/2,156.61,157.21,156.37,156.82,101504286
SPY,2013/4/3,156.91,157.03,154.82,155.23,154167332
SPY,2013/4/4,155.43,156.17,155.09,155.86,131884920
SPY,2013/4/5,153.95,155.35,153.77,155.158,159665917
SPY,2013/4/8,155.27,156.22,154.75,156.21,86571104
SPY,2013/4/9,156.5,157.32,155.98,156.75,101922102
SPY,2013/4/10,157.17,158.87,157.13,158.67,135711015
SPY,2013/4/11,158.7,159.71,158.54,159.19,110142479
SPY,2013/4/12,158.68,159.04,157.92,158.8,116359817
SPY,2013/4/15,158,158.13,155.1,155.118,217258928
SPY,2013/4/16,156.29,157.49,155.91,157.41,147507796
SPY,2013/4/17,156.29,156.32,154.28,155.11,226834743
SPY,2013/4/18,155.37,155.41,153.55,154.14,167583106
SPY,2013/4/19,154.5,155.55,154.12,155.48,149687552
SPY,2013/4/22,155.78,156.54,154.75,156.17,106553422
SPY,2013/4/23,156.95,157.93,156.17,157.78,166141269
SPY,2013/4/24,157.83,158.3,157.54,157.88,96781189
SPY,2013/4/25,158.34,159.27,158.1,158.52,131060567
SPY,2013/4/26,158.33,158.6,157.73,158.24,95918776
SPY,2013/4/29,158.67,159.65,158.42,159.3,88572702
SPY,2013/4/30,159.27,159.72,158.61,159.68,116010614
SPY,2013/5/1,159.33,159.41,158.1,158.28,138874120
SPY,2013/5/2,158.68,159.89,158.53,159.75,96407564
SPY,2013/5/3,161.14,161.88,159.782,161.368,144202220
SPY,2013/5/6,161.49,162.01,161.42,161.78,66882091
SPY,2013/5/7,162.13,162.65,161.67,162.5999,90359178
SPY,2013/5/8,162.42,163.39,162.33,163.34,97419172
SPY,2013/5/9,163.27,163.7,162.47,162.881,106738550
SPY,2013/5/10,162.99,163.5498,162.51,163.41,103202902
SPY,2013/5/13,163.2,163.81,162.82,163.54,81843160
SPY,2013/5/14,163.67,165.35,163.67,165.23,119000837
SPY,2013/5/15,164.96,166.45,164.91,166.115,120718433
SPY,2013/5/16,165.78,166.36,165.09,165.34,109913544
SPY,2013/5/17,165.95,167.04,165.73,166.94,129801000
SPY,2013/5/20,166.78,167.58,166.61,166.93,85071182
SPY,2013/5/21,167.08,167.8,166.5,167.17,95804190
SPY,2013/5/22,167.34,169.07,165.17,165.93,244031724
SPY,2013/5/23,164.16,165.91,163.94,165.45,211064320
SPY,2013/5/24,164.47,165.3805,163.98,165.308,151573867
SPY,2013/5/28,167.04,167.78,165.81,166.3,143679738
SPY,2013/5/29,165.42,165.8,164.34,165.22,160363334
SPY,2013/5/30,165.35,166.59,165.22,165.83,107793730
SPY,2013/5/31,165.37,166.31,163.13,163.445,176850020
SPY,2013/6/3,163.83,164.46,162.6599,164.35,168390676
SPY,2013/6/4,164.44,165.1,162.73,163.56,157631425
SPY,2013/6/5,163.09,163.42,161.13,161.272,211737712
SPY,2013/6/6,161.2,162.74,160.25,162.73,200225418
SPY,2013/6/7,163.85,164.95,163.14,164.8,188337725
SPY,2013/6/10,165.31,165.4,164.37,164.8,105667060
SPY,2013/6/11,163.3,164.54,162.739,163.098,159505378
SPY,2013/6/12,164.22,164.39,161.6,161.75,177363530
SPY,2013/6/13,161.66,164.5,161.3,164.21,163587777
SPY,2013/6/14,164.03,164.67,162.91,163.175,141197468
SPY,2013/6/17,164.29,165.22,163.2192,164.44,136295578
SPY,2013/6/18,164.53,165.99,164.52,165.735,114695519
SPY,2013/6/19,165.6,165.89,163.38,163.45,206149463
SPY,2013/6/20,161.86,163.4668,158.98,159.4,321255850
SPY,2013/6/21,159.64,159.76,157.47,159.07,271956728
SPY,2013/6/24,157.41,158.43,155.73,157.06,222334758
SPY,2013/6/25,158.48,160.1,157.42,158.575,162262138
SPY,2013/6/26,159.87,160.5,159.25,160.14,134847909
SPY,2013/6/27,161.1,161.82,160.95,161.08,129483673
SPY,2013/6/28,160.63,161.4,159.86,160.42,160402823
SPY,2013/7/1,161.26,162.48,161.08,161.36,131954792
SPY,2013/7/2,161.12,162.3,160.5,161.21,154863617
SPY,2013/7/3,160.48,161.77,160.22,161.28,75216341
SPY,2013/7/5,162.47,163.08,161.3,163.02,122416847
SPY,2013/7/8,163.86,164.39,163.0838,163.945,108092440
SPY,2013/7/9,164.98,165.33,164.27,165.13,119297903
SPY,2013/7/10,164.97,165.75,164.63,165.192,121410362
SPY,2013/7/11,167.11,167.61,165.1774,167.44,135592163
SPY,2013/7/12,167.39,167.9332,167.13,167.51,104212650
SPY,2013/7/15,167.97,168.39,167.68,168.155,69450551
SPY,2013/7/16,168.26,168.36,167.07,167.525,88702093
SPY,2013/7/17,168.16,168.48,167.73,167.9501,92873880
SPY,2013/7/18,168.31,169.27,168.2,168.87,103620266
SPY,2013/7/19,168.52,169.23,168.31,169.17,103831633
SPY,2013/7/22,169.41,169.74,169.01,169.5,79428559
SPY,2013/7/23,169.8,169.83,169.05,169.14,80829656
SPY,2013/7/24,169.79,169.86,168.18,168.52,112913979
SPY,2013/7/25,168.22,169.08,167.94,168.93,111156540
SPY,2013/7/26,168.22,169.16,167.52,169.11,107814531
SPY,2013/7/29,168.68,169.06,168.11,168.59,79845115
SPY,2013/7/30,169.1,169.28,168.19,168.588,85216968
SPY,2013/7/31,168.94,169.85,168.49,168.71,142388621
SPY,2013/8/1,169.99,170.81,169.9,170.66,110438393
SPY,2013/8/2,170.28,170.9725,170.05,170.95,91116603
SPY,2013/8/5,170.57,170.96,170.35,170.7,54072643
SPY,2013/8/6,170.37,170.7402,169.35,169.73,87494967
SPY,2013/8/7,169.19,169.43,168.55,169.18,84854618
SPY,2013/8/8,169.98,170.18,168.93,169.8,102181229
SPY,2013/8/9,169.58,170.1,168.72,169.31,91856453
SPY,2013/8/12,168.46,169.31,168.38,169.111,68593204
SPY,2013/8/13,169.41,169.9,168.41,169.61,80806030
SPY,2013/8/14,169.53,169.8,168.7,168.74,79829169
SPY,2013/8/15,167.41,167.43,166.09,166.38,152931740
SPY,2013/8/16,166.06,166.63,165.5,165.83,130868145
SPY,2013/8/19,165.64,166.21,164.76,164.77,96437569
SPY,2013/8/20,165.04,166.2,164.86,165.58,89294374
SPY,2013/8/21,165.12,166.03,164.19,164.56,159530482
SPY,2013/8/22,164.9,166.3,164.89,166.06,101471352
SPY,2013/8/23,166.55,166.83,165.77,166.62,90893581
SPY,2013/8/26,166.79,167.3,165.89,166,89705051
SPY,2013/8/27,164.36,166.0024,163.21,163.33,158621736
SPY,2013/8/28,163.26,164.49,163.05,163.91,108112952
SPY,2013/8/29,163.55,165.04,163.4,164.17,119200461
SPY,2013/8/30,164.51,164.53,163.17,163.65,134928918
SPY,2013/9/3,165.23,165.58,163.7,164.39,142375036
SPY,2013/9/4,164.43,166.03,164.135,165.75,97389357
SPY,2013/9/5,165.85,166.4,165.73,165.96,63090428
SPY,2013/9/6,166.51,166.98,164.48,166.04,159756439
SPY,2013/9/9,166.45,167.73,166.45,167.634,87559246
SPY,2013/9/10,168.64,168.9,168.26,168.87,105847733
SPY,2013/9/11,168.64,169.4,168.35,169.4,94545837
SPY,2013/9/12,169.34,169.56,168.72,168.95,83208998
SPY,2013/9/13,169.13,169.46,168.74,169.33,72727764
SPY,2013/9/16,171.16,171.24,170.04,170.31,126187482
SPY,2013/9/17,170.46,171.11,170.46,171.07,82523205
SPY,2013/9/18,171.01,173.52,170.58,173.051,203460601
SPY,2013/9/19,173.52,173.6,172.585,172.76,146616842
SPY,2013/9/20,172.33,172.33,170.58,170.72,132867912
SPY,2013/9/23,170.49,170.65,169.39,169.93,104616418
SPY,2013/9/24,169.9,170.53,169.21,169.53,106333010
SPY,2013/9/25,169.64,169.98,168.89,169.04,117306473
SPY,2013/9/26,169.32,170.17,169.05,169.69,77146878
SPY,2013/9/27,168.84,169.14,168.47,168.909,99141710
SPY,2013/9/30,167.48,168.54,167.15,168.01,143937398
SPY,2013/10/1,168.14,169.5,167.9671,169.34,127160442
SPY,2013/10/2,168.35,169.3422,167.83,169.18,113349748
SPY,2013/10/3,168.79,168.94,166.84,167.62,176698430
SPY,2013/10/4,167.75,169.06,167.53,168.89,96878377
SPY,2013/10/7,167.42,168.45,167.25,167.43,96295115
SPY,2013/10/8,167.4,167.62,165.36,165.48,178014932
SPY,2013/10/9,165.8,166.2,164.53,165.6,168972837
SPY,2013/10/10,167.29,169.26,167.23,169.17,195954729
SPY,2013/10/11,168.91,170.32,168.77,170.26,105039740
SPY,2013/10/14,169.21,171.08,169.08,170.94,112106394
SPY,2013/10/15,170.51,171.15,169.47,169.7,155484509
SPY,2013/10/16,170.72,172.16,170.635,172.07,161676079
SPY,2013/10/17,171.37,173.32,171.34,173.22,129389185
SPY,2013/10/18,173.86,174.51,173.51,174.388,138315691
SPY,2013/10/21,174.45,174.75,174.01,174.4,104103543
SPY,2013/10/22,174.91,175.93,174.4262,175.41,126663233
SPY,2013/10/23,174.81,174.89,173.96,174.57,105484397
SPY,2013/10/24,174.92,175.37,174.51,175.15,70350456
SPY,2013/10/25,175.51,176,175.17,175.95,93625090
SPY,2013/10/28,175.89,176.47,175.7,176.23,84979018
SPY,2013/10/29,176.63,177.24,176.38,177.17,87401344
SPY,2013/10/30,177.38,177.51,175.66,176.29,140001834
SPY,2013/10/31,176.15,176.89,175.53,175.79,133795417
SPY,2013/11/1,176.02,176.61,175.22,176.21,142805050
SPY,2013/11/4,176.69,176.9,175.9825,176.83,85676773
SPY,2013/11/5,176.14,176.75,175.57,176.27,85824778
SPY,2013/11/6,177.03,177.5,176.54,177.17,87347728
SPY,2013/11/7,177.5,177.64,174.76,174.93,157000422
SPY,2013/11/8,174.87,177.31,174.85,177.29,136712623
SPY,2013/11/11,177.12,177.53,176.91,177.32,62614326
SPY,2013/11/12,176.94,177.36,176.37,176.96,83989617
SPY,2013/11/13,176.09,178.4261,176.09,178.38,103844266
SPY,2013/11/14,178.54,179.42,178.25,179.27,103435238
SPY,2013/11/15,179.56,180.12,179.33,180.05,102818190
SPY,2013/11/18,180.35,180.5,179.02,179.42,104796009
SPY,2013/11/19,179.33,179.87,178.72,179.03,93891416
SPY,2013/11/20,179.39,179.93,177.98,178.47,124908601
SPY,2013/11/21,178.97,180.05,178.86,179.91,92841271
SPY,2013/11/22,179.98,180.83,179.77,180.81,81295887
SPY,2013/11/25,181.13,181.17,180.37,180.63,79196692
SPY,2013/11/26,180.72,181.22,180.405,180.68,86993560
SPY,2013/11/27,180.87,181.24,180.65,181.12,58800056
SPY,2013/11/29,181.32,181.75,180.8,181,55870903
SPY,2013/12/2,181.09,181.43,180.25,180.53,99725781
SPY,2013/12/3,179.94,180.39,179.17,179.75,116563302
SPY,2013/12/4,179.1,180.48,178.35,179.73,123032637
SPY,2013/12/5,179.41,179.74,178.7701,178.94,106934067
SPY,2013/12/6,180.67,181.11,180.15,180.94,127727518
SPY,2013/12/9,181.47,181.67,181.16,181.4,70123608
SPY,2013/12/10,180.98,181.36,180.635,180.75,80976207
SPY,2013/12/11,180.81,180.85,178.5,178.72,130590810
SPY,2013/12/12,178.64,178.86,177.76,178.13,115564840
SPY,2013/12/13,178.5,178.66,177.77,178.11,107807610
SPY,2013/12/16,178.95,179.81,178.9,179.216,96194790
SPY,2013/12/17,179.36,179.41,178.25,178.65,89886224
SPY,2013/12/18,178.92,181.73,177.32,181.7,234906482
SPY,2013/12/19,181.19,181.7,180.71,181.49,136298872
SPY,2013/12/20,180.67,181.99,180.5683,181.56,197086908
SPY,2013/12/23,182.41,182.64,182.065,182.53,85597541
SPY,2013/12/24,182.54,183.01,182.53,182.93,45368841
SPY,2013/12/26,183.34,183.96,183.32,183.855,63365227
SPY,2013/12/27,184.1,184.18,183.66,183.845,61813841
SPY,2013/12/30,183.87,184.02,183.58,183.82,56857458
SPY,2013/12/31,184.07,184.69,183.93,184.69,86247638
SPY,2014/1/2,183.98,184.07,182.48,182.92,119636836
SPY,2014/1/3,183.21,183.6,182.63,182.885,81390502
SPY,2014/1/6,183.47,183.56,182.08,182.36,108028139
SPY,2014/1/7,183.09,183.79,182.95,183.48,86144169
SPY,2014/1/8,183.45,183.83,182.89,183.52,96582234
SPY,2014/1/9,184.1,184.13,182.795,183.64,90683302
SPY,2014/1/10,183.95,184.22,183.01,184.14,102026318
SPY,2014/1/13,183.71,184.18,181.34,181.685,149891938
SPY,2014/1/14,182.28,183.77,181.95,183.67,105016055
SPY,2014/1/15,184.1,184.94,183.7102,184.66,98525721
SPY,2014/1/16,184.28,184.6618,183.83,184.42,72290520
SPY,2014/1/17,184.1,184.45,183.32,183.635,107848616
SPY,2014/1/21,184.7,184.77,183.05,184.18,88621138
SPY,2014/1/22,184.49,184.57,183.91,184.3,61270816
SPY,2014/1/23,183.36,183.4,181.82,182.79,132496880
SPY,2014/1/24,181.6,181.66,178.83,178.89,208677093
SPY,2014/1/27,179.06,179.52,177.12,178.01,180843004
SPY,2014/1/28,178.14,179.3,178.12,179.07,110463152
SPY,2014/1/29,177.56,178.55,176.88,177.35,216597269
SPY,2014/1/30,178.86,179.81,178.26,179.23,118938051
SPY,2014/1/31,177.02,179.29,176.92,178.18,194677861
SPY,2014/2/3,177.95,178.37,173.83,174.17,254837004
SPY,2014/2/4,174.95,175.84,174.1055,175.385,165012351
SPY,2014/2/5,174.79,175.56,173.71,175.17,164230470
SPY,2014/2/6,175.58,177.48,175.2209,177.48,132877526
SPY,2014/2/7,178.31,179.87,177.73,179.68,170787197
SPY,2014/2/10,179.7,180.07,179.21,180.01,92218729
SPY,2014/2/11,180.16,182.439,180.0389,181.98,117814009
SPY,2014/2/12,182.22,182.83,181.705,182.07,94717638
SPY,2014/2/13,180.84,183.2,180.83,183.01,100542155
SPY,2014/2/14,182.84,184.36,182.67,184.02,96498305
SPY,2014/2/18,184.19,184.49,183.65,184.24,80460878
SPY,2014/2/19,183.76,184.95,182.87,183.02,126524261
SPY,2014/2/20,183.27,184.52,182.6,184.1,104998099
SPY,2014/2/21,184.49,184.89,183.8,183.89,118116359
SPY,2014/2/24,184.28,186.15,184.2,184.91,114063868
SPY,2014/2/25,185.03,185.59,184.23,184.84,117084901
SPY,2014/2/26,185.11,185.6,184.33,184.85,98677144
SPY,2014/2/27,184.59,185.87,184.37,185.82,93880780
SPY,2014/2/28,185.79,187.15,185.05,186.29,150842000
SPY,2014/3/3,184.69,185.45,183.75,184.98,167748455
SPY,2014/3/4,186.75,187.98,186.75,187.58,167545852
SPY,2014/3/5,187.72,188.07,187.45,187.75,88376859
SPY,2014/3/6,188.21,188.61,187.7796,188.18,82516500
SPY,2014/3/7,188.87,188.96,187.43,188.26,114513432
SPY,2014/3/10,187.94,188.23,187.08,188.16,74939176
SPY,2014/3/11,188.44,188.71,186.8,187.23,99009013
SPY,2014/3/12,186.32,187.35,185.9,187.28,104824323
SPY,2014/3/13,187.84,187.99,184.66,185.18,155014237
SPY,2014/3/14,184.8,185.8,184.44,184.66,153919598
SPY,2014/3/17,185.59,186.77,185.51,186.33,98359454
SPY,2014/3/18,186.71,187.91,186.51,187.66,101804519
SPY,2014/3/19,187.7,187.94,185.47,186.66,176267253
SPY,2014/3/20,186.25,187.89,185.92,187.747,117240972
SPY,2014/3/21,187.72,189.0239,186.03,186.2,163127905
SPY,2014/3/24,186.82,187.07,184.62,185.43,121411145
SPY,2014/3/25,186.37,186.94,185.27,186.31,103851737
SPY,2014/3/26,187.03,187.34,184.92,184.97,119842897
SPY,2014/3/27,184.77,185.34,183.9,184.58,142382757
SPY,2014/3/28,185.105,186.42,185,185.49,101641547
SPY,2014/3/31,186.65,187.3,185.5216,187.01,99744911
SPY,2014/4/1,187.62,188.36,187.0015,188.25,89193125
SPY,2014/4/2,188.5,189.13,188.14,188.88,78773818
SPY,2014/4/3,189.17,189.22,188.05,188.63,77435320
SPY,2014/4/4,189.64,189.7,186.1,186.4,169380705
SPY,2014/4/7,185.9,186.26,183.96,184.34,140802699
SPY,2014/4/8,184.21,185.4,183.59,185.1,112659755
SPY,2014/4/9,185.6,187.15,185.06,187.09,100253612
SPY,2014/4/10,187.09,187.17,182.93,183.155,172959331
SPY,2014/4/11,182.17,183.42,181.31,181.51,167250792
SPY,2014/4/14,182.93,183.37,181.44,182.9401,132381601
SPY,2014/4/15,183.32,184.33,181.51,184.2,157092533
SPY,2014/4/16,185.47,186.14,184.65,186.125,105196633
SPY,2014/4/17,185.88,186.91,185.56,186.39,105254649
SPY,2014/4/21,186.44,187.1,186.21,187.04,68329343
SPY,2014/4/22,187.23,188.4,187.13,187.89,85790307
SPY,2014/4/23,187.81,187.92,187.3,187.45,73869384
SPY,2014/4/24,188.37,188.39,186.93,187.83,88169916
SPY,2014/4/25,187.21,187.33,185.87,186.29,100380205
SPY,2014/4/28,187.05,187.69,184.96,186.875,135121094
SPY,2014/4/29,187.48,188.04,187.08,187.75,84097551
SPY,2014/4/30,187.44,188.5,187.18,188.31,101507717
SPY,2014/5/1,188.22,188.84,187.73,188.325,93019095
SPY,2014/5/2,188.31,189.14,187.78,188.06,98121662
SPY,2014/5/5,187.14,188.55,186.62,188.42,75882739
SPY,2014/5/6,188,188.13,186.74,186.78,85454226
SPY,2014/5/7,187.43,187.97,186.01,187.88,106500480
SPY,2014/5/8,187.67,189.05,187.08,187.675,93617513
SPY,2014/5/9,187.69,188.04,186.83,187.96,83678568
SPY,2014/5/12,188.76,189.88,188.75,189.785,86940045
SPY,2014/5/13,190.03,190.42,189.77,189.96,66453965
SPY,2014/5/14,189.79,189.88,188.79,189.06,72366848
SPY,2014/5/15,188.67,188.72,186.48,187.4,154956399
SPY,2014/5/16,187.51,188.13,186.72,188.05,97457678
SPY,2014/5/19,187.69,188.89,187.52,188.74,63839398
SPY,2014/5/20,188.645,188.67,187.07,187.55,111644478
SPY,2014/5/21,188.1,189.22,188.06,189.13,89093285
SPY,2014/5/22,189.18,189.98,188.86,189.59,61549345
SPY,2014/5/23,189.75,190.48,189.5858,190.35,60156088
SPY,2014/5/27,191.05,191.58,190.95,191.52,72010355
SPY,2014/5/28,191.52,191.82,191.06,191.38,66722865
SPY,2014/5/29,191.82,192.4,191.33,192.37,64376573
SPY,2014/5/30,192.19,192.8,192.03,192.68,76315640
SPY,2014/6/2,192.95,192.99,191.97,192.895,64655648
SPY,2014/6/3,192.4,192.9,192.25,192.8,65047193
SPY,2014/6/4,192.47,193.3,192.265,193.19,55529372
SPY,2014/6/5,193.41,194.65,192.7,194.45,92102592
SPY,2014/6/6,194.87,195.43,194.78,195.375,78696219
SPY,2014/6/9,195.35,196.05,195.17,195.58,65118828
SPY,2014/6/10,195.33,195.64,194.92,195.6,57129440
SPY,2014/6/11,194.9,195.12,194.48,194.92,68772479
SPY,2014/6/12,194.65,194.8,193.11,193.54,106350200
SPY,2014/6/13,193.9,194.32,193.3,194.13,82017278
SPY,2014/6/16,193.89,194.7,193.66,194.29,87424332
SPY,2014/6/17,194.02,194.97,193.81,194.83,84833876
SPY,2014/6/18,194.83,196.37,194.4,196.255,105266767
SPY,2014/6/19,196.43,196.6,195.8,196.48,85928920
SPY,2014/6/20,196.03,196.1039,195.7,195.94,100587108
SPY,2014/6/23,195.97,196.05,195.52,195.88,70611486
SPY,2014/6/24,195.53,196.5,194.48,194.7,96236917
SPY,2014/6/25,194.25,195.781,194.25,195.58,82781912
SPY,2014/6/26,195.61,195.63,194.13,195.44,84311822
SPY,2014/6/27,194.98,195.88,194.885,195.82,71453616
SPY,2014/6/30,195.7,196.165,195.53,195.72,70504228
SPY,2014/7/1,196.19,197.63,196.13,197.03,90470121
SPY,2014/7/2,197.05,197.48,196.96,197.23,52474832
SPY,2014/7/3,197.79,198.29,197.64,198.2,52938832
SPY,2014/7/7,197.82,197.98,197.22,197.51,61696447
SPY,2014/7/8,197.15,197.22,195.76,196.24,108142552
SPY,2014/7/9,196.73,197.295,196.31,197.12,72992322
SPY,2014/7/10,195.22,196.86,195.06,196.34,99040407
SPY,2014/7/11,196.22,196.75,195.78,196.61,64243410
SPY,2014/7/14,197.61,197.86,197.44,197.6,58657919
SPY,2014/7/15,197.72,198.1,196.36,197.23,111346230
SPY,2014/7/16,198.11,198.26,197.42,197.96,80073242
SPY,2014/7/17,197.35,198.1,195.43,195.71,145398459
SPY,2014/7/18,196.35,197.91,196.24,197.7099,124330419
SPY,2014/7/21,197.09,197.5,196.43,197.34,67591618
SPY,2014/7/22,198.01,198.56,197.87,198.2,67677602
SPY,2014/7/23,198.495,198.85,198.1,198.64,65611830
SPY,2014/7/24,198.83,199.06,198.45,198.65,56888093
SPY,2014/7/25,198.09,198.26,197.33,197.72,76837257
SPY,2014/7/28,197.76,198.09,196.62,197.8,69258785
SPY,2014/7/29,198.17,198.45,196.92,196.95,80466351
SPY,2014/7/30,197.65,197.91,196.16,196.98,104222452
SPY,2014/7/31,195.61,195.78,192.97,193.09,183479441
SPY,2014/8/1,192.56,193.76,191.57,192.5,189260864
SPY,2014/8/4,192.87,194.3,192.05,193.89,91340487
SPY,2014/8/5,193.1,193.6,191.31,192.01,152690379
SPY,2014/8/6,191.11,192.89,191.08,192.07,94818317
SPY,2014/8/7,192.935,193.13,190.55,191.03,135733421
SPY,2014/8/8,191.46,193.37,190.95,193.24,117014384
SPY,2014/8/11,193.965,194.66,193.71,193.795,74543691
SPY,2014/8/12,193.61,194.15,192.94,193.53,73631640
SPY,2014/8/13,194.29,195.06,193.96,194.84,69046544
SPY,2014/8/14,195.16,195.76,194.98,195.76,57370793
SPY,2014/8/15,196.47,196.65,194.31,195.72,139950669
SPY,2014/8/18,196.8,197.45,196.69,197.36,75424360
SPY,2014/8/19,197.84,198.54,197.4426,198.39,59134709
SPY,2014/8/20,198.12,199.16,198.08,198.92,72762541
SPY,2014/8/21,199.09,199.76,198.93,199.5,67790690
SPY,2014/8/22,199.34,199.69,198.74,199.19,76107359
SPY,2014/8/25,200.14,200.5949,199.1502,200.2,63855022
SPY,2014/8/26,200.33,200.82,200.28,200.33,47298324
SPY,2014/8/27,200.43,200.57,199.94,200.25,47873708
SPY,2014/8/28,199.59,200.27,199.39,200.14,58330373
SPY,2014/8/29,200.45,200.73,199.82,200.71,65906598
SPY,2014/9/2,200.97,200.995,199.86,200.61,72425793
SPY,2014/9/3,201.38,201.41,200.22,200.5,57461742
SPY,2014/9/4,200.84,201.58,199.66,200.2101,85236442
SPY,2014/9/5,200.17,201.19,199.41,201.11,102176784
SPY,2014/9/8,200.92,201.21,200,200.59,64145745
SPY,2014/9/9,200.41,200.55,198.91,199.32,88590876
SPY,2014/9/10,199.43,200.2,198.77,200.07,67251103
SPY,2014/9/11,199.27,200.33,199.12,200.3,66823558
SPY,2014/9/12,200.1,200.12,198.56,199.13,117478516
SPY,2014/9/15,199.16,199.32,198.38,198.981,76401421
SPY,2014/9/16,198.61,200.84,198.5,200.48,116200722
SPY,2014/9/17,200.77,201.68,199.75,200.75,151265896
SPY,2014/9/18,201.36,201.85,201.1,201.82,94990300
SPY,2014/9/19,201.52,201.899,200.29,200.7,121649147
SPY,2014/9/22,200.35,200.38,198.73,199.15,125552758
SPY,2014/9/23,198.43,199.26,197.95,198.01,111393319
SPY,2014/9/24,198.04,199.69,197.52,199.56,107275635
SPY,2014/9/25,199.04,199.05,196.27,196.34,150300028
SPY,2014/9/26,196.7,198.39,196.42,197.9,103546740
SPY,2014/9/29,196.2,197.89,196.05,197.54,95111605
SPY,2014/9/30,197.69,198.3,196.61,197.02,131302082
SPY,2014/10/1,196.7,196.77,193.91,194.35,177797862
SPY,2014/10/2,194.18,195.055,192.35,194.38,157285182
SPY,2014/10/3,195.68,196.94,195.08,196.52,121568769
SPY,2014/10/6,197.34,197.6,195.582,196.29,104778335
SPY,2014/10/7,195.28,195.72,193.22,193.26,147913498
SPY,2014/10/8,193.37,196.92,192.36,196.64,186461453
SPY,2014/10/9,196.33,196.6,192.58,192.74,210704601
SPY,2014/10/10,192.69,193.65,190.49,190.54,221908954
SPY,2014/10/13,190.46,191.15,187.3,187.4099,230938833
SPY,2014/10/14,188.42,189.82,187.04,187.7,215846527
SPY,2014/10/15,185.16,187.694,181.92,186.43,380714598
SPY,2014/10/16,183.06,187.58,182.89,186.27,270391488
SPY,2014/10/17,188.42,189.75,187.62,188.47,214624921
SPY,2014/10/20,188.13,190.45,188.07,190.3,130010813
SPY,2014/10/21,191.68,194.2,191.48,194.07,154948579
SPY,2014/10/22,194.41,194.91,192.61,192.69,151822409
SPY,2014/10/23,194.62,196.2,194.26,194.93,154944169
SPY,2014/10/24,195.25,196.49,194.49,196.43,117927286
SPY,2014/10/27,195.73,196.45,195.03,196.16,82953689
SPY,2014/10/28,196.82,198.42,196.73,198.41,106735936
SPY,2014/10/29,198.55,199.12,196.8,198.11,142557417
SPY,2014/10/30,197.58,199.95,197.4,199.38,113329976
SPY,2014/10/31,201.78,201.82,200.77,201.66,146902554
SPY,2014/11/3,201.92,202.45,201.305,201.77,93734143
SPY,2014/11/4,201.23,201.6,200.06,201.07,93342777
SPY,2014/11/5,202.54,202.59,201.45,202.34,91708574
SPY,2014/11/6,202.39,203.26,201.64,203.15,107089076
SPY,2014/11/7,203.17,203.5999,202.61,203.34,89539712
SPY,2014/11/10,203.38,204.04,203.13,203.98,66318964
SPY,2014/11/11,204.055,204.31,203.65,204.175,54499375
SPY,2014/11/12,203.35,204.24,203.31,203.96,90120295
SPY,2014/11/13,204.16,204.83,203.21,204.19,85357918
SPY,2014/11/14,204.1,204.49,203.72,204.24,80417514
SPY,2014/11/17,203.85,204.58,203.65,204.37,80440954
SPY,2014/11/18,204.44,205.92,204.44,205.55,76068107
SPY,2014/11/19,205.31,205.55,204.3,205.22,82373009
SPY,2014/11/20,204.26,205.71,204.18,205.58,72840326
SPY,2014/11/21,207.64,207.8445,205.98,206.68,142327285
SPY,2014/11/24,207.17,207.39,206.91,207.26,65880759
SPY,2014/11/25,207.54,207.79,206.8,207.11,79108301
SPY,2014/11/26,207.29,207.76,207.03,207.64,62167832
SPY,2014/11/28,207.49,207.87,206.91,207.2,57890088
SPY,2014/12/1,206.4,206.54,205.38,205.76,103968354
SPY,2014/12/2,205.81,207.34,205.782,207.085,74507192
SPY,2014/12/3,207.3,208.15,207.1,207.89,68951968
SPY,2014/12/4,207.54,208.265,206.7,207.66,91316591
SPY,2014/12/5,207.87,208.47,207.55,208,91025470
SPY,2014/12/8,207.52,208.12,205.93,206.61,108588152
SPY,2014/12/9,204.37,206.6,203.91,206.47,125180054
SPY,2014/12/10,205.91,205.98,202.93,203.1601,159856394
SPY,2014/12/11,203.88,206.19,203.71,204.19,159012805
SPY,2014/12/12,202.64,203.819,200.85,200.89,202330191
SPY,2014/12/15,201.98,202.53,198.78,199.51,189965750
SPY,2014/12/16,198.58,202.395,197.86,197.91,259543848
SPY,2014/12/17,198.44,202.34,198.29,201.79,253910092
SPY,2014/12/18,204.74,212.97,203.92,206.78,257633887
SPY,2014/12/19,206.43,207.33,205.6109,206.52,245084590
SPY,2014/12/22,206.75,207.47,206.46,207.47,148318934
SPY,2014/12/23,208.17,208.23,207.3991,207.75,122167931
SPY,2014/12/24,208.02,208.34,207.72,207.77,42963399
SPY,2014/12/26,208.31,208.85,208.25,208.44,57326703
SPY,2014/12/29,208.22,208.97,208.14,208.72,79643948
SPY,2014/12/30,208.21,208.37,207.51,207.6,73540761
SPY,2014/12/31,207.99,208.19,205.39,205.54,130333829
SPY,2015/1/2,206.38,206.88,204.18,205.43,121465865
SPY,2015/1/5,204.17,204.37,201.35,201.72,169632646
SPY,2015/1/6,202.09,202.72,198.855,199.82,209151408
SPY,2015/1/7,201.42,202.72,200.88,202.31,125346709
SPY,2015/1/8,204.01,206.16,203.99,205.9,147217784
SPY,2015/1/9,206.4,206.42,203.51,204.25,158567288
SPY,2015/1/12,204.41,204.6,201.92,202.65,144396067
SPY,2015/1/13,204.12,205.48,200.51,202.08,214553306
SPY,2015/1/14,199.65,201.1,198.57,200.86,192991092
SPY,2015/1/15,201.63,202.01,198.88,199.0199,176613906
SPY,2015/1/16,198.77,201.82,198.55,201.63,211879605
SPY,2015/1/20,202.4,202.72,200.17,202.055,130991069
SPY,2015/1/21,201.5,203.66,200.94,203.08,122942707
SPY,2015/1/22,203.99,206.26,202.33,206.1,174356029
SPY,2015/1/23,205.79,206.1,204.81,204.97,117516753
SPY,2015/1/26,204.71,205.56,203.85,205.45,92009711
SPY,2015/1/27,202.97,204.12,201.74,202.74,134044598
SPY,2015/1/28,204.17,204.29,199.91,200.14,168514312
SPY,2015/1/29,200.38,202.3,198.68,201.9902,173585424
SPY,2015/1/30,200.57,202.17,199.13,199.45,197729724
SPY,2015/2/2,200.05,202.03,197.86,201.92,163106969
SPY,2015/2/3,203,204.85,202.55,204.84,124212881
SPY,2015/2/4,203.92,205.38,203.51,204.06,134306728
SPY,2015/2/5,204.86,206.3,204.77,206.12,97953181
SPY,2015/2/6,206.56,207.24,204.92,205.55,125672026
SPY,2015/2/9,204.77,205.64,204.135,204.63,87219016
SPY,2015/2/10,205.88,207.12,204.6801,206.81,96164183
SPY,2015/2/11,206.61,207.45,205.83,206.93,91087785
SPY,2015/2/12,207.89,208.99,206.9727,208.92,97545949
SPY,2015/2/13,209.07,209.84,208.76,209.78,93670430
SPY,2015/2/17,209.4,210.32,209.1,210.11,76968199
SPY,2015/2/18,209.66,210.22,209.3401,210.13,80652941
SPY,2015/2/19,209.41,210.42,209.24,209.98,91462491
SPY,2015/2/20,209.48,211.33,208.73,211.239,140896392
SPY,2015/2/23,210.94,211.21,210.48,211.209,74411054
SPY,2015/2/24,211.12,212.05,210.76,211.81,72472263
SPY,2015/2/25,211.66,212.24,211.22,211.63,73061687
SPY,2015/2/26,211.52,211.71,210.65,211.38,72697868
SPY,2015/2/27,211.26,211.58,210.6,210.66,108075972
SPY,2015/3/2,210.78,212.06,210.72,211.99,87491428
SPY,2015/3/3,211.47,212.054,210.08,211.12,110325809
SPY,2015/3/4,210.4,210.49,209.06,210.2301,114497192
SPY,2015/3/5,210.62,210.8,209.85,210.46,76872957
SPY,2015/3/6,209.42,209.94,207.1,207.5,188127982
SPY,2015/3/9,207.74,208.79,207.5459,208.36,89818893
SPY,2015/3/10,206.71,206.81,204.93,204.98,157121263
SPY,2015/3/11,205.29,205.5,204.4,204.5,110145718
SPY,2015/3/12,205.26,207.175,205.2,207.1,93993523
SPY,2015/3/13,206.77,207.9338,204.58,205.8272,162410893
SPY,2015/3/16,206.71,208.69,205.8641,208.58,136099192
SPY,2015/3/17,207.69,208.42,206.98,207.96,94510422
SPY,2015/3/18,207.39,211.27,206.62,210.46,228808524
SPY,2015/3/19,209.96,210.4697,209.03,209.5,117917302
SPY,2015/3/20,209.71,211.02,209.4903,210.41,177715081
SPY,2015/3/23,210.42,211.11,210,210,71784536
SPY,2015/3/24,209.85,210.4,208.74,208.82,77805321
SPY,2015/3/25,209.07,209.35,205.71,205.76,159521708
SPY,2015/3/26,204.96,206.37,204.12,205.27,153067241
SPY,2015/3/27,205.13,205.95,204.9,205.74,118938966
SPY,2015/3/30,206.98,208.61,206.96,208.25,96180365
SPY,2015/3/31,207.26,208.1,206.36,206.43,126768703
SPY,2015/4/1,206.39,206.42,204.51,205.7,137303584
SPY,2015/4/2,205.62,206.98,205.4,206.435,86900906
SPY,2015/4/6,205.37,208.45,205.21,207.83,114368155
SPY,2015/4/7,207.855,208.76,207.24,207.28,81236337
SPY,2015/4/8,207.55,208.51,207.08,207.975,89351939
SPY,2015/4/9,207.78,209.18,207.19,208.9,85548854
SPY,2015/4/10,209.2,210.09,208.96,210.04,72722915
SPY,2015/4/13,209.87,210.63,209.03,209.09,74436594
SPY,2015/4/14,208.85,209.71,208.1,209.49,75099866
SPY,2015/4/15,210.05,211.04,209.95,210.43,99529320
SPY,2015/4/16,210.03,210.98,209.7928,210.37,68934864
SPY,2015/4/17,208.94,209.23,207.01,207.95,191113230
SPY,2015/4/20,209.06,210.25,208.96,209.85,92189481
SPY,2015/4/21,210.67,210.86,209.24,209.6,72559831
SPY,2015/4/22,210.01,210.85,208.9,210.63,78264616
SPY,2015/4/23,210.15,211.94,210.01,211.16,102585942
SPY,2015/4/24,211.66,211.97,211.11,211.6499,61327387
SPY,2015/4/27,212.33,212.48,210.54,210.77,79358126
SPY,2015/4/28,210.74,211.5,209.3301,211.44,86863531
SPY,2015/4/29,210.37,211.29,209.6,210.57,125684903
SPY,2015/4/30,209.88,210.35,207.62,208.46,161304890
SPY,2015/5/1,209.4,210.77,209.28,210.72,103399711
SPY,2015/5/4,211.23,212.02,211.1,211.32,70927235
SPY,2015/5/5,211.03,211.46,208.73,208.9,113326156
SPY,2015/5/6,209.56,209.93,206.76,208.04,135060151
SPY,2015/5/7,207.92,209.38,207.52,208.87,88244940
SPY,2015/5/8,210.88,211.86,210.78,211.62,155877260
SPY,2015/5/11,211.57,211.89,210.52,210.605,75708065
SPY,2015/5/12,209.61,210.63,208.62,209.98,119727592
SPY,2015/5/13,210.47,211.22,209.74,210.02,94667943
SPY,2015/5/14,211.24,212.32,210.91,212.21,95934006
SPY,2015/5/15,212.44,212.61,211.86,212.44,76510099
SPY,2015/5/18,212.24,213.4,212.16,213.1,74549685
SPY,2015/5/19,213.24,213.57,212.69,213.03,72114610
SPY,2015/5/20,213.15,213.78,212.504,212.88,76857530
SPY,2015/5/21,212.71,213.75,212.51,213.5,64764585
SPY,2015/5/22,213.04,213.54,212.91,212.99,57433495
SPY,2015/5/26,212.4,212.9089,210.2,210.7,124308584
SPY,2015/5/27,211.25,212.98,210.7612,212.7,93213981
SPY,2015/5/28,212.33,212.59,211.63,212.46,74974560
SPY,2015/5/29,212.38,212.43,210.82,211.14,124919611
SPY,2015/6/1,211.94,212.34,210.62,211.57,93338750
SPY,2015/6/2,211.02,212.19,210.27,211.36,91531012
SPY,2015/6/3,212,212.67,211.3301,211.92,87820909
SPY,2015/6/4,211.07,211.859,209.75,210.1292,151882820
SPY,2015/6/5,209.95,210.58,208.98,209.77,121704676
SPY,2015/6/8,209.64,209.82,208.39,208.48,89063330
SPY,2015/6/9,208.45,209.1,207.69,208.45,105034690
SPY,2015/6/10,209.37,211.41,209.2987,210.95,134551285
SPY,2015/6/11,211.48,212.09,211.2,211.63,73876447
SPY,2015/6/12,210.64,211.482,209.68,210.01,135382369
SPY,2015/6/15,208.64,209.45,207.79,209.11,124384184
SPY,2015/6/16,208.93,210.35,208.72,210.25,85308227
SPY,2015/6/17,210.59,211.32,209.36,210.59,126708635
SPY,2015/6/18,211.31,213.34,210.6315,212.78,165867949
SPY,2015/6/19,211.46,211.55,210.36,210.81,130478689
SPY,2015/6/22,211.905,212.59,211.64,211.89,70696027
SPY,2015/6/23,212.14,212.44,211.57,212.04,68476797
SPY,2015/6/24,211.72,212.17,210.47,210.5,92307318
SPY,2015/6/25,211.1,211.25,209.77,209.86,97107361
SPY,2015/6/26,210.29,210.58,209.16,209.82,104174840
SPY,2015/6/29,208.045,209.828,205.33,205.42,202621332
SPY,2015/6/30,207.26,207.32,205.28,205.85,182925106
SPY,2015/7/1,207.73,208.03,206.56,207.5,135979873
SPY,2015/7/2,208.07,208.27,206.81,207.31,104373652
SPY,2015/7/6,205.77,207.65,205.53,206.72,117975369
SPY,2015/7/7,206.96,208.17,204.11,208.02,173820249
SPY,2015/7/8,206.42,206.7645,204.25,204.53,164020059
SPY,2015/7/9,207.04,207.35,204.77,204.9,144113107
SPY,2015/7/10,207.29,207.98,204.9517,207.48,129456890
SPY,2015/7/13,208.99,209.9,208.94,209.77,106069400
SPY,2015/7/14,209.72,211.05,209.65,210.68,81709575
SPY,2015/7/15,210.73,211.28,210.04,210.61,97914141
SPY,2015/7/16,211.87,212.3,211.58,212.3,106683266
SPY,2015/7/17,212.29,212.55,211.8,212.48,89029973
SPY,2015/7/20,212.75,213.18,212.21,212.59,70446821
SPY,2015/7/21,212.43,212.74,211.39,211.75,77965048
SPY,2015/7/22,210.93,211.77,210.89,211.37,88667920
SPY,2015/7/23,211.53,211.65,209.75,210.18,90509128
SPY,2015/7/24,210.3,210.37,207.6,208,117754979
SPY,2015/7/27,206.94,207.55,206.26,206.79,132361082
SPY,2015/7/28,207.79,209.5,206.8,209.33,123544845
SPY,2015/7/29,209.48,211.04,209.31,210.77,105791255
SPY,2015/7/30,210.16,211.02,209.42,210.82,91304374
SPY,2015/7/31,211.42,211.45,210.16,210.5,103266857
SPY,2015/8/3,210.46,210.53,208.65,209.79,113965728
SPY,2015/8/4,209.7,210.2483,208.8,209.38,81820823
SPY,2015/8/5,210.45,211.31,209.73,210.07,85786817
SPY,2015/8/6,210.29,210.415,207.65,208.35,116030803
SPY,2015/8/7,208.16,208.34,206.87,207.95,117857956
SPY,2015/8/10,209.28,210.67,209.28,210.57,80270676
SPY,2015/8/11,208.97,209.47,207.76,208.67,126081377
SPY,2015/8/12,207.11,209.14,205.36,208.92,172123672
SPY,2015/8/13,208.73,209.55,208.01,208.66,89383253
SPY,2015/8/14,208.43,209.5087,208.26,209.42,72786528
SPY,2015/8/17,208.71,210.59,208.16,210.59,79072643
SPY,2015/8/18,210.26,210.68,209.699,209.98,71692678
SPY,2015/8/19,209.09,210.01,207.35,208.32,172945975
SPY,2015/8/20,206.51,208.2865,203.9,203.97,194327884
SPY,2015/8/21,201.73,203.9404,197.52,197.83,346588469
SPY,2015/8/24,187.49,197.4772,182.4,189.5,507244333
SPY,2015/8/25,195.43,195.45,186.92,187.27,369833071
SPY,2015/8/26,192.08,194.79,188.37,194.46,339256986
SPY,2015/8/27,197.02,199.42,195.21,199.27,274143906
SPY,2015/8/28,198.5,199.835,197.92,199.28,160414352
SPY,2015/8/31,198.11,199.125,197.01,197.67,163298816
SPY,2015/9/1,193.12,194.77,190.73,191.77,256000392
SPY,2015/9/2,194.62,195.46,192.42,195.41,160269331
SPY,2015/9/3,196.26,198.05,194.96,195.55,152087836
SPY,2015/9/4,192.85,193.86,191.61,192.59,207080961
SPY,2015/9/8,195.94,197.61,195.17,197.43,116025739
SPY,2015/9/9,199.32,199.47,194.35,194.79,149347735
SPY,2015/9/10,194.56,197.22,194.25,195.85,158611063
SPY,2015/9/11,195.375,196.82,194.53,196.74,119691212
SPY,2015/9/14,196.95,197.01,195.43,196.01,79451983
SPY,2015/9/15,196.61,198.99,195.9612,198.46,113806176
SPY,2015/9/16,198.82,200.41,198.41,200.18,99581557
SPY,2015/9/17,200.02,202.89,199.28,199.73,276046618
SPY,2015/9/18,195.71,198.6844,194.96,195.45,223657456
SPY,2015/9/21,196.44,197.68,195.21,196.46,105726209
SPY,2015/9/22,193.88,194.46,192.56,193.91,153890876
SPY,2015/9/23,194.11,194.67,192.91,193.6,92790620
SPY,2015/9/24,192.15,193.45,190.56,192.9,159378840
SPY,2015/9/25,194.64,195,191.81,192.85,155054777
SPY,2015/9/28,191.78,191.91,187.64,188.01,178515871
SPY,2015/9/29,188.27,189.74,186.93,188.12,159045572
SPY,2015/9/30,190.37,191.825,189.44,191.63,163452044
SPY,2015/10/1,192.08,192.49,189.82,192.13,131078964
SPY,2015/10/2,189.77,195.03,189.12,195,211003342
SPY,2015/10/5,196.46,198.74,196.33,198.47,126320842
SPY,2015/10/6,198.31,198.98,197,197.79,110274530
SPY,2015/10/7,198.9,199.825,197.48,199.41,124307295
SPY,2015/10/8,198.95,201.55,198.59,201.21,153055231
SPY,2015/10/9,201.38,201.9,200.58,201.33,107069240
SPY,2015/10/12,201.42,201.76,200.91,201.52,56395585
SPY,2015/10/13,200.65,202.16,200.05,200.25,88038718
SPY,2015/10/14,200.18,200.87,198.94,199.29,99106161
SPY,2015/10/15,200.08,202.36,199.64,202.35,134142195
SPY,2015/10/16,202.83,203.29,201.92,203.27,114580052
SPY,2015/10/19,202.5,203.37,202.13,203.37,76523897
SPY,2015/10/20,202.85,203.84,202.5471,203.09,78448484
SPY,2015/10/21,203.61,203.79,201.65,201.85,102038033
SPY,2015/10/22,202.98,205.51,201.85,205.26,174911723
SPY,2015/10/23,207.25,207.95,206.3,207.51,144442340
SPY,2015/10/26,207.3,207.37,206.56,207,69032965
SPY,2015/10/27,206.2,207,205.79,206.6,77905770
SPY,2015/10/28,207,208.98,206.21,208.95,135906725
SPY,2015/10/29,208.35,209.27,208.21,208.83,90525498
SPY,2015/10/30,209.06,209.44,207.74,207.93,131076942
SPY,2015/11/2,208.32,210.62,208.17,210.39,86270811
SPY,2015/11/3,209.97,211.66,209.7,211,95246052
SPY,2015/11/4,211.35,211.5,209.7201,210.36,96224477
SPY,2015/11/5,210.43,210.98,209.09,210.15,78408744
SPY,2015/11/6,209.74,210.32,208.46,210.04,110471473
SPY,2015/11/9,209.31,209.49,206.95,208.08,131008660
SPY,2015/11/10,207.51,208.6,207.19,208.56,75874602
SPY,2015/11/11,208.88,208.94,207.66,207.74,67845971
SPY,2015/11/12,206.5,207.06,204.82,204.84,121315200
SPY,2015/11/13,204.35,204.67,202.435,202.54,153577050
SPY,2015/11/16,202.32,205.69,202.18,205.62,117645231
SPY,2015/11/17,205.99,207.04,204.88,205.47,121123744
SPY,2015/11/18,206.04,208.9,205.99,208.73,121342544
SPY,2015/11/19,208.59,209.05,208.2,208.55,88220465
SPY,2015/11/20,209.45,210.12,208.86,209.3108,94011519
SPY,2015/11/23,209.38,209.98,208.52,209.07,64931172
SPY,2015/11/24,207.87,209.83,207.41,209.35,98874365
SPY,2015/11/25,209.5,209.74,209.01,209.32,51980062
SPY,2015/11/27,209.43,209.8,208.86,209.56,37317779
SPY,2015/11/30,209.75,209.89,208.56,208.69,112822700
SPY,2015/12/1,209.44,210.82,209.11,210.68,97858418
SPY,2015/12/2,210.615,211,208.23,208.529,108441259
SPY,2015/12/3,208.83,209.15,204.7511,205.61,166224154
SPY,2015/12/4,206.08,209.97,205.93,209.62,192913879
SPY,2015/12/7,209.23,209.7295,207.2,208.35,102027111
SPY,2015/12/8,206.49,208.289,205.78,206.949,103372367
SPY,2015/12/9,206.19,208.68,204.18,205.34,162401537
SPY,2015/12/10,205.42,207.43,205.14,205.87,116128884
SPY,2015/12/11,203.35,204.14,201.51,201.88,211173305
SPY,2015/12/14,202.07,203.05,199.95,202.9008,182385177
SPY,2015/12/15,204.7,206.11,204.54,205.0308,153067719
SPY,2015/12/16,206.365,208.39,204.8,208.03,197017008
SPY,2015/12/17,208.4,208.48,204.84,204.86,173092476
SPY,2015/12/18,202.77,202.93,199.83,200.0208,251393535
SPY,2015/12/21,201.41,201.88,200.09,201.67,99094290
SPY,2015/12/22,202.715,203.85,201.55,203.5,111026246
SPY,2015/12/23,204.69,206.07,204.58,206.02,110987228
SPY,2015/12/24,205.72,206.33,205.42,205.68,48542150
SPY,2015/12/28,204.86,205.26,203.94,205.21,65899939
SPY,2015/12/29,206.51,207.79,206.47,207.4,92640672
SPY,2015/12/30,207.11,207.21,205.76,205.93,63317679
SPY,2015/12/31,205.13,205.89,203.87,203.87,114877859
SPY,2016/1/4,200.49,201.03,198.59,201.0192,222353534
SPY,2016/1/5,201.4,201.9,200.05,201.36,110845849
SPY,2016/1/6,198.34,200.06,197.6,198.82,152112604
SPY,2016/1/7,195.33,197.44,193.59,194.05,213436073
SPY,2016/1/8,195.19,195.85,191.58,191.923,209817228
SPY,2016/1/11,193.01,193.41,189.82,192.11,187941323
SPY,2016/1/12,193.82,194.55,191.14,193.6608,172330490
SPY,2016/1/13,194.45,194.86,188.38,188.83,221168886
SPY,2016/1/14,189.55,193.26,187.66,191.93,240795609
SPY,2016/1/15,186.77,188.76,185.52,187.81,324846447
SPY,2016/1/19,189.96,190.11,186.2,188.06,195244373
SPY,2016/1/20,185.03,187.495,181.02,185.65,286547839
SPY,2016/1/21,186.21,188.87,184.64,186.69,195772941
SPY,2016/1/22,189.78,190.76,188.88,190.52,168319598
SPY,2016/1/25,189.92,190.15,187.41,187.64,130371686
SPY,2016/1/26,188.42,190.53,188.02,190.2,141036757
SPY,2016/1/27,189.58,191.56,187.06,188.13,185681707
SPY,2016/1/28,189.96,190.2,187.16,189.11,143798780
SPY,2016/1/29,190.02,193.88,189.88,193.7208,210529336
SPY,2016/2/1,192.53,194.58,191.84,193.65,136061564
SPY,2016/2/2,191.96,191.97,189.54,190.16,182564890
SPY,2016/2/3,191.41,191.78,187.1,191.3,205054934
SPY,2016/2/4,190.71,192.75,189.96,191.6,139531794
SPY,2016/2/5,190.99,191.6696,187.2,187.95,180788308
SPY,2016/2/8,185.77,186.12,182.8,185.42,191526694
SPY,2016/2/9,183.36,186.94,183.2,185.43,184513136
SPY,2016/2/10,186.41,188.34,185.12,185.27,148214057
SPY,2016/2/11,182.34,184.1,181.09,182.86,219058885
SPY,2016/2/12,184.96,186.65,183.96,186.63,127632393
SPY,2016/2/16,188.77,189.81,187.63,189.78,120250668
SPY,2016/2/17,191.16,193.32,191.01,192.88,136009496
SPY,2016/2/18,193.2,193.27,191.72,192.09,102342997
SPY,2016/2/19,191.17,192.18,190.45,192,114792988
SPY,2016/2/22,193.87,194.95,193.79,194.78,103640292
SPY,2016/2/23,194,194.32,192.18,192.32,111455289
SPY,2016/2/24,190.63,193.53,189.32,193.2,150812152
SPY,2016/2/25,193.73,195.55,192.83,195.54,110728317
SPY,2016/2/26,196.57,196.68,194.9,195.0892,129833663
SPY,2016/2/29,195.11,196.23,193.33,193.56,125918102
SPY,2016/3/1,195.01,198.21,194.4542,198.11,141799687
SPY,2016/3/2,197.74,199.06,197.25,199,102414960
SPY,2016/3/3,198.79,199.795,198.11,199.775,95172197
SPY,2016/3/4,200.01,201.35,199.03,200.43,129293601
SPY,2016/3/7,199.34,201.07,199.25,200.59,100218998
SPY,2016/3/8,199.32,199.92,198.21,198.4,123974866
SPY,2016/3/9,199.36,199.79,198.43,199.38,94801213
SPY,2016/3/10,199.96,201.07,197.38,199.54,156838697
SPY,2016/3/11,201.26,202.81,199.5179,202.76,137964528
SPY,2016/3/14,202.16,203.04,201.77,202.5,73611974
SPY,2016/3/15,201.36,202.5307,201.05,202.17,93169090
SPY,2016/3/16,201.6,203.82,201.55,203.34,129303179
SPY,2016/3/17,203.24,205.23,202.77,204.63,134278505
SPY,2016/3/18,204.17,204.78,203.8,204.38,138372404
SPY,2016/3/21,204.07,204.94,203.8,204.67,72926659
SPY,2016/3/22,203.76,205.23,203.57,204.56,97471939
SPY,2016/3/23,204.11,204.33,203.01,203.2092,81052455
SPY,2016/3/24,202,203.16,201.74,203.12,84360853
SPY,2016/3/28,203.61,203.86,202.705,203.24,62408185
SPY,2016/3/29,202.76,205.25,202.4,205.1208,92922863
SPY,2016/3/30,206.3,206.87,205.59,206.02,86365310
SPY,2016/3/31,205.91,206.41,205.33,205.52,94584110
SPY,2016/4/1,204.35,207.14,203.98,206.92,114423478
SPY,2016/4/4,206.83,207.07,205.89,206.25,63496969
SPY,2016/4/5,204.67,206.2642,203.89,204.1892,99662158
SPY,2016/4/6,204.29,206.49,203.98,206.42,91839761
SPY,2016/4/7,205.14,205.56,203.09,203.95,113859037
SPY,2016/4/8,205.34,205.85,203.87,204.4992,95040598
SPY,2016/4/11,205.25,206.07,203.91,204.0201,83757486
SPY,2016/4/12,204.22,206.25,203.7,205.92,115350567
SPY,2016/4/13,207,208.1,206.84,208.0008,96336433
SPY,2016/4/14,208.07,208.6,207.6,208.01,65212883
SPY,2016/4/15,208.01,208.1721,207.4,207.78,75761615
SPY,2016/4/18,207.14,209.28,207,209.2392,82530960
SPY,2016/4/19,209.74,210.2,208.94,209.9,88316060
SPY,2016/4/20,209.95,210.92,209.39,210.1,81100314
SPY,2016/4/21,210.12,210.25,208.65,208.97,85695041
SPY,2016/4/22,208.55,209.29,207.91,208.97,99251724
SPY,2016/4/25,208.26,208.66,207.54,208.61,66166494
SPY,2016/4/26,209.04,209.52,208.36,208.9192,75864174
SPY,2016/4/27,208.47,209.81,208.05,209.35,77329437
SPY,2016/4/28,208.46,209.76,206.96,207.4475,97216169
SPY,2016/4/29,206.72,207.13,205.03,206.3308,142424137
SPY,2016/5/2,206.92,208.18,206.41,207.97,62188015
SPY,2016/5/3,206.52,206.8,205.28,206.1592,106422142
SPY,2016/5/4,204.99,205.85,204.42,205.01,92243810
SPY,2016/5/5,205.56,205.98,204.47,204.97,67619222
SPY,2016/5/6,204.06,205.77,203.88,205.72,89315004
SPY,2016/5/9,205.57,206.4,205.36,205.8892,74374922
SPY,2016/5/10,206.72,208.5,206.64,208.45,77472207
SPY,2016/5/11,207.91,208.54,206.5,206.5,81726989
SPY,2016/5/12,207.29,207.4899,205.37,206.56,89586308
SPY,2016/5/13,206.21,206.86,204.38,204.76,96474630
SPY,2016/5/16,204.96,207.34,204.89,206.78,77486827
SPY,2016/5/17,206.46,206.8,204.23,204.8508,114924940
SPY,2016/5/18,204.44,206.3,203.63,204.91,123493379
SPY,2016/5/19,204.06,204.54,202.78,204.2,115430507
SPY,2016/5/20,204.92,206.1,204.86,205.49,104990408
SPY,2016/5/23,205.51,205.84,204.985,205.21,58682576
SPY,2016/5/24,206.17,208.24,206.14,207.87,93537808
SPY,2016/5/25,208.67,209.77,207.8691,209.28,79221525
SPY,2016/5/26,209.44,209.71,208.97,209.34,55280699
SPY,2016/5/27,209.53,210.25,209.47,210.24,64211214
SPY,2016/5/31,210.56,210.69,209.18,209.84,109879380
SPY,2016/6/1,209.12,210.48,208.89,210.27,69936215
SPY,2016/6/2,209.8,210.93,209.2399,210.91,63044749
SPY,2016/6/3,210.25,210.69,208.86,210.28,101757126
SPY,2016/6/6,210.7,211.77,210.51,211.35,64887045
SPY,2016/6/7,211.525,212.34,211.5,211.68,60974761
SPY,2016/6/8,211.84,212.52,211.6899,212.37,66170920
SPY,2016/6/9,211.51,212.22,211.19,212.08,73786869
SPY,2016/6/10,210.46,210.86,209.43,210.07,113829158
SPY,2016/6/13,209.36,210.37,208.35,208.4492,117751153
SPY,2016/6/14,208,208.74,206.9199,208.04,125059286
SPY,2016/6/15,208.54,209.36,207.53,207.75,109124496
SPY,2016/6/16,206.73,208.57,205.59,208.37,149533065
SPY,2016/6/17,207.17,207.2,205.75,206.52,117055748
SPY,2016/6/20,208.82,209.61,207.75,207.85,82789603
SPY,2016/6/21,208.3,208.92,207.78,208.44,72461663
SPY,2016/6/22,208.65,209.5,207.93,208.1,95560471
SPY,2016/6/23,209.81,210.87,209.27,210.81,102731356
SPY,2016/6/24,203.63,210.8463,202.72,203.13,333444397
SPY,2016/6/27,201.59,201.6,198.65,199.6,248988660
SPY,2016/6/28,201.48,203.23,201.12,203.1997,159382399
SPY,2016/6/29,204.84,206.93,204.72,206.66,137328614
SPY,2016/6/30,207.21,209.54,206.56,209.475,165021948
SPY,2016/7/1,209.36,210.49,209.29,209.9208,106055333
SPY,2016/7/5,208.95,209.08,207.71,208.41,109803713
SPY,2016/7/6,207.83,209.8,207.06,209.66,96021491
SPY,2016/7/7,209.87,210.6495,208.63,209.526,85521425
SPY,2016/7/8,211.05,212.94,210.7785,212.65,133970972
SPY,2016/7/11,213.19,214.07,212.95,213.4,73633937
SPY,2016/7/12,214.53,215.3,213.4308,214.95,101275629
SPY,2016/7/13,215.44,215.45,214.35,214.92,87324129
SPY,2016/7/14,216.4,216.67,215.66,216.12,91230870
SPY,2016/7/15,216.78,217.0125,215.308,215.83,107155401
SPY,2016/7/18,215.97,216.6,215.67,216.4092,58725918
SPY,2016/7/19,215.92,216.23,215.63,216.19,54345728
SPY,2016/7/20,216.75,217.37,216.24,217.085,58159457
SPY,2016/7/21,216.96,217.22,215.75,216.265,67777310
SPY,2016/7/22,216.41,217.3,216.1,217.24,62787477
SPY,2016/7/25,217,217.06,215.97,216.65,55873147
SPY,2016/7/26,216.53,217.17,215.76,216.75,70080493
SPY,2016/7/27,217.19,217.27,215.62,216.52,84083893
SPY,2016/7/28,216.29,217.11,215.75,216.77,65035718
SPY,2016/7/29,216.46,217.54,216.13,217.12,79519436
SPY,2016/8/1,217.19,217.65,216.405,216.94,73311422
SPY,2016/8/2,216.65,216.83,214.57,215.5492,92295506
SPY,2016/8/3,215.48,216.245,215.13,216.18,53993626
SPY,2016/8/4,216.31,216.78,214.25,216.4097,46585528
SPY,2016/8/5,217.21,218.23,217.07,218.18,71892161
SPY,2016/8/8,218.4,218.52,217.74,218.05,39906479
SPY,2016/8/9,218.13,218.76,217.8,218.18,51251728
SPY,2016/8/10,218.31,218.4038,217.23,217.64,57941092
SPY,2016/8/11,218.26,218.94,217.95,218.65,72504270
SPY,2016/8/12,218.29,218.71,217.99,218.46,61313544
SPY,2016/8/15,218.89,219.5,218.88,219.09,49813482
SPY,2016/8/16,218.6,218.68,217.96,217.96,53213621
SPY,2016/8/17,218,218.53,217.02,218.37,75134339
SPY,2016/8/18,218.34,218.9,218.21,218.86,52989266
SPY,2016/8/19,218.31,218.75,217.74,218.54,75443004
SPY,2016/8/22,218.26,218.8,217.83,218.53,61368766
SPY,2016/8/23,219.25,219.6,218.9,218.97,53399159
SPY,2016/8/24,218.8,218.91,217.36,217.85,71728949
SPY,2016/8/25,217.4,218.19,217.22,217.7,69224776
SPY,2016/8/26,217.92,219.12,216.25,217.29,122506348
SPY,2016/8/29,217.44,218.665,217.4,218.3608,70502167
SPY,2016/8/30,218.26,218.59,217.35,218,58114543
SPY,2016/8/31,217.61,217.75,216.465,217.38,85269453
SPY,2016/9/1,217.37,217.73,216.03,217.39,97844207
SPY,2016/9/2,218.39,218.87,217.7,218.37,79293856
SPY,2016/9/6,218.7,219.12,217.86,219.0308,56702089
SPY,2016/9/7,218.84,219.22,218.3,219.01,76554855
SPY,2016/9/8,218.62,218.94,218.15,218.51,74102880
SPY,2016/9/9,216.97,217.03,213.25,213.28,221589073
SPY,2016/9/12,212.39,216.81,212.31,216.34,168110913
SPY,2016/9/13,214.84,215.1499,212.5,213.23,182828839
SPY,2016/9/14,213.29,214.7,212.5,213.15,134185491
SPY,2016/9/15,212.96,215.73,212.75,215.28,145736123
SPY,2016/9/16,213.48,213.69,212.57,213.37,155236354
SPY,2016/9/19,214.13,214.88,213.03,213.41,80250490
SPY,2016/9/20,214.41,214.59,213.38,213.42,69665279
SPY,2016/9/21,214.24,216.03,213.44,215.82,110284425
SPY,2016/9/22,217,217.53,216.71,217.18,76678713
SPY,2016/9/23,216.72,216.88,215.88,215.99,73630921
SPY,2016/9/26,215.02,215.23,214.01,214.24,89827305
SPY,2016/9/27,214.05,215.68,213.62,215.57,78494829
SPY,2016/9/28,215.83,216.82,214.71,216.64,87411015
SPY,2016/9/29,216.4,216.87,214.04,214.68,128070615
SPY,2016/9/30,215.65,217.12,215.36,216.3,117202914
SPY,2016/10/3,215.82,216.04,215.04,215.78,83512057
SPY,2016/10/4,215.91,216.17,213.99,214.68,119948052
SPY,2016/10/5,215.41,216.13,215.33,215.63,72815963
SPY,2016/10/6,215.37,216.04,214.735,215.78,62927376
SPY,2016/10/7,216.1,216.3,214.19,215.04,89788255
SPY,2016/10/10,216.155,216.7,215.985,216.16,51855023
SPY,2016/10/11,215.66,215.74,212.58,213.43,130367373
SPY,2016/10/12,213.59,214.32,213.01,213.71,73866117
SPY,2016/10/13,212.16,213.59,211.21,213.01,101356960
SPY,2016/10/14,214.15,214.69,213.03,213.12,93346237
SPY,2016/10/17,213.09,213.39,212.17,212.38,58275674
SPY,2016/10/18,214.24,214.31,213.27,213.71,76869656
SPY,2016/10/19,214.02,214.64,213.6,214.28,66519224
SPY,2016/10/20,213.87,214.53,213.11,213.88,73639830
SPY,2016/10/21,212.96,214.08,212.76,213.98,89089092
SPY,2016/10/24,215,215.32,214.48,214.89,60146592
SPY,2016/10/25,214.68,214.98,213.98,214.17,66542329
SPY,2016/10/26,213.21,214.42,212.93,213.74,75705478
SPY,2016/10/27,214.58,214.62,213.08,213.17,77220213
SPY,2016/10/28,213.14,213.93,211.71,212.54,140623183
SPY,2016/10/31,212.93,213.19,212.36,212.55,61272507
SPY,2016/11/1,212.93,212.99,209.6,211.01,122781818
SPY,2016/11/2,210.65,211.1,209.23,209.74,103330806
SPY,2016/11/3,209.99,210.24,208.46,208.78,88939346
SPY,2016/11/4,208.91,209.89,208.38,208.55,109122059
SPY,2016/11/7,211.45,213.19,211.3,213.15,109794861
SPY,2016/11/8,212.69,214.77,212.38,214.11,106772138
SPY,2016/11/9,212.37,217.1,212.34,216.3792,258428972
SPY,2016/11/10,217.3,218.31,215.22,216.92,172113313
SPY,2016/11/11,216.08,216.7,215.32,216.42,100552732
SPY,2016/11/14,217.03,217.27,215.72,216.59,94579982
SPY,2016/11/15,217.04,218.28,216.8,218.28,91652580
SPY,2016/11/16,217.56,218.14,217.42,217.87,65617697
SPY,2016/11/17,218.05,219.06,217.92,218.99,69797191
SPY,2016/11/18,219.07,219.27,218.29,218.5,86265751
SPY,2016/11/21,219.17,220.18,219,220.15,72402638
SPY,2016/11/22,220.51,220.79,219.73,220.58,67428957
SPY,2016/11/23,219.98,220.76,219.75,220.7,56620237
SPY,2016/11/25,221.1,221.56,221.01,221.52,37872255
SPY,2016/11/28,221.16,221.48,220.36,220.48,76572511
SPY,2016/11/29,220.52,221.44,220.17,220.91,69886690
SPY,2016/11/30,221.63,221.82,220.31,220.38,113291793
SPY,2016/12/1,220.73,220.73,219.15,219.57,79040487
SPY,2016/12/2,219.67,220.25,219.26,219.68,74840347
SPY,2016/12/5,220.65,221.4,220.42,221,67837821
SPY,2016/12/6,221.22,221.7441,220.662,221.7,59877377
SPY,2016/12/7,221.52,224.67,221.38,224.6,110738050
SPY,2016/12/8,224.57,225.7,224.26,225.15,99714387
SPY,2016/12/9,225.41,226.53,225.37,226.51,88005766
SPY,2016/12/12,226.4,226.96,225.76,226.25,102016125
SPY,2016/12/13,227.02,228.34,227,227.76,110477485
SPY,2016/12/14,227.41,228.23,225.365,225.88,142501812
SPY,2016/12/15,226.16,227.81,225.8904,226.81,124972554
SPY,2016/12/16,226.01,226.08,224.67,225.04,156420152
SPY,2016/12/19,225.24,226.02,225.08,225.53,90341147
SPY,2016/12/20,226.16,226.57,225.88,226.4,89838810
SPY,2016/12/21,226.25,226.45,225.77,225.77,67909039
SPY,2016/12/22,225.6,225.74,224.92,225.38,56219071
SPY,2016/12/23,225.43,225.72,225.21,225.71,36697822
SPY,2016/12/27,226.02,226.73,226,226.27,42672487
SPY,2016/12/28,226.57,226.59,224.27,224.4,64095014
SPY,2016/12/29,224.48,224.89,223.84,224.35,48696080
SPY,2016/12/30,224.73,224.83,222.73,223.53,108998328
SPY,2017/1/3,225.04,225.83,223.8837,225.24,91366522
SPY,2017/1/4,225.62,226.75,225.61,226.58,78744433
SPY,2017/1/5,226.27,226.58,225.48,226.4,78379012
SPY,2017/1/6,226.53,227.75,225.9,227.21,71559922
SPY,2017/1/9,226.91,227.0701,226.4163,226.46,46939676
SPY,2017/1/10,226.48,227.45,226.01,226.46,63771939
SPY,2017/1/11,226.36,227.1,225.59,227.1,74650016
SPY,2017/1/12,226.5,226.75,224.955,226.53,72113181
SPY,2017/1/13,226.73,227.4,226.69,227.05,62717865
SPY,2017/1/17,226.31,226.78,225.8,226.25,61240814
SPY,2017/1/18,226.535,226.8,225.9,226.75,54793302
SPY,2017/1/19,226.84,227,225.41,225.91,66608787
SPY,2017/1/20,226.7,227.31,225.9719,226.74,129168623
SPY,2017/1/23,226.35,226.805,225.27,226.15,75061645
SPY,2017/1/24,226.4,228.08,226.27,227.6,95555295
SPY,2017/1/25,228.7,229.57,228.51,229.57,84437712
SPY,2017/1/26,229.4,229.71,229.01,229.33,59970719
SPY,2017/1/27,229.42,229.59,228.76,228.97,59711118
SPY,2017/1/30,228.17,228.2,226.41,227.55,79737252
SPY,2017/1/31,226.98,227.6,226.32,227.53,75880805
SPY,2017/2/1,228.255,228.59,226.94,227.62,79117651
SPY,2017/2/2,227.2,228.1,226.82,227.77,69657560
SPY,2017/2/3,228.82,229.55,228.46,229.34,80563168
SPY,2017/2/6,228.87,229.326,228.54,228.93,57790108
SPY,2017/2/7,229.38,229.6556,228.72,228.94,57931151
SPY,2017/2/8,228.61,229.39,228.31,229.24,51566218
SPY,2017/2/9,229.56,230.95,229.52,230.6,65955245
SPY,2017/2/10,231,231.77,230.6216,231.51,66015892
SPY,2017/2/13,232.08,233.07,232.05,232.77,55182050
SPY,2017/2/14,232.56,233.71,232.16,233.7,71108983
SPY,2017/2/15,233.45,235.14,233.39,234.92,86785826
SPY,2017/2/16,234.96,235.155,233.85,234.72,84722437
SPY,2017/2/17,233.95,235.09,233.93,235.09,77204104
SPY,2017/2/21,235.52,236.69,235.51,236.49,88946051
SPY,2017/2/22,236.02,236.54,235.83,236.28,62115185
SPY,2017/2/23,236.88,236.9,235.56,236.44,74615902
SPY,2017/2/24,235.46,236.7932,235.41,236.74,82381612
SPY,2017/2/27,236.64,237.31,236.35,237.11,56515440
SPY,2017/2/28,236.67,236.95,236.015,236.47,96961938
SPY,2017/3/1,238.39,240.32,238.37,239.78,149158170
SPY,2017/3/2,239.56,239.57,238.21,238.27,70245978
SPY,2017/3/3,238.17,238.61,237.73,238.42,81974300
SPY,2017/3/6,237.5,238.12,237.01,237.71,55391533
SPY,2017/3/7,237.36,237.77,236.76,237,65103737
SPY,2017/3/8,237.34,237.64,236.4,236.56,78168795
SPY,2017/3/9,236.7,237.24,235.74,236.86,90683918
SPY,2017/3/10,237.97,238.02,236.59,237.69,81991652
SPY,2017/3/13,237.62,237.86,237.24,237.81,57256824
SPY,2017/3/14,237.18,237.24,236.19,236.9,59880778
SPY,2017/3/15,237.56,239.44,237.29,238.95,96081750
SPY,2017/3/16,239.11,239.2,238.1,238.48,78343951
SPY,2017/3/17,237.75,237.97,237.03,237.03,89002111
SPY,2017/3/20,237.03,237.36,236.32,236.77,52536979
SPY,2017/3/21,237.47,237.61,233.58,233.73,131809275
SPY,2017/3/22,233.77,234.61,233.05,234.28,97569204
SPY,2017/3/23,234,235.34,233.6,234.03,100410277
SPY,2017/3/24,234.38,235.04,232.96,233.86,112504853
SPY,2017/3/27,231.93,233.92,231.61,233.62,87454452
SPY,2017/3/28,233.27,235.81,233.14,235.32,93483915
SPY,2017/3/29,234.99,235.81,234.725,235.54,61950354
SPY,2017/3/30,235.47,236.52,235.27,236.29,56737890
SPY,2017/3/31,235.9,236.51,235.68,235.74,73733094
SPY,2017/4/3,235.8,236.03,233.91,235.33,85546486
SPY,2017/4/4,235,235.58,234.555,235.48,56466195
SPY,2017/4/5,236.26,237.39,234.54,234.78,108800604
SPY,2017/4/6,234.94,236.04,234.425,235.44,69135757
SPY,2017/4/7,235.15,236,234.64,235.2,74412311
SPY,2017/4/10,235.36,236.255,234.73,235.34,67615302
SPY,2017/4/11,234.9,235.18,233.34,235.06,88045276
SPY,2017/4/12,234.74,234.96,233.77,234.03,81864436
SPY,2017/4/13,233.64,234.49,232.51,232.51,92880394
SPY,2017/4/17,233.11,234.57,232.88,234.57,68405367
SPY,2017/4/18,233.72,234.49,233.08,233.87,83225821
SPY,2017/4/19,234.52,234.95,233.18,233.44,68699868
SPY,2017/4/20,234.15,235.845,233.78,235.34,92572186
SPY,2017/4/21,235.25,235.31,234.13,234.59,110389847
SPY,2017/4/24,237.18,237.41,234.5628,237.17,119209877
SPY,2017/4/25,237.91,238.95,237.81,238.55,76698265
SPY,2017/4/26,238.51,239.53,238.35,238.4,84702455
SPY,2017/4/27,238.77,238.95,237.98,238.6,57410326
SPY,2017/4/28,238.9,238.93,237.93,238.08,63532845
SPY,2017/5/1,238.68,239.17,238.195,238.68,66882521
SPY,2017/5/2,238.84,238.98,238.3,238.77,57375732
SPY,2017/5/3,238.29,238.8775,237.7,238.48,73137731
SPY,2017/5/4,238.83,238.9225,237.78,238.76,61462732
SPY,2017/5/5,239.19,239.72,238.68,239.7,62001269
SPY,2017/5/8,239.75,239.92,239.17,239.66,48385730
SPY,2017/5/9,239.96,240.19,239.04,239.44,51363200
SPY,2017/5/10,239.39,239.87,239.15,239.87,54293799
SPY,2017/5/11,239.35,239.57,238.13,239.38,62358346
SPY,2017/5/12,239.09,239.4273,238.67,238.98,53912730
SPY,2017/5/15,239.47,240.44,239.45,240.3,61918937
SPY,2017/5/16,240.64,240.67,239.63,240.08,51241791
SPY,2017/5/17,238.1,238.64,235.75,235.82,172174107
SPY,2017/5/18,235.73,237.75,235.43,236.77,107047656
SPY,2017/5/19,237.33,239.08,237.27,238.31,115011373
SPY,2017/5/22,238.9,239.71,238.82,239.52,61010602
SPY,2017/5/23,239.95,240.24,239.51,240.05,48341683
SPY,2017/5/24,240.32,240.73,239.93,240.61,49181099
SPY,2017/5/25,241.2,242.08,240.96,241.76,64071661
SPY,2017/5/26,241.54,241.9,241.45,241.71,46629905
SPY,2017/5/30,241.34,241.79,241.16,241.5,35201897
SPY,2017/5/31,241.84,241.88,240.64,241.44,91796016
SPY,2017/6/1,241.97,243.38,241.64,243.36,68962024
SPY,2017/6/2,243.42,244.35,243.08,244.17,88666128
SPY,2017/6/5,243.97,244.3,243.76,243.99,44698825
SPY,2017/6/6,243.34,243.98,243.12,243.21,50375430
SPY,2017/6/7,243.6,243.92,242.83,243.66,54144311
SPY,2017/6/8,243.77,244.33,243.17,243.78,65950691
SPY,2017/6/9,244.09,245.01,241.95,243.41,132256362
SPY,2017/6/12,243.13,243.42,242.38,243.36,86108102
SPY,2017/6/13,243.98,244.61,243.5799,244.55,60066953
SPY,2017/6/14,244.86,244.87,243.29,244.24,78602311
SPY,2017/6/15,242.68,243.91,242.36,243.77,66464888
SPY,2017/6/16,242.77,242.83,241.6337,242.64,84553097
SPY,2017/6/19,243.59,244.73,243.48,244.66,65123802
SPY,2017/6/20,244.25,244.26,242.99,243.01,56906368
SPY,2017/6/21,243.42,243.59,242.41,242.95,55977569
SPY,2017/6/22,242.96,243.53,242.64,242.84,44148059
SPY,2017/6/23,242.91,243.51,242.47,243.13,66986801
SPY,2017/6/26,243.9,244.38,243.045,243.29,56700477
SPY,2017/6/27,243.04,243.38,241.31,241.33,82247666
SPY,2017/6/28,242.5,243.715,242.23,243.49,70042599
SPY,2017/6/29,243.66,243.72,239.955,241.35,106949719
SPY,2017/6/30,242.28,242.71,241.575,241.8,86820694
SPY,2017/7/3,242.88,243.38,242.21,242.21,39153806
SPY,2017/7/5,242.63,243.01,241.7,242.77,54427596
SPY,2017/7/6,241.89,242.03,240.34,240.55,66115317
SPY,2017/7/7,241.21,242.28,240.5645,242.11,57972268
SPY,2017/7/10,241.95,242.8,241.76,242.37,36663274
SPY,2017/7/11,242.16,242.55,240.85,242.19,50354614
SPY,2017/7/12,243.3,244.2,243.3,244.01,59610405
SPY,2017/7/13,244.02,244.55,243.76,244.42,39471637
SPY,2017/7/14,244.43,245.97,244.31,245.56,60262692
SPY,2017/7/17,245.47,245.91,245.33,245.53,33531917
SPY,2017/7/18,245.06,245.72,244.67,245.66,42742498
SPY,2017/7/19,246.02,247,246.01,246.99,51034260
SPY,2017/7/20,247.28,247.42,246.47,247.1,47135183
SPY,2017/7/21,246.44,246.91,246.18,246.88,88711019
SPY,2017/7/24,246.79,246.98,246.28,246.82,46622256
SPY,2017/7/25,247.68,247.8,247.16,247.42,54915591
SPY,2017/7/26,247.75,247.79,247.13,247.43,47575422
SPY,2017/7/27,247.96,248,245.68,247.2,70766568
SPY,2017/7/28,246.65,247.06,246.13,246.91,50088359
SPY,2017/7/31,247.37,247.48,246.53,246.77,65838659
SPY,2017/8/1,247.46,247.5,246.716,247.32,55050401
SPY,2017/8/2,247.47,247.6,246.37,247.44,47211216
SPY,2017/8/3,247.31,247.34,246.64,246.96,40855997
SPY,2017/8/4,247.52,247.79,246.97,247.41,60191838
SPY,2017/8/7,247.49,247.87,247.37,247.87,31995021
SPY,2017/8/8,247.51,248.91,246.83,247.26,61719353
SPY,2017/8/9,246.47,247.31,246.06,247.25,62632619
SPY,2017/8/10,246.29,246.44,243.7,243.76,120479470
SPY,2017/8/11,244.02,244.8,243.75,244.12,74869947
SPY,2017/8/14,245.59,246.79,245.55,246.54,73291919
SPY,2017/8/15,246.98,247,246.16,246.51,55242746
SPY,2017/8/16,247.11,247.57,246.45,246.94,56715544
SPY,2017/8/17,246.24,246.6,243.09,243.09,128490396
SPY,2017/8/18,242.9,244.189,242.2,242.71,136747986
SPY,2017/8/21,242.64,243.2,241.83,242.9,65469736
SPY,2017/8/22,243.57,245.62,243.55,245.44,63140101
SPY,2017/8/23,244.33,245.05,244.16,244.56,50203837
SPY,2017/8/24,245,245.18,243.75,243.99,50741671
SPY,2017/8/25,244.9,245.61,244.39,244.56,64445912
SPY,2017/8/28,245.17,245.2,244.09,244.57,40565606
SPY,2017/8/29,243.06,245.15,242.93,244.85,51135715
SPY,2017/8/30,244.83,246.32,244.62,246.01,62030805
SPY,2017/8/31,246.72,247.77,246.0473,247.49,103803880
SPY,2017/9/1,247.92,248.33,247.67,247.84,62006989
SPY,2017/9/5,247.26,247.52,244.95,246.06,91398777
SPY,2017/9/6,246.84,247.28,246.23,246.9,57916867
SPY,2017/9/7,247.25,247.27,246.4,246.87,58034730
SPY,2017/9/8,246.54,247.11,246.3,246.58,63832825
SPY,2017/9/11,248.04,249.3,248.02,249.21,71364848
SPY,2017/9/12,249.63,250.09,249.42,250.05,56896027
SPY,2017/9/13,249.72,250.21,249.59,250.17,59228002
SPY,2017/9/14,249.8,250.32,249.6,250.09,95446349
SPY,2017/9/15,248.69,249.29,248.57,249.19,95432382
SPY,2017/9/18,249.61,250.12,249.28,249.72,46235238
SPY,2017/9/19,250,250.07,249.6,249.97,47108148
SPY,2017/9/20,250.07,250.19,248.92,250.06,59574083
SPY,2017/9/21,249.88,249.98,249.185,249.39,48211398
SPY,2017/9/22,249.05,249.63,249.02,249.44,51214032
SPY,2017/9/25,249.15,249.5532,248.08,248.93,57064357
SPY,2017/9/26,249.42,249.7,248.805,249.08,54081959
SPY,2017/9/27,249.88,250.49,248.87,250.05,81001426
SPY,2017/9/28,249.73,250.44,249.63,250.35,44778841
SPY,2017/9/29,250.34,251.32,250.13,251.23,85578002
SPY,2017/10/2,251.49,252.32,251.2926,252.32,59022985
SPY,2017/10/3,252.46,252.89,252.23,252.86,66810169
SPY,2017/10/4,252.69,253.44,252.56,253.16,55953619
SPY,2017/10/5,253.54,254.68,253.196,254.66,63522757
SPY,2017/10/6,254.15,254.7008,253.85,254.37,80645998
SPY,2017/10/9,254.63,254.7,253.65,253.95,35803138
SPY,2017/10/10,254.6,255.05,253.98,254.62,43057363
SPY,2017/10/11,254.51,255.02,254.32,255.02,47674325
SPY,2017/10/12,254.66,255.06,254.365,254.64,47065144
SPY,2017/10/13,255.14,255.27,254.64,254.95,54800435
SPY,2017/10/16,255.21,255.51,254.82,255.29,38221675
SPY,2017/10/17,255.23,255.52,254.98,255.47,31560964
SPY,2017/10/18,255.9,255.95,255.5,255.72,40888330
SPY,2017/10/19,254.83,255.83,254.35,255.79,61903788
SPY,2017/10/20,256.7,257.14,255.7744,257.11,89176377
SPY,2017/10/23,257.48,257.51,256.02,256.11,63915306
SPY,2017/10/24,256.6,256.83,256.15,256.56,66935910
SPY,2017/10/25,256.18,256.31,254,255.29,103715291
SPY,2017/10/26,255.99,256.3,255.48,255.62,69797972
SPY,2017/10/27,256.47,257.89,255.6254,257.71,85562544
SPY,2017/10/30,257.07,257.6,256.41,256.75,54285687
SPY,2017/10/31,257.18,257.44,256.805,257.15,60304781
SPY,2017/11/1,258.04,258.43,257.07,257.49,54202736
SPY,2017/11/2,257.41,257.75,256.19,257.59,56449535
SPY,2017/11/3,257.77,258.5,257.3,258.45,59589730
SPY,2017/11/6,258.3,259,258.22,258.85,49652598
SPY,2017/11/7,258.97,259.35,258.09,258.67,57502161
SPY,2017/11/8,258.47,259.22,258.15,259.11,50469579
SPY,2017/11/9,257.73,258.39,256.36,258.17,95085497
SPY,2017/11/10,257.73,258.2926,257.37,258.09,59984662
SPY,2017/11/13,257.31,258.59,257.27,258.33,50228648
SPY,2017/11/14,257.41,257.85,256.52,257.73,61315152
SPY,2017/11/15,256.62,257.22,255.63,256.44,80811525
SPY,2017/11/16,257.52,259.04,257.4748,258.62,67777027
SPY,2017/11/17,258.22,258.5882,257.77,257.86,75756833
SPY,2017/11/20,258.14,258.525,257.86,258.3,48075514
SPY,2017/11/21,259.18,260.2,258.2627,259.99,69176799
SPY,2017/11/22,260,260.15,259.57,259.76,45033392
SPY,2017/11/24,260.32,260.48,260.16,260.36,27856514
SPY,2017/11/27,260.41,260.75,260,260.23,52274922
SPY,2017/11/28,260.76,262.9,260.655,262.87,98971719
SPY,2017/11/29,263.02,263.63,262.2,262.71,77512102
SPY,2017/11/30,263.76,266.05,263.67,265.01,127894389
SPY,2017/12/1,264.76,265.31,260.76,264.46,164390902
SPY,2017/12/4,266.31,266.8,264.08,264.14,94040560
SPY,2017/12/5,264.43,265.15,263.04,263.19,77994544
SPY,2017/12/6,262.87,263.73,262.71,263.24,75898566
SPY,2017/12/7,263.09,264.43,262.94,264.07,77218569
SPY,2017/12/8,264.99,265.52,264.0315,265.51,76563873
SPY,2017/12/11,265.58,266.38,265.4793,266.31,83077533
SPY,2017/12/12,266.57,267.32,266.345,266.78,85195750
SPY,2017/12/13,267.06,267.56,266.65,266.75,102905409
SPY,2017/12/14,267.09,267.22,265.6,265.66,100666692
SPY,2017/12/15,265.45,267.04,265.39,266.51,144610290
SPY,2017/12/18,268.1,268.6,267.98,268.2,83653572
SPY,2017/12/19,268.48,268.53,267.09,267.17,82382876
SPY,2017/12/20,268.27,268.33,266.69,267.03,76751500
SPY,2017/12/21,267.74,268.385,267.3,267.58,67032339
SPY,2017/12/22,267.6,267.635,266.9,267.51,78720873
SPY,2017/12/26,267.05,267.4377,266.885,267.19,45244433
SPY,2017/12/27,267.38,267.73,267.01,267.32,57750986
SPY,2017/12/28,267.89,267.92,267.45,267.87,45116139
SPY,2017/12/29,268.53,268.55,266.64,266.86,96007424
SPY,2018/1/2,267.84,268.81,267.4,268.77,86655749
SPY,2018/1/3,268.96,270.64,268.96,270.47,90070416
SPY,2018/1/4,271.2,272.16,270.5447,271.61,80636408
SPY,2018/1/5,272.51,273.56,271.95,273.42,83523995
SPY,2018/1/8,273.31,274.1,272.98,273.92,57319192
SPY,2018/1/9,274.4,275.25,274.081,274.54,57253957
SPY,2018/1/10,273.68,274.42,272.92,274.12,69574318
SPY,2018/1/11,274.75,276.12,274.56,276.12,62361455
SPY,2018/1/12,276.42,278.11,276.0819,277.92,90816076
SPY,2018/1/16,279.35,280.09,276.18,276.97,106555142
SPY,2018/1/17,278.03,280.05,276.97,279.61,113258799
SPY,2018/1/18,279.48,279.96,278.58,279.14,100728006
SPY,2018/1/19,279.8,280.41,279.14,280.41,140920098
SPY,2018/1/22,280.17,282.69,280.11,282.69,91322408
SPY,2018/1/23,282.74,283.62,282.37,283.29,97084700
SPY,2018/1/24,284.02,284.7,281.84,283.18,134816117
SPY,2018/1/25,284.16,284.27,282.405,283.3,84587313
SPY,2018/1/26,284.25,286.6285,283.96,286.58,107743119
SPY,2018/1/29,285.93,286.43,284.5,284.68,90118337
SPY,2018/1/30,282.6,284.736,281.22,281.76,131796419
SPY,2018/1/31,282.73,283.3,280.68,281.9,118948131
SPY,2018/2/1,281.07,283.06,280.68,281.58,90102470
SPY,2018/2/2,280.08,280.23,275.41,275.45,173174790
SPY,2018/2/5,273.45,275.85,263.31,263.93,294681816
SPY,2018/2/6,259.94,269.7,258.7,269.13,355026782
SPY,2018/2/7,268.5,272.36,267.58,267.67,167376100
SPY,2018/2/8,268.01,268.17,257.59,257.63,246449505
SPY,2018/2/9,260.8,263.61,252.92,261.5,283565315
SPY,2018/2/12,263.83,267.01,261.6644,265.34,143735976
SPY,2018/2/13,263.97,266.62,263.31,266,81223640
SPY,2018/2/14,264.31,270,264.3,269.59,120735685
SPY,2018/2/15,271.57,273.04,268.77,273.03,111200286
SPY,2018/2/16,272.32,275.32,272.27,273.11,160420135
SPY,2018/2/20,272.03,273.67,270.5,271.4,86369662
SPY,2018/2/21,271.9,274.72,269.94,270.05,98883740
SPY,2018/2/22,271.1,273.05,269.64,270.4,110511290
SPY,2018/2/23,271.79,274.71,271.25,274.71,92766428
SPY,2018/2/26,275.93,278.01,275.26,277.9,86491406
SPY,2018/2/27,278.11,278.92,274.36,274.43,99099165
SPY,2018/2/28,275.68,276.19,271.29,271.65,121907767
SPY,2018/3/1,271.41,273.17,266,267.7,176855077
SPY,2018/3/2,265.8,269.72,264.82,269.08,139083217
SPY,2018/3/5,267.73,272.89,267.61,272.19,97307387
SPY,2018/3/6,273.3,273.39,271.18,272.88,79213163
SPY,2018/3/7,270.42,273.18,270.2,272.78,87063502
SPY,2018/3/8,273.55,274.24,272.42,274.1,66901150
SPY,2018/3/9,275.7,278.87,275.34,278.87,113625335
SPY,2018/3/12,279.2,279.91,278.0801,278.52,71924793
SPY,2018/3/13,279.84,280.41,276.03,276.72,91968937
SPY,2018/3/14,277.81,278.02,274.67,275.3,105895079
SPY,2018/3/15,275.88,276.61,274.43,275,83433038
SPY,2018/3/16,274.5,275.39,274.14,274.2,100343673
SPY,2018/3/19,273.35,274.3957,268.62,270.49,109208442
SPY,2018/3/20,270.94,271.67,270.18,270.95,59757271
SPY,2018/3/21,270.9,273.27,270.19,270.43,78709578
SPY,2018/3/22,267.91,268.87,263.36,263.67,148785916
SPY,2018/3/23,264.17,265.02,257.83,258.05,183534751
SPY,2018/3/26,262.13,265.43,259.41,265.11,141956102
SPY,2018/3/27,266.17,266.77,258.84,260.6,129941445
SPY,2018/3/28,260.75,262.64,258.58,259.83,146452306
SPY,2018/3/29,261.12,265.26,259.8389,263.15,124244790
SPY,2018/4/2,262.55,263.13,254.67,257.47,186286343
SPY,2018/4/3,258.87,261.31,256.84,260.77,119956861
SPY,2018/4/4,256.75,264.355,256.6,263.56,123715339
SPY,2018/4/5,265.55,266.64,264.32,265.64,82652618
SPY,2018/4/6,263.42,265.11,258,259.72,179521209
SPY,2018/4/9,261.37,264.84,259.9356,261,105442932
SPY,2018/4/10,264.27,266.04,262.98,265.15,105573736
SPY,2018/4/11,263.47,265.64,263.39,263.76,91140243
SPY,2018/4/12,265.26,267,265.06,265.93,68890480
SPY,2018/4/13,267.41,267.54,264.01,265.15,85079176
SPY,2018/4/16,267,268.2,266.07,267.33,63405287
SPY,2018/4/17,269.33,270.87,268.75,270.19,64682036
SPY,2018/4/18,270.69,271.3,269.87,270.39,57303857
SPY,2018/4/19,269.65,269.88,267.72,268.89,77655909
SPY,2018/4/20,268.81,269.06,265.61,266.61,99953133
SPY,2018/4/23,267.26,267.89,265.35,266.57,65557954
SPY,2018/4/24,267.73,267.9762,261.28,262.98,112885452
SPY,2018/4/25,262.91,264.13,260.85,263.63,103840948
SPY,2018/4/26,264.79,267.2452,264.29,266.31,67731942
SPY,2018/4/27,267,267.34,265.5,266.56,57053647
SPY,2018/4/30,267.26,267.89,264.43,264.51,82182324
SPY,2018/5/1,263.87,265.1,262.11,264.98,74203365
SPY,2018/5/2,264.76,265.68,262.76,263.2,86368943
SPY,2018/5/3,262.26,263.36,259.05,262.62,136311479
SPY,2018/5/4,261.52,266.7892,261.15,266.02,91222075
SPY,2018/5/7,266.89,268.02,266.11,266.92,55304907
SPY,2018/5/8,266.5,267.325,265.15,266.92,67499247
SPY,2018/5/9,267.68,269.865,267.09,269.5,59666143
SPY,2018/5/10,270.34,272.39,270.22,272.02,72063931
SPY,2018/5/11,272.16,273.15,271.58,272.85,59871511
SPY,2018/5/14,273.34,274.08,272.36,272.98,54790606
SPY,2018/5/15,271.59,271.61,270.03,271.1,87036136
SPY,2018/5/16,271.14,272.76,271.11,272.24,53942631
SPY,2018/5/17,271.94,273.23,271.13,272.01,56536400
SPY,2018/5/18,271.62,272.03,270.93,271.33,64367959
SPY,2018/5/21,273.01,273.98,271.3512,273.37,58025875
SPY,2018/5/22,273.96,274.25,272.24,272.61,52966358
SPY,2018/5/23,271.17,273.39,270.99,273.36,64694184
SPY,2018/5/24,272.91,273.22,270.78,272.8,76043827
SPY,2018/5/25,272.15,272.86,271.58,272.15,56374755
SPY,2018/5/29,270.31,271.17,267.76,269.02,115908607
SPY,2018/5/30,270.5,273.11,270.42,272.61,69678449
SPY,2018/5/31,272.15,272.49,270.255,270.94,93519941
SPY,2018/6/1,272.41,273.94,272.33,273.6,71258411
SPY,2018/6/4,274.53,275.185,274.26,274.9,45385166
SPY,2018/6/5,275.05,275.53,274.18,275.1,51135038
SPY,2018/6/6,275.79,277.52,275.09,277.4,62732215
SPY,2018/6/7,277.95,278.28,276.34,277.37,72969402
SPY,2018/6/8,276.85,278.25,276.66,278.19,72139719
SPY,2018/6/11,278.44,279.37,278.31,278.56,58892515
SPY,2018/6/12,279.03,279.33,278.19,278.92,72329028
SPY,2018/6/13,279.19,279.48,277.8,278.03,79070610
SPY,2018/6/14,279.01,279.33,278.0599,278.73,77097620
SPY,2018/6/15,276.6,277.51,275.35,277.13,120041562
SPY,2018/6/18,275.49,276.7,274.95,276.56,52917581
SPY,2018/6/19,274,275.75,273.53,275.5,97531510
SPY,2018/6/20,276.27,276.72,275.59,275.97,53785486
SPY,2018/6/21,275.96,275.98,273.68,274.24,71061404
SPY,2018/6/22,275.66,275.785,274.49,274.74,56612003
SPY,2018/6/25,273.44,273.6162,269.1,271,137854162
SPY,2018/6/26,271.64,272.56,270.79,271.6,68683211
SPY,2018/6/27,272.26,273.865,269.18,269.35,105110674
SPY,2018/6/28,269.29,271.75,268.49,270.89,76650517
SPY,2018/6/29,272.12,273.66,271.1495,271.28,97592499
SPY,2018/7/2,269.51,272.04,269.24,271.86,63554774
SPY,2018/7/3,272.87,272.98,270.42,270.9,42187071
SPY,2018/7/5,272.17,273.18,270.96,273.11,56925919
SPY,2018/7/6,273.14,275.84,272.715,275.42,66493696
SPY,2018/7/9,276.55,277.96,276.5,277.9,50550399
SPY,2018/7/10,278.41,279.01,278.08,278.9,51966829
SPY,2018/7/11,277.15,278.04,276.52,276.86,77054739
SPY,2018/7/12,278.28,279.43,277.6,279.37,60124687
SPY,2018/7/13,279.17,279.93,278.66,279.59,48234964
SPY,2018/7/16,279.64,279.803,278.84,279.34,48201038
SPY,2018/7/17,278.47,280.91,278.41,280.47,52315500
SPY,2018/7/18,280.56,281.18,280.06,281.06,44593465
SPY,2018/7/19,280.31,280.74,279.46,280,61412117
SPY,2018/7/20,279.77,280.48,279.5,279.68,82372729
SPY,2018/7/23,279.45,280.43,279.06,280.2,47047565
SPY,2018/7/24,281.79,282.56,280.63,281.61,68026935
SPY,2018/7/25,281.33,284.37,281.28,284.01,78882927
SPY,2018/7/26,283.2,284.11,283.09,283.34,57919495
SPY,2018/7/27,283.71,283.82,280.38,281.42,76783177
SPY,2018/7/30,281.51,281.69,279.36,279.95,63742508
SPY,2018/7/31,280.81,282.02,280.38,281.33,68570493
SPY,2018/8/1,281.56,282.13,280.1315,280.86,53853326
SPY,2018/8/2,279.39,282.58,279.16,282.39,63426363
SPY,2018/8/3,282.53,283.6577,282.33,283.6,53935386
SPY,2018/8/6,283.64,284.99,283.2015,284.64,39400887
SPY,2018/8/7,285.39,286.01,285.24,285.58,43196646
SPY,2018/8/8,285.39,285.91,284.94,285.46,42114551
SPY,2018/8/9,285.53,285.97,284.915,285.07,35716976
SPY,2018/8/10,283.45,284.055,282.36,283.16,77076044
SPY,2018/8/13,283.47,284.16,281.77,282.1,65732909
SPY,2018/8/14,282.92,284.17,282.4833,283.9,43842031
SPY,2018/8/15,282.38,282.54,280.16,281.78,102925355
SPY,2018/8/16,283.4,285.04,283.36,284.06,69967919
SPY,2018/8/17,283.83,285.5601,283.37,285.06,65618481
SPY,2018/8/20,285.57,285.97,285.06,285.67,39807490
SPY,2018/8/21,286.25,287.31,285.7135,286.34,67271983
SPY,2018/8/22,285.88,286.76,285.575,286.17,44993333
SPY,2018/8/23,285.97,286.94,285.43,285.79,49204851
SPY,2018/8/24,286.44,287.67,286.38,287.51,57487399
SPY,2018/8/27,288.86,289.9,288.68,289.78,57072377
SPY,2018/8/28,290.3,290.4175,289.4,289.92,46943472
SPY,2018/8/29,290.16,291.74,289.8854,291.48,61485514
SPY,2018/8/30,290.94,291.36,289.63,290.3,61229501
SPY,2018/8/31,289.84,290.81,289.29,290.31,66140838
SPY,2018/9/4,289.84,290.21,288.68,289.81,57594367
SPY,2018/9/5,289.41,289.64,287.89,289.03,72452437
SPY,2018/9/6,289.15,289.49,287,288.16,65909863
SPY,2018/9/7,286.98,288.7,286.71,287.6,73524824
SPY,2018/9/10,288.74,289.04,287.88,288.1,50210903
SPY,2018/9/11,287.37,289.55,286.975,289.05,50530492
SPY,2018/9/12,289.06,289.8,288.23,289.12,59810758
SPY,2018/9/13,290.32,291.0384,289.995,290.83,51034222
SPY,2018/9/14,291.06,291.27,290,290.88,55079875
SPY,2018/9/17,290.82,290.86,289.03,289.34,68244043
SPY,2018/9/18,289.58,291.58,289.55,290.91,61930407
SPY,2018/9/19,290.97,291.69,290.825,291.22,49080562
SPY,2018/9/20,292.64,293.94,291.2363,293.58,100360646
SPY,2018/9/21,293.09,293.22,291.81,291.99,105479656
SPY,2018/9/24,291.34,291.5,290.37,291.02,53409645
SPY,2018/9/25,291.53,291.65,290.4833,290.75,44370037
SPY,2018/9/26,290.91,292.24,289.41,289.88,79739674
SPY,2018/9/27,290.41,291.91,290.1,290.69,59249455
SPY,2018/9/28,289.99,291.28,289.95,290.72,70091385
SPY,2018/10/1,292.11,292.93,290.98,291.73,62078937
SPY,2018/10/2,291.56,292.355,291.14,291.56,47258227
SPY,2018/10/3,292.74,293.21,291.32,291.72,64694594
SPY,2018/10/4,291.18,291.24,287.66,289.44,111545910
SPY,2018/10/5,289.69,290.27,286.22,287.82,105951698
SPY,2018/10/8,287.05,288.22,285.5,287.82,87742172
SPY,2018/10/9,287.39,288.86,286.77,287.4,74338982
SPY,2018/10/10,286.83,286.91,277.88,278.3,214731042
SPY,2018/10/11,277.08,278.9,270.36,272.17,274840491
SPY,2018/10/12,276.77,277.09,272.37,275.95,183186492
SPY,2018/10/15,275.55,277.04,274.3,274.4,102263717
SPY,2018/10/16,276.6,280.82,276.07,280.4,118255834
SPY,2018/10/17,280.44,281.15,277.56,280.45,110625987
SPY,2018/10/18,279.4,280.07,274.97,276.4,134557525
SPY,2018/10/19,277.13,279.3,275.47,276.25,139901634
SPY,2018/10/22,277,277.36,274.41,275.01,82415812
SPY,2018/10/23,270.95,274.87,268.61,273.61,146352719
SPY,2018/10/24,273.33,273.76,264.7,265.32,177806697
SPY,2018/10/25,267.38,271.81,266.23,270.08,138061545
SPY,2018/10/26,265.92,271,262.29,265.33,201574596
SPY,2018/10/29,268.8,270.25,259.85,263.86,160749101
SPY,2018/10/30,263.67,268.12,263.12,267.77,157115995
SPY,2018/10/31,270.65,273.23,270.12,270.63,128296325
SPY,2018/11/1,271.6,273.73,270.38,273.51,99495037
SPY,2018/11/2,274.75,275.23,269.59,271.89,122634107
SPY,2018/11/5,272.44,274.01,271.35,273.39,65622482
SPY,2018/11/6,273.32,275.3,273.25,275.12,60085894
SPY,2018/11/7,277.56,281.1,277.08,281.01,102752099
SPY,2018/11/8,280.11,281.22,279.22,280.5,65584886
SPY,2018/11/9,279.03,279.24,276.18,277.76,98812561
SPY,2018/11/12,277.19,277.46,271.99,272.57,99673574
SPY,2018/11/13,273.09,275.325,271.25,272.06,98176610
SPY,2018/11/14,274.16,274.61,268.45,270.2,125335931
SPY,2018/11/15,268.78,273.54,267.0102,273.02,135101437
SPY,2018/11/16,271.79,274.75,271.21,273.73,126668040
SPY,2018/11/19,273.05,273.38,268.07,269.1,103061706
SPY,2018/11/20,265.36,267,263.15,264.12,136021311
SPY,2018/11/21,265.86,267.15,265.01,265.02,75563743
SPY,2018/11/23,263.18,264.8234,263.07,263.25,42807878
SPY,2018/11/26,265.78,267.75,265.34,267.5,79981362
SPY,2018/11/27,266.34,268.4,265.66,268.4,75502441
SPY,2018/11/28,269.6,274.58,268.3272,274.58,127629633
SPY,2018/11/29,273.71,275.55,272.43,273.98,82346420
SPY,2018/11/30,273.81,276.28,273.45,275.65,98204190
SPY,2018/12/3,280.28,280.4,277.505,279.3,103017719
SPY,2018/12/4,278.37,278.85,269.9,270.25,177986013
SPY,2018/12/6,265.92,269.97,262.44,269.84,204185411
SPY,2018/12/7,269.46,271.22,262.63,263.57,161018923
SPY,2018/12/10,263.37,265.1613,258.62,264.07,151445885
SPY,2018/12/11,267.66,267.87,262.48,264.13,121504431
SPY,2018/12/12,267.47,269,265.37,265.46,97976706
SPY,2018/12/13,266.52,267.49,264.12,265.37,96662717
SPY,2018/12/14,262.96,264.03,259.85,260.47,116961071
SPY,2018/12/17,259.4,260.65,253.525,255.36,165492257
SPY,2018/12/18,257.2,257.95,253.28,255.08,134515094
SPY,2018/12/19,255.17,259.4,249.35,251.26,214992763
SPY,2018/12/20,249.86,251.62,244.65,247.17,252053377
SPY,2018/12/21,246.74,249.71,239.98,240.7,255345633
SPY,2018/12/24,239.04,240.8355,234.27,234.34,147311588
SPY,2018/12/26,235.97,246.18,233.76,246.18,218485360
SPY,2018/12/27,242.57,248.29,238.96,248.07,186267342
SPY,2018/12/28,249.58,251.4,246.45,247.75,153100189
SPY,2018/12/31,249.56,250.19,247.47,249.92,144299370
SPY,2019/1/2,245.98,251.21,245.95,250.18,126925199
SPY,2019/1/3,248.23,248.57,243.67,244.21,144140692
SPY,2019/1/4,247.59,253.11,247.17,252.39,142628834
SPY,2019/1/7,252.69,255.95,251.69,254.38,103139100
SPY,2019/1/8,256.82,257.31,254,256.77,102512587
SPY,2019/1/9,257.56,258.91,256.19,257.97,95006554
SPY,2019/1/10,256.26,259.16,255.5,258.88,96823923
SPY,2019/1/11,257.68,259.0098,257.03,258.98,73858110
SPY,2019/1/14,256.86,258.3,256.41,257.4,70908227
SPY,2019/1/15,257.82,260.7,257.81,260.35,85208271
SPY,2019/1/16,260.83,261.9666,260.6,260.98,77636710
SPY,2019/1/17,260.01,263.92,259.96,262.96,96118435
SPY,2019/1/18,264.98,266.98,262.998,266.46,127900303
SPY,2019/1/22,264.82,265.06,261.06,262.86,115531183
SPY,2019/1/23,264.01,264.79,260.66,263.41,86030287
SPY,2019/1/24,263.21,264.2,262.08,263.55,59204139
SPY,2019/1/25,265.61,266.7,263.6595,265.78,96883358
SPY,2019/1/28,263.39,263.83,261.79,263.76,85613655
SPY,2019/1/29,263.92,264.55,262.48,263.41,66136334
SPY,2019/1/30,265.1,268.52,264.25,267.58,92473671
SPY,2019/1/31,267.51,270.47,267.27,269.93,104012073
SPY,2019/2/1,270.15,271.2,269.18,270.06,85782524
SPY,2019/2/4,270.11,272.03,269.36,271.96,60744844
SPY,2019/2/5,272.44,273.44,271.88,273.1,79552774
SPY,2019/2/6,272.79,273.34,271.92,272.74,58347791
SPY,2019/2/7,270.94,271.55,268.29,270.14,95481961
SPY,2019/2/8,268.75,270.58,267.83,270.47,75788861
SPY,2019/2/11,271.2,271.49,270.03,270.62,68021423
SPY,2019/2/12,272.42,274.52,272.34,274.1,72270221
SPY,2019/2/13,275.03,275.93,274.56,274.99,65277204
SPY,2019/2/14,273.78,275.64,272.87,274.38,83234396
SPY,2019/2/15,276.36,277.41,276.13,277.37,97088659
SPY,2019/2/19,276.4813,278.58,276.47,277.85,59120804
SPY,2019/2/20,277.81,278.92,277.25,278.41,76610767
SPY,2019/2/21,277.7,278.1,276.345,277.42,64214727
SPY,2019/2/22,278.11,279.36,277.4029,279.14,78114616
SPY,2019/2/25,280.73,281.31,279.43,279.52,69030699
SPY,2019/2/26,279.13,280.3,278.9,279.32,56844101
SPY,2019/2/27,278.52,279.59,277.48,279.2,56921570
SPY,2019/2/28,278.96,279.45,278.32,278.68,69268293
SPY,2019/3/1,280.44,280.88,278.82,280.42,78880548
SPY,2019/3/4,281.6,281.87,276.84,279.4,106494637
SPY,2019/3/5,279.54,279.76,278.41,279.02,59114559
SPY,2019/3/6,279.15,279.16,276.97,277.33,75039771
SPY,2019/3/7,276.83,276.99,274.07,275.01,94885089
SPY,2019/3/8,272.94,274.65,272.42,274.46,85795799
SPY,2019/3/11,275.26,278.62,275.23,278.44,65098897
SPY,2019/3/12,279.06,280.07,278.85,279.49,79667530
SPY,2019/3/13,280.48,282.38,280.3,281.34,80639153
SPY,2019/3/14,281.37,281.84,280.6662,281.16,67518366
SPY,2019/3/15,280.54,282.21,280.33,281.31,81308979
SPY,2019/3/18,281.55,282.66,281.3,282.33,62199806
SPY,2019/3/19,283.51,284.36,281.41,282.4,90268121
SPY,2019/3/20,282.16,283.5,280.32,281.55,84609210
SPY,2019/3/21,280.64,285.18,280.59,284.73,79550375
SPY,2019/3/22,283.22,283.8034,279.18,279.25,122659286
SPY,2019/3/25,278.87,280.1853,277.64,279.04,85575197
SPY,2019/3/26,280.99,282.18,279.56,281.12,68125920
SPY,2019/3/27,281.11,281.76,277.93,279.65,72224722
SPY,2019/3/28,280.35,281.21,279.07,280.71,56238545
SPY,2019/3/29,282.39,282.84,281.14,282.48,82186806
SPY,2019/4/1,284.7,286.16,284.4,285.83,77617945
SPY,2019/4/2,286.04,286.23,285.09,285.97,40070351
SPY,2019/4/3,287.32,287.76,285.75,286.42,68243202
SPY,2019/4/4,286.78,287.459,286.01,287.18,48997505
SPY,2019/4/5,287.92,288.63,287.6,288.57,58621729
SPY,2019/4/8,288.1,288.91,287.37,288.79,53566335
SPY,2019/4/9,287.72,288.08,286.7,287.31,66142316
SPY,2019/4/10,287.77,288.3899,287.31,288.29,52601499
SPY,2019/4/11,288.83,288.84,287.578,288.21,55093100
SPY,2019/4/12,290,290.47,288.261,290.16,69727782
SPY,2019/4/15,290.24,290.35,289.075,289.97,49596685
SPY,2019/4/16,290.95,291.01,289.5,290.16,52153197
SPY,2019/4/17,291.4,291.425,288.99,289.45,58268295
SPY,2019/4/18,290.1,290.32,288.66,290.02,68708513
SPY,2019/4/22,289.17,290.435,289.07,290.27,40160140
SPY,2019/4/23,290.68,293.14,290.42,292.88,52246633
SPY,2019/4/24,292.79,293.16,292.07,292.23,50392914
SPY,2019/4/25,292.12,292.78,290.73,292.05,57770862
SPY,2019/4/26,292.1,293.49,291.2401,293.41,50916423
SPY,2019/4/29,293.51,294.45,293.41,293.87,57197747
SPY,2019/4/30,293.49,294.34,291.92,294.02,81111733
SPY,2019/5/1,294.72,294.95,291.8,291.81,71671870
SPY,2019/5/2,291.68,292.7,289.52,291.18,65030170
SPY,2019/5/3,292.82,294.34,291.2998,294.03,56543653
SPY,2019/5/6,289.25,293.31,288.9,292.82,107198069
SPY,2019/5/7,290.15,290.81,285.81,287.93,144729908
SPY,2019/5/8,287.53,289.43,286.87,287.53,91568287
SPY,2019/5/9,285.23,287.33,283.3,286.66,103471104
SPY,2019/5/10,285.62,288.94,282.3,288.1,112429293
SPY,2019/5/13,282.42,283.49,279.93,280.86,127290527
SPY,2019/5/14,281.99,285.1,281.85,283.4,77003230
SPY,2019/5/15,281.59,285.77,281.36,285.06,73956407
SPY,2019/5/16,285.84,289.21,285.76,287.7,76749643
SPY,2019/5/17,285.14,288.6,285.1207,285.84,100353024
SPY,2019/5/20,284.06,285.43,283.12,283.95,62877610
SPY,2019/5/21,285.83,286.93,285.55,286.51,46847085
SPY,2019/5/22,285.45,286.69,285.1,285.63,49482472
SPY,2019/5/23,283.16,283.21,280.57,282.14,98733847
SPY,2019/5/24,283.74,284.2,282.09,282.78,55268095
SPY,2019/5/28,283.09,284.15,280.13,280.15,70029356
SPY,2019/5/29,278.91,279.36,276.71,278.27,104972927
SPY,2019/5/30,279.11,280.04,277.805,279.03,62523780
SPY,2019/5/31,276.2,277.12,275.24,275.27,86862782
SPY,2019/6/3,275.31,276.5521,273.09,274.57,96427952
SPY,2019/6/4,277.12,280.68,276.62,280.53,77231889
SPY,2019/6/5,282.33,282.99,280.32,282.96,71169717
SPY,2019/6/6,283.29,285.55,282.57,284.8,69430381
SPY,2019/6/7,285.93,288.85,285.74,287.65,74272199
SPY,2019/6/10,289.37,290.82,288.8734,288.97,60799053
SPY,2019/6/11,290.99,291.4,288.1805,288.9,58641325
SPY,2019/6/12,288.64,289.26,287.815,288.39,47096312
SPY,2019/6/13,289.4,289.98,288.62,289.58,48945156
SPY,2019/6/14,289.26,289.93,288.41,289.26,52324716
SPY,2019/6/17,289.52,290.22,289.18,289.37,39205709
SPY,2019/6/18,291.39,293.57,290.99,292.4,85434823
SPY,2019/6/19,292.55,293.65,291.47,293.06,78674377
SPY,2019/6/20,296.04,296.3093,293.1255,295.86,116570017
SPY,2019/6/21,294.13,295.52,293.76,294,83309466
SPY,2019/6/24,294.23,294.58,293.47,293.64,47582730
SPY,2019/6/25,293.7,293.73,290.64,290.76,82028656
SPY,2019/6/26,291.75,292.31,290.345,290.47,51584902
SPY,2019/6/27,291.31,292.06,290.89,291.5,40355239
SPY,2019/6/28,292.58,293.55,292.01,293,59350929
SPY,2019/7/1,296.68,296.92,294.33,295.66,79117620
SPY,2019/7/2,295.61,296.49,294.68,296.43,61504544
SPY,2019/7/3,297.18,298.82,297.02,298.8,40898896
SPY,2019/7/5,297.44,298.64,296.01,298.46,51677326
SPY,2019/7/8,297.01,298.2579,296.22,296.82,45841772
SPY,2019/7/9,295.54,297.52,295.48,297.19,41101279
SPY,2019/7/10,298.37,299.66,297.78,298.61,58595558
SPY,2019/7/11,299.32,299.58,298.2,299.31,50889481
SPY,2019/7/12,299.85,300.73,299.51,300.65,40354410
SPY,2019/7/15,301.13,301.13,300.19,300.75,33910261
SPY,2019/7/16,300.65,300.88,299.44,299.71,40567964
SPY,2019/7/17,299.75,299.93,297.74,297.74,44102443
SPY,2019/7/18,297.19,299.25,296.7,298.83,51701687
SPY,2019/7/19,300.04,300.07,296.96,297.17,71081238
SPY,2019/7/22,297.61,298.5,297.04,297.9,43687404
SPY,2019/7/23,299.14,300.03,298.22,300.03,44657973
SPY,2019/7/24,299.19,301.44,299.09,301.44,47213232
SPY,2019/7/25,300.94,301,299.11,300,55394092
SPY,2019/7/26,300.76,302.23,300.62,302.01,45084077
SPY,2019/7/29,301.88,301.93,300.85,301.46,38126462
SPY,2019/7/30,299.91,301.17,299.49,300.72,45849045
SPY,2019/7/31,300.99,301.2,295.2,297.43,104245162
SPY,2019/8/1,297.6,300.87,293.96,294.84,142646576
SPY,2019/8/2,293.85,294.12,290.9,292.62,116749695
SPY,2019/8/5,288.09,288.21,281.72,283.82,178745449
SPY,2019/8/6,285.91,288.04,284.28,287.8,120711682
SPY,2019/8/7,284.4,288.82,282.04,287.97,140572265
SPY,2019/8/8,289.62,293.62,289.01,293.62,87713904
SPY,2019/8/9,292.58,293.24,289.65,291.62,93729958
SPY,2019/8/12,289.96,291.6052,287.02,288.07,65527632
SPY,2019/8/13,287.74,294.15,287.36,292.55,94792972
SPY,2019/8/14,288.07,292.4644,283.76,283.9,135622053
SPY,2019/8/15,284.88,285.64,282.39,284.65,101929845
SPY,2019/8/16,286.48,289.33,284.7138,288.85,85825286
SPY,2019/8/19,292.19,293.08,291.44,292.33,53640153
SPY,2019/8/20,291.77,292.36,289.95,290.09,51652752
SPY,2019/8/21,292.48,292.86,291.72,292.45,49723430
SPY,2019/8/22,293.23,293.93,290.4,292.36,51739292
SPY,2019/8/23,290.92,292.76,283.47,284.85,149318151
SPY,2019/8/26,287.27,288,285.58,288,72620598
SPY,2019/8/27,289.54,289.95,286.03,286.87,68262998
SPY,2019/8/28,286.14,289.07,285.25,288.89,59852324
SPY,2019/8/29,291.72,293.16,290.61,292.58,57998913
SPY,2019/8/30,294.22,294.2399,291.42,292.45,62961780
SPY,2019/9/3,290.57,291.58,289.27,290.74,69231875
SPY,2019/9/4,293.14,294.055,292.31,294.04,47003957
SPY,2019/9/5,296.79,298.83,294.001,297.82,83356779
SPY,2019/9/6,298.17,298.76,297.42,298.05,49584290
SPY,2019/9/9,299.14,299.24,297.16,298.2,51260290
SPY,2019/9/10,297.36,298.2,295.97,298.13,57947101
SPY,2019/9/11,298.47,300.34,297.75,300.25,68821066
SPY,2019/9/12,301.25,302.46,300.41,301.29,72908745
SPY,2019/9/13,301.78,302.17,300.68,301.09,62104838
SPY,2019/9/16,299.84,301.1378,299.45,300.16,58191175
SPY,2019/9/17,299.94,301.02,299.75,300.92,42904427
SPY,2019/9/18,300.49,301.22,298.24,301.1,74192091
SPY,2019/9/19,301.53,302.63,300.7103,301.08,78099215
SPY,2019/9/20,300.36,300.67,297.41,298.28,97455979
SPY,2019/9/23,297.55,299,297.27,298.21,47541321
SPY,2019/9/24,299.41,299.84,294.81,295.87,97367568
SPY,2019/9/25,295.96,298.11,294.33,297.62,73434081
SPY,2019/9/26,297.63,297.86,295.45,297,58722357
SPY,2019/9/27,297.83,297.9465,293.69,295.4,84781110
SPY,2019/9/30,295.97,297.55,295.92,296.77,52562761
SPY,2019/10/1,297.74,298.455,293,293.24,89900420
SPY,2019/10/2,291.5,291.51,286.64,288.06,124523974
SPY,2019/10/3,287.81,290.45,284.82,290.42,85906799
SPY,2019/10/4,291.14,294.63,290.82,294.35,66700681
SPY,2019/10/7,293.47,295.26,292.77,293.08,60656561
SPY,2019/10/8,291.04,291.85,288.49,288.53,101575470
SPY,2019/10/9,290.75,292.3,288.6559,291.27,65707329
SPY,2019/10/10,291.18,294.21,291,293.24,57255974
SPY,2019/10/11,296.27,298.74,296.1448,296.28,101228577
SPY,2019/10/14,295.93,296.67,295.57,295.95,40546668
SPY,2019/10/15,297.1,299.7,296.97,298.88,47832356
SPY,2019/10/16,298.37,299.16,297.92,298.4,50563596
SPY,2019/10/17,299.68,300.24,298.515,299.28,46784885
SPY,2019/10/18,298.69,299.395,296.99,297.97,64338028
SPY,2019/10/21,299.42,300.21,298.935,299.99,39460901
SPY,2019/10/22,300.58,300.9,298.91,299.01,49126038
SPY,2019/10/23,298.73,299.94,298.495,299.88,34991829
SPY,2019/10/24,300.91,301.07,299.4601,300.37,35857459
SPY,2019/10/25,299.74,302.2,299.6806,301.6,45205412
SPY,2019/10/28,302.94,303.85,302.91,303.3,42146965
SPY,2019/10/29,303,304.23,302.86,303.21,44284921
SPY,2019/10/30,303.43,304.55,301.99,304.14,49643928
SPY,2019/10/31,304.13,304.13,301.73,303.33,69053791
SPY,2019/11/1,304.92,306.19,304.74,306.14,71141515
SPY,2019/11/4,307.85,308,306.96,307.37,60606916
SPY,2019/11/5,307.59,307.9195,306.71,307.03,42933219
SPY,2019/11/6,307.03,307.4,306.06,307.1,46487108
SPY,2019/11/7,308.57,309.65,307.66,308.18,54272274
SPY,2019/11/8,307.8,309.0036,307.03,308.94,49068797
SPY,2019/11/11,307.42,308.54,307.27,308.35,35934909
SPY,2019/11/12,308.75,309.99,308.15,309,46484624
SPY,2019/11/13,307.91,309.54,307.66,309.1,54459018
SPY,2019/11/14,308.79,309.64,308.09,309.55,52001874
SPY,2019/11/15,311.02,311.84,310.26,311.79,62706192
SPY,2019/11/18,311.53,312.28,311.03,312.02,49327980
SPY,2019/11/19,312.68,312.69,311.22,311.93,67927818
SPY,2019/11/20,311.28,311.85,309.06,310.77,79696276
SPY,2019/11/21,310.89,311.01,309.39,310.27,54664690
SPY,2019/11/22,311.09,311.24,309.85,310.96,44850228
SPY,2019/11/25,311.98,313.37,311.98,313.37,48762676
SPY,2019/11/26,313.41,314.28,313.06,314.08,37727953
SPY,2019/11/27,314.61,315.48,314.37,315.48,44793179
SPY,2019/11/29,314.86,315.13,314.06,314.31,36592740
SPY,2019/12/2,314.59,314.66,311.17,311.64,76110027
SPY,2019/12/3,308.65,309.64,307.13,309.55,75172709
SPY,2019/12/4,310.7,312.12,310.32,311.46,49190402
SPY,2019/12/5,312.23,312.25,310.58,312.02,40781669
SPY,2019/12/6,314.12,315.31,314.11,314.87,48956767
SPY,2019/12/9,314.44,315.18,313.8,313.88,34904315
SPY,2019/12/10,313.82,314.55,312.81,313.53,53107133
SPY,2019/12/11,314.03,314.7,313.4393,314.42,53521450
SPY,2019/12/12,314.43,317.99,314.17,317.13,96585802
SPY,2019/12/13,316.87,318.67,316.02,317.32,81546487
SPY,2019/12/16,319.22,320.15,317.2542,319.5,82836128
SPY,2019/12/17,319.92,320.25,319.48,319.57,61131769
SPY,2019/12/18,320,320.25,319.53,319.59,48199955
SPY,2019/12/19,319.8,320.98,319.5246,320.9,85388424
SPY,2019/12/20,320.46,321.9742,319.3873,320.73,149338215
SPY,2019/12/23,321.59,321.65,321.06,321.22,53015641
SPY,2019/12/24,321.47,321.52,320.9,321.23,20270007
SPY,2019/12/26,321.65,322.95,321.64,322.94,31024188
SPY,2019/12/27,323.74,323.8,322.28,322.86,42554820
SPY,2019/12/30,322.95,323.1,320.55,321.08,49782730
SPY,2019/12/31,320.53,322.13,320.15,321.86,57106998
SPY,2020/1/2,323.54,324.89,322.53,324.87,59253833
SPY,2020/1/3,321.16,323.64,321.1,322.41,77783121
SPY,2020/1/6,320.49,323.73,320.36,323.64,55761948
SPY,2020/1/7,323.02,323.54,322.24,322.73,42854811
SPY,2020/1/8,322.94,325.78,322.67,324.45,68434153
SPY,2020/1/9,326.16,326.73,325.52,326.65,48569601
SPY,2020/1/10,327.2899,327.46,325.2,325.71,53057389
SPY,2020/1/13,326.39,327.96,325.92,327.95,47262010
SPY,2020/1/14,327.47,328.62,326.844,327.45,63036384
SPY,2020/1/15,327.35,329.02,327.26,328.19,72056598
SPY,2020/1/16,329.7,330.92,329.45,330.92,54050328
SPY,2020/1/17,331.7,332.18,330.8539,331.95,95846017
SPY,2020/1/21,330.9,332.18,330.82,331.3,77742415
SPY,2020/1/22,332.24,332.95,331.17,331.34,48914899
SPY,2020/1/23,330.63,332.1682,329.41,331.72,51962994
SPY,2020/1/24,332.44,332.53,327.36,328.77,87578442
SPY,2020/1/27,323.03,325.12,322.66,323.5,84062463
SPY,2020/1/28,325.06,327.85,323.6038,326.89,63833953
SPY,2020/1/29,328.38,328.63,326.4,326.62,54040889
SPY,2020/1/30,324.36,327.91,323.54,327.68,75491844
SPY,2020/1/31,327,327.17,320.73,321.73,113845576
SPY,2020/2/3,323.35,326.16,323.22,324.12,69242293
SPY,2020/2/4,328.07,330.01,327.72,329.06,62573190
SPY,2020/2/5,332.27,333.09,330.67,332.86,65951146
SPY,2020/2/6,333.91,334.19,332.8,333.98,50359688
SPY,2020/2/7,332.82,333.9941,331.6,332.2,64139443
SPY,2020/2/10,331.23,334.75,331.19,334.68,42070006
SPY,2020/2/11,336.16,337.02,334.684,335.26,54864533
SPY,2020/2/12,336.83,337.65,336.43,337.42,43992662
SPY,2020/2/13,335.8621,338.12,335.56,337.06,54501922
SPY,2020/2/14,337.51,337.73,336.2,337.6,64582210
SPY,2020/2/18,336.51,337.6677,335.21,336.73,57342526
SPY,2020/2/19,337.79,339.08,337.48,338.34,48814692
SPY,2020/2/20,337.7423,338.64,333.6817,336.95,74163362
SPY,2020/2/21,335.47,335.81,332.58,333.48,113788208
SPY,2020/2/24,323.14,333.5623,321.24,322.42,161088409
SPY,2020/2/25,323.94,324.61,311.69,312.65,218913168
SPY,2020/2/26,314.18,318.11,310.7,311.5,194773819
SPY,2020/2/27,305.46,311.5637,297.51,297.51,284353459
SPY,2020/2/28,288.7,297.892,285.54,296.26,385764020
SPY,2020/3/2,298.21,309.16,294.46,309.09,238703625
SPY,2020/3/3,309.5,313.84,297.57,300.24,300139149
SPY,2020/3/4,306.12,313.1,303.33,312.86,176613448
SPY,2020/3/5,304.98,308.47,300.01,302.46,186366809
SPY,2020/3/6,293.15,298.78,290.23,297.46,228667168
SPY,2020/3/9,275.3,284.19,273.45,274.23,309417349
SPY,2020/3/10,284.64,288.52,273.5,288.42,276444058
SPY,2020/3/11,280.7,281.94,270.88,274.36,256416563
SPY,2020/3/12,256,266.66,247.68,248.11,392220669
SPY,2020/3/13,263.09,271.4754,248.5237,269.32,329566100
SPY,2020/3/16,241.18,256.9,237.36,239.85,297240027
SPY,2020/3/17,245.04,256.17,237.07,252.8,262070471
SPY,2020/3/18,236.25,248.37,228.02,240,327597131
SPY,2020/3/19,239.25,247.38,232.22,240.51,289322037
SPY,2020/3/20,242.53,244.47,228.5,228.8,347158794
SPY,2020/3/23,228.19,229.6833,218.26,222.95,326025169
SPY,2020/3/24,234.42,244.1,233.8,243.15,235494475
SPY,2020/3/25,244.87,256.35,239.75,246.79,299430255
SPY,2020/3/26,249.52,262.8,249.05,261.2,257632816
SPY,2020/3/27,253.27,260.81,251.05,253.42,224341217
SPY,2020/3/30,255.7,262.43,253.53,261.65,170961866
SPY,2020/3/31,260.56,263.33,256.22,257.75,194881060
SPY,2020/4/1,247.98,257.6591,243.9,246.15,189554623
SPY,2020/4/2,245.19,252.68,244.59,251.83,177660430
SPY,2020/4/3,250.76,253.32,245.22,248.19,135561171
SPY,2020/4/6,257.84,267,248.1698,264.86,188061238
SPY,2020/4/7,274.21,275.03,264.89,265.13,201427189
SPY,2020/4/8,267.96,276,265.2542,274.03,153774487
SPY,2020/4/9,277.58,281.2,275.47,278.2,190282705
SPY,2020/4/13,277.14,277.51,271.41,275.66,114839053
SPY,2020/4/14,280.98,284.9,275.5106,283.79,134143350
SPY,2020/4/15,277.57,283.9407,275.46,277.76,121775006
SPY,2020/4/16,279.15,280.03,275.76,279.1,131798325
SPY,2020/4/17,285.38,287.3,282.4,286.64,146684784
SPY,2020/4/20,282.61,286.7912,281.35,281.59,100109285
SPY,2020/4/21,276.73,278.04,272.02,273.04,126385698
SPY,2020/4/22,278.35,281,276.91,279.1,93524584
SPY,2020/4/23,280.49,283.94,278.75,279.08,104709693
SPY,2020/4/24,280.73,283.7,278.5,282.97,85165953
SPY,2020/4/27,285.12,288.27,284.62,287.05,77896608
SPY,2020/4/28,291.02,291.4,285.4,285.73,105269985
SPY,2020/4/29,291.53,294.88,290.41,293.21,118745579
SPY,2020/4/30,291.71,293.3239,288.59,290.48,122901701
SPY,2020/5/1,285.31,290.6572,281.52,282.79,125180028
SPY,2020/5/4,280.74,283.9,279.13,283.57,80873213
SPY,2020/5/5,286.64,289.25,283.7134,286.19,79569938
SPY,2020/5/6,288.04,288.46,283.78,284.25,73632628
SPY,2020/5/7,287.75,289.78,287.13,287.68,75250412
SPY,2020/5/8,291.09,292.95,289.86,292.44,76622128
SPY,2020/5/11,290.34,294,289.88,292.5,79514231
SPY,2020/5/12,293.79,294.24,286.52,286.67,95870786
SPY,2020/5/13,286.06,287.19,278.965,281.6,144721099
SPY,2020/5/14,278.95,285.11,272.99,284.97,121977890
SPY,2020/5/15,282.37,286.33,281.34,286.28,111146276
SPY,2020/5/18,293.05,296.75,292.7,295,120320229
SPY,2020/5/19,294.35,296.205,291.95,291.97,95189316
SPY,2020/5/20,295.82,297.87,295.57,296.93,85861691
SPY,2020/5/21,296.79,297.67,293.6886,294.88,78293925
SPY,2020/5/22,294.57,295.63,293.22,295.44,63958200
SPY,2020/5/26,301.93,302.19,295.4646,299.08,88951442
SPY,2020/5/27,302.12,303.57,296.87,303.53,104817449
SPY,2020/5/28,304.65,306.84,302.24,302.97,90767807
SPY,2020/5/29,302.46,304.96,299.47,304.32,119265702
SPY,2020/6/1,303.62,306.205,303.06,305.55,56779836
SPY,2020/6/2,306.55,308.13,305.1,308.08,74267162
SPY,2020/6/3,310.24,313.22,309.94,312.18,92567574
SPY,2020/6/4,311.11,313,309.08,311.36,75794363
SPY,2020/6/5,317.23,321.275,317.16,319.34,150524674
SPY,2020/6/8,320.22,323.41,319.63,323.2,73641217
SPY,2020/6/9,320.3,323.2849,319.36,320.79,77479228
SPY,2020/6/10,321.42,322.39,318.2209,319,95000766
SPY,2020/6/11,311.46,312.15,300.01,300.61,209243560
SPY,2020/6/12,308.24,309.08,298.6,304.21,194678879
SPY,2020/6/15,298.02,308.28,296.74,307.05,135782724
SPY,2020/6/16,315.48,315.64,307.67,312.96,137627502
SPY,2020/6/17,314.07,314.39,310.86,311.66,83398944
SPY,2020/6/18,310.005,312.3,309.51,311.78,80828658
SPY,2020/6/19,314.17,314.38,306.53,308.64,135549624
SPY,2020/6/22,307.99,311.05,306.75,310.62,74649389
SPY,2020/6/23,313.49,314.5,311.6101,312.05,68471246
SPY,2020/6/24,309.84,310.51,302.1,304.09,132813492
SPY,2020/6/25,303.47,307.64,301.28,307.35,89467968
SPY,2020/6/26,306.16,306.39,299.42,300.05,127961017
SPY,2020/6/29,301.41,304.61,298.93,304.46,79773260
SPY,2020/6/30,303.99,310.2,303.82,308.36,113394772
SPY,2020/7/1,309.57,311.89,309.07,310.52,72396542
SPY,2020/7/2,314.24,315.7,311.51,312.23,69344217
SPY,2020/7/6,316.37,317.68,315.56,317.05,61713828
SPY,2020/7/7,315.38,317.52,313.37,313.78,82909963
SPY,2020/7/8,314.61,316.3,312.7,316.18,54638596
SPY,2020/7/9,316.84,317.1,310.68,314.38,83354158
SPY,2020/7/10,314.31,317.88,312.76,317.59,57550365
SPY,2020/7/13,320.13,322.71,314.13,314.84,102997484
SPY,2020/7/14,313.3,319.76,312,318.92,93656951
SPY,2020/7/15,322.41,323.04,319.265,321.85,87196524
SPY,2020/7/16,319.79,321.28,319.09,320.79,54622520
SPY,2020/7/17,321.88,322.57,319.735,321.72,62774911
SPY,2020/7/20,321.43,325.13,320.62,324.32,56308849
SPY,2020/7/21,326.45,326.93,323.94,325.01,57498967
SPY,2020/7/22,324.62,327.2,324.5,326.86,57792915
SPY,2020/7/23,326.47,327.23,321.48,322.96,75737989
SPY,2020/7/24,320.95,321.99,319.246,320.88,73766597
SPY,2020/7/27,321.63,323.41,320.775,323.22,48292970
SPY,2020/7/28,322.43,323.64,320.85,321.17,57494979
SPY,2020/7/29,322.12,325.73,322.075,325.12,48454159
SPY,2020/7/30,321.9,324.41,319.64,323.96,61861714
SPY,2020/7/31,325.9,326.63,321.33,326.52,85210755
SPY,2020/8/3,328.32,329.62,327.73,328.79,53077948
SPY,2020/8/4,327.86,330.06,327.86,330.06,41917893
SPY,2020/8/5,331.47,332.39,331.18,332.11,42866354
SPY,2020/8/6,331.4799,334.46,331.13,334.33,43679447
SPY,2020/8/7,333.28,334.88,332.3,334.57,57308270
SPY,2020/8/10,335.06,335.77,332.955,335.57,44282089
SPY,2020/8/11,336.85,337.54,332.01,332.8,69601087
SPY,2020/8/12,335.44,338.28,332.8377,337.44,53826128
SPY,2020/8/13,336.61,338.2514,335.83,336.83,41816146
SPY,2020/8/14,336.41,337.42,335.62,336.84,47260390
SPY,2020/8/17,337.94,338.34,336.8517,337.91,35480974
SPY,2020/8/18,338.34,339.1,336.61,338.64,38733908
SPY,2020/8/19,339.05,339.61,336.62,337.23,68054244
SPY,2020/8/20,335.36,338.8,335.22,338.28,42207826
SPY,2020/8/21,337.92,339.72,337.55,339.48,55106628
SPY,2020/8/24,342.12,343,339.4504,342.92,48588662
SPY,2020/8/25,343.53,344.21,342.27,344.12,38463381
SPY,2020/8/26,344.76,347.86,344.17,347.57,50790237
SPY,2020/8/27,348.51,349.9,346.53,348.33,58034142
SPY,2020/8/28,349.44,350.72,348.15,350.58,48588940
SPY,2020/8/31,350.35,351.3,349.06,349.31,66099183
SPY,2020/9/1,350.21,352.71,349.24,352.6,54999325
SPY,2020/9/2,354.67,358.75,353.43,357.7,69540035
SPY,2020/9/3,355.87,356.38,342.59,345.39,148011129
SPY,2020/9/4,346.13,347.83,334.87,342.57,139156281
SPY,2020/9/8,336.71,342.64,332.88,333.21,114465322
SPY,2020/9/9,337.55,342.46,336.61,339.79,91462290
SPY,2020/9/10,341.82,342.53,332.85,333.89,90569548
SPY,2020/9/11,335.82,336.97,331,334.06,84680194
SPY,2020/9/14,337.49,340.38,334.2208,338.46,65605686
SPY,2020/9/15,341.12,342.02,338.4683,340.17,52920862
SPY,2020/9/16,341.51,343.06,338.52,338.82,82211256
SPY,2020/9/17,333.56,337.6996,332.991,335.84,91523339
SPY,2020/9/18,335.37,335.49,327.97,330.65,105877942
SPY,2020/9/21,325.7,327.13,321.73,326.97,99450829
SPY,2020/9/22,328.57,330.9,325.86,330.3,63612107
SPY,2020/9/23,330.9,331.2,322.1,322.64,93112240
SPY,2020/9/24,321.22,326.797,319.8,323.5,76681332
SPY,2020/9/25,322.58,329.58,321.64,328.73,71069426
SPY,2020/9/28,333.22,334.96,332.15,334.19,64584614
SPY,2020/9/29,333.97,334.77,331.6209,332.37,51531594
SPY,2020/9/30,333.09,338.29,332.88,334.89,104081136
SPY,2020/10/1,337.69,338.74,335.01,337.04,88698745
SPY,2020/10/2,331.7,337.0126,331.19,333.84,89431112
SPY,2020/10/5,336.06,339.96,336.01,339.76,45713108
SPY,2020/10/6,339.91,342.17,334.38,334.93,90128883
SPY,2020/10/7,338.12,341.63,338.09,340.76,56999597
SPY,2020/10/8,342.85,343.85,341.86,343.78,45242476
SPY,2020/10/9,345.56,347.35,344.89,346.85,59528606
SPY,2020/10/12,349.59,354.02,349.06,352.43,80388533
SPY,2020/10/13,352.28,352.4651,349.09,350.13,73255513
SPY,2020/10/14,350.75,351.93,347.14,347.93,57958749
SPY,2020/10/15,343.71,348.02,343.13,347.5,60357659
SPY,2020/10/16,348.96,350.75,347.1,347.29,89501868
SPY,2020/10/19,348.65,349.33,341.04,342.01,68425614
SPY,2020/10/20,343.46,346.88,342.64,343.38,60051880
SPY,2020/10/21,343.33,348.6847,342.4,342.73,63574979
SPY,2020/10/22,342.96,345.24,340.65,344.61,55399292
SPY,2020/10/23,345.93,345.99,343.13,345.78,49143931
SPY,2020/10/26,342.13,342.98,335.62,339.39,91473002
SPY,2020/10/27,339.76,340.12,337.99,338.22,65994108
SPY,2020/10/28,332.1,338.2483,326.13,326.66,127094307
SPY,2020/10/29,326.91,333.395,325.09,329.98,90597689
SPY,2020/10/30,328.28,329.69,322.6,326.54,120448685
SPY,2020/11/2,330.2,332.36,327.24,330.2,86068299
SPY,2020/11/3,333.69,338.25,330.2935,336.03,93294192
SPY,2020/11/4,340.86,347.94,339.59,343.54,126959700
SPY,2020/11/5,349.24,352.19,348.86,350.24,82039749
SPY,2020/11/6,349.93,351.51,347.65,350.16,74972973
SPY,2020/11/9,363.97,364.38,354.06,354.56,172304203
SPY,2020/11/10,353.49,355.18,350.51,354.04,85552022
SPY,2020/11/11,356.4,357.56,355.06,356.67,58649048
SPY,2020/11/12,355.58,356.7182,351.26,353.21,68118563
SPY,2020/11/13,355.27,358.9,354.71,358.1,62959429
SPY,2020/11/16,360.98,362.78,359.59,362.57,74541138
SPY,2020/11/17,359.97,361.92,358.34,360.62,66111009
SPY,2020/11/18,360.91,361.5,356.24,356.28,70591299
SPY,2020/11/19,355.6,358.18,354.15,357.78,59940947
SPY,2020/11/20,357.5,357.72,355.25,355.33,70411890
SPY,2020/11/23,357.28,358.82,354.865,357.46,63230608
SPY,2020/11/24,360.21,363.81,359.29,363.22,62415877
SPY,2020/11/25,363.13,363.16,361.48,362.66,45330890
SPY,2020/11/27,363.84,364.18,362.58,363.67,28514072
SPY,2020/11/30,362.83,363.12,359.17,362.06,83872709
SPY,2020/12/1,365.57,367.68,364.93,366.02,74504969
SPY,2020/12/2,364.82,366.96,364.2,366.79,45927000
SPY,2020/12/3,366.68,368.19,365.5,366.69,62881998
SPY,2020/12/4,367.32,369.85,367.22,369.85,50749859
SPY,2020/12/7,369.02,369.62,367.72,369.09,48944269
SPY,2020/12/8,367.72,370.78,367.67,370.17,42458859
SPY,2020/12/9,370.88,371.05,365.95,366.85,74098312
SPY,2020/12/10,365.37,367.86,364.43,366.73,57735353
SPY,2020/12/11,364.9,366.7402,363.26,366.3,57698614
SPY,2020/12/14,368.64,369.8,364.47,364.66,69216174
SPY,2020/12/15,367.4,369.59,365.92,369.59,64071099
SPY,2020/12/16,369.82,371.16,368.8676,370.17,58420517
SPY,2020/12/17,371.94,372.46,371.05,372.24,64119472
SPY,2020/12/18,370.97,371.15,367.02,369.18,136542328
SPY,2020/12/21,364.97,378.46,362.03,367.86,96386745
SPY,2020/12/22,368.21,368.3317,366.03,367.24,48388462
SPY,2020/12/23,368.28,369.62,367.2172,367.57,46201402
SPY,2020/12/24,368.08,369.03,367.45,369,26457853
SPY,2020/12/28,371.74,372.59,371.07,372.17,39000402
SPY,2020/12/29,373.81,374,370.83,371.46,53680451
SPY,2020/12/30,372.34,373.1,371.57,371.99,49455259
SPY,2020/12/31,371.78,374.66,371.232,373.88,78520702
SPY,2021/1/4,375.31,375.45,364.82,368.79,110210810
SPY,2021/1/5,368.1,372.5,368.05,371.33,66426229
SPY,2021/1/6,369.71,376.98,369.12,373.55,107997675
SPY,2021/1/7,376.1,379.9,375.91,379.1,68766812
SPY,2021/1/8,380.59,381.49,377.1,381.26,71677208
SPY,2021/1/11,377.85,380.58,377.7189,378.69,51176719
SPY,2021/1/12,378.89,379.86,376.36,378.77,52547716
SPY,2021/1/13,378.69,380.86,377.85,379.79,45303619
SPY,2021/1/14,380.59,381.13,378.1,378.46,49989113
SPY,2021/1/15,376.72,377.58,373.7,375.7,107159962
SPY,2021/1/19,378.34,379.23,376.75,378.65,51233300
SPY,2021/1/20,381.11,384.79,380.69,383.89,61836062
SPY,2021/1/21,384.49,384.95,383.25,384.24,47955809
SPY,2021/1/22,382.25,384.1256,381.835,382.88,52136931
SPY,2021/1/25,383.67,384.77,378.46,384.39,70401971
SPY,2021/1/26,385.41,385.85,383.54,383.79,42665281
SPY,2021/1/27,380.22,380.32,372.01,374.41,123351078
SPY,2021/1/28,376.36,381.93,375.89,377.63,94198104
SPY,2021/1/29,375.63,376.67,368.27,370.07,126765121
SPY,2021/2/1,373.72,377.34,370.376,376.23,75817597
SPY,2021/2/2,379.65,383.22,376.3181,381.55,64450662
SPY,2021/2/3,382.435,383.7,380.48,381.85,52427090
SPY,2021/2/4,382.96,386.24,381.9655,386.19,47142555
SPY,2021/2/5,388.2,388.47,386.1444,387.71,48669773
SPY,2021/2/8,389.27,390.56,388.35,390.51,38365185
SPY,2021/2/9,389.61,390.89,389.17,390.25,35551059
SPY,2021/2/10,392.12,392.28,387.5,390.08,59154370
SPY,2021/2/11,391.24,391.69,388.1,390.71,42913288
SPY,2021/2/12,389.85,392.9,389.77,392.64,50593270
SPY,2021/2/16,393.96,394.17,391.53,392.3,50972366
SPY,2021/2/17,390.42,392.66,389.33,392.39,52806681
SPY,2021/2/18,389.59,391.515,387.74,390.72,59712773
SPY,2021/2/19,392.07,392.38,389.55,390.03,83240971
SPY,2021/2/22,387.06,389.62,386.74,387.03,67414170
SPY,2021/2/23,384.66,388.945,380.2,387.5,107284127
SPY,2021/2/24,386.33,392.23,385.27,391.77,72433946
SPY,2021/2/25,390.41,391.88,380.7789,382.33,146670499
SPY,2021/2/26,384.35,385.58,378.23,380.36,152701639
SPY,2021/3/1,385.59,390.92,380.572,389.58,105348798
SPY,2021/3/2,389.82,390.07,386,386.54,79595332
SPY,2021/3/3,385.79,386.83,381.31,381.42,119940211
SPY,2021/3/4,381.22,384,371.88,376.7,183433020
SPY,2021/3/5,380.46,384.76,372.64,383.63,152039624
SPY,2021/3/8,384.66,387.68,381.42,381.72,123149245
SPY,2021/3/9,385.85,389.91,381.7299,387.17,113633556
SPY,2021/3/10,389.69,391.4,388.1702,389.58,109899410
SPY,2021/3/11,392.23,395.65,391.74,393.53,86245040
SPY,2021/3/12,392.07,394.21,391.2,394.06,64653565
SPY,2021/3/15,394.33,396.685,392.03,396.41,73592302
SPY,2021/3/16,397.07,397.83,395.08,395.91,73722506
SPY,2021/3/17,394.53,398.12,393.3,397.26,97959265
SPY,2021/3/18,394.475,396.72,390.75,391.48,115349101
SPY,2021/3/19,389.88,391.569,387.15,389.48,113624490
SPY,2021/3/22,390.03,394.07,389.97,392.59,73778646
SPY,2021/3/23,391.91,393.46,388.66,389.5,90686552
SPY,2021/3/24,391,392.75,387.47,387.52,97588644
SPY,2021/3/25,385.98,390.55,383.9,389.7,116128622
SPY,2021/3/26,390.93,396.41,390.29,395.98,114409114
SPY,2021/3/29,394.4,396.75,392.81,395.78,108107626
SPY,2021/3/30,394.42,395.45,393.02,394.73,76262249
SPY,2021/3/31,395.34,398,395.31,396.33,112734214
SPY,2021/4/1,398.4,400.67,398.18,400.61,99682876
SPY,2021/4/5,403.46,406.94,403.38,406.36,91684764
SPY,2021/4/6,405.76,407.24,405.4,406.12,62020953
SPY,2021/4/7,405.94,406.96,405.45,406.59,55836280
SPY,2021/4/8,407.93,408.58,406.93,408.52,57863114
SPY,2021/4/9,408.39,411.67,408.26,411.49,61104559
SPY,2021/4/12,410.85,411.93,410.2,411.64,56704899
SPY,2021/4/13,411.53,413.529,411.12,412.86,56550988
SPY,2021/4/14,412.83,413.96,410.87,411.45,61659907
SPY,2021/4/15,413.74,416.16,413.69,415.87,60229842
SPY,2021/4/16,417.25,417.91,415.73,417.26,82037278
SPY,2021/4/19,416.26,416.74,413.79,415.21,78498496
SPY,2021/4/20,413.91,415.0859,410.59,412.17,81851828
SPY,2021/4/21,411.51,416.29,411.36,416.07,66792983
SPY,2021/4/22,415.89,416.78,411.13,412.27,97582788
SPY,2021/4/23,412.87,418.25,412.79,416.74,73276195
SPY,2021/4/26,417.44,418.22,416.8111,417.61,52182392
SPY,2021/4/27,417.93,418.14,416.3,417.52,51303056
SPY,2021/4/28,417.81,419.01,416.9,417.4,51238854
SPY,2021/4/29,420.32,420.72,416.44,420.06,78544329
SPY,2021/4/30,417.63,418.54,416.34,417.3,85527030
SPY,2021/5/3,419.43,419.84,417.665,418.2,68128289
SPY,2021/5/4,416.07,416.6,411.67,415.62,101591166
SPY,2021/5/5,417.38,417.63,414.94,415.75,60162209
SPY,2021/5/6,415.83,419.21,413.675,419.07,74321368
SPY,2021/5/7,419.89,422.815,419.16,422.12,67733790
SPY,2021/5/10,422.5,422.74,417.81,417.94,81852446
SPY,2021/5/11,413.1,415.27,410.06,414.21,116887975
SPY,2021/5/12,411.23,412.59,404,405.41,134811046
SPY,2021/5/13,407.07,412.35,407.02,410.28,106393963
SPY,2021/5/14,413.21,417.49,413.18,416.58,82201629
SPY,2021/5/17,415.39,416.39,413.36,415.52,65129221
SPY,2021/5/18,415.8,416.06,411.77,411.94,59810238
SPY,2021/5/19,406.92,411.05,405.33,410.86,106467052
SPY,2021/5/20,411.8,416.625,411.67,415.28,78022218
SPY,2021/5/21,416.87,418.2,414.45,414.94,76578662
SPY,2021/5/24,417.34,420.32,417.08,419.17,51376702
SPY,2021/5/25,420.33,420.71,417.62,418.24,57451396
SPY,2021/5/26,418.87,419.61,417.76,419.07,43088618
SPY,2021/5/27,420.17,420.72,418.9851,419.29,56707677
SPY,2021/5/28,420.97,421.25,419.79,420.04,58520164
SPY,2021/6/1,422.57,422.72,419.2,419.67,54216625
SPY,2021/6/2,420.37,421.23,419.29,420.33,49097061
SPY,2021/6/3,417.85,419.99,416.28,418.77,58138763
SPY,2021/6/4,420.75,422.92,418.8422,422.6,55938789
SPY,2021/6/7,422.59,422.78,421.19,422.19,51555032
SPY,2021/6/8,423.11,423.21,420.32,422.28,47134279
SPY,2021/6/9,423.18,423.26,421.41,421.65,48436342
SPY,2021/6/10,422.96,424.63,421.55,423.61,51020147
SPY,2021/6/11,424.2,424.43,422.82,424.31,45570828
SPY,2021/6/14,424.43,425.37,423.1,425.26,42358478
SPY,2021/6/15,425.42,425.46,423.54,424.48,51508508
SPY,2021/6/16,424.63,424.87,419.92,422.11,80386082
SPY,2021/6/17,421.67,423.02,419.32,421.97,90949659
SPY,2021/6/18,417.09,417.8281,414.7,414.92,118676302
SPY,2021/6/21,416.8,421.06,415.93,420.86,72822028
SPY,2021/6/22,420.85,424,420.08,423.11,57700303
SPY,2021/6/23,423.19,424.05,422.51,422.6,49445414
SPY,2021/6/24,424.89,425.55,424.62,425.1,45110288
SPY,2021/6/25,425.9,427.0943,425.55,426.61,58129525
SPY,2021/6/28,427.17,427.65,425.89,427.47,53159581
SPY,2021/6/29,427.88,428.56,427.13,427.7,35970515
SPY,2021/6/30,427.21,428.78,427.18,428.06,64827858
SPY,2021/7/1,428.87,430.6,428.8,430.43,53441027
SPY,2021/7/2,431.67,434.1,430.5218,433.72,57697668
SPY,2021/7/6,433.78,434.01,430.01,432.93,68710419
SPY,2021/7/7,433.66,434.76,431.51,434.46,63549456
SPY,2021/7/8,428.78,431.73,427.52,430.92,97595232
SPY,2021/7/9,432.53,435.84,430.714,435.52,76238584
SPY,2021/7/12,435.43,437.35,434.97,437.08,52889585
SPY,2021/7/13,436.24,437.84,435.31,435.59,52911312
SPY,2021/7/14,437.4,437.92,434.91,436.24,64130352
SPY,2021/7/15,434.81,435.53,432.72,434.75,55126358
SPY,2021/7/16,436.01,436.06,430.92,431.34,75874662
SPY,2021/7/19,426.19,431.4089,421.97,424.97,147987000
SPY,2021/7/20,425.68,432.42,424.83,431.06,99608174
SPY,2021/7/21,432.34,434.7,431.0111,434.55,64724389
SPY,2021/7/22,434.74,435.72,433.69,435.46,47878539
SPY,2021/7/23,437.52,440.3,436.79,439.94,63766637
SPY,2021/7/26,439.31,441.03,439.26,441.02,43719187
SPY,2021/7/27,439.91,439.94,435.99,439.01,67397137
SPY,2021/7/28,439.68,440.3,437.31,438.83,52472360
SPY,2021/7/29,439.815,441.8,439.81,440.65,47435342
SPY,2021/7/30,437.91,440.06,437.77,438.51,68951202
SPY,2021/8/2,440.34,440.93,437.21,437.59,58783297
SPY,2021/8/3,438.44,441.28,436.1,441.15,58053896
SPY,2021/8/4,439.78,441.1243,438.73,438.98,46732212
SPY,2021/8/5,440.22,441.85,439.88,441.76,38969659
SPY,2021/8/6,442.1,442.94,441.8,442.49,46930008
SPY,2021/8/9,442.46,442.795,441.31,442.13,41222585
SPY,2021/8/10,442.61,443.44,441.88,442.68,43339275
SPY,2021/8/11,443.82,443.882,442.62,443.78,44034340
SPY,2021/8/12,443.62,445.2572,442.66,445.11,38942418
SPY,2021/8/13,445.59,445.94,445.07,445.92,39470251
SPY,2021/8/16,444.53,447.11,442.87,446.97,73930864
SPY,2021/8/17,444.24,444.96,440.85,444.04,92673933
SPY,2021/8/18,442.96,444.625,438.92,439.18,89351931
SPY,2021/8/19,436.27,441.14,436.12,439.86,92812246
SPY,2021/8/20,440.23,443.71,439.71,443.36,72008712
SPY,2021/8/23,445.16,448.23,443.4355,447.26,54973038
SPY,2021/8/24,447.97,448.54,447.42,447.97,38744714
SPY,2021/8/25,448.17,449.457,447.77,448.91,40529711
SPY,2021/8/26,448.61,448.86,446.16,446.26,57829572
SPY,2021/8/27,447.12,450.65,447.06,450.25,77235113
SPY,2021/8/30,450.97,453.07,450.71,452.23,48357355
SPY,2021/8/31,452.13,452.49,450.92,451.56,59300213
SPY,2021/9/1,452.56,453.11,451.545,451.8,48721378
SPY,2021/9/2,453.32,454.05,451.91,453.19,42830867
SPY,2021/9/3,451.98,453.63,451.55,453.08,47234364
SPY,2021/9/7,452.71,452.81,450.7423,451.46,51671534
SPY,2021/9/8,450.89,451.67,448.86,450.91,56181907
SPY,2021/9/9,450.7,452.57,448.72,448.98,57970407
SPY,2021/9/10,451.04,451.49,445.31,445.44,89948174
SPY,2021/9/13,448.64,448.92,444.11,446.58,83738649
SPY,2021/9/14,448.12,448.34,443.22,444.17,78197140
SPY,2021/9/15,444.62,448.41,443.44,447.88,78792222
SPY,2021/9/16,447.32,448.36,444.02,447.17,77786735
SPY,2021/9/17,444.92,445.37,441.02,441.4,118425037
SPY,2021/9/20,434.88,436.56,428.86,434.04,166445534
SPY,2021/9/21,436.53,437.91,433.07,433.63,92526112
SPY,2021/9/22,436.05,440.03,433.747,437.86,102350143
SPY,2021/9/23,439.85,444.89,439.6,443.18,76395981
SPY,2021/9/24,441.44,444.67,441.21,443.91,62094837
SPY,2021/9/27,442.81,444.05,441.9,442.64,61371108
SPY,2021/9/28,439.69,440.04,432.94,433.72,130436306
SPY,2021/9/29,435.19,437.04,433.85,434.45,82329213
SPY,2021/9/30,436.02,436.77,428.78,429.14,140505979
SPY,2021/10/1,430.98,436.0329,427.23,434.24,129240106
SPY,2021/10/4,433,433.96,426.36,428.64,128569957
SPY,2021/10/5,430.24,435.49,429.39,433.1,90682520
SPY,2021/10/6,429.27,435.1199,427.54,434.9,113032245
SPY,2021/10/7,438.39,441.68,438.2,438.66,72437499
SPY,2021/10/8,439.48,439.89,437.19,437.86,74557404
SPY,2021/10/11,437.16,440.26,434.62,434.69,65233285
SPY,2021/10/12,435.67,436.1,432.78,433.62,71181163
SPY,2021/10/13,434.71,436.05,431.54,435.18,72973979
SPY,2021/10/14,439.08,442.66,438.58,442.5,70236825
SPY,2021/10/15,444.75,446.26,444.09,445.87,66260210
SPY,2021/10/18,443.97,447.55,443.27,447.19,62213228
SPY,2021/10/19,448.92,450.71,448.27,450.64,46996827
SPY,2021/10/20,451.13,452.732,451.01,452.41,49571569
SPY,2021/10/21,451.77,453.829,451.31,453.59,41305438
SPY,2021/10/22,453.13,454.67,451.05,453.12,58845088
SPY,2021/10/25,454.28,455.9,452.39,455.55,45214507
SPY,2021/10/26,457.2,458.49,455.56,455.96,56075116
SPY,2021/10/27,456.45,457.16,453.86,453.94,72437997
SPY,2021/10/28,455.46,458.4,455.45,458.32,51437944
SPY,2021/10/29,455.87,459.56,455.56,459.25,70162424
SPY,2021/11/1,460.3,460.7021,458.2,460.04,48433642
SPY,2021/11/2,460.22,462.23,460.08,461.9,48908417
SPY,2021/11/3,461.3,465.15,460.83,464.72,52509825
SPY,2021/11/4,465.36,467,464.99,466.91,52847087
SPY,2021/11/5,469.28,470.65,466.92,468.53,66390563
SPY,2021/11/8,469.7,470.23,468.2031,468.93,50405194
SPY,2021/11/9,469.32,469.57,465.88,467.38,51149147
SPY,2021/11/10,465.58,467.38,462.04,463.62,69429653
SPY,2021/11/11,465.21,465.29,463.75,463.77,34848495
SPY,2021/11/12,465.12,467.86,464.11,467.27,53466654
SPY,2021/11/15,468.64,468.81,466.23,467.43,46980500
SPY,2021/11/16,467.15,470.485,467.07,469.28,48857502
SPY,2021/11/17,469,469.19,467.48,468.14,47858289
SPY,2021/11/18,469.24,470.01,466.34,469.73,50625607
SPY,2021/11/19,469.61,470.94,468.5,468.89,57315573
SPY,2021/11/22,470.89,473.54,467.35,467.57,72761954
SPY,2021/11/23,467.22,469.095,464.45,468.19,73206538
SPY,2021/11/24,466.06,469.57,465.19,469.44,61858813
SPY,2021/11/26,462.34,463.9,457.77,458.97,112669636
SPY,2021/11/29,464.07,466.56,461.73,464.6,86268818
SPY,2021/11/30,462,464.03,455.3,455.56,148559598
SPY,2021/12/1,461.64,464.67,450.29,450.5,132485835
SPY,2021/12/2,450.73,459.07,450.31,457.4,127637758
SPY,2021/12/3,459.17,460.3,448.92,453.42,137331647
SPY,2021/12/6,456.13,460.79,453.56,458.79,98977532
SPY,2021/12/7,464.41,468.88,458.6546,468.28,95484688
SPY,2021/12/8,468.7,470,466.83,469.52,72238777
SPY,2021/12/9,468.15,469.6291,466.14,466.35,61272568
SPY,2021/12/10,469.23,470.9,466.51,470.74,77159757
SPY,2021/12/13,470.19,470.56,466.27,466.57,87724680
SPY,2021/12/14,463.09,465.74,460.25,463.36,97264128
SPY,2021/12/15,463.42,470.86,460.74,470.6,116899251
SPY,2021/12/16,472.57,472.87,464.8,466.45,116568626
SPY,2021/12/17,461.55,464.74,458.06,459.87,135636510
SPY,2021/12/20,454.48,455.4,451.14,454.98,107134822
SPY,2021/12/21,458.61,463.21,456.31,463.06,69806260
SPY,2021/12/22,462.79,467.81,462.58,467.69,58890223
SPY,2021/12/23,468.75,472.19,468.64,470.6,56439745
SPY,2021/12/27,472.06,477.31,472.01,477.26,56808619
SPY,2021/12/28,477.72,478.81,476.06,476.87,47274585
SPY,2021/12/29,476.98,478.56,475.92,477.48,54502964
SPY,2021/12/30,477.93,479,475.67,476.16,55329041
SPY,2021/12/31,475.64,476.86,474.67,474.96,65237431
SPY,2022/1/3,476.3,477.85,473.85,477.71,72668233
SPY,2022/1/4,479.22,479.98,475.58,477.55,71178678
SPY,2022/1/5,477.16,477.98,468.2801,468.38,104538940
SPY,2022/1/6,467.89,470.82,465.43,467.94,86858900
SPY,2022/1/7,467.95,469.2,464.65,466.09,85111593
SPY,2022/1/10,462.7,465.74,456.5973,465.51,119361989
SPY,2022/1/11,465.23,469.85,462.05,469.75,74303062
SPY,2022/1/12,471.59,473.2,468.94,471.02,67605444
SPY,2022/1/13,472.19,472.88,463.44,464.53,91173121
SPY,2022/1/14,461.19,465.09,459.9,464.72,95890948
SPY,2022/1/18,459.74,459.96,455.31,456.49,109872376
SPY,2022/1/19,458.13,459.6124,451.46,451.75,109357569
SPY,2022/1/20,453.75,458.74,444.5,446.75,122379696
SPY,2022/1/21,445.56,448.06,437.95,437.98,202271241
SPY,2022/1/24,432.03,440.38,420.76,439.84,252496719
SPY,2022/1/25,433.06,439.72,427.15,434.47,167997325
SPY,2022/1/26,440.72,444.04,428.86,433.38,186391088
SPY,2022/1/27,438.26,441.59,429.45,431.24,149878307
SPY,2022/1/28,432.68,442,427.82,441.95,164457370
SPY,2022/1/31,441.24,450.28,439.81,449.91,152251425
SPY,2022/2/1,450.68,453.63,446.9384,452.95,123155382
SPY,2022/2/2,455.5,458.12,453.05,457.35,117360953
SPY,2022/2/3,450.95,452.97,445.71,446.6,118024442
SPY,2022/2/4,446.35,452.78,443.83,448.7,118454352
SPY,2022/2/7,449.51,450.99,445.85,447.26,84472859
SPY,2022/2/8,446.73,451.92,445.22,450.94,81012036
SPY,2022/2/9,455.22,457.88,455.005,457.54,92589929
SPY,2022/2/10,451.34,457.71,447.2,449.32,140103712
SPY,2022/2/11,449.41,451.605,438.94,440.46,153214597
SPY,2022/2/14,439.92,441.6,435.34,439.02,123006262
SPY,2022/2/15,443.73,446.28,443.18,446.1,88659503
SPY,2022/2/16,443.93,448.055,441.94,446.6,84863585
SPY,2022/2/17,443.22,446.5652,436.42,437.06,102259108
SPY,2022/2/18,437.33,438.66,431.82,434.23,132642896
SPY,2022/2/22,431.89,435.5,425.86,429.57,124391830
SPY,2022/2/23,432.66,433.26,421.35,421.95,132578005
SPY,2022/2/24,411.02,428.76,410.64,428.3,213942946
SPY,2022/2/25,429.61,437.84,427.86,437.75,121804459
SPY,2022/2/28,432.03,438.2,430.7,436.63,145615029
SPY,2022/3/1,435.04,437.17,427.11,429.98,137785908
SPY,2022/3/2,432.37,439.72,431.57,437.89,117726525
SPY,2022/3/3,440.47,441.11,433.8,435.71,105501715
SPY,2022/3/4,431.75,433.37,427.88,432.17,114083256
SPY,2022/3/7,431.55,432.3018,419.36,419.43,137896560
SPY,2022/3/8,419.62,427.21,415.12,416.25,164772744
SPY,2022/3/9,425.14,429.51,422.82,427.41,116990765
SPY,2022/3/10,422.52,426.43,420.44,425.48,93972655
SPY,2022/3/11,428.12,428.77,419.53,420.07,95636277
SPY,2022/3/14,420.89,424.55,415.79,417,95729188
SPY,2022/3/15,419.77,426.84,418.42,426.17,106219117
SPY,2022/3/16,429.89,435.68,424.8,435.62,144954805
SPY,2022/3/17,433.59,441.07,433.19,441.07,102676870
SPY,2022/3/18,438,444.86,437.22,444.52,106345544
SPY,2022/3/21,444.34,446.46,440.68,444.39,88349763
SPY,2022/3/22,445.86,450.58,445.86,449.59,74650394
SPY,2022/3/23,446.91,448.49,443.71,443.8,79426098
SPY,2022/3/24,445.94,450.5,444.76,450.49,64736892
SPY,2022/3/25,451.16,452.98,448.43,452.69,77101324
SPY,2022/3/28,452.06,455.91,450.06,455.91,68529767
SPY,2022/3/29,460.02,462.07,457.18,461.55,86581542
SPY,2022/3/30,460.34,461.195,456.465,458.7,79666942
SPY,2022/3/31,457.89,458.76,451.16,451.64,121699948
SPY,2022/4/1,453.31,453.46,449.14,452.92,89048773
SPY,2022/4/4,453.13,456.91,452.26,456.8,59601000
SPY,2022/4/5,455.22,457.83,449.82,451.03,74214501
SPY,2022/4/6,446.89,448.93,443.47,446.52,106897970
SPY,2022/4/7,445.59,450.69,443.53,448.77,78097214
SPY,2022/4/8,447.97,450.63,445.94,447.57,79272711
SPY,2022/4/11,444.11,445,439.39,439.92,89770538
SPY,2022/4/12,443.08,445.75,436.6501,438.29,84363635
SPY,2022/4/13,438.03,444.11,437.84,443.31,74070394
SPY,2022/4/14,443.55,444.7301,437.68,437.79,97869451
SPY,2022/4/18,436.81,439.75,435.61,437.97,66002498
SPY,2022/4/19,437.86,445.8,437.68,445.04,77821013
SPY,2022/4/20,446.92,447.57,443.48,444.71,65224449
SPY,2022/4/21,448.54,450.01,437.1,438.06,85417327
SPY,2022/4/22,436.91,438.0825,425.44,426.04,132471772
SPY,2022/4/25,423.67,428.69,418.84,428.51,119647748
SPY,2022/4/26,425.83,426.04,416.07,416.1,103996312
SPY,2022/4/27,417.24,422.92,415.01,417.27,122029990
SPY,2022/4/28,422.29,429.64,417.6,427.81,105449088
SPY,2022/4/29,423.59,425.87,411.21,412,145491088
SPY,2022/5/2,412.07,415.92,405.02,414.48,158312526
SPY,2022/5/3,415.01,418.93,413.36,416.38,100028190
SPY,2022/5/4,417.08,429.66,413.7099,429.06,144247895
SPY,2022/5/5,424.55,425,409.44,413.81,172929106
SPY,2022/5/6,411.1,414.8,405.73,411.34,151770811
SPY,2022/5/9,405.1,406.41,396.5,398.17,155586067
SPY,2022/5/10,404.49,406.08,394.82,399.09,132497200
SPY,2022/5/11,398.07,404.04,391.96,392.75,142360992
SPY,2022/5/12,389.37,395.8,385.15,392.34,125090753
SPY,2022/5/13,396.71,403.18,395.61,401.72,104174421
SPY,2022/5/16,399.98,403.97,397.6,400.09,78622444
SPY,2022/5/17,406.53,408.57,402.5824,408.32,83029710
SPY,2022/5/18,403.5,403.8,390.55,391.86,117674545
SPY,2022/5/19,388.62,394.14,387.11,389.46,98510715
SPY,2022/5/20,393.25,397.03,380.54,389.63,131432197
SPY,2022/5/23,392.83,397.73,390.38,396.92,76414878
SPY,2022/5/24,392.56,395.15,386.96,393.89,91448831
SPY,2022/5/25,392.31,399.45,391.89,397.37,91472866
SPY,2022/5/26,398.67,407.04,398.45,405.31,82168339
SPY,2022/5/27,407.91,415.3801,407.7,415.26,84768710
SPY,2022/5/31,413.55,416.46,410.03,412.93,95936980
SPY,2022/6/1,415.17,416.24,406.93,409.59,86585813
SPY,2022/6/2,409.42,417.44,407.04,417.39,79609633
SPY,2022/6/3,412.4,414.04,409.51,410.54,71874281
SPY,2022/6/6,414.78,416.609,410.5523,411.79,57508858
SPY,2022/6/7,408.1,416.22,407.61,415.74,59272373
SPY,2022/6/8,413.93,415.82,410.38,411.22,64349966
SPY,2022/6/9,409.34,411.74,401.44,401.44,86289796
SPY,2022/6/10,394.88,395.7777,389.75,389.8,132893864
SPY,2022/6/13,379.85,381.81,373.3,375,170004861
SPY,2022/6/14,376.85,377.94,370.59,373.87,104011831
SPY,2022/6/15,377.36,383.9,372.12,379.2,125666797
SPY,2022/6/16,370.51,370.94,364.0799,366.65,134473288
SPY,2022/6/17,365.51,369.38,362.17,365.86,111113904
SPY,2022/6/21,371.89,376.525,371.81,375.07,76811861
SPY,2022/6/22,370.62,378.72,370.18,374.39,90059424
SPY,2022/6/23,376.64,378.83,372.89,378.06,79292135
SPY,2022/6/24,381.4,390.09,381.365,390.08,98050333
SPY,2022/6/27,391.05,391.36,387.44,388.59,66009617
SPY,2022/6/28,390.23,393.16,380.53,380.65,86689824
SPY,2022/6/29,381.23,382.27,378.42,380.34,65675999
SPY,2022/6/30,376.24,380.6582,372.56,377.25,112508273
SPY,2022/7/1,376.56,381.7,373.8,381.24,74839729
SPY,2022/7/5,375.88,381.98,372.9,381.96,81437965
SPY,2022/7/6,382.11,385.87,379.6,383.25,70426244
SPY,2022/7/7,385.12,389.83,383.267,388.99,64525919
SPY,2022/7/8,387.27,390.64,385.66,388.67,72397765
SPY,2022/7/11,385.85,386.87,383.5,384.23,58366945
SPY,2022/7/12,383.65,386.16,378.99,380.83,62219178
SPY,2022/7/13,375.1,381.92,374.658,378.83,84224649
SPY,2022/7/14,373.61,379.0498,371.04,377.91,89704819
SPY,2022/7/15,382.55,385.25,380.54,385.13,79060383
SPY,2022/7/18,388.38,389.09,380.66,381.95,63203626
SPY,2022/7/19,386.08,392.87,385.39,392.27,78505972
SPY,2022/7/20,392.47,396.26,391.03,394.77,71843769
SPY,2022/7/21,394.16,398.84,391.63,398.79,64903856
SPY,2022/7/22,398.92,400.18,392.75,395.09,72197332
SPY,2022/7/25,395.75,396.47,393.21,395.57,53631485
SPY,2022/7/26,393.84,394.06,389.95,390.89,52946393
SPY,2022/7/27,394.36,402.88,394.05,401.04,82342106
SPY,2022/7/28,401.89,406.8,398.15,406.07,73966563
SPY,2022/7/29,407.58,413.03,406.77,411.99,87003672
SPY,2022/8/1,409.15,413.41,408.4,410.77,69997471
SPY,2022/8/2,409.12,413,406.82,408.06,63435418
SPY,2022/8/3,410.3,415.68,410,414.45,67820555
SPY,2022/8/4,414.37,415.09,412.44,414.17,45656574
SPY,2022/8/5,409.66,414.15,409.6,413.47,56814929
SPY,2022/8/8,415.25,417.62,411.83,412.99,54025965
SPY,2022/8/9,412.22,412.75,410.22,411.35,44931772
SPY,2022/8/10,418.78,420.14,416.72,419.99,68665712
SPY,2022/8/11,422.99,424.95,419.21,419.99,59489704
SPY,2022/8/12,422.03,427.21,421.03,427.1,61694542
SPY,2022/8/15,424.765,429.41,424.71,428.86,54048280
SPY,2022/8/16,427.73,431.73,426.88,429.7,59289039
SPY,2022/8/17,425.91,429.5,424.54,426.65,63563394
SPY,2022/8/18,426.86,428.61,425.5,427.89,49023206
SPY,2022/8/19,424.98,425.26,421.22,422.14,68016902
SPY,2022/8/22,417.05,417.23,412.4,413.35,77695640
SPY,2022/8/23,412.9,415.42,411.77,412.35,49105249
SPY,2022/8/24,412.11,415.1101,411.39,413.67,49177804
SPY,2022/8/25,415.24,419.56,414.09,419.51,50942252
SPY,2022/8/26,419.39,419.96,405.25,405.31,103086976
SPY,2022/8/29,402.2,405.84,401.1999,402.63,65370810
SPY,2022/8/30,403.85,404.1,396,398.21,85652443
SPY,2022/8/31,399.93,401.24,395.04,395.18,76029671
SPY,2022/9/1,392.89,396.78,390.04,396.42,78740084
SPY,2022/9/2,400.28,401.555,390.33,392.24,99632149
SPY,2022/9/6,393.13,394.12,388.42,390.76,76637400
SPY,2022/9/7,390.43,398.59,390.2,397.78,70964232
SPY,2022/9/8,395.39,400.86,394.12,400.38,80821681
SPY,2022/9/9,402.74,407.51,402.46,406.6,76706918
SPY,2022/9/12,408.78,411.73,408.46,410.97,69256262
SPY,2022/9/13,401.83,403.1,391.92,393.1,122947081
SPY,2022/9/14,394.47,396.2,391.12,394.6,85023747
SPY,2022/9/15,392.96,395.96,388.78,390.12,87633840
SPY,2022/9/16,384.14,386.25,382.11,385.56,103084819
SPY,2022/9/19,382.26,388.55,382.1784,388.55,73278490
SPY,2022/9/20,385.06,386.12,381.195,384.09,77274882
SPY,2022/9/21,386.11,389.31,377.38,377.39,106746554
SPY,2022/9/22,376.58,378.3,373.44,374.22,89472641
SPY,2022/9/23,370.58,370.62,363.29,367.95,122346933
SPY,2022/9/26,366.41,370.21,363.0299,364.31,92581244
SPY,2022/9/27,368.02,370.4,360.87,363.38,108294074
SPY,2022/9/28,364.38,372.3,362.6,370.53,110802217
SPY,2022/9/29,366.81,367.11,359.7,362.79,112952315
SPY,2022/9/30,361.8,365.91,357.04,357.18,153711243
SPY,2022/10/3,361.08,368.55,359.21,366.61,89756479
SPY,2022/10/4,372.4,378,366.5677,377.97,103602775
SPY,2022/10/5,373.39,379.46,370.95,377.09,88065669
SPY,2022/10/6,375.62,378.72,372.68,373.2,82333543
SPY,2022/10/7,368.97,373.2933,360.94,362.79,107789498
SPY,2022/10/10,363.96,364.21,357.67,360.02,76042765
SPY,2022/10/11,358.235,363.03,355.71,357.74,92482785
SPY,2022/10/12,358.17,359.8179,356.3,356.56,76991799
SPY,2022/10/13,349.205,367.51,348.11,365.97,147254518
SPY,2022/10/14,368.55,370.26,356.96,357.63,123737013
SPY,2022/10/17,364.01,367.9799,357.2808,366.82,93168231
SPY,2022/10/18,375.13,375.45,367.52,371.13,97162850
SPY,2022/10/19,368.99,371.85,365.55,368.5,79746863
SPY,2022/10/20,368.03,372.67,364.61,365.41,88283087
SPY,2022/10/21,365.12,374.8,363.54,374.29,131038379
SPY,2022/10/24,375.89,380.06,373.11,378.87,85436907
SPY,2022/10/25,378.79,385.25,378.671,384.92,78846348
SPY,2022/10/26,381.62,387.58,381.35,382.02,104087348
SPY,2022/10/27,383.07,385,379.33,379.98,81971756
SPY,2022/10/28,379.87,389.52,379.68,389.02,100301958
SPY,2022/10/31,386.44,388.4,385.26,386.21,96631258
SPY,2022/11/1,390.14,390.39,383.29,384.52,85407598
SPY,2022/11/2,383.9,388.63,374.76,374.87,126990356
SPY,2022/11/3,371.465,374.2,368.79,371.01,87100115
SPY,2022/11/4,377,378.87,370,376.35,103505182
SPY,2022/11/7,377.71,380.57,375.53,379.95,68286947
SPY,2022/11/8,381.11,385.12,377.72,382,84641062
SPY,2022/11/9,379.93,381.14,373.61,374.13,78495470
SPY,2022/11/10,388.05,395.04,385.642,394.69,141455847
SPY,2022/11/11,395.59,399.35,393.61,398.51,93839872
SPY,2022/11/14,396.66,400.1799,394.83,395.12,71893165
SPY,2022/11/15,401.15,402.31,394.49,398.49,93194452
SPY,2022/11/16,396.78,397.78,394.79,395.45,68508454
SPY,2022/11/17,390.46,394.95,390.14,394.24,74496255
SPY,2022/11/18,397.74,397.81,393.04,396.03,92922451
SPY,2022/11/21,394.64,395.82,392.66,394.59,51243189
SPY,2022/11/22,396.63,400.07,395.1527,399.9,60429025
SPY,2022/11/23,399.55,402.93,399.31,402.42,68261628
SPY,2022/11/25,401.83,402.91,401.535,402.33,30545434
SPY,2022/11/28,399.09,400.81,395.11,395.91,68021749
SPY,2022/11/29,396.05,397.3,393.3,395.23,52310039
SPY,2022/11/30,395.49,407.68,393.48,407.68,144566653
SPY,2022/12/1,408.77,410,404.75,407.38,76398170
SPY,2022/12/2,402.25,407.86,402.14,406.91,85342731
SPY,2022/12/5,403.95,404.93,398.17,399.59,77289815
SPY,2022/12/6,399.42,399.99,391.64,393.83,77972217
SPY,2022/12/7,392.94,395.64,391.97,393.16,65927896
SPY,2022/12/8,395.14,397.36,393.2684,396.24,60737912
SPY,2022/12/9,394.94,397.62,393.15,393.28,81447733
SPY,2022/12/12,394.11,398.95,393.412,398.95,75405835
SPY,2022/12/13,410.22,410.49,399.07,401.97,123782534
SPY,2022/12/14,401.61,405.5,396.31,399.4,108111349
SPY,2022/12/15,394.3,395.25,387.885,389.63,117705889
SPY,2022/12/16,385.18,386.575,381.04,383.27,119857952
SPY,2022/12/19,383.47,383.82,378.28,380.02,79878103
SPY,2022/12/20,379.23,382.23,377.85,380.54,74427240
SPY,2022/12/21,383.25,387.41,382.69,386.23,78167369
SPY,2022/12/22,383.05,386.2134,374.77,380.72,100120855
SPY,2022/12/23,379.65,383.06,378.03,382.91,59857329
SPY,2022/12/27,382.79,383.15,379.65,381.4,51638180
SPY,2022/12/28,381.33,383.39,376.42,376.66,70911520
SPY,2022/12/29,379.63,384.35,379.08,383.44,66970877
SPY,2022/12/30,380.64,382.58,378.43,382.43,84022205
SPY,2023/1/3,384.37,386.43,377.831,380.82,74850731
SPY,2023/1/4,383.18,385.88,380,383.76,85934098
SPY,2023/1/5,381.72,381.84,378.76,379.38,76970456
SPY,2023/1/6,382.61,389.25,379.4127,388.08,104189603
SPY,2023/1/9,390.37,393.7,387.67,387.86,73978071
SPY,2023/1/10,387.25,390.65,386.27,390.58,65358094
SPY,2023/1/11,392.23,395.6,391.38,395.52,68881080
SPY,2023/1/12,396.67,398.485,392.42,396.96,90157699
SPY,2023/1/13,393.62,399.1,393.34,398.5,63903932
SPY,2023/1/17,398.48,400.23,397.06,397.77,62677281
SPY,2023/1/18,399.01,400.12,391.28,391.49,99632262
SPY,2023/1/19,389.36,391.08,387.26,388.64,86958919
SPY,2023/1/20,390.1,396.04,388.38,395.88,91806356
SPY,2023/1/23,396.72,402.645,395.72,400.63,84178797
SPY,2023/1/24,398.88,401.15,397.64,400.2,59524911
SPY,2023/1/25,395.95,400.7,393.56,400.35,84800251
SPY,2023/1/26,403.13,404.92,400.03,404.75,72287425
SPY,2023/1/27,403.655,408.16,403.44,405.68,68346180
SPY,2023/1/30,402.8,405.13,400.28,400.59,74202018
SPY,2023/1/31,401.13,406.53,400.77,406.48,86811786
SPY,2023/2/1,405.211,413.67,402.35,410.8,101459155
SPY,2023/2/2,414.86,418.31,412.88,416.78,101654463
SPY,2023/2/3,411.59,416.97,411.09,412.35,94736781
SPY,2023/2/6,409.79,411.29,408.1,409.83,60295325
SPY,2023/2/7,408.87,416.49,407.57,415.19,90990745
SPY,2023/2/8,413.13,414.53,409.93,410.65,76227462
SPY,2023/2/9,414.41,414.57,405.81,407.09,78694859
SPY,2023/2/10,405.86,408.44,405.01,408.04,70769715
SPY,2023/2/13,408.72,412.97,408.24,412.83,64913539
SPY,2023/2/14,411.24,415.05,408.511,412.64,88389313
SPY,2023/2/15,410.35,414.06,409.47,413.98,61685279
SPY,2023/2/16,408.79,412.91,408.14,408.28,76431469
SPY,2023/2/17,406.06,407.51,404.05,407.26,89257815
SPY,2023/2/21,403.06,404.16,398.82,399.09,82655924
SPY,2023/2/22,399.52,401.13,397.02,398.54,83742293
SPY,2023/2/23,401.56,402.2,396.25,400.66,96242399
SPY,2023/2/24,395.42,397.25,393.64,396.38,108194413
SPY,2023/2/27,399.87,401.29,396.75,397.73,80444736
SPY,2023/2/28,397.23,399.28,396.15,396.26,96438567
SPY,2023/3/1,395.41,396.69,393.38,394.74,99706823
SPY,2023/3/2,392.68,398.69,392.33,397.81,85404726
SPY,2023/3/3,399.71,404.45,399.03,404.19,90119952
SPY,2023/3/6,405.05,407.45,404.01,404.47,72795946
SPY,2023/3/7,404.42,404.67,397.625,398.27,108310596
SPY,2023/3/8,398.39,399.71,396.59,398.92,74746632
SPY,2023/3/9,399.74,401.48,390.53,391.56,111945322
SPY,2023/3/10,390.99,393.16,384.32,385.91,189252996
SPY,2023/3/13,381.81,390.39,380.65,385.36,157789967
SPY,2023/3/14,390.5,393.45,387.05,391.73,149752357
SPY,2023/3/15,385.89,389.49,383.71,389.28,172996933
SPY,2023/3/16,386.82,396.47,386.29,396.11,143753940
SPY,2023/3/17,393.22,394.4,388.55,389.99,140553411
SPY,2023/3/20,390.8,394.17,390.07,393.74,93055783
SPY,2023/3/21,397.24,399.41,395.58,398.91,91524248
SPY,2023/3/22,398.73,402.49,392.07,392.11,111746583
SPY,2023/3/23,395.09,399.29,390.35,393.17,119351319
SPY,2023/3/24,391.841,395.84,389.4,395.75,107770124
SPY,2023/3/27,398.12,398.92,395.56,396.49,74010408
SPY,2023/3/28,395.77,396.49,393.69,395.6,62871680
SPY,2023/3/29,399.925,401.6,398.68,401.35,77497876
SPY,2023/3/30,404.09,404.35,401.76,403.7,69840049
SPY,2023/3/31,404.66,409.7,404.55,409.39,112062624
SPY,2023/4/3,408.85,411.37,408.44,410.95,67391097
SPY,2023/4/4,411.62,411.92,407.24,408.67,66601534
SPY,2023/4/5,407.91,408.7,405.88,407.6,65200243
SPY,2023/4/6,406.77,409.48,405.678,409.19,63743345
SPY,2023/4/10,406.61,409.69,405.97,409.61,63681042
SPY,2023/4/11,410.26,411.18,408.92,409.72,59297945
SPY,2023/4/12,411.87,412.17,407.44,408.05,86420379
SPY,2023/4/13,409.18,413.84,407.9922,413.47,85814754
SPY,2023/4/14,412.81,415.09,410.06,412.46,78161500
SPY,2023/4/17,412.37,413.96,411.085,413.94,66436399
SPY,2023/4/18,415.58,415.72,412.7802,414.21,63559997
SPY,2023/4/19,412.22,415.08,412.16,414.14,55227330
SPY,2023/4/20,411.21,413.7,410.27,411.88,75840359
SPY,2023/4/21,412.19,412.68,410.17,412.2,73457422
SPY,2023/4/24,411.99,413.07,410.6,412.63,64332095
SPY,2023/4/25,410.58,411.16,406.02,406.08,97766721
SPY,2023/4/26,406.72,407.84,403.78,404.36,80447049
SPY,2023/4/27,407,412.69,406.74,412.41,92968369
SPY,2023/4/28,411.49,415.94,411.43,415.93,89433137
SPY,2023/5/1,415.47,417.62,415.265,415.51,62122254
SPY,2023/5/2,414.77,414.82,407.82,410.84,103998484
SPY,2023/5/3,411.36,413.87,407.77,408.02,91531769
SPY,2023/5/4,406.93,407.27,403.74,405.13,94901863
SPY,2023/5/5,408.91,413.72,408.64,412.63,87891791
SPY,2023/5/8,412.97,413.24,411.28,412.74,50046768
SPY,2023/5/9,411.13,412.09,410.6894,410.93,49220119
SPY,2023/5/10,413.88,414.535,408.87,412.85,96142922
SPY,2023/5/11,411.95,412.43,409.97,412.13,70157064
SPY,2023/5/12,413.42,413.64,409.07,411.59,70481548
SPY,2023/5/15,412.22,413.43,410.23,413.01,54289383
SPY,2023/5/16,411.86,412.815,410.24,410.25,57705495
SPY,2023/5/17,412.35,415.855,410.635,415.23,87286957
SPY,2023/5/18,414.9,419.67,414.67,419.23,97177195
SPY,2023/5/19,420.17,420.72,417.35,418.62,103793317
SPY,2023/5/22,418.64,420.39,417.35,418.79,60745399
SPY,2023/5/23,417.08,418.722,413.68,414.09,86383493
SPY,2023/5/24,412.42,412.82,409.8795,411.09,89213678
SPY,2023/5/25,414.74,416.16,412.4101,414.65,90961606
SPY,2023/5/26,415.33,420.77,415.25,420.02,93829975
SPY,2023/5/30,422.03,422.58,418.735,420.18,72215960
SPY,2023/5/31,418.28,419.22,416.22,417.85,110811780
SPY,2023/6/1,418.09,422.92,416.79,421.82,88865018
SPY,2023/6/2,424.5,428.74,423.95,427.92,91426171
SPY,2023/6/5,428.28,429.67,426.37,427.1,70316043
SPY,2023/6/6,426.67,428.5772,425.99,428.03,64022175
SPY,2023/6/7,428.44,429.62,426.11,426.55,85373275
SPY,2023/6/8,426.62,429.6,425.82,429.13,61952842
SPY,2023/6/9,429.96,431.99,428.87,429.9,85647268
SPY,2023/6/12,430.92,433.88,430.17,433.8,76256703
SPY,2023/6/13,435.32,437.33,434.63,436.66,95899704
SPY,2023/6/14,437.01,439.0612,433.59,437.18,100612080
SPY,2023/6/15,436.33,443.9,436.23,442.6,110303091
SPY,2023/6/16,443.02,443.6078,438.97,439.46,114165849
SPY,2023/6/20,437.45,438.37,435.03,437.18,76160359
SPY,2023/6/21,436.16,436.99,434.33,434.94,76982251
SPY,2023/6/22,433.95,436.62,433.6,436.51,70637175
SPY,2023/6/23,432.93,435.06,432.47,433.21,92074537
SPY,2023/6/26,432.62,434.61,431.19,431.44,72823560
SPY,2023/6/27,432.35,436.81,431.88,436.17,72813699
SPY,2023/6/28,435.05,437.44,434.41,436.39,75635976
SPY,2023/6/29,435.96,438.28,435.54,438.11,67882304
SPY,2023/6/30,441.44,444.3,441.11,443.28,104964019
SPY,2023/7/3,442.92,444.08,442.63,443.79,32793378
SPY,2023/7/5,441.91,443.889,441.9,443.13,58418432
SPY,2023/7/6,439.42,440.1,437.06,439.66,80658302
SPY,2023/7/7,438.63,442.64,438.3,438.55,86134178
SPY,2023/7/10,438.18,439.84,437.585,439.66,62443501
SPY,2023/7/11,440.45,442.97,439.44,442.46,64463752
SPY,2023/7/12,446.39,447.4799,444.91,446.02,91924527
SPY,2023/7/13,447.9,450.38,447.45,449.56,72425241
SPY,2023/7/14,450.475,451.36,448.49,449.28,69815823
SPY,2023/7/17,449.13,451.93,449.08,450.84,52680221
SPY,2023/7/18,450.5,454.86,450.0484,454.19,80744448
SPY,2023/7/19,455.01,456.43,454.1119,455.2,65891688
SPY,2023/7/20,454.17,455.1,451.44,452.18,70591642
SPY,2023/7/21,453.96,454.165,452.17,452.18,71275618
SPY,2023/7/24,453.37,455.04,452.298,454.2,54023382
SPY,2023/7/25,453.92,456.735,453.87,455.44,55191240
SPY,2023/7/26,454.47,456.99,453.38,455.51,71052885
SPY,2023/7/27,459.02,459.44,451.55,452.49,92194375
SPY,2023/7/28,455.88,457.78,452.4918,456.92,80011790
SPY,2023/7/31,457.41,458.16,456.045,457.79,62040449
SPY,2023/8/1,456.27,457.25,455.49,456.48,55502199
SPY,2023/8/2,453.25,453.52,449.3499,450.13,93933369
SPY,2023/8/3,448.04,450.79,447.37,448.84,64419692
SPY,2023/8/4,450.72,452.895,446.27,446.81,100128902
SPY,2023/8/7,448.71,450.865,447.99,450.71,58357464
SPY,2023/8/8,448.08,450.6952,445.2705,448.75,71361324
SPY,2023/8/9,449.03,449.1999,444.96,445.75,78789575
SPY,2023/8/10,448.19,451.7,444.7,445.91,93005495
SPY,2023/8/11,443.97,446.7007,443.345,445.65,68690902
SPY,2023/8/14,444.7,448.11,444.38,448.11,47867441
SPY,2023/8/15,446.27,446.64,442.3,442.89,75707534
SPY,2023/8/16,442.46,444.18,439.53,439.64,80107206
SPY,2023/8/17,441.16,441.43,435.75,436.29,95711315
SPY,2023/8/18,433.37,437.57,433.01,436.5,98851960
SPY,2023/8/21,437.55,440.11,435.32,439.34,68718957
SPY,2023/8/22,441.18,441.18,437.57,438.15,65062861
SPY,2023/8/23,439.25,443.67,439.1,443.03,68441021
SPY,2023/8/24,444.69,445.22,436.855,436.89,88517272
SPY,2023/8/25,438.68,441.3,435,439.97,102325103
SPY,2023/8/28,442.24,443.4,439.9728,442.76,61595393
SPY,2023/8/29,442.65,449.45,442.46,449.16,83081916
SPY,2023/8/30,449.51,451.67,448.78,451.01,69053911
SPY,2023/8/31,451.65,452.83,450.16,450.35,66084563
SPY,2023/9/1,453.17,453.67,449.68,451.19,58944098
SPY,2023/9/5,450.73,451.06,449.17,449.24,55166210
SPY,2023/9/6,448.4,448.51,443.81,446.22,70758512
SPY,2023/9/7,443.11,445.55,442.75,444.85,70355426
SPY,2023/9/8,444.9,447.11,444.53,445.52,62068437
SPY,2023/9/11,448.24,448.77,446.4699,448.45,60180118
SPY,2023/9/12,446.95,448.53,445.39,445.99,67565422
SPY,2023/9/13,446.22,447.71,445.0793,446.51,60199272
SPY,2023/9/14,449.07,451.08,447.715,450.36,83430814
SPY,2023/9/15,447.14,447.48,442.92,443.37,111848859
SPY,2023/9/18,443.05,444.97,442.56,443.63,55752213
SPY,2023/9/19,442.68,443.29,439.94,442.71,66514648
SPY,2023/9/20,444.01,444.435,438.43,438.64,82562602
SPY,2023/9/21,435.7,435.97,431.23,431.39,104095826
SPY,2023/9/22,432.45,434.1,429.99,430.42,100829684
SPY,2023/9/25,429.17,432.27,428.72,432.23,70874534
SPY,2023/9/26,429.09,429.82,425.02,425.88,96168436
SPY,2023/9/27,427.09,427.67,422.29,426.05,104705847
SPY,2023/9/28,425.48,430.2499,424.87,428.52,92258308
SPY,2023/9/29,431.67,431.85,425.91,427.48,115111319
SPY,2023/10/2,426.62,428.6,424.46,427.31,83798599
SPY,2023/10/3,425.06,427.3729,420.18,421.59,103760607
SPY,2023/10/4,422.07,425.4299,420.56,424.66,87452968
SPY,2023/10/5,424.36,425.37,421.1701,424.5,70142744
SPY,2023/10/6,421.97,431.125,420.6,429.54,113273309
SPY,2023/10/9,427.58,432.88,427.0101,432.29,80374362
SPY,2023/10/10,432.94,437.22,432.53,434.54,78607268
SPY,2023/10/11,435.64,436.58,433.18,436.32,62451736
SPY,2023/10/12,436.95,437.335,431.23,433.66,81154230
SPY,2023/10/13,435.21,436.45,429.88,431.5,95201132
SPY,2023/10/16,433.82,437.14,433.57,436.04,75433194
SPY,2023/10/17,432.81,438.14,432.45,436.02,75324708
SPY,2023/10/18,434.19,435.18,429.09,430.21,93559798
SPY,2023/10/19,430.95,432.82,425.725,426.43,121322957
SPY,2023/10/20,425.98,426.54,421.08,421.19,123919874
SPY,2023/10/23,419.61,424.45,417.8,420.46,92035095
SPY,2023/10/24,422.65,424.82,420.74,423.63,78564239
SPY,2023/10/25,421.89,421.92,417.015,417.55,94223198
SPY,2023/10/26,416.45,417.325,411.6,412.55,115156761
SPY,2023/10/27,414.19,414.6,409.21,410.68,107367671
SPY,2023/10/30,413.56,416.68,412.22,415.59,86562675
SPY,2023/10/31,416.18,418.53,414.21,418.2,79665150
SPY,2023/11/1,419.2,423.5,418.6499,422.66,98068115
SPY,2023/11/2,426.58,430.915,426.56,430.76,94938909
SPY,2023/11/3,433.14,436.29,433.01,434.69,100167775
SPY,2023/11/6,435.47,436.1498,433.68,435.69,67831660
SPY,2023/11/7,435.69,437.585,434.51,436.93,64256114
SPY,2023/11/8,437.55,438.09,434.87,437.25,61746027
SPY,2023/11/9,438.43,438.47,433.4,433.84,83174417
SPY,2023/11/10,435.98,440.93,433.8335,440.61,89558054
SPY,2023/11/13,439.23,441.33,438.42,440.19,52236068
SPY,2023/11/14,446.32,450.06,446.09,448.73,97176935
SPY,2023/11/15,450.11,451.38,448.8,449.68,77327573
SPY,2023/11/16,449.22,450.56,448.12,450.23,66665797
SPY,2023/11/17,450.24,451.42,449.29,450.79,83193902
SPY,2023/11/20,450.53,455.125,450.52,454.26,70055633
SPY,2023/11/21,453.1842,454.131,451.9599,453.27,49244639
SPY,2023/11/22,454.98,456.38,453.8895,455.02,59446573
SPY,2023/11/24,455.07,455.5,454.73,455.3,29737375
SPY,2023/11/27,454.65,455.4901,454.0799,454.48,50505985
SPY,2023/11/28,454.08,456.27,453.5,454.93,62115011
SPY,2023/11/29,457.15,458.32,454.2,454.61,63145992
SPY,2023/11/30,455.48,456.76,453.34,456.4,79752700
SPY,2023/12/1,455.77,459.65,455.16,459.1,89183400
SPY,2023/12/4,455.6,459.1206,454.34,456.69,72430888
SPY,2023/12/5,455.26,457.59,454.87,456.6,69793469
SPY,2023/12/6,458.81,458.84,454.31,454.76,69124685
SPY,2023/12/7,456.91,458.9,456.29,458.23,66995446
SPY,2023/12/8,457.46,460.745,457.21,460.2,83194404
SPY,2023/12/11,459.69,462.17,459.47,461.99,65002247
SPY,2023/12/12,461.63,464.2,460.6,464.1,68327617
SPY,2023/12/13,464.49,470.7599,464.12,470.5,93277960
SPY,2023/12/14,472.5,473.73,469.25,472.01,119026049
SPY,2023/12/15,469.49,470.7,467.4263,469.33,141553673
SPY,2023/12/18,470.98,472.98,469.8929,471.97,70375285
SPY,2023/12/19,472.53,474.92,472.45,474.84,55761805
SPY,2023/12/20,473.96,475.895,467.82,468.26,102920959
SPY,2023/12/21,471.33,472.975,468.84,472.7,86667465
SPY,2023/12/22,473.86,475.38,471.7,473.65,67160419
SPY,2023/12/26,474.07,476.58,473.99,475.65,55386952
SPY,2023/12/27,475.44,476.66,474.89,476.51,68000311
SPY,2023/12/28,476.88,477.55,476.26,476.69,77158116
SPY,2023/12/29,476.49,477.03,473.3,475.31,122283149
SPY,2024/1/2,472.16,473.67,470.49,472.65,123007793
SPY,2024/1/3,470.43,471.19,468.17,468.79,103585866
SPY,2024/1/4,468.3,470.96,467.05,467.28,84232169
SPY,2024/1/5,467.49,470.44,466.43,467.92,86118913
SPY,2024/1/8,468.43,474.75,468.3,474.6,74879074
SPY,2024/1/9,471.87,474.93,471.35,473.88,65931439
SPY,2024/1/10,474.16,477.4481,473.87,476.56,67310640
SPY,2024/1/11,477.59,478.12,472.26,476.35,77940723
SPY,2024/1/12,477.84,478.6,475.23,476.68,58026420
SPY,2024/1/16,475.26,476.6098,473.06,474.93,85014870
SPY,2024/1/17,471.82,472.79,469.87,472.29,68843871
SPY,2024/1/18,474.01,477.06,472.42,476.49,91856248
SPY,2024/1/19,477.65,482.72,476.5374,482.43,110834483
SPY,2024/1/22,484.01,485.22,482.78,483.45,75844931
SPY,2024/1/23,484.01,485.105,482.89,484.86,49945297
SPY,2024/1/24,487.81,488.77,484.8819,485.39,81765039
SPY,2024/1/25,487.575,488.305,485.39,488.03,72524989
SPY,2024/1/26,487.59,489.12,486.54,487.41,76641609
SPY,2024/1/29,487.73,491.415,487.17,491.27,61322751
SPY,2024/1/30,490.56,491.62,490.11,490.89,58618386
SPY,2024/1/31,488.62,489.0813,482.86,482.88,126011062
SPY,2024/2/1,484.63,489.23,483.8,489.2,91891637
SPY,2024/2/2,489.65,496.05,489.3,494.35,99228192
SPY,2024/2/5,493.695,494.3778,490.23,492.55,75757102
SPY,2024/2/6,493.52,494.32,492.05,493.98,55918602
SPY,2024/2/7,496.29,498.53,495.36,498.1,70556506
SPY,2024/2/8,498.1,498.71,497.26,498.32,52343636
SPY,2024/2/9,498.84,501.65,498.49,501.2,63979375
SPY,2024/2/12,501.17,503.5,500.24,500.98,56502283
SPY,2024/2/13,494.53,497.09,490.715,494.08,113099199
SPY,2024/2/14,496.79,499.07,494.4,498.57,68387827
SPY,2024/2/15,499.29,502.2,498.795,502.01,61682960
SPY,2024/2/16,501.7,502.87,498.75,499.51,75532928
SPY,2024/2/20,497.72,498.41,494.45,496.76,71736740
SPY,2024/2/21,495.42,497.37,493.56,497.21,59603771
SPY,2024/2/22,504.01,508.49,503.02,507.5,76402535
SPY,2024/2/23,509.27,510.13,507.1,507.85,61321818
SPY,2024/2/26,508.3,508.75,505.86,505.99,50386738
SPY,2024/2/27,506.7,507.16,504.75,506.93,48854528
SPY,2024/2/28,505.33,506.855,504.96,506.26,56506634
SPY,2024/2/29,508.07,509.74,505.35,508.08,83924795
SPY,2024/3/1,508.98,513.29,508.56,512.85,76844844
SPY,2024/3/4,512.03,514.2,512,512.3,49799257
SPY,2024/3/5,510.24,510.7,504.91,507.18,72855623
SPY,2024/3/6,510.55,512.069,508.42,509.75,68382367
SPY,2024/3/7,513.14,515.89,509.8053,514.81,58652085
SPY,2024/3/8,515.46,518.2201,511.13,511.72,86532535
SPY,2024/3/11,510.48,511.88,508.5,511.28,62557183
SPY,2024/3/12,513.45,517.38,510.86,516.78,73114439
SPY,2024/3/13,517.11,517.29,514.49,515.97,55104088
SPY,2024/3/14,516.97,517.125,511.82,514.95,110171820
SPY,2024/3/15,510.21,511.7,508.122,509.83,107646297
SPY,2024/3/18,514,515.48,512.44,512.86,88893331
SPY,2024/3/19,512.15,515.995,511.12,515.71,60755263
SPY,2024/3/20,515.77,520.62,515.08,520.48,69594574
SPY,2024/3/21,523.39,524.11,521.91,522.2,60256112
SPY,2024/3/22,522.11,522.605,520.97,521.21,79070842
SPY,2024/3/25,519.8,520.95,519.61,519.77,48512108
SPY,2024/3/26,521.23,521.58,518.4,518.81,65463744
SPY,2024/3/27,521.71,523.21,519.485,523.17,82999777
SPY,2024/3/28,523.21,524.61,522.78,523.07,96294886
SPY,2024/4/1,523.83,524.38,520.97,522.16,62477540
SPY,2024/4/2,518.24,518.98,516.48,518.84,74230308
SPY,2024/4/3,517.72,520.95,517.665,519.41,59155759
SPY,2024/4/4,523.52,523.8674,512.755,513.07,96858074
SPY,2024/4/5,514.46,520.44,514.01,518.43,74546483
SPY,2024/4/8,519.15,520.18,517.89,518.72,48401752
SPY,2024/4/9,520.5,520.75,514.35,519.32,68124385
SPY,2024/4/10,513.48,516.16,512.09,514.12,82652806
SPY,2024/4/11,515.68,519.48,512.08,518,70099007
SPY,2024/4/12,514.37,515.815,509.08,510.85,92561094
SPY,2024/4/15,515.13,515.3,503.58,504.45,92101447
SPY,2024/4/16,504.94,506.5,502.21,503.53,73484020
SPY,2024/4/17,506.05,506.22,499.12,500.55,75910305
SPY,2024/4/18,501.98,504.13,498.56,499.52,74548085
SPY,2024/4/19,499.44,500.455,493.86,495.16,102212587
SPY,2024/4/22,497.83,502.38,495.43,499.72,67961048
SPY,2024/4/23,501.78,506.09,499.5328,505.65,64633620
SPY,2024/4/24,506.56,507.37,503.13,505.41,55928076
SPY,2024/4/25,499.18,504.27,497.49,503.49,69122368
SPY,2024/4/26,506.35,509.88,505.7,508.26,64306118
SPY,2024/4/29,510.09,510.75,507.25,510.06,46415449
SPY,2024/4/30,508.56,509.56,501.98,501.98,77483566
SPY,2024/5/1,501.38,508.19,499.865,500.35,80242839
SPY,2024/5/2,504.15,505.89,499.55,505.03,62550179
SPY,2024/5/3,511.16,512.55,508.56,511.29,72756709
SPY,2024/5/6,513.75,516.61,513.3,516.57,47264703
SPY,2024/5/7,517.56,518.57,516.45,517.14,52561299
SPY,2024/5/8,515.26,517.74,515.14,517.19,42047214
SPY,2024/5/9,517.38,520.2074,516.705,520.17,43643668
SPY,2024/5/10,521.81,522.635,519.59,520.84,52233171
SPY,2024/5/13,522.56,522.67,519.74,520.91,36716361
SPY,2024/5/14,521.11,523.83,520.56,523.3,57535867
SPY,2024/5/15,525.83,530.08,525.18,529.78,59504897
SPY,2024/5/16,529.88,531.5218,528.54,528.69,50244827
SPY,2024/5/17,528.81,529.52,527.32,529.45,59187585
SPY,2024/5/20,529.57,531.5601,529.17,530.06,37764206
SPY,2024/5/21,529.28,531.52,529.07,531.36,33437001
SPY,2024/5/22,530.65,531.38,527.6,529.83,48389968
SPY,2024/5/23,532.96,533.07,524.72,525.96,57211197
SPY,2024/5/24,527.85,530.27,526.881,529.44,41291076
SPY,2024/5/28,530.27,530.51,527.11,529.81,36269602
SPY,2024/5/29,525.68,527.31,525.37,526.1,45190323
SPY,2024/5/30,524.52,525.2,521.33,522.61,46468510
SPY,2024/5/31,523.59,527.5,518.36,527.37,90785755
SPY,2024/6/3,529.02,529.31,522.6,527.8,46835702
SPY,2024/6/4,526.46,529.15,524.96,528.39,34632661
SPY,2024/6/5,530.77,534.69,528.7254,534.67,47610365
SPY,2024/6/6,534.98,535.42,532.68,534.66,30808530
SPY,2024/6/7,533.66,536.89,532.535,534.01,43224525
SPY,2024/6/10,533.18,535.99,532.57,535.66,35729252
SPY,2024/6/11,534.07,537.01,532.05,536.95,36383411
SPY,2024/6/12,541.63,544.12,540.3,541.36,63251305
SPY,2024/6/13,543.15,543.325,539.59,542.45,44760949
SPY,2024/6/14,540.88,542.81,539.85,542.78,40089895
SPY,2024/6/17,542.08,548.53,541.6072,547.1,55839457
SPY,2024/6/18,547.16,548.62,546.73,548.49,41376417
SPY,2024/6/20,549.44,550.12,545.18,547,70328226
SPY,2024/6/21,544.4,545.65,543.02,544.51,64513859
SPY,2024/6/24,544.33,546.95,542.62,542.74,45528654
SPY,2024/6/25,543.99,545.2,542.44,544.83,38273346
SPY,2024/6/26,543.69,546.24,543.03,545.51,38550637
SPY,2024/6/27,545.37,546.96,544.61,546.37,35041480
SPY,2024/6/28,547.16,550.28,542.95,544.22,76144535
SPY,2024/7/1,545.63,545.88,542.52,545.34,40297810
SPY,2024/7/2,543.7,549.01,543.65,549.01,40434792
SPY,2024/7/3,548.69,551.83,548.65,551.46,32789911
SPY,2024/7/5,551.77,555.05,551.12,554.64,41488389
SPY,2024/7/8,555.44,556.2501,554.19,555.28,36110451
SPY,2024/7/9,556.26,557.18,555.52,555.82,27314125
SPY,2024/7/10,557.07,561.67,556.77,561.32,38701220
SPY,2024/7/11,561.44,562.33,555.83,556.48,53054184
SPY,2024/7/12,557.63,563.67,557.15,559.99,53084405
SPY,2024/7/15,562.03,564.8371,559.63,561.53,40584293
SPY,2024/7/16,562.865,565.16,562.1,564.86,36475260
SPY,2024/7/17,558.8,560.51,556.61,556.94,57118956
SPY,2024/7/18,558.51,559.52,550.43,552.66,56270392
SPY,2024/7/19,552.42,554.08,547.91,548.99,65509081
SPY,2024/7/22,553,555.27,551.02,554.65,43346720
SPY,2024/7/23,554.54,556.735,553.275,553.78,34439561
SPY,2024/7/24,548.86,549.17,540.29,541.23,74515266
SPY,2024/7/25,541.35,547.455,537.45,538.41,61158288
SPY,2024/7/26,542.28,547.19,541.49,544.44,53763788
SPY,2024/7/29,546.02,547.05,542.72,544.76,39515824
SPY,2024/7/30,546.26,547.34,538.515,542,46853632
SPY,2024/7/31,548.98,553.5,547.5799,550.81,65663388
SPY,2024/8/1,552.57,554.8688,539.43,543.01,76428732
SPY,2024/8/2,535.75,536.99,528.6,532.9,82789070
SPY,2024/8/5,511.64,523.58,510.27,517.38,146267391
SPY,2024/8/6,519.22,529.75,517.87,522.15,84826312
SPY,2024/8/7,528.47,531.59,518.0519,518.66,70698340
SPY,2024/8/8,523.91,531.29,521.84,530.65,63276589
SPY,2024/8/9,529.81,534.51,528.56,532.99,45619558
SPY,2024/8/12,534.21,535.73,530.95,533.27,42542069
SPY,2024/8/13,536.53,542.28,536.28,542.04,52333073
SPY,2024/8/14,542.85,544.96,540.12,543.75,42446929
SPY,2024/8/15,549.5,553.36,548.88,553.07,60846812
SPY,2024/8/16,551.42,555.02,551.26,554.31,44430728
SPY,2024/8/19,554.73,559.61,553.86,559.61,39121793
SPY,2024/8/20,559.15,560.84,557.325,558.7,33732264
SPY,2024/8/21,559.77,562.11,554.73,560.62,41514600
SPY,2024/8/22,562.56,563.18,554.98,556.22,56121456
SPY,2024/8/23,559.53,563.09,557.29,562.13,50639393
SPY,2024/8/26,563.18,563.91,559.05,560.79,35788609
SPY,2024/8/27,559.49,562.06,558.32,561.56,32693898
SPY,2024/8/28,561.21,561.65,555.04,558.3,41066024
SPY,2024/8/29,560.31,563.68,557.18,558.35,38715176
SPY,2024/8/30,560.77,564.2,557.14,563.68,62700110
SPY,2024/9/3,560.47,560.81,549.51,552.08,60600113
SPY,2024/9/4,550.2,554.43,549.46,550.95,47224939
SPY,2024/9/5,550.89,553.7995,547.1,549.61,44264258
SPY,2024/9/6,549.94,551.6,539.44,540.36,68493805
SPY,2024/9/9,544.65,547.71,542.68,546.41,40445822
SPY,2024/9/10,548.36,549.15,543.38,548.79,36394579
SPY,2024/9/11,548.7,555.36,539.96,554.42,75248608
SPY,2024/9/12,555.01,559.4,552.74,559.09,51892735
SPY,2024/9/13,559.71,563.03,559.45,562.01,39310501
SPY,2024/9/16,561.74,563.11,559.9,562.84,36656122
SPY,2024/9/17,565.1,566.58,560.795,563.07,49320970
SPY,2024/9/18,563.74,568.69,560.83,561.4,59044937
SPY,2024/9/19,571.01,572.88,568.08,570.98,75315470
SPY,2024/9/20,567.84,569.31,565.17,568.25,77503110
SPY,2024/9/23,569.34,570.3325,568.1,569.67,44116922
SPY,2024/9/24,570.48,571.36,567.6,571.3,46805672
SPY,2024/9/25,571.14,571.89,568.91,570.04,38428587
SPY,2024/9/26,574.38,574.71,569.9,572.3,48336004
SPY,2024/9/27,573.39,574.22,570.42,571.47,42100928
SPY,2024/9/30,570.42,574.38,568.08,573.76,63655448
SPY,2024/10/1,573.4,574.0622,566,568.62,72668778
SPY,2024/10/2,567.71,569.9,565.27,568.86,38097798
SPY,2024/10/3,567.36,569.8025,565.49,567.82,40846466
SPY,2024/10/4,572.35,573.36,568.1,572.98,43005186
SPY,2024/10/7,571.3,571.9599,566.63,567.8,49964690
SPY,2024/10/8,570.42,573.78,569.5299,573.17,37398693
SPY,2024/10/9,573.16,577.71,572.55,577.14,37912244
SPY,2024/10/10,575.77,577.58,574.49,576.13,44138060
SPY,2024/10/11,576.05,580.33,575.91,579.58,42267994
SPY,2024/10/14,581.22,585.27,580.73,584.32,36217215
SPY,2024/10/15,584.59,584.9,578.545,579.78,54203636
SPY,2024/10/16,579.78,582.83,578.96,582.3,30725436
SPY,2024/10/17,585.91,586.12,582.16,582.35,34393714
SPY,2024/10/18,584.07,585.39,582.58,584.59,37416801
SPY,2024/10/21,583.85,584.85,580.6001,583.63,36439010
SPY,2024/10/22,581.05,584.5,580.38,583.32,34183835
SPY,2024/10/23,581.26,581.7086,574.415,577.99,49314574
SPY,2024/10/24,579.98,580.06,576.57,579.24,34979860
SPY,2024/10/25,581.51,584.46,578.08,579.04,47268176
SPY,2024/10/28,582.58,582.71,580.52,580.83,30174704
SPY,2024/10/29,579.85,582.907,578.43,581.77,42899661
SPY,2024/10/30,581.29,583.32,579.29,580.01,41435839
SPY,2024/10/31,575.56,575.63,568.44,568.64,60182451
SPY,2024/11/1,571.32,575.55,570.62,571.04,45667533
SPY,2024/11/4,571.18,572.5,567.89,569.81,38216975
SPY,2024/11/5,570.74,576.74,570.52,576.7,39478322
SPY,2024/11/6,589.2,591.93,585.39,591.04,68181968
SPY,2024/11/7,593.08,596.65,592.9999,595.61,47233212
SPY,2024/11/8,596.17,599.64,596.165,598.19,46444893
SPY,2024/11/11,599.81,600.17,597,598.76,37586773
SPY,2024/11/12,598.68,599.29,594.37,596.9,43006128
SPY,2024/11/13,597.37,599.23,594.96,597.19,47388640
SPY,2024/11/14,597.32,597.81,592.65,593.35,38904109
SPY,2024/11/15,589.72,590.2,583.86,585.75,75988766
SPY,2024/11/18,586.22,589.49,585.34,588.15,37084081
SPY,2024/11/19,584.71,591.045,584.03,590.3,49412046
SPY,2024/11/20,590.38,590.79,584.63,590.5,50032576
SPY,2024/11/21,593.4,595.12,587.45,593.67,46750285
SPY,2024/11/22,593.66,596.15,593.1525,595.51,38226390
SPY,2024/11/25,599.52,600.86,595.2,597.53,42441393
SPY,2024/11/26,598.8,601.33,598.07,600.65,45621288
SPY,2024/11/27,600.46,600.85,597.28,598.83,34000163
SPY,2024/11/29,599.66,603.35,599.3805,602.55,30177351
SPY,2024/12/2,602.97,604.32,602.47,603.63,31745989
SPY,2024/12/3,603.39,604.16,602.341,603.91,26906629
SPY,2024/12/4,605.63,607.91,604.95,607.66,42787561
SPY,2024/12/5,607.66,608.48,606.305,606.66,28762183
SPY,2024/12/6,607.44,609.07,607.02,607.81,31241549
SPY,2024/12/9,607.69,607.86,604.08,604.68,34742738
SPY,2024/12/10,605.37,605.8,602.13,602.8,37234515
SPY,2024/12/11,605.78,608.435,605.5,607.46,28677723
SPY,2024/12/12,606.58,607.16,604.33,604.33,31543812
SPY,2024/12/13,606.4,607.13,602.81,604.21,35904730
SPY,2024/12/16,606,607.7795,605.21,606.79,43695179
SPY,2024/12/17,604.19,605.17,602.885,604.29,55773545
SPY,2024/12/18,603.98,606.405,585.89,586.28,108248729
SPY,2024/12/19,591.36,593,585.85,586.1,85919452
SPY,2024/12/20,581.77,595.75,580.91,591.15,125716674
SPY,2024/12/23,590.89,595.3,587.661,594.69,57635828
SPY,2024/12/24,596.06,601.34,595.47,601.3,33160097
SPY,2024/12/26,599.5,602.48,598.0825,601.34,41338891
SPY,2024/12/27,597.54,597.7761,590.7647,595.01,64969310
SPY,2024/12/30,587.89,591.74,584.41,588.22,56578757
SPY,2024/12/31,589.905,590.6399,584.42,586.08,57052654
SPY,2025/1/2,589.39,591.13,580.5,584.64,50203975
SPY,2025/1/3,587.53,592.6,586.43,591.95,37888459
SPY,2025/1/6,596.27,599.7,593.6,595.36,47679442
SPY,2025/1/7,597.42,597.75,586.78,588.63,60393052
SPY,2025/1/8,588.7,590.5799,585.195,589.49,47304672
SPY,2025/1/10,585.88,585.95,578.55,580.49,73105046
SPY,2025/1/13,575.77,581.75,575.35,581.39,47910060
SPY,2025/1/14,584.36,585,578.35,582.19,48420580
SPY,2025/1/15,590.325,593.94,589.195,592.78,56900159
SPY,2025/1/16,594.175,594.35,590.93,591.64,43319662
SPY,2025/1/17,596.96,599.36,595.61,597.58,58070628
SPY,2025/1/21,600.67,603.06,598.67,603.05,42532853
SPY,2025/1/22,605.92,607.82,605.36,606.44,48195973
SPY,2025/1/23,605.8,609.75,605.52,609.75,41152102
SPY,2025/1/24,609.81,610.78,606.8,607.97,34604693
SPY,2025/1/27,594.81,599.69,594.64,599.37,70361125
SPY,2025/1/28,600.62,605.37,597.25,604.52,44433322
SPY,2025/1/29,603.72,604.13,599.22,601.81,37177429
SPY,2025/1/30,603.96,606.6,600.715,605.04,39281255
SPY,2025/1/31,607.5,609.96,601.05,601.82,66671471
SPY,2025/2/3,592.67,600.29,590.49,597.77,65857248
SPY,2025/2/4,597.83,602.3,597.28,601.78,33457815
SPY,2025/2/5,600.64,604.37,598.58,604.22,30653149
SPY,2025/2/6,605.99,606.4525,602.63,606.32,35771503
SPY,2025/2/7,606.89,608.13,600.05,600.77,50788516
SPY,2025/2/10,604.03,605.4999,602.74,604.85,26048714
SPY,2025/2/11,602.55,605.86,602.43,605.31,30056740
SPY,2025/2/12,599.2,604.55,598.51,603.36,45076076
SPY,2025/2/13,604.48,609.94,603.2,609.73,40921297
SPY,2025/2/14,609.94,610.99,609.07,609.7,26910448
SPY,2025/2/18,610.88,611.49,608.38,611.49,26749030
SPY,2025/2/19,610.08,613.23,609.56,612.93,31011072
SPY,2025/2/20,611.54,611.684,607.02,610.38,36554002
SPY,2025/2/21,610.16,610.3,599.47,599.94,76519818
SPY,2025/2/24,602.02,603.03,596.49,597.21,50737213
SPY,2025/2/25,597.15,597.89,589.56,594.24,58266472
SPY,2025/2/26,595.93,599.58,591.8556,594.54,43321578
SPY,2025/2/27,596.85,598.02,584.65,585.05,74196664
SPY,2025/2/28,585.56,594.72,582.44,594.18,88744106
SPY,2025/3/3,596.18,597.34,579.9,583.77,74249199
SPY,2025/3/4,579.71,585.39,572.25,576.86,109648212
SPY,2025/3/5,576.69,584.88,573.0795,583.06,71230528
SPY,2025/3/6,575.48,580.1736,570.12,572.71,80094868
SPY,2025/3/7,570.9,577.39,565.63,575.92,81158816
SPY,2025/3/10,567.59,569.54,555.59,560.58,99326624
SPY,2025/3/11,559.4,564.02,552.02,555.92,88102109
SPY,2025/3/12,562.17,563.11,553.69,558.87,69588167
SPY,2025/3/13,558.49,559.105,549.68,551.42,74079414
SPY,2025/3/14,556.11,563.83,551.4917,562.81,62660321
SPY,2025/3/17,562.79,569.71,562.35,567.15,49008709
SPY,2025/3/18,564.8,565.02,559.06,561.02,66041422
SPY,2025/3/19,562.83,570.95,561.63,567.13,66555985
SPY,2025/3/20,563.33,570.57,562.6012,565.49,62958195
SPY,2025/3/21,559.28,564.89,558.03,563.98,83762964
SPY,2025/3/24,570.8,575.15,570.2,574.08,58766795
SPY,2025/3/25,575.3,576.41,573.69,575.46,38355735
SPY,2025/3/26,575.19,576.33,567.19,568.59,52228898
SPY,2025/3/27,567.18,570.9,564.94,567.08,42164248
SPY,2025/3/28,565.53,566.2675,555.07,555.66,71662653
SPY,2025/3/31,549.83,560.7112,546.87,559.39,95328213
SPY,2025/4/1,557.45,562.94,553.68,560.97,54609641
SPY,2025/4/2,555.05,567.42,554.81,564.52,76014544
SPY,2025/4/3,545.11,547.97,536.7,536.7,125985998
SPY,2025/4/4,523.67,525.87,505.06,505.28,217965131
SPY,2025/4/7,489.19,523.17,481.8,504.38,256611355
SPY,2025/4/8,521.86,524.98,489.16,496.48,165816581
SPY,2025/4/9,493.44,548.62,493.05,548.62,241867317
SPY,2025/4/10,532.17,533.495,509.32,524.58,162331225
SPY,2025/4/11,523.01,536.43,520.07,533.94,97866334
SPY,2025/4/14,544.05,544.28,533.86,539.12,68033993
SPY,2025/4/15,539.675,543.23,536.81,537.61,56892874
SPY,2025/4/16,531.68,537.8854,520.29,525.66,83484814
SPY,2025/4/17,527.64,531.165,523.91,526.41,79868083
SPY,2025/4/21,521.16,521.7,508.46,513.88,69368129
SPY,2025/4/22,520.14,529.305,519.1925,527.25,75948117
SPY,2025/4/23,540.43,545.43,533.88,535.42,90590658
SPY,2025/4/24,536.715,547.43,535.4504,546.69,64150418
SPY,2025/4/25,546.65,551.05,543.69,550.64,61119590
SPY,2025/4/28,551.39,553.55,545.02,550.85,47613755
SPY,2025/4/29,548.91,555.45,548.55,554.32,47775121
SPY,2025/4/30,547.57,556.52,541.52,554.54,93101463
SPY,2025/5/1,560.37,564.0699,557.86,558.47,63186146
SPY,2025/5/2,564.73,568.38,562.38,566.76,60717270
SPY,2025/5/5,562.57,566.65,561.7,563.51,38659222
SPY,2025/5/6,557.93,563.3476,556.96,558.8,48264708
SPY,2025/5/7,560.15,563.82,556.04,561.15,55733229
SPY,2025/5/8,565.24,570.31,561.7,565.06,65130787
SPY,2025/5/9,566.48,567.5,562.7637,564.34,37603427
SPY,2025/5/12,581.47,583,577.04,582.99,78993570
SPY,2025/5/13,583.41,589.08,582.84,586.84,67947225
SPY,2025/5/14,587.81,588.98,585.535,587.59,66283531
SPY,2025/5/15,585.56,590.97,585.0969,590.46,71268145
SPY,2025/5/16,591.25,594.5,589.28,594.2,76052101
SPY,2025/5/19,588.1,595.54,588.1,594.85,68168509
SPY,2025/5/20,593.09,594.05,589.6,592.85,60614492
SPY,2025/5/21,588.44,592.58,581.82,582.86,95197657
SPY,2025/5/22,582.66,586.62,581.405,583.09,70860417
SPY,2025/5/23,575.98,581.8101,575.6,579.11,76029046
SPY,2025/5/27,586.07,591.31,578.43,591.15,72588475
SPY,2025/5/28,591.56,592.7688,586.985,587.73,68445512
SPY,2025/5/29,593.06,593.2,586.07,590.05,70073758
SPY,2025/5/30,588.93,591.1299,583.235,589.39,90601242
SPY,2025/6/2,587.76,592.79,585.06,592.71,61630502
SPY,2025/6/3,592.34,597.08,591.85,596.09,63606204
SPY,2025/6/4,596.96,597.95,595.49,595.93,57314199
SPY,2025/6/5,597.63,599,591.05,593.05,92436397
SPY,2025/6/6,598.66,600.83,596.86,599.14,66588743
SPY,2025/6/9,599.72,601.25,598.49,599.68,53016418
SPY,2025/6/10,600.22,603.47,599.09,603.08,66246973
SPY,2025/6/11,604.19,605.06,599.27,601.36,73658225
SPY,2025/6/12,600.01,603.75,599.52,603.75,64129003
SPY,2025/6/13,598.5,601.85,595.48,597,89505996
SPY,2025/6/16,600.4,604.45,600.22,602.68,79984125
SPY,2025/6/17,600.21,601.75,596.76,597.53,82209365
SPY,2025/6/18,598.44,601.22,596.47,597.44,76605029
SPY,2025/6/20,598.38,599.46,592.86,594.28,94051374
SPY,2025/6/23,595.04,600.54,591.89,600.15,87426039
SPY,2025/6/24,604.33,607.8499,603.41,606.78,67735293
SPY,2025/6/25,607.91,608.61,605.54,607.12,62114767
SPY,2025/6/26,608.99,612.31,608.37,611.87,78548361
SPY,2025/6/27,612.88,616.39,610.83,614.91,86258398
SPY,2025/6/30,617.38,619.22,615.04,617.85,92502541
SPY,2025/7/1,616.36,618.83,615.52,617.65,70030140
SPY,2025/7/2,617.24,620.49,616.61,620.45,66510374
SPY,2025/7/3,622.45,626.28,622.43,625.34,51065789
SPY,2025/7/7,623.36,624.03,617.87,620.68,74814505
SPY,2025/7/8,621.35,622.11,619.52,620.34,59024585
SPY,2025/7/9,622.77,624.72,620.9105,624.06,66113326
SPY,2025/7/10,624.2,626.8701,623.01,625.82,57528960
SPY,2025/7/11,622.74,624.86,621.53,623.62,63670226
SPY,2025/7/14,623.16,625.1581,621.7999,624.81,51898518
SPY,2025/7/15,627.52,627.86,622.06,622.14,74317260
SPY,2025/7/16,623.74,624.73,618.05,624.22,88987511
SPY,2025/7/17,624.4,628.4048,624.18,628.04,68885683
SPY,2025/7/18,629.3,629.47,626.46,627.58,65621645
SPY,2025/7/21,628.77,631.54,628.34,628.77,63374984
SPY,2025/7/22,629.1,629.73,626.19,628.86,60046288
SPY,2025/7/23,631.55,634.21,629.73,634.21,70511036
SPY,2025/7/24,634.6,636.15,633.99,634.42,71307134
SPY,2025/7/25,635.09,637.5799,634.84,637.1,56865364
SPY,2025/7/28,637.48,638.04,635.54,636.94,54917102
SPY,2025/7/29,638.35,638.67,634.335,635.26,60556278
SPY,2025/7/30,635.92,637.68,631.54,634.46,80418851
SPY,2025/7/31,639.455,639.85,630.765,632.08,103385246
SPY,2025/8/1,626.3,626.34,619.29,621.72,140103572
SPY,2025/8/4,625.67,631.215,625.58,631.17,73218015
SPY,2025/8/5,631.79,632.6052,627.04,627.97,68051401
SPY,2025/8/6,629.05,633.44,628.13,632.78,64357525
SPY,2025/8/7,636.24,636.98,629.11,632.25,74205791
SPY,2025/8/8,634.06,637.645,633.74,637.18,64051626
SPY,2025/8/11,637.46,638.95,634.66,635.92,58742300
SPY,2025/8/12,638.29,642.85,636.79,642.69,64821798
SPY,2025/8/13,644.91,646.19,642.68,644.89,60092790
SPY,2025/8/14,642.79,645.62,642.34,644.95,59327466
SPY,2025/8/15,645.99,646.09,642.5153,643.44,68592507
SPY,2025/8/18,642.86,644,642.18,643.3,43804914
SPY,2025/8/19,643.12,644.105,638.48,639.81,69750731
SPY,2025/8/20,639.4,639.66,632.95,638.11,88890298
SPY,2025/8/21,636.28,637.97,633.81,635.55,54805775
SPY,2025/8/22,637.76,646.5,637.25,645.31,84083214
SPY,2025/8/25,644.04,645.29,642.35,642.47,51274332
SPY,2025/8/26,642.2,645.51,641.57,645.16,51581565
SPY,2025/8/27,644.57,647.37,644.42,646.63,48341069
SPY,2025/8/28,647.24,649.48,645.34,648.92,61519461
SPY,2025/8/29,647.47,647.84,643.14,645.05,74522192
SPY,2025/9/2,637.5,640.49,634.92,640.27,81983545
SPY,2025/9/3,642.67,644.21,640.46,643.74,70820898
SPY,2025/9/4,644.42,649.15,643.51,649.12,65219228
SPY,2025/9/5,651.48,652.21,643.33,647.24,85178935
SPY,2025/9/8,648.62,649.84,647.23,648.83,63133104
SPY,2025/9/9,648.97,650.86,647.22,650.33,66133856
SPY,2025/9/10,653.62,654.55,650.63,652.21,78034529
SPY,2025/9/11,654.18,658.33,653.59,657.63,69934360
SPY,2025/9/12,657.6,659.11,656.9,657.41,72780135
SPY,2025/9/15,659.64,661.04,659.34,660.91,63772412
SPY,2025/9/16,661.47,661.78,659.21,660,61168953
SPY,2025/9/17,660.01,661.72,654.3,659.18,101952244
SPY,2025/9/18,661.89,664.89,660.27,662.26,90459242
SPY,2025/9/19,662.33,664.55,660.37,663.7,97945620
SPY,2025/9/22,662.2,667.29,662.17,666.84,69452201
SPY,2025/9/23,666.72,667.34,661.98,663.21,81708872
SPY,2025/9/24,664.51,664.61,659.67,661.1,68082229
SPY,2025/9/25,657.94,659.4056,654.405,658.05,89622067
SPY,2025/9/26,659.51,662.37,657.88,661.82,69179209
SPY,2025/9/29,664.36,665.28,661.86,663.68,73499015
SPY,2025/9/30,662.93,666.65,661.61,666.18,86288028
SPY,2025/10/1,663.17,669.37,663.06,668.45,72545369
SPY,2025/10/2,670.45,670.565,666.78,669.22,56895993
SPY,2025/10/3,669.99,672.675,668.16,669.21,70494350
SPY,2025/10/6,671.62,672.51,669.455,671.61,54623260
SPY,2025/10/7,672.54,672.99,667.67,669.12,72020067
SPY,2025/10/8,670.25,673.2056,669.42,673.11,60702241
SPY,2025/10/9,673.53,673.94,669.21,671.16,66501941
SPY,2025/10/10,672.13,673.95,652.84,653.02,159422589
SPY,2025/10/13,660.65,665.13,659.7679,663.04,79560517
SPY,2025/10/14,657.17,665.83,653.17,662.23,88779560
SPY,2025/10/15,666.82,670.23,658.93,665.17,81702555
SPY,2025/10/16,666.82,668.71,657.11,660.64,110563346
SPY,2025/10/17,659.5,665.755,658.14,664.39,96500870
SPY,2025/10/20,667.32,672.21,667.27,671.3,60493350
SPY,2025/10/21,671.44,672.99,669.981,671.29,56249034
SPY,2025/10/22,672,672,663.3,667.8,80564006
SPY,2025/10/23,668.12,672.7101,667.8,671.76,65604461
SPY,2025/10/24,676.46,678.47,675.65,677.25,74356527
SPY,2025/10/27,682.73,685.54,682.115,685.24,63339790
SPY,2025/10/28,687.05,688.905,684.83,687.06,61738073
SPY,2025/10/29,688.72,689.7,682.87,687.39,85362207
SPY,2025/10/30,683.9,685.94,679.83,679.83,76335751
SPY,2025/10/31,685.04,685.08,679.24,682.06,87164122
SPY,2025/11/3,685.67,685.8,679.94,683.34,57315025
SPY,2025/11/4,676.11,679.96,674.58,675.24,78426969
SPY,2025/11/5,674.98,680.86,674.17,677.58,74402376
SPY,2025/11/6,676.47,677.38,668.72,670.31,85035298
SPY,2025/11/7,667.91,671.08,661.205,670.97,100592443
SPY,2025/11/10,677.235,682.18,675.03,681.44,75842888
SPY,2025/11/11,679.95,683.57,678.73,683,58953385
SPY,2025/11/12,684.79,684.96,680.945,683.38,62312484
SPY,2025/11/13,680.5,680.86,670.52,672.04,103457788
SPY,2025/11/14,665.38,675.66,663.265,671.93,96846672
SPY,2025/11/17,669.7,673.71,662.17,665.67,90456105
SPY,2025/11/18,662.095,665.12,655.86,660.08,114467488
SPY,2025/11/19,660.78,667.34,658.745,662.63,94702955
SPY,2025/11/20,672.91,675.56,651.89,652.53,165293521
SPY,2025/11/21,655.05,664.55,650.85,659.03,123956203
SPY,2025/11/24,662.69,670.06,661.59,668.73,80437940
SPY,2025/11/25,668.63,676.21,664.48,675.02,81077088
SPY,2025/11/26,677.63,681.7,676.72,679.68,71879597
SPY,2025/11/28,680.86,683.665,680.5,683.39,49212030
SPY,2025/12/1,678.81,682.99,678.74,680.27,61201193
SPY,2025/12/2,681.92,683.82,679.3275,681.53,62953844
SPY,2025/12/3,680.57,684.91,679.69,683.89,57238481
SPY,2025/12/4,685.3,685.37,681.34,684.39,61970336
SPY,2025/12/5,685.47,688.39,684.58,685.69,79241045
SPY,2025/12/8,686.59,686.64,681.57,683.63,55231462
SPY,2025/12/9,683.15,685.385,682.59,683.04,58310055
SPY,2025/12/10,682.56,688.97,681.31,687.57,85671334
SPY,2025/12/11,685.14,689.25,682.165,689.17,86173678
SPY,2025/12/12,688.17,688.88,679.1744,681.76,113160347
SPY,2025/12/15,685.74,685.76,679.25,680.73,90810952
SPY,2025/12/16,679.23,681.08,674.98,678.87,122030631
SPY,2025/12/17,679.89,680.435,671.195,671.4,110625198
SPY,2025/12/18,677.6,680.74,674.9,676.47,108650128
SPY,2025/12/19,676.59,681.09,676.47,680.59,103599543
SPY,2025/12/22,683.94,685.36,680.5868,684.83,69556733
SPY,2025/12/23,683.92,688.2,683.87,687.96,64839951
SPY,2025/12/24,687.95,690.83,687.8,690.38,39445560
SPY,2025/12/26,690.64,691.66,689.27,690.31,41613347
SPY,2025/12/29,687.54,689.2,686.07,687.85,62559503
SPY,2025/12/30,687.445,688.555,686.58,687.01,47160671
SPY,2025/12/31,687.14,687.36,681.71,681.92,74144801