Ticker,Date,Open,High,Low,Close,Volume
TLT,2002/7/26,82.67,82.8,82.42,82.51,316300
TLT,2002/7/29,82.06,82.16,81.32,81.42,8400
TLT,2002/7/30,81.75,81.9,81.52,81.52,6100
TLT,2002/7/31,81.95,82.8,81.9,82.53,29400
TLT,2002/8/1,82.54,83.02,82.54,83,25000
TLT,2002/8/2,83.16,84.1,82.88,83.85,52800
TLT,2002/8/5,84.04,84.44,83.85,84.22,61100
TLT,2002/8/6,83.8,83.9,83.22,83.5,64900
TLT,2002/8/7,83.6,84.14,83.36,83.7,40300
TLT,2002/8/8,83.58,83.77,83.36,83.7,40900
TLT,2002/8/9,84,84.88,84,84.88,35900
TLT,2002/8/12,85.3,86.7,85.14,85.4,32100
TLT,2002/8/13,85.78,86.47,85.37,86.45,74300
TLT,2002/8/14,87.46,87.9,86.75,86.78,130000
TLT,2002/8/15,86.38,86.5,85.85,86.02,87100
TLT,2002/8/16,86.44,86.52,84.82,85.06,85000
TLT,2002/8/19,85.05,85.34,84.71,85.32,47300
TLT,2002/8/20,85.62,86.29,85.6,86.27,40800
TLT,2002/8/21,85.68,86.1,85.63,85.81,40000
TLT,2002/8/22,85.55,85.55,85.06,85.06,34400
TLT,2002/8/23,85.2,85.95,85.2,85.9,20100
TLT,2002/8/26,85.7,86.21,85.67,85.98,23900
TLT,2002/8/27,85.4,85.68,85.2,85.44,301800
TLT,2002/8/28,86.04,86.18,85.84,85.87,18100
TLT,2002/8/29,86.76,86.86,86.35,86.56,135700
TLT,2002/8/30,86.75,87.13,86.45,87.08,78100
TLT,2002/9/3,87.08,88.04,87,88.04,102100
TLT,2002/9/4,88.03,88.3,87.84,88.02,66300
TLT,2002/9/5,88.57,88.65,87.38,88.5,648400
TLT,2002/9/6,87.97,88.19,87.2,87.46,140000
TLT,2002/9/9,87.5,87.83,87.26,87.33,83800
TLT,2002/9/10,87.17,88,87,87.75,336000
TLT,2002/9/11,87,87.3,86.75,87.29,177700
TLT,2002/9/12,87.48,88.14,87.47,87.97,43400
TLT,2002/9/13,88.33,88.94,88.18,88.78,155100
TLT,2002/9/16,89.2,89.22,88.9,88.93,73000
TLT,2002/9/17,88.64,89.32,88.36,89.1,75400
TLT,2002/9/18,89.46,89.56,89.02,89.12,196600
TLT,2002/9/19,89.7,89.77,89.26,89.72,109900
TLT,2002/9/20,89.45,89.52,89.06,89.3,113500
TLT,2002/9/23,90,90.24,89.77,90.1,163200
TLT,2002/9/24,90.3,90.94,90.21,90.68,251900
TLT,2002/9/25,90.1,90.36,89.26,89.58,127200
TLT,2002/9/26,89.05,89.53,88.61,89.37,429000
TLT,2002/9/27,89.53,90.04,89.48,90.04,298200
TLT,2002/9/30,90.66,90.9,90.08,90.4,297800
TLT,2002/10/1,89.16,89.3,88.8,88.94,257500
TLT,2002/10/2,89.24,89.48,88.84,89.45,91000
TLT,2002/10/3,89.3,89.51,88.8,89.23,29900
TLT,2002/10/4,88.4,89.72,88.4,89.51,131000
TLT,2002/10/7,89.9,89.96,89.46,89.66,433800
TLT,2002/10/8,89.5,90.52,89.32,89.69,530900
TLT,2002/10/9,90.3,90.38,89.95,90.15,402900
TLT,2002/10/10,90.17,90.17,89.28,89.44,97100
TLT,2002/10/11,89.1,89.22,88.06,88.38,421800
TLT,2002/10/14,88.5,88.55,88.07,88.25,18300
TLT,2002/10/15,87,87.3,86.15,86.16,297100
TLT,2002/10/16,86.6,86.6,85.89,86.2,125200
TLT,2002/10/17,85.14,85.56,85.07,85.15,233400
TLT,2002/10/18,85.02,85.39,84.28,85.37,459100
TLT,2002/10/21,85.5,85.6,84.5,84.54,134900
TLT,2002/10/22,84.85,84.85,84.22,84.3,215800
TLT,2002/10/23,84.75,85.2,84.18,84.33,127900
TLT,2002/10/24,84.16,85.25,84.08,85.07,339600
TLT,2002/10/25,85.35,85.56,85.15,85.38,146100
TLT,2002/10/28,85.56,85.64,85.2,85.26,97800
TLT,2002/10/29,85.82,86.89,85.77,86.37,125000
TLT,2002/10/30,86.37,86.68,86.07,86.34,31900
TLT,2002/10/31,86.05,86.86,86.02,86.73,512700
TLT,2002/11/1,86.3,86.93,85.25,85.98,125100
TLT,2002/11/4,85.48,85.75,85.25,85.6,342500
TLT,2002/11/5,85.6,85.6,85.09,85.27,73800
TLT,2002/11/6,85.05,86.13,84.91,85.61,118500
TLT,2002/11/7,87.05,87.73,86.85,87.73,147900
TLT,2002/11/8,88.4,88.65,87.95,88.44,294700
TLT,2002/11/11,88.55,88.92,88.4,88.92,70000
TLT,2002/11/12,89.15,89.15,88.37,88.41,494300
TLT,2002/11/13,88.45,88.69,87.96,88.6,104700
TLT,2002/11/14,87.65,87.65,86.76,86.76,118000
TLT,2002/11/15,86.54,87.23,86.26,87.11,110700
TLT,2002/11/18,87.02,87.63,86.96,87.5,32200
TLT,2002/11/19,87.95,88.23,87.51,87.82,51800
TLT,2002/11/20,88.2,88.22,86.81,86.96,307400
TLT,2002/11/21,86.5,86.5,85.86,86.12,323200
TLT,2002/11/22,86.33,86.39,85.88,86.04,184800
TLT,2002/11/25,86,86.38,85.8,85.88,288200
TLT,2002/11/26,86.2,87.02,86.15,86.96,377800
TLT,2002/11/27,86.25,86.33,84.96,85,325600
TLT,2002/11/29,85.16,85.63,85.14,85.55,31700
TLT,2002/12/2,84.36,85.4,84.15,85.24,284900
TLT,2002/12/3,85.7,85.7,85.12,85.36,113800
TLT,2002/12/4,85.9,86,85.55,85.8,129000
TLT,2002/12/5,85.28,86.28,85.26,86.02,206400
TLT,2002/12/6,87,87.09,85.76,86.17,440500
TLT,2002/12/9,86.2,86.85,86.17,86.65,400300
TLT,2002/12/10,86.61,86.93,86.5,86.88,151600
TLT,2002/12/11,87.15,87.65,86.96,87.46,163800
TLT,2002/12/12,87.06,87.6,87.06,87.38,135800
TLT,2002/12/13,87.14,87.16,86.53,86.53,425800
TLT,2002/12/16,86.9,86.9,85.84,85.88,115700
TLT,2002/12/17,86.3,86.35,85.68,85.88,290600
TLT,2002/12/18,86.48,86.69,86.25,86.55,191000
TLT,2002/12/19,86.8,87.49,86.65,87.32,134400
TLT,2002/12/20,87.23,87.56,87.15,87.38,41900
TLT,2002/12/23,87.36,87.4,86.25,87.4,74200
TLT,2002/12/24,88,88.08,87.84,87.89,46600
TLT,2002/12/26,87.9,88.06,87.73,88.06,13500
TLT,2002/12/27,88.55,89.03,88.28,89.03,140200
TLT,2002/12/30,88.9,89.24,88.63,89.24,274900
TLT,2002/12/31,88.95,89.33,88.32,88.57,109400
TLT,2003/1/2,87.7,87.9,86.21,86.28,192100
TLT,2003/1/3,86.15,86.54,85.83,86.48,311200
TLT,2003/1/6,86.17,86.29,85.81,86.25,35600
TLT,2003/1/7,86.19,86.75,86.17,86.56,69800
TLT,2003/1/8,86.88,87.14,86.78,86.99,160100
TLT,2003/1/9,86.17,86.17,85.02,85.32,237500
TLT,2003/1/10,85.92,85.92,85.12,85.54,145200
TLT,2003/1/13,85.54,85.87,85.4,85.68,53300
TLT,2003/1/14,86,86.28,85.96,85.98,98900
TLT,2003/1/15,86.28,86.7,86.2,86.4,129600
TLT,2003/1/16,86.38,86.6,85.62,86.52,57900
TLT,2003/1/17,87.1,87.24,86.93,86.95,97700
TLT,2003/1/21,86.88,87.45,86.8,87.45,107500
TLT,2003/1/22,87.68,87.9,87.52,87.88,107100
TLT,2003/1/23,87.32,87.7,87.3,87.45,110700
TLT,2003/1/24,87.74,88.44,87.74,87.97,285300
TLT,2003/1/27,87.9,88.04,87.5,87.65,150500
TLT,2003/1/28,87.65,87.78,87.1,87.65,454700
TLT,2003/1/29,87.83,87.88,86.98,87.17,221400
TLT,2003/1/30,87.2,87.9,87.1,87.82,108600
TLT,2003/1/31,87.9,88.21,87.54,88.06,182300
TLT,2003/2/3,87.67,87.91,87.31,87.88,55200
TLT,2003/2/4,88.37,88.4,88.11,88.27,56900
TLT,2003/2/5,88.23,88.7,87.43,87.51,223300
TLT,2003/2/6,87.84,88.26,87.79,88.22,120900
TLT,2003/2/7,87.77,88.52,87.63,88.42,247200
TLT,2003/2/10,88.12,88.4,87.69,87.8,76600
TLT,2003/2/11,87.6,87.91,87.43,87.78,259100
TLT,2003/2/12,87.8,88.13,87.67,88.09,121300
TLT,2003/2/13,88.27,89.18,88.17,88.57,440200
TLT,2003/2/14,88.3,88.37,87.61,87.81,829700
TLT,2003/2/18,87.56,87.98,87.34,87.92,213200
TLT,2003/2/19,88.39,88.7,88.25,88.52,62100
TLT,2003/2/20,88.34,88.9,88.34,88.82,486700
TLT,2003/2/21,88.56,88.72,88.21,88.3,250400
TLT,2003/2/24,88.88,88.9,88.62,88.72,168200
TLT,2003/2/25,89.4,89.65,89,89.13,358500
TLT,2003/2/26,89.38,89.75,89.15,89.75,334000
TLT,2003/2/27,89.46,89.99,89.31,89.9,695700
TLT,2003/2/28,89.68,90.54,89.58,90.47,213300
TLT,2003/3/3,90,90.45,89.91,90.24,204100
TLT,2003/3/4,90.13,90.45,90.02,90.3,83100
TLT,2003/3/5,90.62,90.63,90.04,90.6,126000
TLT,2003/3/6,90.55,90.68,90.06,90.25,166000
TLT,2003/3/7,90.72,90.79,90.05,90.56,263800
TLT,2003/3/10,90.81,91.03,90.68,91.03,147200
TLT,2003/3/11,90.99,91.16,90.73,90.87,82800
TLT,2003/3/12,90.92,91.36,90.88,91.2,454800
TLT,2003/3/13,90.15,90.39,89.52,89.52,830200
TLT,2003/3/14,89.9,90.12,89.62,89.96,590900
TLT,2003/3/17,90.52,90.52,88.86,88.88,724400
TLT,2003/3/18,88.96,89.2,88.01,88.04,415200
TLT,2003/3/19,88.04,88.07,87.33,87.39,398400
TLT,2003/3/20,87.82,87.95,86.76,87.25,206700
TLT,2003/3/21,86.92,87.05,86.05,86.05,843400
TLT,2003/3/24,87.1,87.6,86.85,87.41,373800
TLT,2003/3/25,87.65,87.82,86.9,87.31,606400
TLT,2003/3/26,87.25,87.65,87.25,87.49,309500
TLT,2003/3/27,87.75,87.87,87.33,87.55,191600
TLT,2003/3/28,87.92,88.08,87.72,87.75,253400
TLT,2003/3/31,88.3,88.93,88.3,88.9,643800
TLT,2003/4/1,88.4,88.79,87.9,88.27,289800
TLT,2003/4/2,87.65,87.7,87.28,87.35,312200
TLT,2003/4/3,87.25,87.58,87.14,87.3,245600
TLT,2003/4/4,87.06,87.3,86.88,87.05,184900
TLT,2003/4/7,86.22,86.86,85.92,86.85,485400
TLT,2003/4/8,87.05,87.59,86.99,87.55,194700
TLT,2003/4/9,87.4,87.86,87.17,87.81,102400
TLT,2003/4/10,87.75,87.85,87.35,87.4,53300
TLT,2003/4/11,86.82,87.32,86.59,87.26,450000
TLT,2003/4/14,87.1,87.11,86.71,87.02,207100
TLT,2003/4/15,87.33,87.53,87.04,87.49,128500
TLT,2003/4/16,87.53,87.9,87.47,87.85,97700
TLT,2003/4/17,88.24,88.4,87.8,87.99,106200
TLT,2003/4/21,87.48,87.83,87.26,87.8,148000
TLT,2003/4/22,88.15,88.26,87.62,87.75,299900
TLT,2003/4/23,87.78,88.01,87.6,87.93,42700
TLT,2003/4/24,88.4,88.99,88.4,88.72,199000
TLT,2003/4/25,88.75,89.1,88.68,88.92,529700
TLT,2003/4/28,89.09,89.09,88.78,88.78,80500
TLT,2003/4/29,88.53,88.77,88.32,88.63,177500
TLT,2003/4/30,88.79,89.52,88.72,89.45,294100
TLT,2003/5/1,89.2,89.6,88.8,89.02,231200
TLT,2003/5/2,89.06,89.07,88.27,88.32,231500
TLT,2003/5/5,88.31,88.87,88.2,88.79,77700
TLT,2003/5/6,88.84,89.4,88.52,89.23,260600
TLT,2003/5/7,90,90.33,89.82,90.27,306900
TLT,2003/5/8,90.6,90.9,90.28,90.49,437400
TLT,2003/5/9,90.3,90.62,90.2,90.58,110000
TLT,2003/5/12,91.14,91.19,90.73,91.15,364700
TLT,2003/5/13,90.9,91.37,90.83,91.35,227800
TLT,2003/5/14,91.83,92.98,91.62,92.75,1426500
TLT,2003/5/15,92.6,93.57,92.6,93.04,810300
TLT,2003/5/16,93.48,93.76,92.95,93.72,703900
TLT,2003/5/19,94.11,94.24,93.13,93.4,817800
TLT,2003/5/20,93.15,94.78,93.12,94.78,606600
TLT,2003/5/21,94.25,95.66,94.12,94.77,1799600
TLT,2003/5/22,95.1,95.7,94.9,95.61,576200
TLT,2003/5/23,95.77,96.21,95.64,95.85,690600
TLT,2003/5/27,95.62,95.71,94.12,94.12,846400
TLT,2003/5/28,93.9,94.14,93.31,93.96,730500
TLT,2003/5/29,94.3,94.8,94.071,94.78,508300
TLT,2003/5/30,94.45,94.74,93.97,94.6,722200
TLT,2003/6/2,93.88,93.88,93.09,93.51,478600
TLT,2003/6/3,93.76,94.58,93.71,94.26,389400
TLT,2003/6/4,94.46,94.71,94.05,94.54,394100
TLT,2003/6/5,95.2,95.38,93.8,93.8,820900
TLT,2003/6/6,93.7,94.15,93.38,94.14,276800
TLT,2003/6/9,94.7,94.88,94.27,94.77,282200
TLT,2003/6/10,95.08,95.93,95.07,95.9,534800
TLT,2003/6/11,96.25,96.6,95.7,95.78,633600
TLT,2003/6/12,96.11,96.73,96.01,96.53,315400
TLT,2003/6/13,96.93,97.28,96.76,97.18,478400
TLT,2003/6/16,97.5,97.66,96.26,96.26,789300
TLT,2003/6/17,95.97,96.031,95.4,95.5,691600
TLT,2003/6/18,95.06,95.06,94.2,94.28,657600
TLT,2003/6/19,93.96,94.48,93.5,94.1,817700
TLT,2003/6/20,93.9,94.05,93.03,93.75,561700
TLT,2003/6/23,93.819,94.43,93.53,94.31,819900
TLT,2003/6/24,94.15,95.18,94.01,95.18,292900
TLT,2003/6/25,95.42,95.49,93.45,93.66,1002800
TLT,2003/6/26,93.25,93.25,92.12,92.4,1423800
TLT,2003/6/27,92.55,92.55,91.55,92.07,735900
TLT,2003/6/30,91.92,92.52,91.68,92.5,541900
TLT,2003/7/1,92.15,92.49,91.51,91.69,449000
TLT,2003/7/2,91.2,92.07,91.11,91.92,338800
TLT,2003/7/3,91.7,91.71,90.6,90.6,559100
TLT,2003/7/7,90.28,90.59,90.02,90.02,465400
TLT,2003/7/8,90.43,90.48,89.63,90.1,389600
TLT,2003/7/9,90.53,90.69,90.11,90.39,270400
TLT,2003/7/10,90.69,90.75,90.12,90.36,718000
TLT,2003/7/11,90.3,90.79,90.21,90.79,389500
TLT,2003/7/14,90.68,90.87,89.63,89.75,465900
TLT,2003/7/15,89.54,89.86,87.4,87.65,3171100
TLT,2003/7/16,87.41,88.72,87.15,88.15,1205400
TLT,2003/7/17,87.33,88.04,87.18,87.88,897000
TLT,2003/7/18,87.65,87.96,87.44,87.7,550800
TLT,2003/7/21,87.5,87.6,85.65,85.84,1267600
TLT,2003/7/22,85.97,86.36,85.44,86.26,1576900
TLT,2003/7/23,86.8,87.05,86.4,86.55,1374700
TLT,2003/7/24,85.9,86.08,85.55,85.79,701100
TLT,2003/7/25,85.98,86.62,85.4,85.56,1273500
TLT,2003/7/28,85.24,85.29,84.4,84.41,1268500
TLT,2003/7/29,84.18,85.35,83.26,83.26,2139300
TLT,2003/7/30,83.74,84.72,83.57,84.2,1963400
TLT,2003/7/31,83.69,83.71,82.23,82.95,4706400
TLT,2003/8/1,82.1,82.79,81.98,82.51,3061200
TLT,2003/8/4,82.48,83.22,82.35,83.22,1858700
TLT,2003/8/5,83.21,83.29,81.8,82.03,2413000
TLT,2003/8/6,82.5,83.77,82.37,83.65,2549700
TLT,2003/8/7,83.8,84.05,83.139,84,1796400
TLT,2003/8/8,84.34,84.79,83.65,83.66,2399100
TLT,2003/8/11,83.55,83.57,82.91,83.24,1355000
TLT,2003/8/12,83.42,83.65,82.8,82.85,1534200
TLT,2003/8/13,82.2,82.35,81.19,81.25,2257700
TLT,2003/8/14,81.44,82.1,80.91,82.05,1612300
TLT,2003/8/15,82.2,82.5,81.9,82,515100
TLT,2003/8/18,82.3,82.6,82.01,82.38,655300
TLT,2003/8/19,82.55,83.65,82.5,83.65,1086500
TLT,2003/8/20,83.83,83.87,82.74,83.2,503600
TLT,2003/8/21,83.06,83.45,82.42,83,783600
TLT,2003/8/22,82.95,83.85,82.9,83.37,413200
TLT,2003/8/25,83.32,83.54,82.25,82.72,648200
TLT,2003/8/26,82.45,83.37,82.32,83.37,837200
TLT,2003/8/27,83.27,83.27,82.61,82.99,404200
TLT,2003/8/28,83.23,83.98,83.23,83.85,557200
TLT,2003/8/29,83.94,83.99,83.38,83.65,651100
TLT,2003/9/2,83.63,83.65,82.04,82.06,868700
TLT,2003/9/3,82.484,82.484,81.88,82.19,639900
TLT,2003/9/4,82.49,82.71,82.16,82.65,562900
TLT,2003/9/5,83.4,84.09,83.17,84.07,838000
TLT,2003/9/8,83.63,84.45,83.2,83.2,621100
TLT,2003/9/9,83.52,83.94,82.916,83.8,599900
TLT,2003/9/10,83.9,84.7,83.82,84.65,1285900
TLT,2003/9/11,84.26,84.38,83.8,84.1,859500
TLT,2003/9/12,85.02,85.38,84.45,84.68,1375300
TLT,2003/9/15,84.5,84.89,84.11,84.55,367100
TLT,2003/9/16,84.37,84.5,83.9,84.42,555200
TLT,2003/9/17,84.72,85.56,84.48,85.47,1223900
TLT,2003/9/18,85.65,85.65,84.83,85.53,615000
TLT,2003/9/19,85.65,86.03,85.49,85.63,869300
TLT,2003/9/22,85,85.18,84.23,84.95,1126400
TLT,2003/9/23,84.88,85.54,84.64,85.53,632100
TLT,2003/9/24,85.54,86.49,85.34,86.27,1005300
TLT,2003/9/25,86.3,86.72,86.15,86.7,846800
TLT,2003/9/26,86.94,87.49,86.823,87.48,1869700
TLT,2003/9/29,87.02,87.45,86.66,86.78,743000
TLT,2003/9/30,87,88.25,86.96,88.22,1623900
TLT,2003/10/1,87.5,87.93,87.35,87.52,931900
TLT,2003/10/2,86.84,87.45,86.4,87.12,1194100
TLT,2003/10/3,86.05,86.2,85.1,85.29,1451200
TLT,2003/10/6,85.12,85.79,85.08,85.66,507200
TLT,2003/10/7,85.45,85.57,84.63,84.67,594200
TLT,2003/10/8,84.45,84.98,84.35,84.65,811800
TLT,2003/10/9,83.92,84.13,83.65,84.05,1385600
TLT,2003/10/10,84.5,84.73,84.3,84.55,256600
TLT,2003/10/13,84.35,84.5,84.22,84.22,116300
TLT,2003/10/14,83.75,84.1,83.55,83.64,337100
TLT,2003/10/15,83.16,83.3,82.85,83.23,465600
TLT,2003/10/16,83.5,83.77,82.75,82.9,564900
TLT,2003/10/17,83.3,83.69,83.01,83.54,354500
TLT,2003/10/20,83.45,84.15,83.42,83.82,281600
TLT,2003/10/21,84.03,84.38,83.85,84.13,429700
TLT,2003/10/22,84.6,85,84.4,84.95,798000
TLT,2003/10/23,85,85,84.02,84.33,1055600
TLT,2003/10/24,85,85.6,84.66,85.27,1412200
TLT,2003/10/27,85.15,85.33,84.8,85.1,346900
TLT,2003/10/28,84.85,85.69,84.57,85.55,2200300
TLT,2003/10/29,85.28,85.35,84.61,84.78,926600
TLT,2003/10/30,84,84.55,83.8,84.4,936300
TLT,2003/10/31,84.73,85.22,83.74,85.19,887400
TLT,2003/11/3,84.56,84.58,84.04,84.44,957672
TLT,2003/11/4,84.65,84.97,84.59,84.92,246450
TLT,2003/11/5,84.82,84.82,84.26,84.34,275100
TLT,2003/11/6,83.77,83.92,83.5,83.55,861600
TLT,2003/11/7,83.12,83.59,83.05,83.5,725700
TLT,2003/11/10,83.6,83.84,83.2,83.43,553900
TLT,2003/11/11,83.45,83.5,83.36,83.44,99900
TLT,2003/11/12,83.86,84.15,83.79,84.05,321400
TLT,2003/11/13,84.6,85.37,84.54,85.35,920400
TLT,2003/11/14,85.3,85.96,85.2,85.92,484800
TLT,2003/11/17,86.14,86.59,85.95,86.05,695000
TLT,2003/11/18,85.97,86.61,85.78,86.58,632200
TLT,2003/11/19,86.42,86.62,85.56,85.62,553900
TLT,2003/11/20,86.25,86.49,85.8,86.45,373300
TLT,2003/11/21,86.58,86.93,86.5,86.5,516900
TLT,2003/11/24,86.18,86.31,85.75,85.79,573800
TLT,2003/11/25,85.95,86.52,85.95,86.26,298700
TLT,2003/11/26,86.1,86.4,85.33,85.91,613800
TLT,2003/11/28,85.35,85.4,85.13,85.13,311300
TLT,2003/12/1,84.4,84.57,83.8,84.24,1106600
TLT,2003/12/2,84.4,84.6,84,84.6,589100
TLT,2003/12/3,84.51,84.78,83.95,84.26,1446100
TLT,2003/12/4,84.26,84.67,84.19,84.45,561500
TLT,2003/12/5,85.3,86.23,85.12,85.8,1163800
TLT,2003/12/8,85.78,85.78,85.09,85.2,436200
TLT,2003/12/9,85.45,85.7,84.36,84.6,939200
TLT,2003/12/10,85.01,85.1,84.55,84.74,555700
TLT,2003/12/11,84.51,85.38,84.37,85.35,510500
TLT,2003/12/12,85.42,85.88,85.42,85.51,553100
TLT,2003/12/15,85.5,85.88,85.18,85.46,690000
TLT,2003/12/16,85.4,85.86,85.27,85.74,462800
TLT,2003/12/17,86.23,86.65,86.2,86.32,533100
TLT,2003/12/18,86.3,87.1,86.3,87.1,708100
TLT,2003/12/19,86.97,87.07,86.61,87.07,477600
TLT,2003/12/22,87.12,87.34,86.65,86.83,483700
TLT,2003/12/23,86.53,86.7,85.85,85.85,446600
TLT,2003/12/24,86.37,86.66,86.17,86.66,138900
TLT,2003/12/26,86.9,87.04,86.9,86.98,80500
TLT,2003/12/29,86.7,86.77,86.17,86.2,187800
TLT,2003/12/30,85.8,86.14,85.6,85.85,393900
TLT,2003/12/31,85.37,85.57,85.3,85.45,171400
TLT,2004/1/2,85.09,85.09,84.08,84.44,867100
TLT,2004/1/5,84.01,84.38,83.9,84.22,626400
TLT,2004/1/6,84.54,85.39,84.5,85.15,690500
TLT,2004/1/7,85.1,85.7,84.89,85.49,252000
TLT,2004/1/8,85.3,85.64,85.18,85.46,549900
TLT,2004/1/9,86.88,87.07,86.01,86.95,1623000
TLT,2004/1/12,86.6,87.38,86.6,86.88,863200
TLT,2004/1/13,86.68,87.47,86.56,87.47,465700
TLT,2004/1/14,87.49,87.92,87.15,87.9,1180300
TLT,2004/1/15,87.95,88.31,87.6,88.23,1537200
TLT,2004/1/16,88.68,88.8,87.61,87.61,751800
TLT,2004/1/20,87.5,87.93,87.5,87.59,629600
TLT,2004/1/21,87.75,87.81,87.44,87.8,570500
TLT,2004/1/22,87.95,88.48,87.71,88.44,443600
TLT,2004/1/23,88.56,88.9,87.26,87.38,1021300
TLT,2004/1/26,87.3,87.36,86.67,86.85,639500
TLT,2004/1/27,86.73,87.4,86.73,87.39,576100
TLT,2004/1/28,87.25,87.85,85.86,86.62,1823800
TLT,2004/1/29,86.22,86.58,86.02,86.44,814500
TLT,2004/1/30,86.9,87.22,86.6,87.04,526200
TLT,2004/2/2,86.45,86.88,86.38,86.5,335600
TLT,2004/2/3,86.92,86.99,86.6,86.94,350900
TLT,2004/2/4,86.79,86.86,86.48,86.77,545700
TLT,2004/2/5,86.84,87.08,86.24,86.43,971400
TLT,2004/2/6,87.14,87.45,87.03,87.38,798200
TLT,2004/2/9,87.56,87.64,87.39,87.64,272400
TLT,2004/2/10,87.48,87.55,87.04,87.15,203200
TLT,2004/2/11,87.02,88.2,86.91,87.8,1335100
TLT,2004/2/12,87.85,88,87.26,87.43,256700
TLT,2004/2/13,87.8,88.1,87.57,87.8,513600
TLT,2004/2/17,87.86,87.89,87.53,87.74,644100
TLT,2004/2/18,88.1,88.18,87.69,87.86,990900
TLT,2004/2/19,87.53,87.95,87.47,87.95,668900
TLT,2004/2/20,87.75,87.83,87.2,87.34,1009800
TLT,2004/2/23,87.39,87.88,87.32,87.88,504000
TLT,2004/2/24,88.05,88.39,87.86,88.04,940900
TLT,2004/2/25,88.22,88.36,88.03,88.18,572300
TLT,2004/2/26,87.85,87.96,87.54,87.9,399100
TLT,2004/2/27,88.22,88.78,87.96,88.66,836000
TLT,2004/3/1,88.46,88.64,88.04,88.27,771900
TLT,2004/3/2,88.12,88.2,87.4,87.71,676000
TLT,2004/3/3,87.39,87.64,87.11,87.55,718000
TLT,2004/3/4,87.4,87.95,87.34,87.94,421600
TLT,2004/3/5,89.765,90,89.52,89.64,2789800
TLT,2004/3/8,90.06,90.32,90,90.17,1309400
TLT,2004/3/9,90.25,90.85,90.19,90.77,829000
TLT,2004/3/10,90.52,90.93,90.48,90.71,878900
TLT,2004/3/11,91.05,91.05,90.15,90.84,1337200
TLT,2004/3/12,90.61,90.81,90.22,90.28,442100
TLT,2004/3/15,90.42,90.64,90.23,90.43,756200
TLT,2004/3/16,90.29,91.18,90.05,91.18,1384200
TLT,2004/3/17,91.47,91.48,90.9,91.03,1936500
TLT,2004/3/18,90.71,91.06,90.4,90.55,1842100
TLT,2004/3/19,90.47,90.6,90.21,90.43,366700
TLT,2004/3/22,90.59,90.98,90.59,90.98,947200
TLT,2004/3/23,90.89,91.14,90.75,91.14,562200
TLT,2004/3/24,91.16,91.23,90.92,91.09,327400
TLT,2004/3/25,90.72,90.94,90.65,90.74,514000
TLT,2004/3/26,90.48,90.6,89.6,89.78,1378600
TLT,2004/3/29,89.05,89.23,88.9,89.18,2454000
TLT,2004/3/30,89.3,89.43,89.07,89.12,1021000
TLT,2004/3/31,89.25,89.63,89.21,89.55,1647300
TLT,2004/4/1,88.98,89.06,88.55,88.91,1309200
TLT,2004/4/2,87.13,87.13,86.41,86.71,2603700
TLT,2004/4/5,86.32,86.39,85.91,86.03,1422700
TLT,2004/4/6,86.4,86.5,86.2,86.5,1695400
TLT,2004/4/7,86.3,86.8,86.25,86.3,659600
TLT,2004/4/8,86.17,86.42,85.98,86.05,893700
TLT,2004/4/12,85.81,85.87,85.6,85.74,311700
TLT,2004/4/13,84.93,85.11,84.77,84.81,1449500
TLT,2004/4/14,83.98,84.76,83.98,84.74,2529200
TLT,2004/4/15,84.67,84.8,84.18,84.24,1184800
TLT,2004/4/16,84.68,84.87,84.41,84.56,986900
TLT,2004/4/19,84.85,84.91,84.3,84.38,682100
TLT,2004/4/20,84.27,84.43,83.61,83.61,1618700
TLT,2004/4/21,83.72,84.32,83.72,84.02,763600
TLT,2004/4/22,84.25,84.59,84.14,84.52,1024300
TLT,2004/4/23,84.11,84.34,83.75,84.04,963200
TLT,2004/4/26,84.09,84.29,84.06,84.18,515800
TLT,2004/4/27,84.4,84.55,84.08,84.5,1033400
TLT,2004/4/28,84.3,84.43,83.61,83.71,1215700
TLT,2004/4/29,83.75,84.18,83.01,83.3,2504900
TLT,2004/4/30,83.43,83.8,83.27,83.64,831500
TLT,2004/5/3,83.1,83.57,83.1,83.42,668800
TLT,2004/5/4,83.63,83.9,82.69,82.85,3950900
TLT,2004/5/5,83.26,83.26,82.5,82.62,2236600
TLT,2004/5/6,82.56,82.65,82.37,82.4,3163200
TLT,2004/5/7,81.45,81.5,81.1,81.32,1756400
TLT,2004/5/10,81.48,81.61,81.11,81.13,958700
TLT,2004/5/11,81.11,81.52,81.11,81.5,766000
TLT,2004/5/12,81.4,81.44,80.94,80.96,1945700
TLT,2004/5/13,80.89,80.92,80.51,80.65,1187000
TLT,2004/5/14,81.04,81.39,80.73,81.31,4086400
TLT,2004/5/17,81.87,82.07,81.68,82.03,1735600
TLT,2004/5/18,81.7,81.91,81.57,81.71,674200
TLT,2004/5/19,81.4,81.45,81.15,81.44,319200
TLT,2004/5/20,81.74,82.1,81.62,82.07,1745900
TLT,2004/5/21,82.24,82.38,81.59,81.74,1461900
TLT,2004/5/24,81.93,82.08,81.68,82,314800
TLT,2004/5/25,82.03,82.32,82.01,82.24,645300
TLT,2004/5/26,82.4,82.73,82.32,82.68,505500
TLT,2004/5/27,83.03,83.4,82.83,83.33,1122800
TLT,2004/5/28,83.02,83.5,82.75,83.1,612700
TLT,2004/6/1,82.37,82.4,81.7,82.02,662000
TLT,2004/6/2,82.02,82.13,81.76,81.81,906600
TLT,2004/6/3,81.8,82.05,81.59,81.98,1173600
TLT,2004/6/4,82.04,82.13,81.44,81.5,568200
TLT,2004/6/7,81.42,81.59,81.22,81.52,377200
TLT,2004/6/8,81.2,81.68,81.08,81.67,1294200
TLT,2004/6/9,81.45,81.52,81,81.32,589400
TLT,2004/6/10,81.36,81.6,81.15,81.48,336200
TLT,2004/6/14,81.2,81.26,80.76,80.83,892200
TLT,2004/6/15,81.81,82.62,81.81,82.54,1567400
TLT,2004/6/16,82.05,82.34,81.99,82.22,494700
TLT,2004/6/17,82.09,82.77,81.97,82.76,552800
TLT,2004/6/18,82.76,82.85,82.37,82.58,394500
TLT,2004/6/21,82.63,82.75,82.49,82.64,731900
TLT,2004/6/22,82.43,82.59,82.36,82.39,362700
TLT,2004/6/23,82.29,82.68,82.18,82.55,302900
TLT,2004/6/24,83.26,83.34,82.9,83.05,1087900
TLT,2004/6/25,82.92,83.15,82.87,83.13,253200
TLT,2004/6/28,82.78,82.87,82.18,82.28,573100
TLT,2004/6/29,82.4,82.84,82.17,82.8,401500
TLT,2004/6/30,83.03,83.75,82.91,83.65,1730800
TLT,2004/7/1,83.35,83.56,82.93,83.47,1099300
TLT,2004/7/2,84.66,84.69,84.26,84.35,1293300
TLT,2004/7/6,84.57,84.59,84.14,84.21,351600
TLT,2004/7/7,84.2,84.42,84.13,84.24,303500
TLT,2004/7/8,84.3,84.54,84.23,84.29,715200
TLT,2004/7/9,84.25,84.42,84.09,84.38,2152900
TLT,2004/7/12,84.61,84.66,84.44,84.5,1297800
TLT,2004/7/13,84.2,84.27,83.95,84.25,307100
TLT,2004/7/14,84.32,84.37,84.15,84.28,241400
TLT,2004/7/15,84.29,84.38,84.17,84.37,562700
TLT,2004/7/16,84.85,85.5,84.85,85.49,2970600
TLT,2004/7/19,85.41,85.57,85.36,85.55,978300
TLT,2004/7/20,85.31,85.38,84.6,84.78,1091500
TLT,2004/7/21,84.41,84.56,84.19,84.55,662800
TLT,2004/7/22,84.58,84.85,84.58,84.67,154700
TLT,2004/7/23,84.78,84.97,84.78,84.95,209200
TLT,2004/7/26,84.84,84.84,84.46,84.55,712000
TLT,2004/7/27,84.4,84.47,83.41,83.41,961200
TLT,2004/7/28,83.22,83.53,83.04,83.42,495200
TLT,2004/7/29,83.27,83.65,83.27,83.61,519600
TLT,2004/7/30,84.07,84.63,84,84.59,578400
TLT,2004/8/2,84.5,84.61,84.32,84.37,714800
TLT,2004/8/3,84.49,84.83,84.4,84.71,509500
TLT,2004/8/4,84.68,85.12,84.5,84.75,481300
TLT,2004/8/5,84.88,85.09,84.86,84.99,623100
TLT,2004/8/6,86.41,86.86,86.12,86.42,1241000
TLT,2004/8/9,86.15,86.34,86.07,86.12,322100
TLT,2004/8/10,86.26,86.44,85.81,85.81,860100
TLT,2004/8/11,85.82,86.27,85.73,86.18,898400
TLT,2004/8/12,86,86.36,85.89,86.36,697500
TLT,2004/8/13,86.67,86.9,86.52,86.64,637500
TLT,2004/8/16,86.47,86.53,86.0215,86.34,729400
TLT,2004/8/17,86.4,86.85,86.36,86.83,182000
TLT,2004/8/18,87.03,87.06,86.4,86.414,365300
TLT,2004/8/19,86.5,86.75,86.34,86.62,372900
TLT,2004/8/20,86.58,86.75,86.4,86.54,875400
TLT,2004/8/23,86.11,86.17,85.97,86.04,1007200
TLT,2004/8/24,85.95,86.14,85.77,86.09,1044200
TLT,2004/8/25,86.32,86.64,86.25,86.39,588200
TLT,2004/8/26,86.56,86.88,86.44,86.88,478000
TLT,2004/8/27,86.83,87.03,86.64,86.82,304400
TLT,2004/8/30,87,87.23,86.92,87.23,259100
TLT,2004/8/31,87.3,88,87.24,87.77,1721100
TLT,2004/9/1,87.7,87.7,87.15,87.51,1388900
TLT,2004/9/2,87.37,87.37,86.65,86.65,867000
TLT,2004/9/3,86.47,86.66,86,86.66,958100
TLT,2004/9/7,86.24,86.58,86.19,86.57,475500
TLT,2004/9/8,86.26,87.32,86.18,87.3,584800
TLT,2004/9/9,87.22,87.58,86.86,86.97,284800
TLT,2004/9/10,87.38,87.53,87.06,87.1,711700
TLT,2004/9/13,87.2,87.53,87.12,87.48,152900
TLT,2004/9/14,87.36,87.68,87.18,87.57,695700
TLT,2004/9/15,87.5,87.5,87.18,87.37,642500
TLT,2004/9/16,87.56,88.48,87.5,88.36,1103400
TLT,2004/9/17,88.13,88.39,87.89,87.92,765400
TLT,2004/9/20,88.26,88.57,88.19,88.5,727200
TLT,2004/9/21,88.36,88.92,88.1015,88.76,1018500
TLT,2004/9/22,88.8,89.81,88.65,89.68,2541200
TLT,2004/9/23,89.67,89.88,89.32,89.32,2391000
TLT,2004/9/24,89.35,89.49,89.1,89.43,1984300
TLT,2004/9/27,89.6,89.89,89.57,89.82,1420800
TLT,2004/9/28,89.68,89.95,89.22,89.46,1161100
TLT,2004/9/29,88.7,88.87,88.56,88.59,1970700
TLT,2004/9/30,88.14,88.37,87.96,88.25,1945700
TLT,2004/10/1,87.5,87.63,87.29,87.45,1999300
TLT,2004/10/4,87,87.6,87,87.58,1106200
TLT,2004/10/5,87.53,87.6985,87.42,87.58,501700
TLT,2004/10/6,87.45,87.47,87.02,87.18,531300
TLT,2004/10/7,87,87.18,86.74,86.8,2128600
TLT,2004/10/8,87.97,88.21,87.75,87.95,1534500
TLT,2004/10/11,87.95,88.1,87.73,88.04,60800
TLT,2004/10/12,88.34,88.39,88.16,88.24,757900
TLT,2004/10/13,88,88.56,87.95,88.56,648000
TLT,2004/10/14,88.5,89.01,88.41,88.98,717100
TLT,2004/10/15,88.81,88.99,88.18,88.67,746400
TLT,2004/10/18,88.65,88.79,88.37,88.71,613600
TLT,2004/10/19,88.33,88.99,88.27,88.94,505400
TLT,2004/10/20,89.26,89.61,89.2,89.55,1127100
TLT,2004/10/21,89.44,89.9,89.44,89.61,1649200
TLT,2004/10/22,89.5,89.82,89.37,89.82,491500
TLT,2004/10/25,90.07,90.09,89.8,89.89,246800
TLT,2004/10/26,89.95,90.01,89.62,89.62,503700
TLT,2004/10/27,89.87,90.05,88.72,88.74,2351800
TLT,2004/10/28,88.74,89.16,88.52,89.03,839200
TLT,2004/10/29,89.11,89.49,88.92,89.44,1169300
TLT,2004/11/1,88.75,89,88.4,88.52,923500
TLT,2004/11/2,88.48,88.73,88.31,88.65,709300
TLT,2004/11/3,88.03,88.75,88,88.69,1066600
TLT,2004/11/4,88.86,89.1,88.75,88.78,2285100
TLT,2004/11/5,87.74,87.93,87.52,87.81,1838000
TLT,2004/11/8,87.5,87.6,87.4,87.5,454100
TLT,2004/11/9,87.4,87.7285,87.4,87.45,373000
TLT,2004/11/10,87.31,87.47,86.91,87.12,1303400
TLT,2004/11/11,87.45,87.45,86.93,86.93,309700
TLT,2004/11/12,87.34,88.11,87.33,87.87,1125900
TLT,2004/11/15,87.95,88,87.74,87.95,763200
TLT,2004/11/16,87.81,87.95,87.7,87.95,520900
TLT,2004/11/17,87.89,88.76,87.89,88.7,1249400
TLT,2004/11/18,88.55,89.06,88.41,88.97,891500
TLT,2004/11/19,88.9,89.03,88.09,88.26,1244500
TLT,2004/11/22,88.35,88.87,88.3,88.72,511500
TLT,2004/11/23,88.5,89.2,88.48,88.83,747600
TLT,2004/11/24,88.91,88.91,88.73,88.83,309700
TLT,2004/11/26,88.29,88.34,88.23,88.25,697100
TLT,2004/11/29,87.47,87.6,87.17,87.31,1546400
TLT,2004/11/30,86.94,87.16,86.63,86.94,1754500
TLT,2004/12/1,86.7,86.75,86.18,86.45,1939800
TLT,2004/12/2,86.17,86.3,86.01,86.1,2881500
TLT,2004/12/3,87.15,87.66,86.93,87.44,2233700
TLT,2004/12/6,87.49,87.85,87.45,87.74,1314100
TLT,2004/12/7,87.74,87.89,87.5,87.85,784300
TLT,2004/12/8,88.41,89.22,88.36,89.22,2639700
TLT,2004/12/9,88.99,89.27,88.57,88.63,1428900
TLT,2004/12/10,88.95,89.05,88.67,88.85,1445000
TLT,2004/12/13,88.82,89.29,88.8,89.04,677400
TLT,2004/12/14,88.74,89.44,88.7,89.39,1568200
TLT,2004/12/15,89.95,90.25,89.84,90.2,2511500
TLT,2004/12/16,89.89,89.89,88.85,88.87,1998200
TLT,2004/12/17,88.48,88.88,88.425,88.75,1319800
TLT,2004/12/20,88.87,89.1,88.82,88.91,230500
TLT,2004/12/21,89.06,89.24,88.9,89.18,245200
TLT,2004/12/22,89.21,89.21,88.7,88.88,511600
TLT,2004/12/23,88.74,88.79,88.57,88.59,738600
TLT,2004/12/27,88.33,88.37,87.7,87.9,1322600
TLT,2004/12/28,87.86,87.91,87.4,87.83,1253500
TLT,2004/12/29,87.87,88,87.57,87.74,567500
TLT,2004/12/30,87.8,88.45,87.74,88.33,626400
TLT,2004/12/31,88.37,88.65,88.3,88.55,1056400
TLT,2005/1/3,88.18,88.84,88.16,88.74,1168600
TLT,2005/1/4,88.72,88.75,87.81,87.81,1935400
TLT,2005/1/5,87.99,88.55,87.94,88.28,1094100
TLT,2005/1/6,88.29,88.54,88.22,88.34,1057400
TLT,2005/1/7,88.76,88.87,88.35,88.54,738700
TLT,2005/1/10,88.64,88.72,88.47,88.68,379400
TLT,2005/1/11,88.9,89.28,88.74,89.2,845100
TLT,2005/1/12,88.87,89.44,88.8,89.32,722000
TLT,2005/1/13,89.75,90.18,89.73,90.18,1876700
TLT,2005/1/14,89.9,90.4,89.81,90.17,1043800
TLT,2005/1/18,89.8,90.49,89.73,90.47,1251600
TLT,2005/1/19,90.8,90.84,90.27,90.73,655800
TLT,2005/1/20,90.42,91.02,90.35,90.91,1064200
TLT,2005/1/21,90.6,91.05,90.52,91.01,606300
TLT,2005/1/24,91.09,91.5,91,91.4,561400
TLT,2005/1/25,91.36,91.4,90.51,90.54,1942200
TLT,2005/1/26,90.85,90.92,90.63,90.71,709800
TLT,2005/1/27,90.52,90.7,90.34,90.54,463900
TLT,2005/1/28,91.22,91.6,91.17,91.45,1128000
TLT,2005/1/31,91.33,91.75,91.29,91.71,1313900
TLT,2005/2/1,91.44,91.5,91.05,91.22,948200
TLT,2005/2/2,91.2,91.46,91.09,91.43,760300
TLT,2005/2/3,91.06,91.44,91.06,91.35,506000
TLT,2005/2/4,92.47,92.94,92.46,92.65,3483900
TLT,2005/2/7,92.74,93.42,92.7,93.34,1064600
TLT,2005/2/8,93.37,94.12,93.33,93.87,1383800
TLT,2005/2/9,93.44,94.24,93.38,94.12,2125800
TLT,2005/2/10,93.49,93.68,92.75,92.85,1239900
TLT,2005/2/11,92.46,92.98,92.4,92.79,1275100
TLT,2005/2/14,92.9,93.21,92.73,93.08,295000
TLT,2005/2/15,92.6,92.86,92.57,92.61,900100
TLT,2005/2/16,92.51,92.57,91.8,92.26,1189700
TLT,2005/2/17,91.76,92.14,91.6,91.68,1146500
TLT,2005/2/18,90.55,90.95,90.46,90.86,2656300
TLT,2005/2/22,90.63,90.75,90.4,90.46,914600
TLT,2005/2/23,91.14,91.17,90.43,90.76,1115000
TLT,2005/2/24,91.16,91.33,90.56,90.56,798500
TLT,2005/2/25,90.89,91.14,90.62,91,588800
TLT,2005/2/28,91.1,91.1,89.89,90.02,2797400
TLT,2005/3/1,89.54,89.86,89.45,89.71,1648500
TLT,2005/3/2,89.45,89.72,89.42,89.59,1139300
TLT,2005/3/3,89.62,89.8,89.45,89.54,1600600
TLT,2005/3/4,89.99,90.67,89.87,90.51,1567000
TLT,2005/3/7,90.85,90.99,90.75,90.87,889800
TLT,2005/3/8,90.13,90.27,89.94,90.01,680400
TLT,2005/3/9,89.18,89.4,88.44,88.54,2549600
TLT,2005/3/10,88.74,89.33,88.39,89.08,1357700
TLT,2005/3/11,88.65,88.87,88.4,88.43,1017900
TLT,2005/3/14,88.37,89,88.3,88.96,805000
TLT,2005/3/15,89.29,89.3,88.4,88.4,963900
TLT,2005/3/16,88.54,89.36,88.54,88.94,2097800
TLT,2005/3/17,89.35,89.58,89.12,89.23,1025300
TLT,2005/3/18,88.9,88.98,88.67,88.67,723300
TLT,2005/3/21,88.67,88.67,88.38,88.42,898100
TLT,2005/3/22,88.94,89.05,87.54,87.67,2545000
TLT,2005/3/23,87.53,88.16,87.53,88.09,1951700
TLT,2005/3/24,88.32,88.46,88.18,88.27,746800
TLT,2005/3/28,87.99,88,87.72,87.73,382200
TLT,2005/3/29,88.08,88.28,87.99,88.25,1135000
TLT,2005/3/30,88.2,88.75,88.16,88.69,1098200
TLT,2005/3/31,89.2,89.39,88.86,89.33,2410900
TLT,2005/4/1,89.53,89.66,88.5,89.3,2806300
TLT,2005/4/4,89.28,89.66,89.17,89.28,754900
TLT,2005/4/5,89.24,89.36,88.93,89.05,733300
TLT,2005/4/6,89.41,89.44,89.2,89.36,402800
TLT,2005/4/7,89.3,89.58,88.61,88.64,973000
TLT,2005/4/8,88.56,89,88.34,88.95,438600
TLT,2005/4/11,88.97,89.62,88.94,89.43,1460200
TLT,2005/4/12,89.23,90.4,89.12,90.26,1931600
TLT,2005/4/13,90.35,90.44,89.8,90.04,1001700
TLT,2005/4/14,90.08,90.12,89.66,89.9,1462100
TLT,2005/4/15,90.54,91.12,90.22,91.09,2957300
TLT,2005/4/18,91.37,91.39,90.94,91.02,3510900
TLT,2005/4/19,91.34,92.04,91.32,91.9,1842600
TLT,2005/4/20,91.22,91.77,91.18,91.67,1617900
TLT,2005/4/21,91.3,91.42,90.7,90.71,1388500
TLT,2005/4/22,91.27,91.58,91.09,91.47,976300
TLT,2005/4/25,91.66,91.82,91.51,91.74,818300
TLT,2005/4/26,91.99,92.05,91.34,91.6,549300
TLT,2005/4/27,92.05,92.2,91.8,91.92,684900
TLT,2005/4/28,92.05,92.65,91.95,92.6,1062000
TLT,2005/4/29,92.57,92.94,92.22,92.44,1450800
TLT,2005/5/2,92.15,92.26,91.71,92.09,1358200
TLT,2005/5/3,92.07,92.54,91.92,92.34,1890000
TLT,2005/5/4,91.45,91.72,91.05,91.53,2212500
TLT,2005/5/5,91.3,91.84,91.21,91.74,1757900
TLT,2005/5/6,90.93,91.2,90.81,91.06,850600
TLT,2005/5/9,91.01,91.24,91,91.15,327800
TLT,2005/5/10,91.36,91.8,91.34,91.8,495500
TLT,2005/5/11,92.14,92.52,91.99,92.08,1058700
TLT,2005/5/12,92,92.47,91.72,92.44,657000
TLT,2005/5/13,92.71,93.02,92.57,92.8,1698100
TLT,2005/5/16,93.04,93.07,92.68,92.69,825000
TLT,2005/5/17,92.96,93.19,92.9,92.95,856300
TLT,2005/5/18,93.7,93.8,93.34,93.57,1092300
TLT,2005/5/19,93.7,93.7,93.28,93.33,948800
TLT,2005/5/20,93.25,93.51,93.21,93.44,806800
TLT,2005/5/23,93.6,94.23,93.57,94.17,905600
TLT,2005/5/24,94.53,94.65,94.18,94.43,1695400
TLT,2005/5/25,94.59,94.65,93.73,93.77,1923300
TLT,2005/5/26,93.59,94.07,93.59,93.74,978300
TLT,2005/5/27,93.74,93.98,93.54,93.84,650600
TLT,2005/5/31,94.22,95.05,94.22,95,1979000
TLT,2005/6/1,95.2,95.84,95.19,95.81,3823200
TLT,2005/6/2,95.73,96.19,95.73,96.04,1854100
TLT,2005/6/3,96.9,97,95.2,95.25,5559000
TLT,2005/6/6,95.5,95.88,95.35,95.75,1088700
TLT,2005/6/7,96.47,96.58,96.05,96.51,1503300
TLT,2005/6/8,96.31,96.45,96.05,96.05,1272400
TLT,2005/6/9,95.67,96.01,95.43,95.97,612700
TLT,2005/6/10,95.55,95.55,94.86,94.89,1464800
TLT,2005/6/13,94.48,94.53,94.17,94.32,1617700
TLT,2005/6/14,94.05,94.16,93.57,93.7,2139300
TLT,2005/6/15,93.39,93.87,93.33,93.87,2000200
TLT,2005/6/16,93.8,94.42,93.57,94.34,1370400
TLT,2005/6/17,94.11,94.47,94.02,94.33,555900
TLT,2005/6/20,93.82,94.2,93.6,94.17,454000
TLT,2005/6/21,94.38,94.86,94.32,94.86,503100
TLT,2005/6/22,95.49,96.09,95.26,96.01,952300
TLT,2005/6/23,95.8,95.98,95.54,95.91,996300
TLT,2005/6/24,96.24,96.45,96.02,96.39,930700
TLT,2005/6/27,96.49,96.81,96.35,96.65,1211000
TLT,2005/6/28,96.32,96.37,95.91,95.99,982400
TLT,2005/6/29,96.47,96.48,95.6,95.84,1682400
TLT,2005/6/30,95.86,96.72,95.81,96.7,2159400
TLT,2005/7/1,96.04,96.26,94.99,95.2,2225900
TLT,2005/7/5,94.35,94.74,94.27,94.3,1076100
TLT,2005/7/6,94.63,94.83,94.43,94.82,854100
TLT,2005/7/7,95.43,95.55,94.96,95.02,1673000
TLT,2005/7/8,95.25,95.25,94.32,94.63,1259300
TLT,2005/7/11,94.11,94.65,93.95,94.63,982000
TLT,2005/7/12,94.35,94.53,94.06,94.1,743700
TLT,2005/7/13,94.05,94.1,93.86,93.96,886600
TLT,2005/7/14,94.1,94.14,93.6,93.72,874800
TLT,2005/7/15,93.5,94.03,93.5,93.97,1064800
TLT,2005/7/18,93.85,93.97,93.1,93.27,1204500
TLT,2005/7/19,93.23,93.72,93.12,93.6,1227200
TLT,2005/7/20,93.51,94.24,93.18,94.11,1984700
TLT,2005/7/21,93.48,93.54,92.68,92.83,3824200
TLT,2005/7/22,93.1,93.62,93.03,93.55,1615200
TLT,2005/7/25,93.4,93.71,93.14,93.21,305100
TLT,2005/7/26,93.27,93.41,93.17,93.36,340500
TLT,2005/7/27,93.07,93.27,93.01,93.21,843300
TLT,2005/7/28,93.38,94.17,93.38,94.04,578900
TLT,2005/7/29,93.8,93.8,92.85,93.11,1699900
TLT,2005/8/1,92.5,92.6,92.02,92.42,1760300
TLT,2005/8/2,92.27,92.46,91.96,92.12,1071400
TLT,2005/8/3,92.25,92.66,92.25,92.57,591100
TLT,2005/8/4,92.59,92.79,92.2,92.38,1046800
TLT,2005/8/5,91.7,91.87,91.554,91.66,1066700
TLT,2005/8/8,91.68,91.85,91.44,91.49,988400
TLT,2005/8/9,91.7,91.85,91.28,91.83,1474800
TLT,2005/8/10,92.01,92.1,91.54,91.73,1069300
TLT,2005/8/11,92.03,92.45,91.7,92.37,881900
TLT,2005/8/12,92.62,93.44,92.57,93.31,1765100
TLT,2005/8/15,93.26,93.3,93.05,93.07,1105400
TLT,2005/8/16,93.68,93.9,93.5,93.72,1311000
TLT,2005/8/17,93.51,93.73,92.98,93.1,1287600
TLT,2005/8/18,93.45,93.81,93.27,93.79,995300
TLT,2005/8/19,93.36,93.84,93.34,93.78,439200
TLT,2005/8/22,93.54,93.8,93.2,93.68,599300
TLT,2005/8/23,93.73,94.23,93.65,94.11,491800
TLT,2005/8/24,94.27,94.33,93.85,94.2,998200
TLT,2005/8/25,94.28,94.61,94.06,94.5,812400
TLT,2005/8/26,94.65,94.88,94.2,94.47,874600
TLT,2005/8/29,94.83,94.88,94.5,94.59,550100
TLT,2005/8/30,94.83,95.35,94.72,95.19,1392700
TLT,2005/8/31,95.31,96,95.3,95.99,1310800
TLT,2005/9/1,95.31,95.74,94.93,95.08,1899000
TLT,2005/9/2,94.88,95.29,94.8,95.16,621400
TLT,2005/9/6,95.01,95.17,94.48,94.49,967600
TLT,2005/9/7,94.18,94.18,93.36,93.6,1090200
TLT,2005/9/8,93.89,93.98,93.6,93.7,373100
TLT,2005/9/9,93.96,94.32,93.88,94,426400
TLT,2005/9/12,93.66,93.71,93.19,93.35,917300
TLT,2005/9/13,93.76,94.12,93.64,93.84,450400
TLT,2005/9/14,93.82,93.88,93.38,93.48,346400
TLT,2005/9/15,93.35,93.35,92.4,92.71,2225800
TLT,2005/9/16,92.3,92.48,91.88,92.1,2145500
TLT,2005/9/19,92.18,92.44,92.1,92.3,886100
TLT,2005/9/20,92.29,92.8,91.88,92.54,1848800
TLT,2005/9/21,93.28,93.41,93.13,93.4,993000
TLT,2005/9/22,93.37,93.45,93.13,93.31,761700
TLT,2005/9/23,93.05,93.1,92.61,92.61,656800
TLT,2005/9/26,92.11,92.38,92.1,92.19,680900
TLT,2005/9/27,92.27,92.56,91.94,92.32,827800
TLT,2005/9/28,92.39,93.02,92.26,92.94,712800
TLT,2005/9/29,92.6,92.61,92.36,92.52,657100
TLT,2005/9/30,92.58,92.69,92,92.2,1391800
TLT,2005/10/3,91.79,92.08,91.1,91.12,1370900
TLT,2005/10/4,91.37,91.54,91.21,91.42,783200
TLT,2005/10/5,91.68,91.98,91.57,91.82,1215800
TLT,2005/10/6,91.7,91.74,91.44,91.47,340000
TLT,2005/10/7,91.09,91.95,90.96,91.84,1337800
TLT,2005/10/10,91.85,91.97,91.62,91.78,159700
TLT,2005/10/11,91.84,91.92,91.45,91.59,679100
TLT,2005/10/12,91.44,91.44,90.65,90.7,1105700
TLT,2005/10/13,90.25,90.5,90.08,90.37,1376600
TLT,2005/10/14,90.6,90.7,89.82,90.23,1042600
TLT,2005/10/17,90.42,90.61,90.12,90.21,1058200
TLT,2005/10/18,90.46,90.48,90.23,90.31,878200
TLT,2005/10/19,90.66,90.97,90.35,90.35,904800
TLT,2005/10/20,90.28,90.6,90.13,90.59,810300
TLT,2005/10/21,90.83,91.47,90.75,91.43,1252800
TLT,2005/10/24,91.32,91.41,90.49,90.72,939100
TLT,2005/10/25,90.82,91.05,89.93,89.94,638000
TLT,2005/10/26,89.45,89.6999,89.16,89.28,2898300
TLT,2005/10/27,89.6,89.79,89.3,89.6,1197400
TLT,2005/10/28,89.72,89.88,89.12,89.61,750400
TLT,2005/10/31,89.77,90.04,89.58,89.78,547700
TLT,2005/11/1,89.43,89.65,89.09,89.28,647100
TLT,2005/11/2,89.08,89.3899,88.83,88.86,781100
TLT,2005/11/3,88.89,88.97,88.24,88.26,963100
TLT,2005/11/4,88.42,88.64,87.86,88.12,1888700
TLT,2005/11/7,88.5,88.57,88.35,88.42,1121600
TLT,2005/11/8,88.89,89.32,88.89,89.28,1396800
TLT,2005/11/9,88.78,88.93,88.36,88.36,1140600
TLT,2005/11/10,88.72,89.48,88.63,89.44,1695200
TLT,2005/11/11,89.6,89.7,89.44,89.49,193700
TLT,2005/11/14,89.38,89.4499,88.62,88.82,1230100
TLT,2005/11/15,88.75,89.65,88.75,89.4,839800
TLT,2005/11/16,89.8,90.44,89.75,90.34,1822300
TLT,2005/11/17,90.17,90.9,90.05,90.56,1003100
TLT,2005/11/18,90.37,90.45,90.06,90.14,734100
TLT,2005/11/21,90.34,90.66,90.33,90.41,503300
TLT,2005/11/22,90.37,90.67,90.35,90.53,1026900
TLT,2005/11/23,90.59,90.69,89.86,90.18,768300
TLT,2005/11/25,90.41,90.54,90.34,90.51,421500
TLT,2005/11/28,90.52,91.14,90.52,90.96,883400
TLT,2005/11/29,91.08,91.11,90.03,90.1,889200
TLT,2005/11/30,90.3,90.3,89.82,90,1645400
TLT,2005/12/1,90,90.01,89.18,89.47,1214800
TLT,2005/12/2,89.27,89.55,89.15,89.5,746200
TLT,2005/12/5,89.35,89.35,88.85,89.1,431100
TLT,2005/12/6,89.41,90.12,89.32,90.01,968800
TLT,2005/12/7,89.8,89.91,89.52,89.67,386600
TLT,2005/12/8,89.98,90.36,89.8,90.25,976200
TLT,2005/12/9,89.98,90.01,89.47,89.54,817400
TLT,2005/12/12,89.75,89.75,89.14,89.37,440500
TLT,2005/12/13,89.72,89.82,89.38,89.7,598900
TLT,2005/12/14,90.2,90.82,90.14,90.62,634900
TLT,2005/12/15,90.44,90.44,89.99,90.4,724300
TLT,2005/12/16,90.83,90.9299,90.56,90.7,684500
TLT,2005/12/19,90.6,91.1,90.56,90.79,469800
TLT,2005/12/20,90.58,90.8,90.4,90.68,236000
TLT,2005/12/21,90.53,90.58,90.29,90.52,193100
TLT,2005/12/22,90.92,91.31,90.91,91.24,692700
TLT,2005/12/23,91.19,92.0401,91.1,91.8,2295800
TLT,2005/12/27,91.97,92.59,91.8,92.55,519500
TLT,2005/12/28,92.03,92.25,91.75,91.91,1295700
TLT,2005/12/29,92.03,92.13,91.69,92.11,740600
TLT,2005/12/30,92.54,92.59,91.7,91.9,1099500
TLT,2006/1/3,91.59,92.25,91.48,91.78,1393800
TLT,2006/1/4,91.54,92.07,91.42,92,387600
TLT,2006/1/5,91.88,92.14,91.7,91.89,453400
TLT,2006/1/6,91.74,91.9,91.49,91.72,1193700
TLT,2006/1/9,91.7,91.78,91.54,91.78,413600
TLT,2006/1/10,91.63,91.68,91.03,91.04,698900
TLT,2006/1/11,91.25,91.29,90.75,90.89,394600
TLT,2006/1/12,91.13,91.52,91,91.5,626600
TLT,2006/1/13,91.59,92.3,91.58,92.03,491000
TLT,2006/1/17,92,92.5,91.93,92.44,454300
TLT,2006/1/18,92.76,92.7685,92.12,92.41,622100
TLT,2006/1/19,92.07,92.44,91.96,92.14,490600
TLT,2006/1/20,92.32,92.48,92.05,92.38,842700
TLT,2006/1/23,91.8,92.5,91.73,92.35,720400
TLT,2006/1/24,92,92.19,91.76,91.9,300500
TLT,2006/1/25,91.51,91.57,90.79,90.9,1204500
TLT,2006/1/26,90.55,90.6,90.05,90.51,764100
TLT,2006/1/27,90.8,90.8,90.16,90.51,1091400
TLT,2006/1/30,90.3,90.5,90.24,90.42,308500
TLT,2006/1/31,90.35,90.73,90.2,90.67,676100
TLT,2006/2/1,90.15,90.46,89.85,90.04,622300
TLT,2006/2/2,90.04,90.41,89.86,90.21,658500
TLT,2006/2/3,90,91,89.82,90.85,1524600
TLT,2006/2/6,90.98,91.2099,90.89,91.03,755100
TLT,2006/2/7,91.12,91.12,90.5,90.6,280500
TLT,2006/2/8,90.88,90.88,90.29,90.39,261700
TLT,2006/2/9,90.14,90.9,90.06,90.8,1119200
TLT,2006/2/10,91.2,91.38,90.24,90.3,938000
TLT,2006/2/13,90.24,90.36,90.16,90.31,218700
TLT,2006/2/14,89.9,90.2,89.72,89.99,836100
TLT,2006/2/15,90.14,90.47,89.88,90.21,720300
TLT,2006/2/16,90.2,90.3,90,90.23,427800
TLT,2006/2/17,90.8,91.07,90.8,90.95,731400
TLT,2006/2/21,90.9,91,90.78,90.8,433300
TLT,2006/2/22,91.12,91.45,91.09,91.42,559000
TLT,2006/2/23,91.31,91.31,90.93,91.19,288300
TLT,2006/2/24,91.44,91.44,90.95,91.05,485700
TLT,2006/2/27,91.35,91.35,90.73,90.9,446200
TLT,2006/2/28,91,91.44,90.92,91.35,744200
TLT,2006/3/1,90.77,90.87,90.38,90.48,713600
TLT,2006/3/2,90.06,90.1,89.4,89.85,1640000
TLT,2006/3/3,89.48,89.55,89.23,89.33,1253300
TLT,2006/3/6,88.98,88.99,88.5,88.55,872700
TLT,2006/3/7,88.4,88.75,88.31,88.61,1692900
TLT,2006/3/8,88.57,88.88,88.45,88.58,1184700
TLT,2006/3/9,88.56,88.67,88.27,88.61,282100
TLT,2006/3/10,88.32,88.47,88.01,88.28,1086900
TLT,2006/3/13,88.14,88.27,88.01,88.21,1740100
TLT,2006/3/14,88.45,88.99,88.45,88.8,904400
TLT,2006/3/15,88.44,88.54,88.15,88.32,971000
TLT,2006/3/16,88.51,89.33,88.43,89.12,1048000
TLT,2006/3/17,88.85,89,88.75,88.85,703500
TLT,2006/3/20,89.23,89.24,88.98,88.99,576000
TLT,2006/3/21,89.15,89.15,88.36,88.53,817200
TLT,2006/3/22,88.75,88.98,88.63,88.72,205500
TLT,2006/3/23,88.82,88.87,88.34,88.44,613400
TLT,2006/3/24,88.53,89.29,88.5,89.09,954800
TLT,2006/3/27,89.05,89.05,88.6,88.76,467100
TLT,2006/3/28,88.4,88.43,87.84,87.93,1094900
TLT,2006/3/29,87.83,88.02,87.37,87.51,1071700
TLT,2006/3/30,87.14,87.29,86.59,86.9,1152000
TLT,2006/3/31,86.98,87.14,86.8,86.87,1167700
TLT,2006/4/3,86.18,86.69,86.08,86.57,1549700
TLT,2006/4/4,86.7,86.9,86.36,86.48,749100
TLT,2006/4/5,86.7,86.78,86.5,86.6,638600
TLT,2006/4/6,86.29,86.29,85.76,85.94,2022100
TLT,2006/4/7,85.43,85.63,84.9,85.1,1956500
TLT,2006/4/10,85.15,85.3,84.96,85.26,1527100
TLT,2006/4/11,85.58,85.7,85.33,85.56,1237300
TLT,2006/4/12,85.6,85.73,85,85.04,1902000
TLT,2006/4/13,84.5,84.64,84.27,84.44,3219500
TLT,2006/4/17,84.54,84.97,84.35,84.75,1465400
TLT,2006/4/18,84.95,85.27,84.74,84.9,2680300
TLT,2006/4/19,84.45,84.59,84.06,84.38,1830300
TLT,2006/4/20,84.42,84.51,84.12,84.31,1378200
TLT,2006/4/21,84.53,84.86,84.25,84.8,1303000
TLT,2006/4/24,84.94,85.39,84.85,85.14,991500
TLT,2006/4/25,85.04,85.1,84.06,84.13,2067400
TLT,2006/4/26,83.85,84.08,83.73,83.99,1544900
TLT,2006/4/27,83.75,84.3,83.65,84.1,1864200
TLT,2006/4/28,83.97,84.21,83.76,84.16,809400
TLT,2006/5/1,83.67,83.68,83.12,83.2,1795500
TLT,2006/5/2,83.26,83.54,83.26,83.42,1097900
TLT,2006/5/3,83.42,83.43,82.94,83.24,1114000
TLT,2006/5/4,83.38,83.4,83.1,83.1,977800
TLT,2006/5/5,84,84.08,83.49,83.6,1685900
TLT,2006/5/8,83.74,83.77,83.53,83.65,666400
TLT,2006/5/9,83.55,83.68,83.33,83.6,341300
TLT,2006/5/10,83.8,84.02,83.35,83.75,1320200
TLT,2006/5/11,83.46,83.46,83.09,83.34,1189800
TLT,2006/5/12,82.81,83.01,82.5626,82.65,1804700
TLT,2006/5/15,82.65,83.23,82.65,82.98,1433500
TLT,2006/5/16,83.08,83.64,83.08,83.6,1677600
TLT,2006/5/17,82.91,83.08,82.72,83.08,1440800
TLT,2006/5/18,83.55,84.23,83.53,84.21,2177700
TLT,2006/5/19,84.12,84.86,84.08,84.43,2619500
TLT,2006/5/22,84.84,85.15,84.48,84.61,2652000
TLT,2006/5/23,84.05,84.56,84.03,84.56,1394900
TLT,2006/5/24,84.81,85,84.53,84.6,1226300
TLT,2006/5/25,84.72,84.73,84.19,84.27,678000
TLT,2006/5/26,84.24,84.5,84.21,84.21,398400
TLT,2006/5/30,84.19,84.3,84.01,84.17,482200
TLT,2006/5/31,84.34,84.43,83.58,83.67,880700
TLT,2006/6/1,83.4,83.84,83.35,83.71,1561100
TLT,2006/6/2,84.72,84.89,84.5,84.79,2041900
TLT,2006/6/5,84.81,84.82,84.51,84.68,1102900
TLT,2006/6/6,84.66,85.18,84.5852,85.08,2188000
TLT,2006/6/7,84.73,85.1,84.65,85.1,1324100
TLT,2006/6/8,85.24,85.78,85.11,85.27,3496700
TLT,2006/6/9,85.35,85.82,85.35,85.72,657200
TLT,2006/6/12,85.68,85.79,85.53,85.79,528700
TLT,2006/6/13,85.85,85.94,85.55,85.85,1448300
TLT,2006/6/14,85.5,85.56,84.91,84.99,1439100
TLT,2006/6/15,84.69,84.84,84.41,84.5,1734600
TLT,2006/6/16,84.7,84.76,84.18,84.31,1184600
TLT,2006/6/19,84.21,84.29,83.98,84.19,1233700
TLT,2006/6/20,84.13,84.19,83.88,84.05,611400
TLT,2006/6/21,84.25,84.25,84.07,84.07,475900
TLT,2006/6/22,83.84,83.9,83.56,83.59,745500
TLT,2006/6/23,83.62,83.73,83.35,83.42,675500
TLT,2006/6/26,83.42,83.47,83.12,83.26,526100
TLT,2006/6/27,83.38,83.74,83.38,83.67,429100
TLT,2006/6/28,83.63,83.63,83.19,83.23,381300
TLT,2006/6/29,83.58,83.82,83.36,83.51,1609300
TLT,2006/6/30,83.5,84.4,83.5,84.32,1219000
TLT,2006/7/3,83.9,83.96,83.73,83.91,716800
TLT,2006/7/5,83.4,83.42,82.95,83.24,1289200
TLT,2006/7/6,83.33,83.79,83.33,83.75,451400
TLT,2006/7/7,84.2,84.46,84.0799,84.29,1356900
TLT,2006/7/10,84.18,84.4,84.05,84.37,480400
TLT,2006/7/11,84.59,84.86,84.58,84.64,423800
TLT,2006/7/12,84.33,84.82,84.27,84.66,641000
TLT,2006/7/13,84.7,85.05,84.68,84.99,1347400
TLT,2006/7/14,84.82,85.16,84.82,85.04,1343900
TLT,2006/7/17,84.97,85.19,84.85,85.17,514100
TLT,2006/7/18,84.7,84.75,84.4,84.44,621000
TLT,2006/7/19,84.33,85.3,84.24,85.24,1267400
TLT,2006/7/20,84.97,85.63,84.97,85.49,1320200
TLT,2006/7/21,85.6,85.67,85.2,85.33,652100
TLT,2006/7/24,85.41,85.51,85.21,85.28,394000
TLT,2006/7/25,85.23,85.38,84.903,85.03,948200
TLT,2006/7/26,84.91,85.37,84.8701,85.34,717100
TLT,2006/7/27,85.48,85.4848,85.12,85.21,295500
TLT,2006/7/28,85.65,85.89,85.6,85.7,769800
TLT,2006/7/31,85.62,85.81,85.55,85.8,375100
TLT,2006/8/1,85.32,85.5,85.04,85.46,577800
TLT,2006/8/2,85.37,85.78,85.2,85.78,477400
TLT,2006/8/3,85.63,86.04,85.52,85.8,500800
TLT,2006/8/4,86.4,86.48,86.29,86.32,1246000
TLT,2006/8/7,86.33,86.39,86.18,86.37,1127600
TLT,2006/8/8,86.38,86.57,86.09,86.18,844400
TLT,2006/8/9,85.75,86.02,85.71,85.9,372400
TLT,2006/8/10,85.85,85.85,85.45,85.77,539000
TLT,2006/8/11,85.47,85.53,85.36,85.4,450800
TLT,2006/8/14,85.35,85.37,85.19,85.25,662300
TLT,2006/8/15,85.78,86.09,85.78,85.97,1093800
TLT,2006/8/16,86.57,86.64,86.4601,86.55,838900
TLT,2006/8/17,86.77,86.77,86.42,86.52,922600
TLT,2006/8/18,86.72,86.91,86.65,86.77,1050700
TLT,2006/8/21,86.89,87.08,86.87,87.08,676400
TLT,2006/8/22,87,87.23,86.97,87.11,749300
TLT,2006/8/23,87.06,87.24,86.86,87.15,801700
TLT,2006/8/24,87.41,87.44,87.24,87.31,1206700
TLT,2006/8/25,87.24,87.59,87.2,87.44,569000
TLT,2006/8/28,87.41,87.52,87.24,87.52,582300
TLT,2006/8/29,87.25,87.64,86.98,87.64,1345500
TLT,2006/8/30,87.83,87.87,87.66,87.87,1180500
TLT,2006/8/31,87.74,88.2,87.74,88.08,1272400
TLT,2006/9/1,87.62,87.9,87.47,87.76,893400
TLT,2006/9/5,87.51,87.64,87.16,87.26,2271300
TLT,2006/9/6,86.89,87.09,86.72,87.09,1853300
TLT,2006/9/7,86.93,87.32,86.74,87.26,1716100
TLT,2006/9/8,87.49,87.6,87.33,87.33,540300
TLT,2006/9/11,87.49,87.49,86.95,87.25,557600
TLT,2006/9/12,87.15,87.71,87,87.69,820800
TLT,2006/9/13,88.03,88.03,87.66,87.73,796900
TLT,2006/9/14,87.65,87.87,87.42,87.53,672800
TLT,2006/9/15,87.76,87.95,87.45,87.46,1047200
TLT,2006/9/18,86.97,87.4,86.97,87.4,871400
TLT,2006/9/19,87.86,88.3,87.84,88.3,1229500
TLT,2006/9/20,88.38,88.48,88.14,88.43,827400
TLT,2006/9/21,88.35,89.28,88.35,89.24,1698600
TLT,2006/9/22,89.32,89.7,89.32,89.61,1428600
TLT,2006/9/25,89.84,90.31,89.81,90.31,2607500
TLT,2006/9/26,90,90.1,89.82,89.93,2200000
TLT,2006/9/27,90.25,90.28,89.63,89.63,1165400
TLT,2006/9/28,89.43,89.59,89.27,89.52,1796800
TLT,2006/9/29,89.69,89.73,89.09,89.39,1398000
TLT,2006/10/2,89.1,89.45,88.97,89.3,1211900
TLT,2006/10/3,89.4,89.44,89.15,89.18,854900
TLT,2006/10/4,89.33,89.85,89.33,89.83,1155500
TLT,2006/10/5,89.54,89.54,88.95,89.2,1241600
TLT,2006/10/6,89.09,89.1,88.22,88.27,2472400
TLT,2006/10/9,88.1,88.6,88.01,88.51,834900
TLT,2006/10/10,87.95,88.11,87.63,87.81,1398700
TLT,2006/10/11,87.95,88.03,87.42,87.58,1521600
TLT,2006/10/12,87.63,87.77,87.48,87.6,586400
TLT,2006/10/13,87.29,87.36,87.11,87.16,1414100
TLT,2006/10/16,87.4,87.56,87.37,87.55,897600
TLT,2006/10/17,87.88,88.05,87.51,87.62,730800
TLT,2006/10/18,87.69,87.88,87.55,87.8,499600
TLT,2006/10/19,87.59,87.76,87.36,87.64,797300
TLT,2006/10/20,87.61,87.7,87.55,87.55,280700
TLT,2006/10/23,87.15,87.21,86.88,87.2,1200600
TLT,2006/10/24,87.17,87.25,87.15,87.2,243400
TLT,2006/10/25,87.27,87.97,87.23,87.89,558400
TLT,2006/10/26,88.15,88.52,88.15,88.46,1558300
TLT,2006/10/27,89.02,89.05,88.7,88.87,1601500
TLT,2006/10/30,88.89,89.12,88.84,89.12,901200
TLT,2006/10/31,89.25,89.87,89.14,89.81,964600
TLT,2006/11/1,89.61,90.12,89.45,89.96,1440100
TLT,2006/11/2,89.63,89.77,89.48,89.59,853300
TLT,2006/11/3,88.67,88.84,88.3,88.42,1534100
TLT,2006/11/6,88.35,88.79,88.35,88.79,528000
TLT,2006/11/7,89.28,89.51,89.12,89.2,525900
TLT,2006/11/8,89.24,89.53,89.09,89.53,706300
TLT,2006/11/9,89.47,89.59,89.38,89.47,729500
TLT,2006/11/10,89.65,90.0401,89.65,89.86,738100
TLT,2006/11/13,89.84,89.84,89.4701,89.84,462400
TLT,2006/11/14,90.34,90.39,90.12,90.19,916400
TLT,2006/11/15,90.05,90.05,89.74,89.85,1803200
TLT,2006/11/16,90,90.05,89.28,89.44,1494400
TLT,2006/11/17,89.56,90.22,89.51,89.95,1752000
TLT,2006/11/20,90,90.12,89.86,90.09,857200
TLT,2006/11/21,90.14,90.39,89.96,90.31,605100
TLT,2006/11/22,90.36,90.51,90.27,90.46,770300
TLT,2006/11/24,90.75,90.9,90.62,90.62,533400
TLT,2006/11/27,90.23,90.95,90.12,90.95,784500
TLT,2006/11/28,91.24,91.2472,90.76,91.15,1466300
TLT,2006/11/29,91.3,91.36,90.91,90.93,1206300
TLT,2006/11/30,91.27,91.63,91.14,91.53,1428600
TLT,2006/12/1,91.28,91.8,91.15,91.42,1156300
TLT,2006/12/4,91.3,91.62,91.22,91.58,460700
TLT,2006/12/5,91.36,91.52,91,91.15,1833700
TLT,2006/12/6,91.03,91.18,90.89,90.97,936100
TLT,2006/12/7,90.99,91.09,90.7495,90.9,739200
TLT,2006/12/8,90.85,90.97,90.19,90.24,2090300
TLT,2006/12/11,90.63,90.74,90.51,90.63,727700
TLT,2006/12/12,90.73,90.97,90.45,90.82,888500
TLT,2006/12/13,90.31,90.35,89.82,90.01,1217900
TLT,2006/12/14,89.82,89.9,89.6,89.68,687500
TLT,2006/12/15,90.58,90.66,89.6,89.73,1162100
TLT,2006/12/18,89.72,89.84,89.59,89.76,441400
TLT,2006/12/19,89.51,89.81,89.51,89.64,930700
TLT,2006/12/20,89.65,89.6799,89.55,89.63,336800
TLT,2006/12/21,89.71,90.19,89.6,90.08,770700
TLT,2006/12/22,89.83,89.85,89.21,89.39,1433200
TLT,2006/12/26,89.45,89.69,89.36,89.66,496200
TLT,2006/12/27,89.28,89.3301,88.7,88.7,840700
TLT,2006/12/28,88.9,88.96,88.06,88.5,1080200
TLT,2006/12/29,88.35,88.55,88.21,88.43,775500
TLT,2007/1/3,89.22,89.46,88.66,89.07,1870400
TLT,2007/1/4,89.22,89.65,89.22,89.6,1696900
TLT,2007/1/5,88.8,89.4,88.75,89.22,1298400
TLT,2007/1/8,89.12,89.37,89.05,89.37,414200
TLT,2007/1/9,89.48,89.48,89.22,89.37,481700
TLT,2007/1/10,89.07,89.13,88.88,88.97,519600
TLT,2007/1/11,88.79,88.8,88.26,88.45,1302500
TLT,2007/1/12,88.15,88.84,87.9,88.04,878300
TLT,2007/1/16,88.23,88.24,88.03,88.2,702800
TLT,2007/1/17,88.21,88.27,87.82,87.96,724100
TLT,2007/1/18,87.94,88.28,87.78,88.23,918300
TLT,2007/1/19,88.15,88.15,87.87,87.99,882500
TLT,2007/1/22,88.15,88.33,88.12,88.2,432000
TLT,2007/1/23,88.02,88.05,87.57,87.62,1096800
TLT,2007/1/24,87.66,87.7,87.5,87.61,463700
TLT,2007/1/25,87.45,87.47,86.88,86.98,1397000
TLT,2007/1/26,86.78,87.08,86.61,86.91,1737300
TLT,2007/1/29,87.06,87.1,86.6,86.72,1015300
TLT,2007/1/30,86.89,86.91,86.76,86.82,1295100
TLT,2007/1/31,86.73,87.61,86.7,87.55,2078000
TLT,2007/2/1,87.65,87.76,87,87.09,986200
TLT,2007/2/2,87.08,87.39,87.08,87.2,814700
TLT,2007/2/5,87.4,87.46,87.16,87.32,395500
TLT,2007/2/6,87.2,87.83,87.16,87.8,770500
TLT,2007/2/7,87.9,88.12,87.84,88.06,836200
TLT,2007/2/8,87.99,88.31,87.91,88.13,980200
TLT,2007/2/9,87.89,87.92,87.55,87.63,878500
TLT,2007/2/12,87.49,87.65,87.33,87.43,467600
TLT,2007/2/13,87.49,87.49,87.2,87.24,1310600
TLT,2007/2/14,87.52,88.19,87.52,88.07,2262500
TLT,2007/2/15,88.53,88.58,88.33,88.33,893800
TLT,2007/2/16,88.59,88.72,88.48,88.64,1476700
TLT,2007/2/20,88.5,88.85,88.5,88.84,847400
TLT,2007/2/21,88.53,88.7,88.48,88.69,379800
TLT,2007/2/22,88.41,88.45,88.0899,88.21,485200
TLT,2007/2/23,88.53,88.94,88.49,88.84,735700
TLT,2007/2/26,89.15,89.44,89.11,89.43,763333
TLT,2007/2/27,89.74,91.26,89.6,90.56,3243200
TLT,2007/2/28,90.16,90.47,89.89,90.15,1701900
TLT,2007/3/1,90.28,90.43,89.65,89.74,2423990
TLT,2007/3/2,89.96,90.48,89.67,90.2,1619800
TLT,2007/3/5,90.48,90.5,90.0615,90.35,1505200
TLT,2007/3/6,90.06,90.36,89.99,90.08,837400
TLT,2007/3/7,90.08,90.5,89.98,90.43,915400
TLT,2007/3/8,90.29,90.42,90.11,90.35,574700
TLT,2007/3/9,89.38,89.9,89.19,89.4,1534700
TLT,2007/3/12,89.73,89.98,89.68,89.75,594400
TLT,2007/3/13,90.23,90.34,89.98,90.29,553800
TLT,2007/3/14,90.15,90.54,89.84,89.88,1698100
TLT,2007/3/15,89.76,89.96,89.67,89.87,394900
TLT,2007/3/16,89.67,89.92,89.65,89.85,623800
TLT,2007/3/19,89.58,89.7,89.52,89.66,693900
TLT,2007/3/20,89.91,89.95,89.69,89.71,768400
TLT,2007/3/21,89.38,90.09,88.69,89.75,1513399
TLT,2007/3/22,89.48,89.48,88.83,89.04,1484257
TLT,2007/3/23,89.19,89.2,88.78,88.79,1679700
TLT,2007/3/26,88.62,89.27,88.5,88.9,763594
TLT,2007/3/27,88.64,88.81,88.56,88.75,619800
TLT,2007/3/28,88.91,89.11,88.41,88.57,816815
TLT,2007/3/29,88.54,88.67,88.32,88.45,823000
TLT,2007/3/30,88.65,88.92,88.22,88.28,2015100
TLT,2007/4/2,88.11,88.22,88.01,88.1,579520
TLT,2007/4/3,88.02,88.17,87.98,87.99,617000
TLT,2007/4/4,88.17,88.34,87.9,88.08,576886
TLT,2007/4/5,88.1,88.12,87.71,87.75,436400
TLT,2007/4/9,87.28,87.31,87.13,87.17,1283900
TLT,2007/4/10,87.39,87.55,87.31,87.43,674400
TLT,2007/4/11,87.47,87.58,87.28,87.37,476200
TLT,2007/4/12,87.5,87.5699,87.28,87.39,495043
TLT,2007/4/13,87.41,87.47,87.01,87.12,557800
TLT,2007/4/16,87.4,87.6763,87.4,87.6,833600
TLT,2007/4/17,87.89,88.16,87.84,88.09,1254120
TLT,2007/4/18,88.37,88.56,88.36,88.53,451076
TLT,2007/4/19,88.66,88.71,88.2,88.38,1305815
TLT,2007/4/20,88.45,88.45,88.06,88.15,664429
TLT,2007/4/23,88.14,88.59,88.04,88.47,419300
TLT,2007/4/24,88.45,88.82,88.45,88.8,881228
TLT,2007/4/25,88.57,88.79,88.11,88.49,569000
TLT,2007/4/26,88.43,88.43,87.85,87.85,2048304
TLT,2007/4/27,88.01,88.05,87.78,87.83,428640
TLT,2007/4/30,88.33,88.75,88.25,88.75,485700
TLT,2007/5/1,88.58,88.64,88.11,88.49,487200
TLT,2007/5/2,88.44,88.48,88.29,88.44,443901
TLT,2007/5/3,88.37,88.37,88.01,88.24,427618
TLT,2007/5/4,88.52,88.64,88.5,88.6,262000
TLT,2007/5/7,88.7,88.85,88.67,88.84,210175
TLT,2007/5/8,89.01,89.01,88.64,88.64,488322
TLT,2007/5/9,88.65,88.66,88.26,88.29,634900
TLT,2007/5/10,88.4,88.5899,88.31,88.5,519452
TLT,2007/5/11,88.64,88.7,88.1325,88.19,1238400
TLT,2007/5/14,88.23,88.28,87.96,87.96,315200
TLT,2007/5/15,88.19,88.2101,87.66,87.93,382400
TLT,2007/5/16,87.86,88,87.83,87.87,599440
TLT,2007/5/17,87.6,87.72,87.411,87.51,397000
TLT,2007/5/18,87.35,87.4999,86.88,86.93,856434
TLT,2007/5/21,86.93,87.24,86.8305,87.19,617637
TLT,2007/5/22,87.18,87.2,86.68,86.74,920500
TLT,2007/5/23,86.84,86.84,86.31,86.49,914447
TLT,2007/5/24,86.46,86.5899,85.96,86.57,1598400
TLT,2007/5/25,86.4,86.61,86.33,86.37,754895
TLT,2007/5/29,86.51,86.5699,85.83,86.36,1055700
TLT,2007/5/30,86.79,86.79,86.39,86.54,612000
TLT,2007/5/31,86.56,86.58,86.04,86.38,1725900
TLT,2007/6/1,85.9,86.84,85.54,85.59,1694300
TLT,2007/6/4,85.83,86.02,85.67,85.98,877700
TLT,2007/6/5,85.89,85.94,85.38,85.44,1145400
TLT,2007/6/6,85.36,85.54,85.26,85.4,1129152
TLT,2007/6/7,84.63,84.71,83.73,83.87,5010374
TLT,2007/6/8,83.61,84.12,83.36,83.8,5307599
TLT,2007/6/11,83.49,83.89,83.26,83.56,2043725
TLT,2007/6/12,82.91,83.42,82.2,82.35,9048346
TLT,2007/6/13,82.7,83.76,82.65,83.33,8751300
TLT,2007/6/14,83.14,83.71,83.05,83.12,3384620
TLT,2007/6/15,83.42,83.73,83.2,83.69,5827200
TLT,2007/6/18,83.63,83.65,82.24,83.52,17704600
TLT,2007/6/19,83.82,84.45,83.72,84.3,4620065
TLT,2007/6/20,84.02,84.08,83.59,83.62,3031700
TLT,2007/6/21,83.54,83.7001,83.21,83.22,850400
TLT,2007/6/22,83.05,83.77,82.95,83.76,2119200
TLT,2007/6/25,84.15,84.35,83.96,84.22,1323500
TLT,2007/6/26,84.29,84.32,83.97,84.24,2187780
TLT,2007/6/27,84.61,84.74,84.2,84.32,6109300
TLT,2007/6/28,84.32,84.58,84.18,84.3,3612493
TLT,2007/6/29,84.85,85.3,84.64,85.17,1962104
TLT,2007/7/2,84.81,85.37,84.81,85.29,2811660
TLT,2007/7/3,85.25,85.34,84.71,84.77,1387475
TLT,2007/7/5,84.31,84.42,83.72,83.82,4589941
TLT,2007/7/6,83.54,83.55,83.28,83.48,1437714
TLT,2007/7/9,83.87,83.93,83.68,83.78,795400
TLT,2007/7/10,84.48,85.2,84.43,85.2,2257968
TLT,2007/7/11,84.95,85.09,84.32,84.32,1191300
TLT,2007/7/12,84.55,84.58,83.8714,84.03,1941109
TLT,2007/7/13,84.45,84.5485,83.94,84.26,725900
TLT,2007/7/16,84.52,85.11,84.52,85.07,952000
TLT,2007/7/17,84.86,85.09,84.5,84.89,734125
TLT,2007/7/18,84.93,85.54,84.81,85.21,1836795
TLT,2007/7/19,84.9,85.26,84.8,85.19,1020988
TLT,2007/7/20,85.38,86.08,85.32,85.96,1461250
TLT,2007/7/23,85.69,85.97,85.69,85.82,777900
TLT,2007/7/24,86.01,86.16,85.72,86.14,1351575
TLT,2007/7/25,86.07,86.39,86,86.31,881068
TLT,2007/7/26,86.74,87.46,86.65,87.03,2867298
TLT,2007/7/27,87.05,87.56,86.85,87.28,5367835
TLT,2007/7/30,87.19,87.36,86.91,87.03,1803900
TLT,2007/7/31,87.13,87.75,86.95,87.66,2467536
TLT,2007/8/1,87.26,87.54,87.09,87.13,2154651
TLT,2007/8/2,87.21,87.45,86.99,87.35,2079459
TLT,2007/8/3,87.28,87.93,87.28,87.93,1577597
TLT,2007/8/6,87.7,87.72,87.17,87.29,1298400
TLT,2007/8/7,87.43,87.71,86.92,87.22,2573800
TLT,2007/8/8,86.89,86.89,85.86,86.16,6471268
TLT,2007/8/9,86.75,86.86,85.72,86.28,2637423
TLT,2007/8/10,86.49,86.7,85.98,86.08,1496400
TLT,2007/8/13,85.92,86.4,85.9,86.33,1312600
TLT,2007/8/14,86.02,86.78,86.0123,86.56,1314700
TLT,2007/8/15,86.65,86.75,86.25,86.25,1101700
TLT,2007/8/16,86.87,87.6,86.76,87.14,2410200
TLT,2007/8/17,86.4,86.91,86.05,86.79,2114400
TLT,2007/8/20,86.96,87.27,86.83,86.84,1048680
TLT,2007/8/21,87.1,87.4101,87.05,87.26,1517200
TLT,2007/8/22,87.05,87.31,86.81,87.12,1137787
TLT,2007/8/23,87.09,87.68,87.03,87.42,1618800
TLT,2007/8/24,87.77,88.08,87.56,87.85,1614514
TLT,2007/8/27,88.28,88.48,88.15,88.31,1585400
TLT,2007/8/28,88.43,88.74,88.28,88.46,1298900
TLT,2007/8/29,88.49,88.77,88.16,88.22,2686700
TLT,2007/8/30,88.61,88.96,88.47,88.81,1806800
TLT,2007/8/31,88.59,89.2,88.54,88.88,2763200
TLT,2007/9/4,88.83,89.13,88.2,88.56,930971
TLT,2007/9/5,88.76,89.35,88.72,89.27,1271500
TLT,2007/9/6,89.31,89.49,88.95,89.04,1768399
TLT,2007/9/7,89.75,90.5,89.69,90.3,2852165
TLT,2007/9/10,90.5,91.27,90.5,91,2495150
TLT,2007/9/11,90.88,91.27,90.7,90.93,3925339
TLT,2007/9/12,90.9,90.94,90.42,90.59,4458250
TLT,2007/9/13,90.3,90.33,89.58,89.78,2020535
TLT,2007/9/14,90.58,90.59,89.62,89.91,1357170
TLT,2007/9/17,89.82,90.39,89.76,90.34,1285400
TLT,2007/9/18,89.8,90.24,89,89.66,3132800
TLT,2007/9/19,88.71,89.01,88.37,88.83,3854630
TLT,2007/9/20,88.18,88.29,87.1,87.15,5903200
TLT,2007/9/21,87.58,88.131,87.58,87.89,2217600
TLT,2007/9/24,88.03,88.28,87.91,88.14,1943590
TLT,2007/9/25,88.5,88.62,87.83,87.83,2513420
TLT,2007/9/26,87.62,88.13,87.43,87.91,2646389
TLT,2007/9/27,88.24,88.78,88.15,88.52,1802900
TLT,2007/9/28,89.16,89.33,88.22,88.72,1254645
TLT,2007/10/1,88.69,88.98,88.43,88.88,1399400
TLT,2007/10/2,88.75,89.37,88.68,89.16,887800
TLT,2007/10/3,89.33,89.43,88.73,88.9,1164600
TLT,2007/10/4,89.01,89.32,88.91,89.24,1128700
TLT,2007/10/5,88.31,88.44,87.71,88.28,2184700
TLT,2007/10/8,87.77,88.5,87.77,88.21,280100
TLT,2007/10/9,88.16,88.36,87.78,88.1,901000
TLT,2007/10/10,87.98,88.4325,87.79,88.15,855500
TLT,2007/10/11,87.52,88.09,87.45,88.06,1533402
TLT,2007/10/12,87.52,88.1788,87.48,87.63,1133900
TLT,2007/10/15,87.48,87.72,87.4,87.65,553300
TLT,2007/10/16,87.65,87.98,87.54,87.68,855500
TLT,2007/10/17,87.77,88.95,87.77,88.64,2377000
TLT,2007/10/18,89.11,89.34,89.02,89.13,1374100
TLT,2007/10/19,89.63,90.6,89.61,90.46,2561800
TLT,2007/10/22,90.58,90.65,90.07,90.47,1866500
TLT,2007/10/23,90.26,90.5225,90.1,90.35,1046516
TLT,2007/10/24,90.71,91.39,90.56,91.02,2829300
TLT,2007/10/25,91.06,91.18,90.7,90.71,3062200
TLT,2007/10/26,90.37,91,90.34,90.5,1366471
TLT,2007/10/29,90.5,90.99,90.48,90.85,881000
TLT,2007/10/30,90.73,91.01,90.42,90.8,1439600
TLT,2007/10/31,90.5,90.7,89.7501,89.98,2498481
TLT,2007/11/1,89.96,91.01,89.96,90.75,2563400
TLT,2007/11/2,90.45,91.54,90.21,91.04,1927700
TLT,2007/11/5,91.16,91.39,90.8,91,1021500
TLT,2007/11/6,90.6,91.15,90.48,90.56,575800
TLT,2007/11/7,90.54,90.76,90.32,90.72,1456100
TLT,2007/11/8,90.65,90.94,90.43,90.56,2180530
TLT,2007/11/9,91.04,91.59,90.93,91.33,887179
TLT,2007/11/12,91.99,91.99,91.345,91.66,460535
TLT,2007/11/13,91.42,91.49,91.17,91.32,1116502
TLT,2007/11/14,90.95,91.51,90.92,91.42,692274
TLT,2007/11/15,91.61,92.56,91.4899,92.28,1312847
TLT,2007/11/16,92.27,92.7,92.21,92.41,1333749
TLT,2007/11/19,92.54,93.42,92.41,93.01,1346726
TLT,2007/11/20,93.09,93.29,92.8,92.91,1367727
TLT,2007/11/21,93.4,93.58,93.24,93.45,1297750
TLT,2007/11/23,93.44,93.8,93.31,93.73,437327
TLT,2007/11/26,94.22,96.36,94.12,95.58,4426981
TLT,2007/11/27,94.96,95.25,93.99,94.67,3100232
TLT,2007/11/28,94.56,94.69,93.84,94.03,2088003
TLT,2007/11/29,94.82,95.42,94.66,94.84,1595418
TLT,2007/11/30,93.88,94.391,93.7401,94.38,1952069
TLT,2007/12/3,94.76,95.1,94.28,94.75,1272636
TLT,2007/12/4,94.9,95.06,94.15,94.74,1721173
TLT,2007/12/5,94.22,94.47,93.56,93.61,1865912
TLT,2007/12/6,93.32,93.34,92.54,92.79,2270166
TLT,2007/12/7,92.18,92.35,91.38,91.75,2170931
TLT,2007/12/10,91.64,91.69,90.75,91.2,2242470
TLT,2007/12/11,91.73,93.23,91.58,92.99,2892713
TLT,2007/12/12,91.45,92.65,91.27,92.03,2225400
TLT,2007/12/13,91.61,91.82,90.9,91.03,1222100
TLT,2007/12/14,90.79,90.92,90.5,90.61,1354900
TLT,2007/12/17,91.07,91.54,90.93,91.42,2046198
TLT,2007/12/18,91.59,92.2999,91.55,92.01,1417079
TLT,2007/12/19,92.4,93.56,91.88,93.23,2252350
TLT,2007/12/20,93.26,93.87,93.02,93.03,1659361
TLT,2007/12/21,92.9,92.92,91.66,91.67,1767549
TLT,2007/12/24,91.22,91.47,91.08,91.24,550257
TLT,2007/12/26,91.02,91.63,90.28,90.44,674700
TLT,2007/12/27,90.88,91.1599,90.51,91.06,468600
TLT,2007/12/28,91.65,92.58,91.5,92.48,1967735
TLT,2007/12/31,92.78,93.28,92.6,93.045,1647529
TLT,2008/1/2,93.25,94.73,93.2,94.38,2959850
TLT,2008/1/3,94,94.38,93.6699,94.25,1256670
TLT,2008/1/4,94.5,94.79,94.2,94.27,2420134
TLT,2008/1/7,94.18,94.78,94.03,94.68,1315456
TLT,2008/1/8,94.44,94.71,93.93,94.57,1604760
TLT,2008/1/9,94.79,95.3,94.62,94.75,2203500
TLT,2008/1/10,94.87,94.95,93.31,93.47,2681974
TLT,2008/1/11,93.52,94.28,93.4,94.2,1872860
TLT,2008/1/14,94.2,94.55,94,94.55,906058
TLT,2008/1/15,95.16,95.63,95.07,95.61,1435230
TLT,2008/1/16,95.68,95.89,94.7285,94.92,3505070
TLT,2008/1/17,94.96,96.2899,94.93,96.15,2940500
TLT,2008/1/18,95.55,95.77,95.22,95.49,2676795
TLT,2008/1/22,96.41,96.62,95.3,96.5099,5423460
TLT,2008/1/23,97.98,98.16,95.88,96.29,7636565
TLT,2008/1/24,95.55,95.75,94.34,94.36,5676629
TLT,2008/1/25,94.19,96,94.13,95.95,4371047
TLT,2008/1/28,95.68,96,95.36,95.59,1633446
TLT,2008/1/29,95.28,95.32,94.58,94.94,3100157
TLT,2008/1/30,94.69,94.77,93.59,94.32,3467905
TLT,2008/1/31,95.3,95.4299,94.63,94.99,11440965
TLT,2008/2/1,95,95.4,94.56,95.23,4163650
TLT,2008/2/4,94.39,94.66,94.13,94.25,1729511
TLT,2008/2/5,95.41,95.61,94.77,94.97,2594551
TLT,2008/2/6,94.63,94.85,94.36,94.68,1339750
TLT,2008/2/7,94.53,94.53,92.05,92.64,5419623
TLT,2008/2/8,93.25,93.73,93.09,93.7,2832724
TLT,2008/2/11,94.28,94.7,93.73,94.09,2960110
TLT,2008/2/12,93.32,93.649,92.96,93.53,2897650
TLT,2008/2/13,92.93,93.42,92.4,92.5399,3697493
TLT,2008/2/14,91.8,92.1,90.66,91.18,7504905
TLT,2008/2/15,91.61,92.07,91.46,91.88,3687713
TLT,2008/2/19,91.14,91.7,90.64,90.95,2911656
TLT,2008/2/20,90.62,91.58,90.56,91.58,2550096
TLT,2008/2/21,92.08,92.85,92.0515,92.55,4197212
TLT,2008/2/22,92.49,92.85,91.87,92.02,1959634
TLT,2008/2/25,91.95,92.14,90.65,91.08,3460845
TLT,2008/2/26,90.96,91.34,90.73,91.11,2618900
TLT,2008/2/27,91.43,91.57,90.61,91.19,2494523
TLT,2008/2/28,92.34,92.8399,92.19,92.81,3410871
TLT,2008/2/29,93.65,94.46,93.52,94.23,3821918
TLT,2008/3/3,93.67,94.2,93.25,93.64,2037838
TLT,2008/3/4,93.94,94.12,92.53,92.73,3401008
TLT,2008/3/5,93.06,93.06,91.5,91.62,3871152
TLT,2008/3/6,91.82,92.44,91.666,92.11,1342582
TLT,2008/3/7,93.29,93.35,91.74,92.23,3601277
TLT,2008/3/10,92.71,94.13,92.61,93.59,3578955
TLT,2008/3/11,93,93.03,92.21,92.79,3309108
TLT,2008/3/12,93.13,94.68,92.97,94.58,4753172
TLT,2008/3/13,95.03,95.19,93.26,93.84,5763422
TLT,2008/3/14,94.62,95.81,94.62,95,6174879
TLT,2008/3/17,95.59,96.31,95.31,95.73,3329422
TLT,2008/3/18,95.3,96.16,94.95,95.36,4022366
TLT,2008/3/19,95.12,97.47,95.12,96.94,5208495
TLT,2008/3/20,97,97.75,96.87,97.181,3905865
TLT,2008/3/24,96.48,96.48,95.2,95.3,5596167
TLT,2008/3/25,95.38,95.82,95.2799,95.7,2038110
TLT,2008/3/26,95.78,96.2,95.23,95.3,1651943
TLT,2008/3/27,94.64,95.36,94.54,94.63,2405670
TLT,2008/3/28,95.09,95.56,94.75,95.55,1745495
TLT,2008/3/31,96.11,96.32,95.67,95.89,2546257
TLT,2008/4/1,94.81,94.85,93.78,93.9299,3821733
TLT,2008/4/2,93.99,94.86,93.99,94.13,3794152
TLT,2008/4/3,94.5,94.67,94.12,94.34,2839021
TLT,2008/4/4,95.17,95.56,94.9902,95.2,1745200
TLT,2008/4/7,94.62,94.78,93.9,94.7,2231757
TLT,2008/4/8,95.18,95.24,94.26,94.37,1305186
TLT,2008/4/9,94.56,95.64,94.55,95.35,2883511
TLT,2008/4/10,95.31,95.5,94.57,95.03,1846442
TLT,2008/4/11,95.6,95.92,95.47,95.67,1987631
TLT,2008/4/14,95.34,95.7,94.99,95.11,3197033
TLT,2008/4/15,94.42,94.58,93.9,93.93,2821558
TLT,2008/4/16,93.8,94.06,92.43,93.01,4691055
TLT,2008/4/17,92.98,93.18,92.244,92.85,2019991
TLT,2008/4/18,92,92.88,91.82,92.77,2199677
TLT,2008/4/21,92.41,93.28,92.3,93.14,2805712
TLT,2008/4/22,92.91,93.67,92.91,93.46,1799762
TLT,2008/4/23,93.09,93.63,92.53,93.15,1221004
TLT,2008/4/24,92.26,92.46,91.81,92.36,3213516
TLT,2008/4/25,92.14,92.25,91.5,91.82,1741990
TLT,2008/4/28,91.53,92.35,91.41,92.1,1883822
TLT,2008/4/29,92.38,92.86,92.15,92.45,1269090
TLT,2008/4/30,92.42,93.2,91.85,93.115,2827414
TLT,2008/5/1,93.44,93.65,92.38,92.78,3226439
TLT,2008/5/2,91.78,92.41,91.54,91.61,2730742
TLT,2008/5/5,91.86,91.87,91.14,91.61,1309260
TLT,2008/5/6,92.01,92.08,90.79,90.95,4037499
TLT,2008/5/7,90.73,91.429,90.62,91.3399,3876149
TLT,2008/5/8,91.44,92.2,91.42,92.16,2829498
TLT,2008/5/9,92.73,92.87,92.21,92.5,2064251
TLT,2008/5/12,92.76,93.16,92.35,92.36,1947352
TLT,2008/5/13,91.83,92.05,91.31,91.35,2123298
TLT,2008/5/14,92,92.01,90.72,91.39,2600823
TLT,2008/5/15,91.17,92.33,91.09,92.22,2164249
TLT,2008/5/16,91.88,92.89,91.78,91.84,1902574
TLT,2008/5/19,92.26,92.26,91.3,91.962,1348125
TLT,2008/5/20,92.44,92.5,91.9,92.44,1465937
TLT,2008/5/21,92.05,92.67,91.86,92.46,1762090
TLT,2008/5/22,91.93,91.93,90.84,91.37,2855876
TLT,2008/5/23,91.83,92.3,91.7,91.77,1802000
TLT,2008/5/27,91.38,91.56,90.98,91.15,1985871
TLT,2008/5/28,90.54,90.66,90.14,90.34,3250685
TLT,2008/5/29,90.01,90.1,89.14,89.69,3302371
TLT,2008/5/30,90.13,90.44,90.06,90.28,2514796
TLT,2008/6/2,89.98,90.64,89.62,90.3,3076305
TLT,2008/6/3,90.06,91.41,89.81,90.95,2447647
TLT,2008/6/4,91.39,91.39,89.9,90.14,2812991
TLT,2008/6/5,89.82,90.03,89.45,89.6,2632139
TLT,2008/6/6,90.44,91.09,90.21,90.76,3864702
TLT,2008/6/9,90.48,91.39,90.19,90.76,1811960
TLT,2008/6/10,90.65,90.71,89.7,90.17,1935233
TLT,2008/6/11,90.05,90.72,89.71,89.96,2265399
TLT,2008/6/12,89.56,89.64,88.82,89.06,4413091
TLT,2008/6/13,88.97,89.538,88.679,88.87,1983557
TLT,2008/6/16,89.11,89.18,88.62,88.89,1756717
TLT,2008/6/17,89.15,89.27,88.59,89.07,1712113
TLT,2008/6/18,89.29,89.966,89.09,89.82,2589981
TLT,2008/6/19,89.52,89.75,89.025,89.2899,1700494
TLT,2008/6/20,89.94,90.07,89.69,89.81,4580862
TLT,2008/6/23,90.08,90.43,89.83,90,1594100
TLT,2008/6/24,90.38,90.81,90.14,90.5948,3118383
TLT,2008/6/25,90.65,90.76,89.81,90.64,3251541
TLT,2008/6/26,91,91.44,90.79,91.25,4052210
TLT,2008/6/27,91.73,92.44,91.45,92.32,4144761
TLT,2008/6/30,92.41,92.8192,92.08,92.34,3742927
TLT,2008/7/1,92.69,92.7701,91.68,91.79,3805099
TLT,2008/7/2,91.96,92.38,91.87,92.27,2413627
TLT,2008/7/3,91.71,92.3,91.54,92.07,1405066
TLT,2008/7/7,92.07,93.15,91.58,92.49,3528393
TLT,2008/7/8,92.5,93.14,92.42,93.09,2176516
TLT,2008/7/9,92.94,93.64,92.92,93.5,1581965
TLT,2008/7/10,93.33,93.76,92.94,93.49,2723502
TLT,2008/7/11,93.52,93.74,91.86,92.16,5467244
TLT,2008/7/14,92.38,93.26,92.29,92.97,4135305
TLT,2008/7/15,93.07,93.43,92.7,92.94,4541397
TLT,2008/7/16,92.08,92.24,91.21,91.26,3435843
TLT,2008/7/17,91.26,91.61,90.56,90.79,5899839
TLT,2008/7/18,90.76,91.2,90.3,90.45,3475162
TLT,2008/7/21,90.45,90.9,90.25,90.8,3657163
TLT,2008/7/22,90.64,90.76,90.03,90.35,2675178
TLT,2008/7/23,90.22,90.37,89.752,90.17,2871887
TLT,2008/7/24,90.35,91.25,90.35,91.05,2613219
TLT,2008/7/25,90.55,90.84,90,90.14,3765217
TLT,2008/7/28,90.95,91.47,90.7,91.05,1275867
TLT,2008/7/29,90.66,90.991,90.31,90.68,1349024
TLT,2008/7/30,90.09,91.29,90.03,90.77,1667461
TLT,2008/7/31,91.72,92.05,91.27,91.67,3898642
TLT,2008/8/1,90.97,91.56,90.83,91.54,1804729
TLT,2008/8/4,91.09,91.64,91.01,91.33,2029898
TLT,2008/8/5,91.35,91.6,90.62,90.65,2191151
TLT,2008/8/6,90.41,90.41,89.82,90.2799,3139404
TLT,2008/8/7,90.63,91.9,90.43,91.75,2765517
TLT,2008/8/8,91.89,92.08,91.54,92,1035331
TLT,2008/8/11,91.78,91.78,90.598,91.12,3939322
TLT,2008/8/12,91.81,92.03,91.7,91.97,1314992
TLT,2008/8/13,92.3,92.35,91.46,91.65,1940263
TLT,2008/8/14,92.26,92.6,92.07,92.24,2605243
TLT,2008/8/15,92.67,93.2,92.57,93.04,1964807
TLT,2008/8/18,93.08,93.538,92.96,93.41,1263123
TLT,2008/8/19,93.44,93.5265,92.89,93.05,1944609
TLT,2008/8/20,93.38,93.71,93.15,93.31,2499938
TLT,2008/8/21,93.63,93.63,92.75,93.14,2266997
TLT,2008/8/22,93.11,93.17,92.64,93.08,1989912
TLT,2008/8/25,94.12,94.33,93.85,94.01,2028240
TLT,2008/8/26,93.96,94.2,93.71,94.09,1270881
TLT,2008/8/27,93.49,94.29,93.44,94.25,1555299
TLT,2008/8/28,93.91,94.41,93.69,94.26,1886420
TLT,2008/8/29,94.02,94.16,93.51,93.84,1739019
TLT,2008/9/2,92.98,94.41,92.84,94.37,2915981
TLT,2008/9/3,94.27,94.89,94.26,94.77,2104925
TLT,2008/9/4,95,95.5574,94.81,95.526,3049715
TLT,2008/9/5,96.02,96.31,95.41,95.48,4168041
TLT,2008/9/8,94.9,95.88,94.56,95.88,5426146
TLT,2008/9/9,95.83,96.88,95.54,96.83,3890119
TLT,2008/9/10,95.98,96.66,95.82,96.23,2407852
TLT,2008/9/11,96.79,96.86,96,96.18,3591911
TLT,2008/9/12,96.21,96.33,94.75,94.94,4138135
TLT,2008/9/15,96.28,98.17,96.07,98.02,5890028
TLT,2008/9/16,100.71,100.86,97.91,98,6684376
TLT,2008/9/17,98.92,99.38,97.73,98.49,4371248
TLT,2008/9/18,97.95,98.49,96.92,97.05,4188273
TLT,2008/9/19,93.86,95.02,93.7,93.97,7169172
TLT,2008/9/22,92.93,93.96,92.6,93.96,4726297
TLT,2008/9/23,93.61,94.1,93.13,93.6,2235943
TLT,2008/9/24,93.97,94.75,93.6,94.01,1014891
TLT,2008/9/25,94.59,94.59,93.15,93.82,1881151
TLT,2008/9/26,94.07,94.79,94.07,94.5,1992783
TLT,2008/9/29,95.17,97.93,95.16,97.25,4799714
TLT,2008/9/30,97.04,97.2899,94.6,94.88,1358052
TLT,2008/10/1,96.04,96.9,94.95,95.78,1767757
TLT,2008/10/2,96.57,96.845,96.068,96.55,931832
TLT,2008/10/3,97.38,97.79,95.49,97.4,1903059
TLT,2008/10/6,98.74,99.86,98.62,99.17,2906197
TLT,2008/10/7,98.32,99.67,97.98,98.87,1971958
TLT,2008/10/8,99.68,99.94,96.68,97.45,3386598
TLT,2008/10/9,97.37,97.698,96.22,96.63,1785344
TLT,2008/10/10,96.61,96.91,95.51,95.95,2199907
TLT,2008/10/13,95.11,95.95,94.26,94.72,1532006
TLT,2008/10/14,94.25,95.26,93.9,94.11,2099972
TLT,2008/10/15,94.12,95.04,93.42,95.01,1449460
TLT,2008/10/16,94.99,95.27,94.18,94.519,1063187
TLT,2008/10/17,94.69,94.9,93.02,93.87,1691858
TLT,2008/10/20,93.44,94.94,93.36,94.62,1146711
TLT,2008/10/21,95.09,95.99,94.74,95.12,1243652
TLT,2008/10/22,96.12,97.49,95.85,97.05,1071261
TLT,2008/10/23,97.95,98.89,96.82,97.77,1801919
TLT,2008/10/24,98.82,99.05,96.45,96.73,1495705
TLT,2008/10/27,97.77,98.21,96.29,96.8,1534101
TLT,2008/10/28,96.18,96.9,95.15,95.39,1505478
TLT,2008/10/29,95.77,96.01,94.43,94.91,1748285
TLT,2008/10/30,94.5,94.8,93.8,94.05,1325935
TLT,2008/10/31,94.64,94.92,92.65,92.83,2282489
TLT,2008/11/3,92.72,93.11,92.35,92.71,1111595
TLT,2008/11/4,92.96,94.71,92.59,94.45,1608756
TLT,2008/11/5,94.89,95.67,94.4001,95.57,1931636
TLT,2008/11/6,94.6,95.05,93.81,94.88,919672
TLT,2008/11/7,94.52,94.52,93.55,94.26,1277053
TLT,2008/11/10,93.8,95.1,93.68,94.7199,1352097
TLT,2008/11/11,95.21,95.81,94.96,95.0001,695968
TLT,2008/11/12,95.58,96.07,95.16,95.61,1199402
TLT,2008/11/13,94.91,95.25,93.25,93.32,1631895
TLT,2008/11/14,95.11,95.46,94.79,95.17,1059631
TLT,2008/11/17,95.68,96.03,95.29,95.59,490511
TLT,2008/11/18,96.38,97,95.96,96.82,924768
TLT,2008/11/19,97.47,99.37,97.21,99.3,2090312
TLT,2008/11/20,101.82,104.44,101.1,104.43,5459770
TLT,2008/11/21,103.25,103.98,101.45,102.92,3249297
TLT,2008/11/24,102.15,102.2922,101,101.31,1587214
TLT,2008/11/25,103.95,104.47,102.68,104.29,2632783
TLT,2008/11/26,104.72,105.62,104.09,104.43,2577729
TLT,2008/11/28,105.25,105.97,104.94,105.72,988446
TLT,2008/12/1,107.75,110.41,107.13,109.4,4031550
TLT,2008/12/2,108.56,110.37,108.19,109.82,3289232
TLT,2008/12/3,110.27,110.81,108.56,110.13,2950997
TLT,2008/12/4,111.13,112.4912,110.37,112.3,2826095
TLT,2008/12/5,111.95,113,110.42,110.48,4557562
TLT,2008/12/8,110.48,111.25,109.69,110.24,2119481
TLT,2008/12/9,110.58,112.53,110.25,112.42,2055457
TLT,2008/12/10,111.37,112.15,111.12,112.15,2414870
TLT,2008/12/11,112.18,112.43,110.87,112.37,2417249
TLT,2008/12/12,112.54,112.56,110.34,112.37,2547014
TLT,2008/12/15,112.35,113.94,112.05,113.65,1707653
TLT,2008/12/16,114.1,116.9,113.97,116.46,4015018
TLT,2008/12/17,120.77,121.13,119.26,119.62,6432079
TLT,2008/12/18,120.74,123.15,120.45,122.13,4441969
TLT,2008/12/19,121.44,122.99,121.28,122.26,2668416
TLT,2008/12/22,122.39,122.39,120.73,121.32,2222727
TLT,2008/12/23,120.14,121.5,119.9,121.16,1747467
TLT,2008/12/24,120.73,121.32,120.62,120.9,717452
TLT,2008/12/26,121.59,121.9699,121.2,121.3,454387
TLT,2008/12/29,121.43,122.01,120.61,120.75,1415906
TLT,2008/12/30,120.49,121.92,120.07,121.9,2590483
TLT,2008/12/31,121.41,122,118.85,119.35,2737980
TLT,2009/1/2,120.05,120.45,116.35,116.35,3464102
TLT,2009/1/5,115.6,116.16,112.6,113.35,5395492
TLT,2009/1/6,111.62,113.26,111,112.21,4110015
TLT,2009/1/7,111.96,112.68,111.4,112.65,2548854
TLT,2009/1/8,112.64,112.92,111.99,112.56,2603599
TLT,2009/1/9,111.46,113.35,111.27,112.73,2727805
TLT,2009/1/12,111.57,114.05,111.57,113.9,2462793
TLT,2009/1/13,113.5,114.08,112.96,114.02,1767358
TLT,2009/1/14,114.65,116.04,114.65,115.9,2494759
TLT,2009/1/15,116.2,116.92,115.5766,116.09,2827282
TLT,2009/1/16,113.42,116.09,113.3601,114.3,2994707
TLT,2009/1/20,112.29,114.63,112.23,114.28,3268419
TLT,2009/1/21,111.93,113.04,110.4,110.67,2838093
TLT,2009/1/22,110.6,110.77,107.88,108.54,4016596
TLT,2009/1/23,107.92,108.32,106.69,107.69,2676196
TLT,2009/1/26,107.43,107.82,106.3,106.75,2240814
TLT,2009/1/27,107.8,109.59,107.63,109.26,3421407
TLT,2009/1/28,109.31,109.81,105.72,106.53,4348083
TLT,2009/1/29,105.56,106.31,103.66,104.08,3724397
TLT,2009/1/30,104.55,104.87,103.44,103.75,2630588
TLT,2009/2/2,104.02,105.68,103.39,105.39,2700122
TLT,2009/2/3,104.3,104.83,102.75,102.88,2846354
TLT,2009/2/4,102.75,102.87,101.62,102.52,2305310
TLT,2009/2/5,103.24,103.88,102.206,102.61,2279433
TLT,2009/2/6,102.25,102.86,101.9,102.29,1667494
TLT,2009/2/9,101.69,102.67,101.06,102.62,2257935
TLT,2009/2/10,104.11,104.96,103.45,104.85,3783001
TLT,2009/2/11,105.71,106.5,105.53,106.21,2774154
TLT,2009/2/12,105.98,106.18,104.74,105.21,1818492
TLT,2009/2/13,103.95,103.95,102.23,102.41,2468301
TLT,2009/2/17,104.55,105.66,104.35,105.6,2813822
TLT,2009/2/18,106.06,106.56,104.3,104.7,2768774
TLT,2009/2/19,102.69,104.06,102.23,102.92,3220161
TLT,2009/2/20,104.27,105.16,103.3,103.92,4272002
TLT,2009/2/23,103.6,104.88,103.17,104.88,2688638
TLT,2009/2/24,105.7,106.68,104.77,104.77,4197010
TLT,2009/2/25,105.24,105.49,103.03,103.56,3908158
TLT,2009/2/26,102.87,103.26,101.98,102.47,2611147
TLT,2009/2/27,102.57,103.01,101.21,101.88,3267743
TLT,2009/3/2,102.22,103.28,102.09,103.28,3301952
TLT,2009/3/3,102.23,103.57,101.81,102.59,3084808
TLT,2009/3/4,101.49,102.25,101.16,102.12,3178305
TLT,2009/3/5,104.02,105.44,103.44,104.96,4562360
TLT,2009/3/6,104.26,105.97,104.09,104.26,3126181
TLT,2009/3/9,104.51,104.55,103.12,103.65,2070419
TLT,2009/3/10,102.43,102.75,101.51,101.66,2602554
TLT,2009/3/11,101.29,102.76,100.93,102.76,3101569
TLT,2009/3/12,102.66,103.97,102.31,103.25,3558831
TLT,2009/3/13,102.75,103.88,102.33,102.73,2503935
TLT,2009/3/16,100.82,101.45,100.5,101.11,3265568
TLT,2009/3/17,101.72,102.33,100.3876,100.56,3076121
TLT,2009/3/18,101.12,108.07,100.9,104.37,8579974
TLT,2009/3/19,105.62,105.66,104.22,104.5,3650881
TLT,2009/3/20,104.62,105,103.7801,103.92,3479670
TLT,2009/3/23,104.29,104.42,102.97,103.02,2096968
TLT,2009/3/24,102.19,105.16,101.9301,104,5477152
TLT,2009/3/25,103.29,103.72,102.31,102.6,2549522
TLT,2009/3/26,102.44,104.06,102.16,103.79,2385217
TLT,2009/3/27,104.15,104.93,103.56,104.56,1853877
TLT,2009/3/30,105.44,105.87,103.94,104.96,2300003
TLT,2009/3/31,105.04,105.8,105,105.71,1094525
TLT,2009/4/1,106.12,106.56,105.5273,106.37,2383328
TLT,2009/4/2,105.89,106.07,104.84,105.07,1766293
TLT,2009/4/3,104.91,105.16,102.66,102.92,3316754
TLT,2009/4/6,103.54,103.59,102.22,102.48,1418006
TLT,2009/4/7,102.54,103.31,102.48,102.74,1312593
TLT,2009/4/8,103.07,103.86,102.95,103.65,1007779
TLT,2009/4/9,102.47,103.18,101.98,102.35,1088784
TLT,2009/4/13,102.96,103.51,102.93,103.29,946563
TLT,2009/4/14,103.25,104.21,102.93,103.83,1335976
TLT,2009/4/15,104.13,104.3,102.88,103.65,1152418
TLT,2009/4/16,102.85,103.45,102.78,102.83,1055573
TLT,2009/4/17,102.47,102.71,101.37,101.7,2582707
TLT,2009/4/20,102.63,103.4025,102.45,103.24,1714341
TLT,2009/4/21,104.04,104.21,102.22,102.22,1802538
TLT,2009/4/22,102.45,102.56,101.11,101.6,2278060
TLT,2009/4/23,101.35,101.75,100.94,101.59,1688281
TLT,2009/4/24,100.79,100.98,100.1,100.57,2829905
TLT,2009/4/27,101.07,101.19,100.06,101,2294515
TLT,2009/4/28,101.5,101.58,99.09,99.35,2332548
TLT,2009/4/29,99.67,100.08,98.15,98.47,3752505
TLT,2009/4/30,97.98,98.36,97.39,98.08,2778208
TLT,2009/5/1,97.12,97.29,96.57,97.11,2772133
TLT,2009/5/4,97.36,97.82,96.79,97.43,2246608
TLT,2009/5/5,97.46,97.83,96.76,97.31,1368959
TLT,2009/5/6,97.12,98,97,97.08,2045866
TLT,2009/5/7,95.94,96.7,94.33,94.71,5756391
TLT,2009/5/8,95.02,95.39,94.645,94.94,2193360
TLT,2009/5/11,96.05,96.45,95.79,96.29,2169932
TLT,2009/5/12,96.18,97.02,95.8023,96.64,2304726
TLT,2009/5/13,97.36,97.93,97.24,97.69,1917455
TLT,2009/5/14,97.6,98.25,97.3,98.07,1704583
TLT,2009/5/15,98,98.05,97.46,98.04,2306504
TLT,2009/5/18,98.01,98.11,96.37,96.52,2234609
TLT,2009/5/19,96.19,96.47,95.71,96.01,1624222
TLT,2009/5/20,95.93,97.16,95.83,97.02,2825795
TLT,2009/5/21,97.55,97.64,94.35,94.58,4771832
TLT,2009/5/22,93.82,94.49,93.35,93.53,4484644
TLT,2009/5/26,94.05,94.1,92.12,92.12,3635200
TLT,2009/5/27,92.24,92.58,90.38,90.492,7490809
TLT,2009/5/28,91.77,91.98,90.23,91.8,9826336
TLT,2009/5/29,91.7,94.23,91.64,94.17,4746612
TLT,2009/6/1,92.34,92.38,90.57,91.09,6986934
TLT,2009/6/2,91.61,91.77,90.78,91.58,5064098
TLT,2009/6/3,91.96,92.61,91.33,92.44,6727244
TLT,2009/6/4,91.43,91.72,90.24,90.53,5438563
TLT,2009/6/5,89.91,90.9,89.55,89.84,8441002
TLT,2009/6/8,90.41,90.73,89.48,89.61,4084816
TLT,2009/6/9,90.19,90.31,89.25,89.6,6046596
TLT,2009/6/10,88.87,89.43,87.56,88.19,12143036
TLT,2009/6/11,87.76,89.52,87.69,89.17,10693783
TLT,2009/6/12,89.42,90.65,89.42,89.97,6607128
TLT,2009/6/15,90.54,91.15,90.48,90.78,4518630
TLT,2009/6/16,90.96,92.43,90.8,92.36,5376949
TLT,2009/6/17,92.45,93.33,91.84,91.84,7197109
TLT,2009/6/18,91.25,91.58,90.11,90.45,6794601
TLT,2009/6/19,90.33,91.7,90.21,91.69,4750877
TLT,2009/6/22,92.44,92.91,92.06,92.58,3952348
TLT,2009/6/23,92.77,93.81,92.58,93.67,5359875
TLT,2009/6/24,93.65,94.07,92.66,92.73,6556727
TLT,2009/6/25,93.22,94.5,92.67,94.43,7140032
TLT,2009/6/26,94.62,94.9,94.21,94.59,4050306
TLT,2009/6/29,95.07,95.37,94.58,94.73,4334831
TLT,2009/6/30,94.19,95.11,93.81,94.57,3743764
TLT,2009/7/1,93.42,94.09,93.24,94.08,3379993
TLT,2009/7/2,94.33,94.61,94,94.3,2645005
TLT,2009/7/6,94.05,94.29,93.39,94.12,1886697
TLT,2009/7/7,93.62,94.88,93.61,94.75,2592443
TLT,2009/7/8,95.12,96.81,94.8901,96.5,7912835
TLT,2009/7/9,95.35,95.73,94.45,95.35,5250766
TLT,2009/7/10,95.62,96.3326,95.43,96.23,3981804
TLT,2009/7/13,96.32,96.6,95.56,95.69,2604382
TLT,2009/7/14,94.76,95.13,93.7,94.1,3629073
TLT,2009/7/15,92.66,93,91.67,91.68,4669206
TLT,2009/7/16,92.81,93.18,92.5,92.67,4225157
TLT,2009/7/17,91.9,92.36,91.24,91.24,3845658
TLT,2009/7/20,90.85,92.49,90.8,91.72,4436505
TLT,2009/7/21,91.45,93.7,91.29,93.55,3895225
TLT,2009/7/22,93.4,93.5257,92.36,92.71,1986706
TLT,2009/7/23,92.76,92.8,90.57,91.01,3819859
TLT,2009/7/24,91,91.45,90.77,91.45,1765276
TLT,2009/7/27,90.23,90.66,89.94,90.4,2756169
TLT,2009/7/28,90.72,91.82,90.4299,91.2,3324934
TLT,2009/7/29,92.17,92.29,90.94,91.7,2911690
TLT,2009/7/30,91.54,93.15,91.23,93,4040621
TLT,2009/7/31,93.85,94.86,93.28,94.81,5697633
TLT,2009/8/3,93.81,93.87,92.61,93.06,4030110
TLT,2009/8/4,93.63,93.72,91.67,92.32,3832186
TLT,2009/8/5,91.31,92.75,90.87,90.94,4458231
TLT,2009/8/6,90.9,91.89,90.42,91.25,3228611
TLT,2009/8/7,90.42,90.93,90.219,90.49,3543111
TLT,2009/8/10,90.51,91.64,90.41,91.62,3150534
TLT,2009/8/11,92.39,92.8673,91.99,92.68,3677733
TLT,2009/8/12,92.95,93.07,91.09,91.69,4729247
TLT,2009/8/13,91.8,93.15,91.5,92.99,3922266
TLT,2009/8/14,93.3,94.2,93.21,93.35,4410327
TLT,2009/8/17,93.95,94.75,93.87,94.73,3570338
TLT,2009/8/18,94.66,94.7694,94.01,94.18,2557827
TLT,2009/8/19,95.17,95.37,94.4115,94.96,3518280
TLT,2009/8/20,95.38,95.87,94.7775,95.74,3282655
TLT,2009/8/21,95.64,95.73,93.75,93.77,6260647
TLT,2009/8/24,93.49,95.47,93.46,95.47,4460290
TLT,2009/8/25,95.37,96.09,94.91,96.01,3359651
TLT,2009/8/26,96.18,96.55,95.91,96.45,3225758
TLT,2009/8/27,96.18,96.62,95.73,96.07,2513928
TLT,2009/8/28,95.44,96.5101,95.31,96.51,2072461
TLT,2009/8/31,96.36,96.86,95.76,96.6,2899866
TLT,2009/9/1,95.82,96.5801,95.14,96.06,3304132
TLT,2009/9/2,96.48,97.66,96.24,97.46,4344949
TLT,2009/9/3,96.84,97.12,96.55,96.86,2703715
TLT,2009/9/4,96.44,96.5992,95.06,95.21,3642929
TLT,2009/9/8,94.48,95.37,94.36,94.54,2468889
TLT,2009/9/9,93.89,94.43,93.52,94.43,3182346
TLT,2009/9/10,94.93,96.71,94.91,96.17,4417337
TLT,2009/9/11,96.82,97.68,96.6,96.7,4826128
TLT,2009/9/14,96.02,96.6695,95.65,95.74,2119468
TLT,2009/9/15,95.19,95.77,95.07,95.25,2187812
TLT,2009/9/16,95.34,95.95,94.6,95.42,3734217
TLT,2009/9/17,95.69,96.73,95.1703,96.62,2831914
TLT,2009/9/18,96.2,96.53,95.67,95.76,2813277
TLT,2009/9/21,96.1,96.49,95.36,95.98,3050152
TLT,2009/9/22,95.65,96.37,95.5099,96.18,2067965
TLT,2009/9/23,95.94,96.58,95.2,96.47,5711910
TLT,2009/9/24,96.5,97.09,96.17,96.75,4658339
TLT,2009/9/25,97.36,98.06,96.77,97.98,3855025
TLT,2009/9/28,98.32,98.93,98.11,98.84,4264840
TLT,2009/9/29,98.32,99.17,98.15,98.75,3123132
TLT,2009/9/30,98.56,99.13,98.36,98.66,2744798
TLT,2009/10/1,98.96,100.06,98.8016,99.7,5755859
TLT,2009/10/2,100.28,100.31,98.88,99.01,4827652
TLT,2009/10/5,99.47,99.66,98.77,99.02,2910061
TLT,2009/10/6,98.76,98.8,97.98,98.04,3936124
TLT,2009/10/7,98.67,99.33,98.6,99.19,3591239
TLT,2009/10/8,99.71,99.76,97.68,98.15,5871552
TLT,2009/10/9,97.62,97.71,95.5,95.9,8135818
TLT,2009/10/12,96.03,96.33,95.6,96.05,1939612
TLT,2009/10/13,96.62,96.85,96.26,96.55,2886494
TLT,2009/10/14,95.51,96.1,94.9,95.12,5420948
TLT,2009/10/15,94.57,95.42,94.37,94.68,3737309
TLT,2009/10/16,95.19,95.53,94.73,95.45,3716781
TLT,2009/10/19,95.59,96.21,95.38,96.2,3163768
TLT,2009/10/20,97.02,97.245,96.5402,96.72,2912315
TLT,2009/10/21,96.16,96.21,95.51,96.14,3355106
TLT,2009/10/22,95.38,95.83,95.3322,95.67,2572169
TLT,2009/10/23,94.88,95.42,94.87,94.95,2996179
TLT,2009/10/26,94.44,94.51,93.55,93.72,4128830
TLT,2009/10/27,93.97,95.11,93.92,95,4476264
TLT,2009/10/28,95.14,95.8,94.96,95.45,4585349
TLT,2009/10/29,94.82,95.0599,93.95,94.41,4645491
TLT,2009/10/30,95.1,96.01,94.87,95.78,5117998
TLT,2009/11/2,95.51,95.58,94.8,95.05,3463730
TLT,2009/11/3,95.28,95.36,94,94.1,4471119
TLT,2009/11/4,93.61,94.07,92.8,93.24,5349708
TLT,2009/11/5,92.87,93.24,92.8,93.24,2852043
TLT,2009/11/6,93.38,93.45,92.46,93.33,3381038
TLT,2009/11/9,93.28,93.7,93.13,93.44,1697715
TLT,2009/11/10,94.05,94.1,92.91,93.27,2549848
TLT,2009/11/11,93.63,94.16,93.48,93.66,1771032
TLT,2009/11/12,93.24,93.59,92.45,93.49,3431281
TLT,2009/11/13,93.83,94.06,93.45,93.92,1594173
TLT,2009/11/16,94.65,95.45,94.52,95.02,5175649
TLT,2009/11/17,94.99,95.8,94.81,95.53,3174312
TLT,2009/11/18,95.44,95.53,94.74,94.97,2413548
TLT,2009/11/19,95.24,95.82,94.91,95.14,2969787
TLT,2009/11/20,95,95.37,94.59,95.12,4136249
TLT,2009/11/23,94.54,95.1,94.34,95,3219280
TLT,2009/11/24,95.11,95.7,94.99,95.6,2895637
TLT,2009/11/25,95.49,96.2299,94.97,96.04,2789426
TLT,2009/11/27,96.4,96.56,96.09,96.4,2249046
TLT,2009/11/30,96.2,96.73,96,96.63,3115775
TLT,2009/12/1,95.76,95.93,95.19,95.25,3979501
TLT,2009/12/2,95.29,95.96,94.99,95.33,2193898
TLT,2009/12/3,94.43,94.84,94.24,94.34,3947274
TLT,2009/12/4,93.29,93.65,92.91,93.34,6108059
TLT,2009/12/7,93.27,93.74,93.09,93.46,2774138
TLT,2009/12/8,94.05,94.37,93.37,93.6,2378629
TLT,2009/12/9,93.69,94.05,92.68,93.17,3494456
TLT,2009/12/10,92.69,92.8,91.95,92.1,4446283
TLT,2009/12/11,91.84,92.26,91.31,92.09,3053364
TLT,2009/12/14,92.35,92.5,92.05,92.2,2380313
TLT,2009/12/15,91.57,92,91.49,91.79,2993879
TLT,2009/12/16,91.93,92.2501,91.36,91.68,3301591
TLT,2009/12/17,92.5,93.23,92.1901,93.19,4428864
TLT,2009/12/18,93.2,93.5,92.65,92.79,3789478
TLT,2009/12/21,92.06,92.2,91.14,91.14,3523999
TLT,2009/12/22,90.8,90.87,90.421,90.63,3078813
TLT,2009/12/23,90.96,91.39,90.5,90.65,2335992
TLT,2009/12/24,90.33,90.36,89.67,89.71,1698812
TLT,2009/12/28,89.46,89.63,89.3,89.46,3170825
TLT,2009/12/29,89.26,89.89,89.2,89.73,2616955
TLT,2009/12/30,89.92,90.48,89.865,90.32,1919066
TLT,2009/12/31,89.76,90.11,89.05,89.89,3242447
TLT,2010/1/4,89.84,90.1,89.58,89.81,2829018
TLT,2010/1/5,90.05,90.631,90,90.39,2841589
TLT,2010/1/6,90.17,90.26,89.12,89.18,4099754
TLT,2010/1/7,89.22,89.6422,89.12,89.33,2794417
TLT,2010/1/8,89.51,89.56,88.76,89.29,2910649
TLT,2010/1/11,88.99,89.36,88.77,88.8,2182206
TLT,2010/1/12,90.16,90.39,89.8425,90.32,4321155
TLT,2010/1/13,89.93,90.28,89.22,89.27,4754916
TLT,2010/1/14,89.69,90.52,89.54,90.52,4188789
TLT,2010/1/15,91.03,91.33,90.98,91.08,4142729
TLT,2010/1/19,90.72,91.122,90.42,90.82,2496039
TLT,2010/1/20,91.32,91.7701,91.27,91.74,2800568
TLT,2010/1/21,91.55,92.39,91.46,92.16,4363028
TLT,2010/1/22,92.09,92.31,91.765,92,3667182
TLT,2010/1/25,91.54,91.92,91.49,91.58,2419434
TLT,2010/1/26,92.02,92.11,91.31,91.61,3138034
TLT,2010/1/27,91.75,92.09,91.37,91.56,3325650
TLT,2010/1/28,91.13,91.7,91.06,91.51,3058736
TLT,2010/1/29,91.41,92.36,91.25,92.31,4930563
TLT,2010/2/1,91.71,91.73,91.05,91.15,3598531
TLT,2010/2/2,91.18,91.45,91.04,91.41,3047441
TLT,2010/2/3,90.81,90.97,90.27,90.35,5343606
TLT,2010/2/4,90.99,91.82,90.9,91.78,6095145
TLT,2010/2/5,91.37,92.42,91.2095,91.98,6876508
TLT,2010/2/8,91.87,92.15,91.65,92.1,3385933
TLT,2010/2/9,91.74,92.22,91.14,91.18,4789948
TLT,2010/2/10,91.32,91.6,90.2,90.31,5068022
TLT,2010/2/11,90.2,90.28,89.3806,89.82,5087405
TLT,2010/2/12,90.31,90.42,89.95,90.19,2833791
TLT,2010/2/16,89.73,90.44,89.73,90.36,2440817
TLT,2010/2/17,89.92,90.09,89.08,89.33,4368839
TLT,2010/2/18,89.46,89.5,88.51,88.97,5121834
TLT,2010/2/19,89.24,89.51,88.9,89.45,3502421
TLT,2010/2/22,89.12,89.32,88.92,89.08,3382558
TLT,2010/2/23,89.34,90.54,89.3,90.47,5476379
TLT,2010/2/24,90.55,90.88,90.18,90.69,4423881
TLT,2010/2/25,91.18,91.29,90.9,91.2,3707697
TLT,2010/2/26,91.46,92.06,91.41,91.67,4349028
TLT,2010/3/1,91.33,91.53,90.96,91.34,2415171
TLT,2010/3/2,90.88,91.275,90.7,91.22,2260576
TLT,2010/3/3,91.01,91.08,90.7,90.99,2156414
TLT,2010/3/4,90.96,91.68,90.83,91.47,2374728
TLT,2010/3/5,90.83,90.87,90.12,90.27,3823122
TLT,2010/3/8,89.9,89.97,89.6999,89.8,2850302
TLT,2010/3/9,89.98,90.0001,89.4,89.82,2573667
TLT,2010/3/10,89.49,89.7,89.19,89.59,3216171
TLT,2010/3/11,89.39,90.14,89.37,89.92,2621503
TLT,2010/3/12,89.77,90.65,89.7301,90.48,3099362
TLT,2010/3/15,90.35,90.47,90.05,90.36,1936779
TLT,2010/3/16,90.56,91.09,90.54,91.08,3932548
TLT,2010/3/17,91.31,91.47,91.07,91.47,3481160
TLT,2010/3/18,91.42,91.48,91.01,91.17,2750298
TLT,2010/3/19,90.92,91.58,90.87,91.26,2976273
TLT,2010/3/22,91.35,91.49,91.22,91.36,2452341
TLT,2010/3/23,91.07,91.32,90.91,90.93,2909928
TLT,2010/3/24,89.84,90.25,89.0595,89.27,8049821
TLT,2010/3/25,89.13,89.24,88.37,88.7,8268492
TLT,2010/3/26,88.54,89.12,88.49,88.95,4111700
TLT,2010/3/29,88.78,88.85,88.31,88.61,3245248
TLT,2010/3/30,88.52,88.95,88.27,88.89,3254599
TLT,2010/3/31,89.22,89.52,88.95,89.5,4263866
TLT,2010/4/1,88.77,89.03,88.43,88.95,2912399
TLT,2010/4/5,87.98,88.1399,87.41,87.47,5652112
TLT,2010/4/6,87.8,87.85,87.35,87.61,3584555
TLT,2010/4/7,87.45,88.92,87.3,88.73,6389806
TLT,2010/4/8,88.89,89.13,88.48,88.77,3797833
TLT,2010/4/9,88.61,89.055,88.41,88.98,2311262
TLT,2010/4/12,89.17,89.56,89.09,89.45,2939571
TLT,2010/4/13,89.89,89.95,89.52,89.74,3090843
TLT,2010/4/14,89.76,89.87,89.11,89.11,3570297
TLT,2010/4/15,88.85,89.5,88.68,89.21,3697982
TLT,2010/4/16,89.4,89.99,89.24,89.86,8305705
TLT,2010/4/19,89.87,90.03,89.52,89.64,3211477
TLT,2010/4/20,89.85,89.99,89.6445,89.96,2284968
TLT,2010/4/21,90.27,90.83,90.26,90.7,4162429
TLT,2010/4/22,90.9,91.0882,90.33,90.43,4606513
TLT,2010/4/23,90.21,90.365,89.87,90.11,4775946
TLT,2010/4/26,90.51,90.65,89.94,90.21,4753864
TLT,2010/4/27,90.85,91.92,90.7,91.48,13199242
TLT,2010/4/28,91.13,91.35,90.481,90.7,8379444
TLT,2010/4/29,90.86,91.2225,90.52,91.08,4067153
TLT,2010/4/30,91.28,92.17,91.11,92.13,6924749
TLT,2010/5/3,91.42,92.02,91.28,91.69,4211801
TLT,2010/5/4,92.81,93.47,92.56,93.34,11059904
TLT,2010/5/5,94.06,94.85,93.35,93.89,12219043
TLT,2010/5/6,94.16,100,93.78,96.79,19579051
TLT,2010/5/7,95.88,98.09,95.27,95.58,18740522
TLT,2010/5/10,93.16,93.94,93.085,93.6,10240306
TLT,2010/5/11,93.98,94.02,92.99,93.36,7729048
TLT,2010/5/12,93.14,93.26,92.61,92.65,5530849
TLT,2010/5/13,93.26,93.55,92.1985,93.26,6849744
TLT,2010/5/14,94.12,95.5,94.09,94.88,9796599
TLT,2010/5/17,94.72,95.71,94.47,94.53,6302355
TLT,2010/5/18,94.9,96.17,94.77,95.98,9904647
TLT,2010/5/19,95.94,96.95,95.93,96.3,14121236
TLT,2010/5/20,97.91,98.57,97.53,98.33,17667742
TLT,2010/5/21,99.61,99.75,97.86,98.43,18671087
TLT,2010/5/24,98.74,98.87,97.9,98.09,7721043
TLT,2010/5/25,99.65,99.89,98.4,98.57,12953072
TLT,2010/5/26,98.22,98.4019,97.4001,98.29,12644854
TLT,2010/5/27,96.83,96.99,95.88,96.06,7653111
TLT,2010/5/28,96.49,96.78,96.015,96.5,5805433
TLT,2010/6/1,97.23,97.29,96.25,96.85,5536329
TLT,2010/6/2,96.99,97.19,95.82,95.93,5656398
TLT,2010/6/3,95.21,95.91,95.1,95.23,8499473
TLT,2010/6/4,96.94,97.95,96.7,97.79,7479657
TLT,2010/6/7,97.52,98.59,97.33,98.54,5288171
TLT,2010/6/8,97.93,98.51,97.76,98.05,5510785
TLT,2010/6/9,97.6,98.12,97.21,97.94,5598095
TLT,2010/6/10,97.2,97.29,96.09,96.19,6075043
TLT,2010/6/11,97.09,97.81,96.61,97.41,6266861
TLT,2010/6/14,96.32,97.04,96.22,96.91,5310307
TLT,2010/6/15,97.11,97.25,96.05,96.51,4920038
TLT,2010/6/16,97.19,97.22,96.39,97.06,4011079
TLT,2010/6/17,97.15,98.23,97.07,97.85,5650874
TLT,2010/6/18,97.89,98.11,97.57,97.69,4171631
TLT,2010/6/21,96.46,97.55,96.41,97.41,5740875
TLT,2010/6/22,97.68,98.6,97.42,98.57,5661562
TLT,2010/6/23,98.61,99.57,98.57,99.24,9137828
TLT,2010/6/24,99.35,99.59,98.35,98.65,6184567
TLT,2010/6/25,98.32,99.33,98.16,99.05,5148464
TLT,2010/6/28,99.6,100,99.4172,99.98,5437428
TLT,2010/6/29,100.32,101.125,100.16,101.07,7340714
TLT,2010/6/30,101.41,101.79,100.8,101.75,7205937
TLT,2010/7/1,101.57,102.66,101.38,101.6,12893782
TLT,2010/7/2,101.11,101.44,100.16,100.79,6297545
TLT,2010/7/6,100.83,101.75,100.74,101.62,6620321
TLT,2010/7/7,101.46,101.51,100.34,100.43,5727793
TLT,2010/7/8,99.82,100.16,99.5501,99.79,6260593
TLT,2010/7/9,99.4,99.64,99.18,99.22,4286009
TLT,2010/7/12,99.33,99.84,99.04,99.18,4062097
TLT,2010/7/13,98.85,98.89,98.18,98.33,5842456
TLT,2010/7/14,98.72,99.49,98.39,99.32,5417267
TLT,2010/7/15,99.74,100.59,99.7,100.31,6996382
TLT,2010/7/16,100.31,101.13,100.27,100.8,7512361
TLT,2010/7/19,100.56,100.75,99.98,100.18,4305778
TLT,2010/7/20,100.67,100.9,100.18,100.33,5077056
TLT,2010/7/21,100.45,102.28,100.41,102.03,7894192
TLT,2010/7/22,101.51,101.52,100.82,100.85,5760084
TLT,2010/7/23,100.8,100.97,99.69,99.78,6259014
TLT,2010/7/26,99.63,99.81,99,99.61,4855912
TLT,2010/7/27,98.78,99.179,98.5699,98.65,5329302
TLT,2010/7/28,98.49,99.19,98.27,98.97,5507139
TLT,2010/7/29,98.1,99.02,97.92,98.94,6306476
TLT,2010/7/30,100.2,100.61,99.85,100.48,7683171
TLT,2010/8/2,99.24,99.33,98.75,98.75,5769206
TLT,2010/8/3,99.2,99.66,98.93,99.32,4363423
TLT,2010/8/4,99.5,99.51,98.56,98.56,3820360
TLT,2010/8/5,99.34,99.49,98.84,99.02,3704154
TLT,2010/8/6,99.79,100.21,99.49,100.1,6042386
TLT,2010/8/9,99.74,99.98,99.61,99.73,2578456
TLT,2010/8/10,100.06,101.01,99.47,99.94,11250994
TLT,2010/8/11,100.31,101.3901,100.31,101.28,6778331
TLT,2010/8/12,101.58,101.94,100.87,101.03,7590006
TLT,2010/8/13,101.62,102.45,101.48,102.29,7844008
TLT,2010/8/16,104.21,104.89,104.07,104.85,7980454
TLT,2010/8/17,104.85,104.8599,104,104.25,6756766
TLT,2010/8/18,105,105.65,104.49,104.53,7721936
TLT,2010/8/19,104.79,106.61,104.64,106.16,13128468
TLT,2010/8/20,106.41,106.83,105.84,106.04,7040203
TLT,2010/8/23,105.65,106.19,105.25,106.06,6360209
TLT,2010/8/24,107.04,108.13,106.67,107.76,9813383
TLT,2010/8/25,108.8,109.34,107.07,107.41,13305263
TLT,2010/8/26,107.56,108.49,107.29,108.42,7040673
TLT,2010/8/27,107.77,108.33,105.2,105.35,13514371
TLT,2010/8/30,106.21,107.4,105.82,107.366,5535935
TLT,2010/8/31,108.22,108.65,107.62,108.56,8397291
TLT,2010/9/1,107.02,107.05,105.09,106,12480911
TLT,2010/9/2,105.2,105.3,104.4,104.88,8168089
TLT,2010/9/3,102.72,103.94,102.7,103.58,9210650
TLT,2010/9/7,105.09,105.78,104.81,105.7,6018384
TLT,2010/9/8,105.09,105.21,104.36,104.86,6698350
TLT,2010/9/9,103.7,103.84,102.64,102.79,8588826
TLT,2010/9/10,102.25,102.7,101.85,102.32,6910446
TLT,2010/9/13,101.8,103.05,101.77,102.825,7055086
TLT,2010/9/14,103.03,103.82,102.97,103.81,5978667
TLT,2010/9/15,102.75,103.26,102.14,102.27,7925069
TLT,2010/9/16,101.53,101.82,100.85,101.26,17124897
TLT,2010/9/17,101.83,102.1581,101.32,101.67,9203852
TLT,2010/9/20,102.15,102.45,101.6899,102.26,5277734
TLT,2010/9/21,102.67,104.02,102.26,103.68,12665916
TLT,2010/9/22,104.55,105.07,103.85,104.61,8229358
TLT,2010/9/23,105.41,105.455,104.24,104.912,7412180
TLT,2010/9/24,103.96,104.115,103.5,103.5,8942492
TLT,2010/9/27,104.5299,105.445,104.48,105.3,7061568
TLT,2010/9/28,105.38,106.32,105.34,106.02,8262812
TLT,2010/9/29,106.17,106.27,105.3505,105.58,5507043
TLT,2010/9/30,105.4,105.585,104.03,105.51,10618386
TLT,2010/10/1,104.23,105.14,103.98,104.61,9368358
TLT,2010/10/4,104.62,104.93,104.41,104.88,4422639
TLT,2010/10/5,104.73,104.81,103.93,104.25,8491718
TLT,2010/10/6,104.9,106.1,104.86,105.56,6476072
TLT,2010/10/7,105.17,105.38,104.67,104.68,5780957
TLT,2010/10/8,104.87,105.4599,104.22,104.22,6128648
TLT,2010/10/11,104.11,104.43,103.94,104.24,1474151
TLT,2010/10/12,104.41,104.76,103.18,103.21,6122694
TLT,2010/10/13,102.35,103.12,102.04,103.05,8168337
TLT,2010/10/14,103.29,103.65,101.47,101.508,10947068
TLT,2010/10/15,100.6,101.05,99.895,100.27,12694727
TLT,2010/10/18,101.2,101.45,100.78,101.08,5592388
TLT,2010/10/19,100.58,102.0899,100.55,101.69,8017617
TLT,2010/10/20,101.37,102.2801,101.21,101.91,5515783
TLT,2010/10/21,101.69,101.91,100.69,100.7,6836182
TLT,2010/10/22,100.44,101.47,100.412,101.38,4770791
TLT,2010/10/25,102.12,102.29,101.55,101.67,5632251
TLT,2010/10/26,100.86,101.06,100.05,100.1,8434427
TLT,2010/10/27,99.6801,100.17,99.22,99.22,9245390
TLT,2010/10/28,99.58,99.83,99.16,99.49,8052596
TLT,2010/10/29,99.82,100.4601,99.62,100.42,6753774
TLT,2010/11/1,100.8,100.81,99.49,99.67,5921583
TLT,2010/11/2,100.46,101.09,100.42,100.98,6537348
TLT,2010/11/3,101.73,102.27,98.43,98.92,25543437
TLT,2010/11/4,99.17,99.8705,99.08,99.69,13247459
TLT,2010/11/5,98.35,98.8,97.98,97.98,12434996
TLT,2010/11/8,98.59,98.92,97.8196,98.42,6795528
TLT,2010/11/9,98.49,98.52,96.19,96.25,15064277
TLT,2010/11/10,96.35,96.74,95,96.38,18540491
TLT,2010/11/11,96.45,96.63,96.14,96.33,3370330
TLT,2010/11/12,96.21,96.74,95.81,95.81,11739584
TLT,2010/11/15,95.33,95.72,93.81,93.81,14978633
TLT,2010/11/16,94.91,96.25,93.99,96.138,19913474
TLT,2010/11/17,95.8,96.76,95.34,95.61,9915562
TLT,2010/11/18,95.68,96,94.8,96,12425314
TLT,2010/11/19,96.09,96.59,95.79,96.59,8359478
TLT,2010/11/22,97.37,97.62,96.24,97,10414365
TLT,2010/11/23,97.67,97.95,97.24,97.48,9566845
TLT,2010/11/24,96.81,96.99,95.58,95.74,11467563
TLT,2010/11/26,96.72,97.12,96.55,97.07,4848875
TLT,2010/11/29,97.56,97.945,97.09,97.9,8950043
TLT,2010/11/30,99.21,99.27,98.11,98.41,11947581
TLT,2010/12/1,96.65,97.11,95.89,95.894,15445893
TLT,2010/12/2,95.96,96.54,95.5301,95.64,9319200
TLT,2010/12/3,96.28,96.33,94.85,94.89,10195108
TLT,2010/12/6,95.52,96.25,95.31,96.23,7004488
TLT,2010/12/7,94.72,94.92,93.16,94.17,18536791
TLT,2010/12/8,93.72,93.8,92.11,93.26,19276636
TLT,2010/12/9,93.6,94.27,92.73,93.72,17477335
TLT,2010/12/10,93.29,93.86,93.14,93.15,7079466
TLT,2010/12/13,93.05,94.03,92.56,93.5,12400422
TLT,2010/12/14,92.4,93.02,91.44,92.135,23519383
TLT,2010/12/15,92.08,92.24,90.47,90.94,26088724
TLT,2010/12/16,91.03,91.58,90.57,91.57,17939176
TLT,2010/12/17,91.88,93.77,91.86,93.24,16850636
TLT,2010/12/20,93.75,94.23,92.64,93.14,13703967
TLT,2010/12/21,93.13,93.79,92.49,93.79,8985008
TLT,2010/12/22,93.47,93.55,92.93,93.12,6440844
TLT,2010/12/23,93.18,93.23,92.53,92.93,7091738
TLT,2010/12/27,92.76,93.88,92.3,93.76,5286378
TLT,2010/12/28,92.93,93.07,91.31,91.61,13976189
TLT,2010/12/29,91.76,93.52,91.47,93.16,13115972
TLT,2010/12/30,92.88,93.28,92.41,93.09,7030273
TLT,2010/12/31,93.51,94.7,93.44,94.12,8515951
TLT,2011/1/3,93.2,94.31,92.95,93.41,13799678
TLT,2011/1/4,93.41,93.765,92.91,93.52,10467657
TLT,2011/1/5,92.49,92.69,91.19,91.46,17569203
TLT,2011/1/6,91.54,92.12,91.16,91.86,9317430
TLT,2011/1/7,91.51,92.63,91.03,92.35,12694672
TLT,2011/1/10,92.58,92.99,92.18,92.85,8295357
TLT,2011/1/11,92.49,92.6,91.69,92.33,9495365
TLT,2011/1/12,91.74,92.17,91.45,91.61,9524134
TLT,2011/1/13,91.62,92.77,91.45,92.43,14502335
TLT,2011/1/14,92.78,92.9,91.76,91.835,8960673
TLT,2011/1/18,91.29,91.71,90.73,91.41,10663684
TLT,2011/1/19,91.41,92.07,91.36,92.07,8888029
TLT,2011/1/20,91.5,91.615,90.39,90.8,14203347
TLT,2011/1/21,90.69,91.52,90.51,91.52,9085822
TLT,2011/1/24,91.87,91.9,91.38,91.56,7700336
TLT,2011/1/25,91.94,92.9,91.32,92.43,13442365
TLT,2011/1/26,92.22,92.26,90.89,91.03,13324349
TLT,2011/1/27,91.07,91.65,90.67,91.44,10869313
TLT,2011/1/28,90.81,92.28,90.77,91.92,11993173
TLT,2011/1/31,91.66,91.98,91.05,91.22,8649186
TLT,2011/2/1,90.55,90.84,90.14,90.45,11508315
TLT,2011/2/2,90.9,91,89.9,90.47,13624781
TLT,2011/2/3,89.96,90.57,89.71,89.72,12793464
TLT,2011/2/4,89.5,89.65,88.77,88.81,17172135
TLT,2011/2/7,88.7,89.3,88.57,89.27,8554880
TLT,2011/2/8,89.31,89.54,88.36,88.45,10461619
TLT,2011/2/9,88.69,89.66,88.14,89.22,13081570
TLT,2011/2/10,88.9,89.14,88.18,88.19,10492806
TLT,2011/2/11,89.03,89.53,88.74,89.46,11333803
TLT,2011/2/14,89.31,89.93,89.31,89.521,8034044
TLT,2011/2/15,89.56,89.97,89.37,89.92,7300325
TLT,2011/2/16,89.87,90.32,89.34,89.63,8446771
TLT,2011/2/17,90.02,90.18,89.66,89.77,6740716
TLT,2011/2/18,89.42,89.55,89.08,89.49,6082607
TLT,2011/2/22,89.91,90.94,89.71,90.83,11912278
TLT,2011/2/23,91.1,91.55,90.74,91.16,14522987
TLT,2011/2/24,91.63,92.04,91.44,91.74,12111667
TLT,2011/2/25,91.74,92.28,91.6401,92.28,6841966
TLT,2011/2/28,92.3,92.52,92.08,92.4,9683135
TLT,2011/3/1,91.52,92.4,91.47,92.37,8049413
TLT,2011/3/2,91.84,91.99,90.94,90.95,8529267
TLT,2011/3/3,90.53,90.7801,89.98,90.06,10608010
TLT,2011/3/4,90.1,90.85,90,90.81,9319657
TLT,2011/3/7,90.02,90.86,89.852,90.23,7525397
TLT,2011/3/8,90.11,90.34,89.65,89.68,8500342
TLT,2011/3/9,90.09,90.82,89.85,90.55,8906639
TLT,2011/3/10,90.87,92.1,90.64,92.075,13389860
TLT,2011/3/11,92.04,92.08,91.33,91.55,8421153
TLT,2011/3/14,91.48,91.92,91.32,91.51,6767868
TLT,2011/3/15,92.8,93.05,92.36,92.88,14895980
TLT,2011/3/16,93.37,94.94,93.08,93.93,24313025
TLT,2011/3/17,93.24,93.61,92.76,93.21,10531038
TLT,2011/3/18,92.75,93.48,92.69,93.46,7262989
TLT,2011/3/21,93.13,93.18,92.57,92.91,10545515
TLT,2011/3/22,92.81,93.29,92.7399,93.22,6905503
TLT,2011/3/23,93.85,93.88,92.93,93.1,8358941
TLT,2011/3/24,92.76,92.88,92.39,92.4,9478934
TLT,2011/3/25,92.86,92.96,92.02,92.17,6447169
TLT,2011/3/28,92.12,92.67,92,92.3,3997481
TLT,2011/3/29,91.98,92.5,91.57,91.59,6489272
TLT,2011/3/30,91.72,92.32,91.56,92.32,5048451
TLT,2011/3/31,92.67,92.72,91.61,92.13,9655061
TLT,2011/4/1,91.5,92.27,91.42,92.19,7860305
TLT,2011/4/4,92.2,92.58,92.1299,92.29,4471203
TLT,2011/4/5,92.16,92.38,91.67,91.92,9952765
TLT,2011/4/6,91.77,91.79,90.54,90.54,9093586
TLT,2011/4/7,90.53,90.76,90.13,90.36,9266180
TLT,2011/4/8,89.93,90.32,89.85,89.88,7606271
TLT,2011/4/11,89.83,90.22,89.65,89.96,5735731
TLT,2011/4/12,90.61,91.24,90.56,90.93,7686439
TLT,2011/4/13,90.54,91.5,90.44,91.5,7962543
TLT,2011/4/14,91.54,91.77,91.22,91.43,7610371
TLT,2011/4/15,92.26,92.71,92.07,92.67,10223053
TLT,2011/4/18,91.99,93.1,91.45,92.88,12038393
TLT,2011/4/19,92.86,93.28,92.76,93.28,5295431
TLT,2011/4/20,93.07,93.26,92.61,92.68,6759430
TLT,2011/4/21,92.89,93.23,92.56,92.6,3372139
TLT,2011/4/25,92.63,92.975,92.5,92.95,3626878
TLT,2011/4/26,93.27,93.87,93.18,93.85,7507239
TLT,2011/4/27,93.44,93.57,92.75,92.89,8869597
TLT,2011/4/28,93.22,93.6,92.97,93.6,8110154
TLT,2011/4/29,93.47,93.92,93.35,93.89,5905380
TLT,2011/5/2,93.32,93.68,93.17,93.64,5286363
TLT,2011/5/3,93.96,94.17,93.58,94.17,6486855
TLT,2011/5/4,94.31,94.72,94.27,94.59,7419160
TLT,2011/5/5,94.92,95.63,94.809,95.49,9588272
TLT,2011/5/6,94.51,95.49,94.35,95.07,9460654
TLT,2011/5/9,94.9,95.2,94.84,94.97,3735127
TLT,2011/5/10,94.7,94.89,94.29,94.29,5458553
TLT,2011/5/11,94.32,95.09,94.18,94.83,6079014
TLT,2011/5/12,94.95,95.11,93.91,94.23,8017425
TLT,2011/5/13,94.65,95.49,94.53,95.08,8382610
TLT,2011/5/16,95.03,95.79,94.76,95.61,6053863
TLT,2011/5/17,96.03,96.6,95.98,96.59,9828200
TLT,2011/5/18,96.27,96.39,95.28,95.31,7707846
TLT,2011/5/19,94.46,95.32,94.46,95.27,8067370
TLT,2011/5/20,95.02,95.41,94.7205,95.32,5602558
TLT,2011/5/23,95.73,96.19,95.59,95.78,6346041
TLT,2011/5/24,95.64,96.14,95.46,96.14,5549151
TLT,2011/5/25,96.15,96.28,95.54,95.69,5665370
TLT,2011/5/26,95.97,96.55,95.89,96.51,8311586
TLT,2011/5/27,96.13,96.51,95.88,96.47,5390680
TLT,2011/5/31,96.18,96.76,96.0899,96.69,7004589
TLT,2011/6/1,96.92,97.718,96.89,97.64,12747959
TLT,2011/6/2,96.49,96.91,95.78,95.78,15738781
TLT,2011/6/3,96.58,96.6,95.57,96.33,10644188
TLT,2011/6/6,95.47,95.99,95.21,95.6,8776818
TLT,2011/6/7,95.23,96.06,95.12,96.04,7407540
TLT,2011/6/8,96.26,96.84,96.17,96.79,8928072
TLT,2011/6/9,97.1,97.33,95.93,96.4,9962913
TLT,2011/6/10,96.91,97.39,96.8,97.14,7710729
TLT,2011/6/13,96.74,97.29,96.64,96.65,5540140
TLT,2011/6/14,95.74,95.9,95.13,95.19,8672662
TLT,2011/6/15,95.38,96.94,95.37,96.92,12979052
TLT,2011/6/16,97.1,97.53,96.8,97.36,10961212
TLT,2011/6/17,96.86,97.15,96.64,96.9,9622850
TLT,2011/6/20,97.33,97.36,96.585,97.02,6613995
TLT,2011/6/21,96.7,97.03,96.27,96.59,7898711
TLT,2011/6/22,96.96,97.06,96.41,96.65,5505637
TLT,2011/6/23,97.24,97.74,97.15,97.39,8587584
TLT,2011/6/24,97.36,97.6901,96.98,96.98,7960827
TLT,2011/6/27,96.85,96.87,95.55,95.65,9331437
TLT,2011/6/28,95.48,95.68,94.72,94.88,12634249
TLT,2011/6/29,94.95,95.1986,94.02,94.25,11084827
TLT,2011/6/30,94.23,94.31,93.14,94.1,11555558
TLT,2011/7/1,94.13,94.23,93.365,93.63,6637186
TLT,2011/7/5,94.04,94.17,93.69,93.84,4615755
TLT,2011/7/6,94.19,94.45,93.8399,94.32,5653198
TLT,2011/7/7,93.8279,94.145,93.55,94.04,6824639
TLT,2011/7/8,94.84,95.61,94.83,95.37,12129235
TLT,2011/7/11,96.04,96.8,95.7501,96.8,9760755
TLT,2011/7/12,97.3,97.31,96.56,97.13,9090769
TLT,2011/7/13,96.71,97.43,96.11,97.4,13119566
TLT,2011/7/14,96.62,97.9,96.01,96.01,11472107
TLT,2011/7/15,95.29,96.2,95.2405,96.17,7086625
TLT,2011/7/18,96.06,96.17,95.2,95.24,8206444
TLT,2011/7/19,95.32,97.27,95.17,97.22,15249365
TLT,2011/7/20,96.72,96.84,95.866,96.07,9673214
TLT,2011/7/21,95.24,95.86,94.9,95.33,11095802
TLT,2011/7/22,95.69,96.09,95.53,96.05,4974442
TLT,2011/7/25,94.97,96.05,94.83,95,10869366
TLT,2011/7/26,95.3,95.87,95.24,95.65,7682708
TLT,2011/7/27,95.34,95.84,95.1,95.66,11229120
TLT,2011/7/28,96.11,96.31,95.71,96.02,7081715
TLT,2011/7/29,96.89,98.53,96.78,97.92,19582350
TLT,2011/8/1,97.39,98.94,97.35,98.58,14348408
TLT,2011/8/2,99.22,101.57,98.89,101.54,20850511
TLT,2011/8/3,101.57,103.42,101.36,101.74,21180047
TLT,2011/8/4,102.38,105.55,102.27,105.36,34077770
TLT,2011/8/5,103.44,105.5,102.28,102.32,41677899
TLT,2011/8/8,103.18,105.79,102.95,105.55,38266001
TLT,2011/8/9,105.01,109.37,103,105.87,39882328
TLT,2011/8/10,107.63,109.07,106.94,109.02,46221042
TLT,2011/8/11,107.34,107.81,103.2,103.52,37790247
TLT,2011/8/12,104.44,105.66,104.07,105.57,15590705
TLT,2011/8/15,104.94,105.48,104.47,104.5,10051650
TLT,2011/8/16,104.66,106.64,104.6325,106.23,15993120
TLT,2011/8/17,106.32,108.1,105.77,108.09,15906542
TLT,2011/8/18,110.09,112.14,109.28,110.31,27274526
TLT,2011/8/19,110.65,111.41,110.23,111.2,15708896
TLT,2011/8/22,110.46,111.26,110.39,110.92,13160193
TLT,2011/8/23,109.76,111.17,109.35,109.39,16017895
TLT,2011/8/24,109.29,109.41,106.15,106.28,14621994
TLT,2011/8/25,106.69,107.9,106.36,107.43,10566794
TLT,2011/8/26,108.69,109.27,107.33,108.49,11504781
TLT,2011/8/29,106.7,107.4,106.6,106.99,6764296
TLT,2011/8/30,108.43,109.15,108.25,108.71,9508630
TLT,2011/8/31,108.81,108.96,107.03,107.03,12186520
TLT,2011/9/1,107.47,108.98,106.08,108.97,10686617
TLT,2011/9/2,111.39,112.58,110.66,112.51,16557316
TLT,2011/9/6,114.42,114.93,113.39,113.68,14016833
TLT,2011/9/7,112.28,112.37,111.31,111.51,11524280
TLT,2011/9/8,112.3,112.63,111.34,112.51,11481570
TLT,2011/9/9,112.54,114.18,112.21,113.71,11492630
TLT,2011/9/12,113.57,114.25,113.1,113.83,7602169
TLT,2011/9/13,113.4,113.59,112.11,112.21,9282360
TLT,2011/9/14,111.97,113.35,111.82,113.16,11952411
TLT,2011/9/15,111.98,112.49,111.43,111.43,8883989
TLT,2011/9/16,111.31,112.5898,111.25,112.24,10053417
TLT,2011/9/19,114.2,115.19,114.12,114.38,13033666
TLT,2011/9/20,114.37,114.8701,114.05,114.86,6360590
TLT,2011/9/21,114.63,118.7862,114.2,118.66,18687066
TLT,2011/9/22,121.41,123.87,121.23,123.12,25043267
TLT,2011/9/23,123.12,123.36,120.83,120.83,15173754
TLT,2011/9/26,120.12,120.57,118.58,118.89,15111436
TLT,2011/9/27,116.75,117.3,116.26,117.07,13589514
TLT,2011/9/28,116.9,117.11,115.76,117.03,12642847
TLT,2011/9/29,117.61,118.82,117.09,117.84,12341897
TLT,2011/9/30,120.02,120.91,118.99,120.8,13547246
TLT,2011/10/3,121.88,123.81,121.1142,123.81,15882645
TLT,2011/10/4,124.37,125.03,122.18,122.24,17301564
TLT,2011/10/5,121.66,121.78,120.66,121.36,14275349
TLT,2011/10/6,120.64,121.01,119.12,119.12,9682402
TLT,2011/10/7,117.75,119.05,116.85,118.24,11564527
TLT,2011/10/10,116.82,116.91,115.8,116.57,3567730
TLT,2011/10/11,117.29,117.36,115.9,116.18,7520113
TLT,2011/10/12,114.7,115.12,113.48,114.49,14033398
TLT,2011/10/13,115.0301,116.55,114.96,115.63,11264000
TLT,2011/10/14,113.88,114.61,113.61,113.95,8410961
TLT,2011/10/17,114.3,115.97,114.22,115.92,9668809
TLT,2011/10/18,116.14,116.818,114.3,115.2,12495570
TLT,2011/10/19,114.54,115.74,114.16,115.16,6629256
TLT,2011/10/20,114.46,115.67,114.07,114.34,7832019
TLT,2011/10/21,113.86,114.2,113.13,113.13,9906282
TLT,2011/10/24,113.93,114.08,113.05,113.32,6344484
TLT,2011/10/25,113.38,116.35,113.35,116.2,11791365
TLT,2011/10/26,115.39,116.21,114.07,114.17,12746920
TLT,2011/10/27,112.521,112.85,109.82,110.3,19474500
TLT,2011/10/28,110.9,111.96,110.76,111.46,10127838
TLT,2011/10/31,113.61,115.88,113.46,115.88,15242448
TLT,2011/11/1,118.71,119.49,117.17,119.45,24400680
TLT,2011/11/2,116.63,118.36,116.42,117.96,13181685
TLT,2011/11/3,116.34,117.35,115.99,116.34,8379703
TLT,2011/11/4,115.72,117.0501,115.53,116.48,7583667
TLT,2011/11/7,116.64,118.35,116.32,117.22,9279668
TLT,2011/11/8,116.75,117.54,115.5,115.72,7539784
TLT,2011/11/9,118.26,119.13,117.07,118.12,13004493
TLT,2011/11/10,116.78,117.61,115.21,116.36,11644981
TLT,2011/11/11,115.83,116.1652,115.5,115.65,2483889
TLT,2011/11/14,116.39,117.595,116.21,117.51,9252519
TLT,2011/11/15,117.695,118.46,116.72,117.35,7587448
TLT,2011/11/16,117.96,118.43,117.18,118.42,7469974
TLT,2011/11/17,118.04,120.161,118.04,119.37,9907881
TLT,2011/11/18,119.1801,119.55,118.32,119.34,6794440
TLT,2011/11/21,120.38,120.73,119.91,120.05,7345739
TLT,2011/11/22,120.35,121.41,119.85,121.39,7866399
TLT,2011/11/23,121.16,123.05,121.03,122.58,10129292
TLT,2011/11/25,121.8,121.87,120.74,120.8,4311861
TLT,2011/11/28,118.63,121.15,118.58,120.74,7661838
TLT,2011/11/29,120.03,120.92,119.08,119.75,8952729
TLT,2011/11/30,118.34,118.56,117.26,117.88,11806772
TLT,2011/12/1,116.29,117.239,115.8,117,9647137
TLT,2011/12/2,116.62,118.68,116.56,118.64,7764842
TLT,2011/12/5,117,118.83,116.883,118.4,7862774
TLT,2011/12/6,117.81,118.29,116.77,117.27,8506263
TLT,2011/12/7,117.33,118.24,116.85,117.69,6588269
TLT,2011/12/8,117.72,119.33,117.41,119.16,8800733
TLT,2011/12/9,119.07,119.13,116.63,116.71,9855172
TLT,2011/12/12,117.91,118.49,117.61,118.01,5734508
TLT,2011/12/13,117.28,119.63,117.16,119.11,8905182
TLT,2011/12/14,119.7901,121.39,119.494,121.36,11247671
TLT,2011/12/15,120.66,121.32,120.37,120.91,5438609
TLT,2011/12/16,121.38,122.6201,121.29,122.32,9321865
TLT,2011/12/19,122.32,124.02,122.26,123.87,7845311
TLT,2011/12/20,122.66,122.67,120.61,120.78,13946803
TLT,2011/12/21,120.63,120.83,119.07,119.1,11600084
TLT,2011/12/22,120,120.42,119.35,119.6,5247376
TLT,2011/12/23,118.5599,118.71,117.74,118.27,5409903
TLT,2011/12/27,117.94,118.45,117.62,118.45,4270459
TLT,2011/12/28,118.74,121.05,118.45,120.64,8302411
TLT,2011/12/29,120.48,121.09,120.06,120.86,4304960
TLT,2011/12/30,121.11,121.76,120.8872,121.25,5948796
TLT,2012/1/3,119.42,120.2,118.93,119.43,9076885
TLT,2012/1/4,119.26,119.28,117.68,118.01,8417068
TLT,2012/1/5,118.17,119.1,117.57,117.8,6465775
TLT,2012/1/6,117.75,118.96,117.71,118.73,7348438
TLT,2012/1/9,118.47,119.54,118.3,118.52,5582580
TLT,2012/1/10,117.73,118.87,117.68,118.32,8932484
TLT,2012/1/11,119.04,120.06,118.98,119.86,8634406
TLT,2012/1/12,119.95,120.19,119.24,119.69,7205319
TLT,2012/1/13,121.1,121.64,120.81,120.88,9818911
TLT,2012/1/17,120.95,121.63,120.826,121.44,5449836
TLT,2012/1/18,121.53,121.612,119.91,119.97,5803975
TLT,2012/1/19,119.33,119.559,117.92,118.32,8626694
TLT,2012/1/20,117.71,117.96,116.97,116.98,6548394
TLT,2012/1/23,116.13,116.64,115.55,116.24,7274802
TLT,2012/1/24,116.71,116.71,115.78,116.45,5776852
TLT,2012/1/25,116.06,118.53,115.89,116.17,12867571
TLT,2012/1/26,116.65,117.71,116.59,117.71,7638469
TLT,2012/1/27,117.83,118.33,117.01,118.08,5165361
TLT,2012/1/30,119.84,120.39,119.34,119.47,8388363
TLT,2012/1/31,119.26,120.91,119.19,120.85,7998257
TLT,2012/2/1,119.75,119.9,118.811,119.18,7926220
TLT,2012/2/2,118.96,119.48,118.64,119.13,5596854
TLT,2012/2/3,116.46,116.8,115.97,116.57,12467695
TLT,2012/2/6,116.69,117.8,116.34,117.73,6182944
TLT,2012/2/7,116.62,116.88,115.77,116.27,8803036
TLT,2012/2/8,116.2,116.79,115.98,116.36,7614647
TLT,2012/2/9,115.86,116.04,114.62,115.49,11477841
TLT,2012/2/10,116.8,117.33,116.52,116.99,7193085
TLT,2012/2/13,116.6,117.37,116.435,117.14,6422849
TLT,2012/2/14,117.44,118.28,117.23,117.76,8271310
TLT,2012/2/15,117.66,118.27,117.49,117.55,6846276
TLT,2012/2/16,117.27,117.6,116.13,116.61,9036469
TLT,2012/2/17,115.86,116.61,115.76,116.58,6338146
TLT,2012/2/21,115.77,115.92,114.95,115.29,8341017
TLT,2012/2/22,115.89,116.76,115.81,116.742,7736910
TLT,2012/2/23,116.14,117.22,115.93,116.736,5164243
TLT,2012/2/24,117.23,117.58,116.95,117.5,5676829
TLT,2012/2/27,118.5,118.85,118.12,118.54,8181453
TLT,2012/2/28,118.87,119.14,117.94,118.15,6615652
TLT,2012/2/29,118.37,118.42,116.96,117.43,14236458
TLT,2012/3/1,116.17,116.68,115.54,116.06,12265622
TLT,2012/3/2,116.6,117.48,116.55,117.15,6669512
TLT,2012/3/5,116.96,117.4399,116.22,116.22,6923588
TLT,2012/3/6,117.45,118.11,117.44,117.63,6299634
TLT,2012/3/7,117.46,117.61,116.8099,116.91,5567472
TLT,2012/3/8,116.32,116.57,115.64,115.74,7982219
TLT,2012/3/9,115.49,115.99,114.9,115.97,6975597
TLT,2012/3/12,116.32,116.52,115.87,115.95,5280557
TLT,2012/3/13,115.27,115.41,113.89,113.91,14414919
TLT,2012/3/14,112.7,112.75,110.95,111.04,24515309
TLT,2012/3/15,110.9,111.74,110.88,111.21,14155006
TLT,2012/3/16,110.5,111.44,110.2,111.43,13427701
TLT,2012/3/19,111.36,111.48,109.69,110.1,14011855
TLT,2012/3/20,110.43,110.8714,109.85,110.54,9444099
TLT,2012/3/21,110.86,111.89,110.81,111.79,10242229
TLT,2012/3/22,112.29,112.37,111.87,112.15,8009886
TLT,2012/3/23,112.69,113.39,112.66,113.21,8465542
TLT,2012/3/26,112.83,113.01,111.8,112.63,8118600
TLT,2012/3/27,112.78,113.7,112.7,113.44,6972602
TLT,2012/3/28,112.92,113.94,112.85,113.28,7885996
TLT,2012/3/29,114.02,114.19,113.58,114.13,7692976
TLT,2012/3/30,114.21,114.27,112.19,112.2,9467448
TLT,2012/4/2,113,113.3,112.2,112.53,8944053
TLT,2012/4/3,113.01,113.44,110.57,110.58,14774279
TLT,2012/4/4,111.77,112.12,111.41,112.1001,10095599
TLT,2012/4/5,113,113.07,112.33,112.91,6364219
TLT,2012/4/9,115.54,115.77,115.24,115.55,14379611
TLT,2012/4/10,115.95,117.29,115.78,116.8599,14421422
TLT,2012/4/11,115.71,116.06,115.35,115.46,8712928
TLT,2012/4/12,115.67,115.75,114.82,114.98,9008577
TLT,2012/4/13,116.15,116.9,116.12,116.84,8607985
TLT,2012/4/16,116.7,117.6,116.57,116.67,7734950
TLT,2012/4/17,116.53,116.8281,116.25,116.6,5398578
TLT,2012/4/18,117.05,117.12,116.73,116.94,4074331
TLT,2012/4/19,117.25,117.47,117.02,117.05,5374260
TLT,2012/4/20,116.56,117.13,116.33,117.07,5044169
TLT,2012/4/23,118.11,118.41,117.795,117.92,5170664
TLT,2012/4/24,117.61,117.76,117.08,117.09,4336567
TLT,2012/4/25,116.41,117.32,115.69,116.49,8859429
TLT,2012/4/26,117.42,117.46,116.59,117.19,5134789
TLT,2012/4/27,117.02,117.36,116.79,117.29,2814528
TLT,2012/4/30,117.57,117.75,117.19,117.32,4198334
TLT,2012/5/1,117.43,117.62,116.0714,116.43,7215001
TLT,2012/5/2,117.22,117.32,116.8,117.25,3565869
TLT,2012/5/3,116.64,117.37,116.56,117.22,3522807
TLT,2012/5/4,117.48,118.19,117.4,118.14,6367227
TLT,2012/5/7,118.32,118.46,118.02,118.16,3228158
TLT,2012/5/8,118.69,119.51,118.66,118.79,6051598
TLT,2012/5/9,119.45,119.57,118.44,118.87,5828828
TLT,2012/5/10,118.02,118.62,117.44,118.52,6303209
TLT,2012/5/11,119.49,119.6,118.96,119.5,5236222
TLT,2012/5/14,120.87,121.3,120.5999,121.17,8789541
TLT,2012/5/15,121.09,121.73,120.82,121.66,6766374
TLT,2012/5/16,120.98,122.18,120.72,122.01,6465152
TLT,2012/5/17,122.03,124.28,122.02,124.17,14863875
TLT,2012/5/18,123.27,124.44,123.11,124.2001,10137901
TLT,2012/5/21,123.9,124.45,123.62,123.94,9585766
TLT,2012/5/22,122.75,122.88,122.06,122.56,12476766
TLT,2012/5/23,123.55,124.52,123.36,123.41,11744890
TLT,2012/5/24,123.23,123.79,122.75,122.94,10257193
TLT,2012/5/25,123.43,123.54,123.14,123.4,4723541
TLT,2012/5/29,123.39,123.81,123,123.02,5874172
TLT,2012/5/30,125.32,126.32,125.3,126.14,17171367
TLT,2012/5/31,127.03,129.08,126.67,127.6,31176344
TLT,2012/6/1,128.87,130.38,128.53,130.36,23526832
TLT,2012/6/4,129.31,130.18,128.94,129.33,11681948
TLT,2012/6/5,128.53,128.64,127.59,127.6,12483509
TLT,2012/6/6,127.56,127.6,125.05,125.05,20808310
TLT,2012/6/7,124.65,125.74,124.39,125.24,18901313
TLT,2012/6/8,126.75,126.95,124.57,125.21,11239640
TLT,2012/6/11,124.79,126.21,124.77,125.78,10693793
TLT,2012/6/12,124.97,125.63,124.5,124.63,10921679
TLT,2012/6/13,124.85,126.28,124.38,125.86,11100169
TLT,2012/6/14,125.95,126.28,125.19,125.7,7688149
TLT,2012/6/15,126.58,126.85,126.14,126.4,6421386
TLT,2012/6/18,127.15,127.34,126.26,127.08,6698323
TLT,2012/6/19,126.275,126.37,125.3282,125.42,8233200
TLT,2012/6/20,124.575,126.51,124.09,126.04,13721109
TLT,2012/6/21,125.95,127.25,125.89,126.71,9777395
TLT,2012/6/22,125.9,126.22,125.01,125.02,7830552
TLT,2012/6/25,126.36,127.02,126.27,126.84,6114752
TLT,2012/6/26,126.11,126.95,125.94,126.34,5359664
TLT,2012/6/27,126.56,126.788,126.032,126.54,5860922
TLT,2012/6/28,127.3,127.48,126.79,126.85,5257890
TLT,2012/6/29,125.03,125.63,124.63,125.2,8882175
TLT,2012/7/2,125.45,127.21,125.3701,126.22,7818429
TLT,2012/7/3,125.95,126,125.21,125.25,5773778
TLT,2012/7/5,125.35,126.32,125.25,125.89,5977153
TLT,2012/7/6,126.67,127.205,126.61,127.06,5819078
TLT,2012/7/9,127.38,128.26,127.11,128.18,5646969
TLT,2012/7/10,127.86,128.74,127.72,128.44,4288087
TLT,2012/7/11,128.59,129.47,128.26,128.6,5960873
TLT,2012/7/12,129.05,129.56,128.9,129.51,6421874
TLT,2012/7/13,129.23,129.24,128.6,129.17,4175473
TLT,2012/7/16,130.3,130.61,129.61,129.77,5283451
TLT,2012/7/17,129.26,129.82,128.64,128.75,5591917
TLT,2012/7/18,129.26,129.337,128.79,128.82,4012171
TLT,2012/7/19,128.46,129.1,128.11,128.49,5246268
TLT,2012/7/20,129.6,130.3,129.42,130.06,6366359
TLT,2012/7/23,131.31,131.44,130.51,130.79,6141343
TLT,2012/7/24,130.35,132.04,130.28,131.82,6749386
TLT,2012/7/25,131.63,132.215,131.48,132.16,5327969
TLT,2012/7/26,131.53,131.78,130.9,130.95,6606220
TLT,2012/7/27,129.89,130.01,126.96,128.48,14685589
TLT,2012/7/30,128.39,129.48,128.25,129.44,6025442
TLT,2012/7/31,129.81,129.88,128.58,129.7,7448593
TLT,2012/8/1,128.53,129.74,128.15,128.78,7972052
TLT,2012/8/2,129.59,130.69,129.13,129.51,7971931
TLT,2012/8/3,127.84,128.03,126.77,127.42,9084768
TLT,2012/8/6,127.67,128.14,127.37,127.47,3673529
TLT,2012/8/7,125.96,126.13,125.43,125.83,6613817
TLT,2012/8/8,126.16,126.39,125.04,125.16,7251608
TLT,2012/8/9,124.77,125.3,123.75,125.07,7557271
TLT,2012/8/10,126.2,126.32,125.6,125.7,4672304
TLT,2012/8/13,126.11,126.38,125.49,125.49,3547652
TLT,2012/8/14,123.96,124.41,123.75,123.79,7994037
TLT,2012/8/15,123.02,123.2,121.9,122.05,11191512
TLT,2012/8/16,122.21,122.5,120.52,121.01,13239987
TLT,2012/8/17,121.4,122.12,121.32,121.6,6341050
TLT,2012/8/20,121.55,122.19,121.5,121.85,4427123
TLT,2012/8/21,121.47,122.45,120.66,122.39,9532673
TLT,2012/8/22,123.52,124.51,123.21,124.41,11384322
TLT,2012/8/23,124.74,125.14,124.65,124.93,7139013
TLT,2012/8/24,125.47,125.56,124.67,124.81,5001658
TLT,2012/8/27,125.34,125.8,125.27,125.54,3906691
TLT,2012/8/28,125.75,126.36,125.59,125.84,3412537
TLT,2012/8/29,125.61,125.63,124.95,125.29,3762842
TLT,2012/8/30,126.27,126.44,125.73,125.94,3886374
TLT,2012/8/31,125.78,127.72,125.73,127.72,9192610
TLT,2012/9/4,126.92,127.63,126.76,127.32,6009260
TLT,2012/9/5,126.82,127.19,126.55,126.72,3466654
TLT,2012/9/6,125.53,125.53,124.55,124.61,6505163
TLT,2012/9/7,126.14,126.18,123.92,124.03,7335293
TLT,2012/9/10,123.69,124.33,123.51,124.33,4912087
TLT,2012/9/11,124.02,124.1,123.29,123.55,3523500
TLT,2012/9/12,122.22,122.41,121.68,122.01,7040901
TLT,2012/9/13,122.39,123.09,120.27,121.53,12280179
TLT,2012/9/14,119.76,119.85,118.05,118.3,16871543
TLT,2012/9/17,118.87,119.9,118.8,119.72,5573250
TLT,2012/9/18,120.71,120.9,119.96,120.32,5366694
TLT,2012/9/19,121.34,121.38,120.61,121.11,5903699
TLT,2012/9/20,122.14,122.32,120.98,121.41,4604257
TLT,2012/9/21,120.75,121.64,120.67,121.55,4144263
TLT,2012/9/24,122.25,122.7,122.18,122.5,3627471
TLT,2012/9/25,122.8,123.74,122.13,123.71,5894556
TLT,2012/9/26,124.56,125.09,124.45,125.04,7193305
TLT,2012/9/27,124.55,124.8,123.77,124.15,5147680
TLT,2012/9/28,124.75,125.2354,123.805,124.22,7173350
TLT,2012/10/1,123.97,124.47,123.38,124.42,4842566
TLT,2012/10/2,123.91,124.518,123.81,124.25,3540098
TLT,2012/10/3,123.86,124.3,123.62,124.29,3800831
TLT,2012/10/4,123.46,123.8,122.57,122.74,6214730
TLT,2012/10/5,121.57,121.68,120.92,121.15,8341111
TLT,2012/10/8,121.98,122.27,121.686,122.17,1568391
TLT,2012/10/9,121.47,122.185,121.38,121.95,4753101
TLT,2012/10/10,121.46,122.96,121.26,122.81,5430204
TLT,2012/10/11,121.96,123.66,121.89,123.66,5194434
TLT,2012/10/12,124.07,124.78,123.78,123.97,4934839
TLT,2012/10/15,123.78,124.14,123.43,123.69,3036046
TLT,2012/10/16,122.9,122.94,121.94,121.9803,5398643
TLT,2012/10/17,121.17,121.26,120.57,120.85,6932539
TLT,2012/10/18,121.12,121.53,119.87,120.11,8558559
TLT,2012/10/19,120.34,121.81,120.28,121.74,7618211
TLT,2012/10/22,121.43,121.84,120.94,120.96,6910526
TLT,2012/10/23,122.1,122.73,122.0217,122.69,5760796
TLT,2012/10/24,121.86,122.2883,121.48,121.48,6824490
TLT,2012/10/25,120.56,121.54,120.33,120.86,5292472
TLT,2012/10/26,121.44,122.65,121.27,122.64,5889484
TLT,2012/10/31,122.68,123.704,122.63,123.36,5025519
TLT,2012/11/1,122.77,122.88,122.08,122.35,3659628
TLT,2012/11/2,121.28,122.31,121.24,122.26,3527781
TLT,2012/11/5,122.82,123.25,122.79,122.95,2935974
TLT,2012/11/6,122.55,122.86,121.78,121.79,4484592
TLT,2012/11/7,123.95,124.531,123.76,124,10070915
TLT,2012/11/8,123.79,125.86,123.43,125.84,8580376
TLT,2012/11/9,125.63,125.98,125.18,125.98,5036872
TLT,2012/11/12,125.84,126.38,125.79,126.19,2072128
TLT,2012/11/13,126.8,126.82,125.99,126.61,2863861
TLT,2012/11/14,125.72,126.79,125.6,126.73,4694693
TLT,2012/11/15,126.1,127.02,126,126.4844,5550929
TLT,2012/11/16,126.36,127.19,126.28,126.37,4592415
TLT,2012/11/19,125.46,125.81,125.3,125.66,3623180
TLT,2012/11/20,125.48,125.67,124.38,124.4,4659214
TLT,2012/11/21,124.19,124.42,124.02,124.33,2424159
TLT,2012/11/23,124.3,124.45,124.11,124.21,987173
TLT,2012/11/26,125.16,125.52,124.75,124.8,2799647
TLT,2012/11/27,124.94,125.39,124.7,125.29,2544314
TLT,2012/11/28,125.97,126.2,125.09,125.11,3570175
TLT,2012/11/29,124.86,125.44,124.66,125.13,2760924
TLT,2012/11/30,125.48,125.54,124.71,124.79,3702398
TLT,2012/12/3,123.72,124.79,123.62,124.66,5427904
TLT,2012/12/4,125.02,125.41,124.84,125.38,2586243
TLT,2012/12/5,125.4,125.81,125.17,125.32,1978111
TLT,2012/12/6,125.86,126.08,125.51,125.59,2301120
TLT,2012/12/7,124.5,124.96,124.34,124.43,4020831
TLT,2012/12/10,124.96,125.0801,124.54,124.98,2134231
TLT,2012/12/11,124.26,124.31,123.83,124.0303,3777883
TLT,2012/12/12,123.83,124.34,122.57,122.59,7119692
TLT,2012/12/13,122.29,123.18,122.13,122.68,6381446
TLT,2012/12/14,123.19,123.71,123.081,123.6,3833049
TLT,2012/12/17,123.5,123.52,121.71,121.75,6869984
TLT,2012/12/18,121.4,121.78,119.9,120.51,12024123
TLT,2012/12/19,120.97,121.65,120.72,120.91,4880495
TLT,2012/12/20,121.29,121.64,120.62,120.93,4567812
TLT,2012/12/21,122.31,122.43,121.95,122.25,6087603
TLT,2012/12/24,122,122.08,121.87,122.03,1071090
TLT,2012/12/26,121.95,122.21,121.81,122.2,2247827
TLT,2012/12/27,121.88,123.29,121.83,122.61,4262619
TLT,2012/12/28,123.14,123.34,122.78,123.31,3928559
TLT,2012/12/31,122.87,122.97,120.911,121.18,6422918
TLT,2013/1/2,119.76,119.9,119.41,119.56,7473685
TLT,2013/1/3,119.38,119.49,117.9,117.94,10005682
TLT,2013/1/4,117.66,118.44,117.36,118.4,9574607
TLT,2013/1/7,118.37,118.73,118,118.4499,4196169
TLT,2013/1/8,119.04,119.29,118.82,119.23,4380803
TLT,2013/1/9,119.25,119.54,118.87,119.12,3870220
TLT,2013/1/10,118.63,119.3,118.36,118.79,5603077
TLT,2013/1/11,118.52,119.86,118.35,119.85,4773149
TLT,2013/1/14,120.04,120.28,119.37,119.52,3067158
TLT,2013/1/15,120.61,120.7,119.97,120.07,5358533
TLT,2013/1/16,120.63,120.684,120.01,120.32,4286085
TLT,2013/1/17,119.33,119.55,118.75,119.12,7019198
TLT,2013/1/18,119.57,120.21,119.4601,120.04,4659908
TLT,2013/1/22,119.55,120.3,119.38,120.27,3874061
TLT,2013/1/23,120.34,120.58,119.95,120.09,2849315
TLT,2013/1/24,119.87,119.97,119.26,119.67,4178881
TLT,2013/1/25,118.42,118.6,117.77,118.03,8750604
TLT,2013/1/28,117.02,117.72,117,117.6,6060021
TLT,2013/1/29,117.62,118.0801,116.87,116.95,5553869
TLT,2013/1/30,116.67,116.96,116.16,116.75,9587366
TLT,2013/1/31,117.03,117.34,116.552,117.32,6789172
TLT,2013/2/1,117.73,117.85,115.51,115.54,10931086
TLT,2013/2/4,116.59,117.28,116.42,117.02,9292144
TLT,2013/2/5,116.27,116.43,115.865,115.98,6676433
TLT,2013/2/6,116.52,116.97,116.05,116.93,5891951
TLT,2013/2/7,116.77,117.59,116.62,116.67,5951708
TLT,2013/2/8,116.8,117.16,116.23,117.12,5603353
TLT,2013/2/11,117.05,117.38,116.924,117.03,3679862
TLT,2013/2/12,116.69,117.02,116.46,116.74,4513646
TLT,2013/2/13,115.8,116.27,115.55,115.79,6586316
TLT,2013/2/14,116.29,117.04,115.99,116.84,7095959
TLT,2013/2/15,116.66,116.74,116.07,116.5,5861727
TLT,2013/2/19,116.86,116.9,115.84,115.92,7383515
TLT,2013/2/20,115.69,116.37,115.57,116.27,9603842
TLT,2013/2/21,116.9,117.31,116.74,116.95,8297365
TLT,2013/2/22,116.98,117.34,116.88,117.03,5316978
TLT,2013/2/25,116.35,119.35,116.29,119.33,15950542
TLT,2013/2/26,118.73,119.67,118.59,118.64,9822075
TLT,2013/2/27,119.49,119.54,118,118.29,7459783
TLT,2013/2/28,118.43,118.66,117.98,118.51,6023419
TLT,2013/3/1,118.84,119.21,118.54,118.9,7786708
TLT,2013/3/4,118.79,118.97,118.26,118.27,4511507
TLT,2013/3/5,118.07,118.2,117.68,117.93,6539510
TLT,2013/3/6,117.11,117.5,116.85,116.86,6516384
TLT,2013/3/7,116.41,116.51,115.91,115.96,8529824
TLT,2013/3/8,114.87,115.361,114.6201,114.75,15423563
TLT,2013/3/11,115.12,115.228,114.74,114.86,5816048
TLT,2013/3/12,115.25,115.79,115.23,115.69,9264266
TLT,2013/3/13,115.24,115.74,115.03,115.57,7371420
TLT,2013/3/14,115.09,115.64,114.98,115.22,9353089
TLT,2013/3/15,115.33,115.88,115.3,115.76,9673395
TLT,2013/3/18,116.83,116.88,116.15,116.64,9152175
TLT,2013/3/19,116.78,117.89,116.7,117.43,11987175
TLT,2013/3/20,116.71,116.9901,116.08,116.12,8544030
TLT,2013/3/21,116.86,117.25,116.53,117.24,6119489
TLT,2013/3/22,117.3,117.5,116.77,117.33,6323721
TLT,2013/3/25,116.77,117.78,116.67,117.22,5839792
TLT,2013/3/26,116.87,117.91,116.78,117.36,5093190
TLT,2013/3/27,118.3,118.77,118.18,118.36,7742886
TLT,2013/3/28,118.12,118.45,117.68,117.76,5826335
TLT,2013/4/1,117.52,118.421,117.49,118.39,6113747
TLT,2013/4/2,118.07,118.14,117.75,117.91,5437907
TLT,2013/4/3,118.31,119.292,118.25,118.969,9527382
TLT,2013/4/4,119.59,120.41,119.47,120.39,9367035
TLT,2013/4/5,122.88,123.43,122.63,122.82,18628186
TLT,2013/4/8,122.67,122.8701,121.78,121.88,8020245
TLT,2013/4/9,122.03,122.24,121.3799,121.58,7176656
TLT,2013/4/10,120.59,120.66,119.9,119.91,10765547
TLT,2013/4/11,120.17,120.49,119.885,120.14,7502145
TLT,2013/4/12,121.33,121.94,120.8975,121.93,9254725
TLT,2013/4/15,122.13,123.03,121.87,122.99,12948302
TLT,2013/4/16,121.92,122.52,121.8834,121.98,6554363
TLT,2013/4/17,122.3,123.525,122.3,122.79,9020829
TLT,2013/4/18,122.81,123.22,122.6,123.09,7010053
TLT,2013/4/19,122.94,122.98,122.63,122.83,5474711
TLT,2013/4/22,122.84,123.29,122.67,122.92,4519327
TLT,2013/4/23,123.26,123.79,122.38,122.49,8043281
TLT,2013/4/24,122.47,122.82,122.3,122.8,3673536
TLT,2013/4/25,122.2496,122.37,122.1,122.27,4297745
TLT,2013/4/26,123.2,123.51,123.01,123.39,4899037
TLT,2013/4/29,123.58,123.7301,122.76,122.94,4915923
TLT,2013/4/30,123.26,123.69,122.67,123.01,4477344
TLT,2013/5/1,123.46,124.26,123.43,124.0099,10724568
TLT,2013/5/2,123.59,123.97,123.51,123.85,4171750
TLT,2013/5/3,122.16,122.19,120.83,120.93,11283678
TLT,2013/5/6,121.15,121.255,120.32,120.63,5121954
TLT,2013/5/7,120.19,120.5,120.05,120.16,5050718
TLT,2013/5/8,120.27,120.83,120.17,120.35,5732883
TLT,2013/5/9,120.51,121.32,119.98,120.04,7526916
TLT,2013/5/10,119.76,119.785,117.85,118.75,11690509
TLT,2013/5/13,117.8799,118.19,117.63,117.84,8051126
TLT,2013/5/14,118.35,118.44,116.54,116.56,9236243
TLT,2013/5/15,117.53,117.72,116.421,117.341,14608535
TLT,2013/5/16,117.97,118.94,117.935,118.56,8460576
TLT,2013/5/17,117.95,118.15,116.98,117.06,7435806
TLT,2013/5/20,117.63,117.67,116.79,116.922,5839704
TLT,2013/5/21,116.93,117.87,116.42,117.84,7782074
TLT,2013/5/22,118.02,118.55,115.8,116.09,18361834
TLT,2013/5/23,117.15,117.24,115.77,116.64,9207043
TLT,2013/5/24,116.98,117.42,116.7149,116.8,5357595
TLT,2013/5/28,116.09,116.27,113.82,113.838,13567727
TLT,2013/5/29,114.62,115.185,114.46,115.118,11298927
TLT,2013/5/30,115.25,115.37,114.5299,114.84,10011762
TLT,2013/5/31,114.97,115.02,113.17,114.45,18158705
TLT,2013/6/3,113.78,115.49,113.7,114.78,15564441
TLT,2013/6/4,113.96,114.49,113.66,113.72,7504245
TLT,2013/6/5,114.29,115.32,114.13,115.29,8056963
TLT,2013/6/6,114.88,116.785,114.41,115.22,8925982
TLT,2013/6/7,114.22,114.8299,113.16,113.16,10459370
TLT,2013/6/10,112.7,113.12,112.38,112.62,7892554
TLT,2013/6/11,112.27,113.96,112.12,113.96,12846675
TLT,2013/6/12,113,113.83,112.27,112.33,10193694
TLT,2013/6/13,113.07,114.17,112.89,114.09,12509284
TLT,2013/6/14,114.1,114.66,113.82,113.82,6679558
TLT,2013/6/17,114.02,114.08,113,113.22,5982073
TLT,2013/6/18,112.85,113.685,112.72,113.28,5192646
TLT,2013/6/19,113.74,113.79,111.62,112.11,17141072
TLT,2013/6/20,110.75,111.209,109.28,110.27,27901249
TLT,2013/6/21,110.15,110.41,108.37,108.402,19783702
TLT,2013/6/24,107.83,109.385,107.76,108.85,24588949
TLT,2013/6/25,108.9,109.02,107.86,107.88,11082695
TLT,2013/6/26,109,109.05,108.04,108.58,13582107
TLT,2013/6/27,109.54,109.97,108.95,109.69,12026600
TLT,2013/6/28,109.01,110.48,108.7199,110.44,12017001
TLT,2013/7/1,109.73,110.5,109.43,110.41,5500732
TLT,2013/7/2,110.5,110.8,110.24,110.34,5333892
TLT,2013/7/3,110.31,110.65,110.01,110.01,3842216
TLT,2013/7/5,107.28,107.5,106.17,106.26,14513511
TLT,2013/7/8,107.07,107.56,106.95,107.29,8044167
TLT,2013/7/9,107.49,107.62,107.07,107.4,4700763
TLT,2013/7/10,107.39,107.39,106.303,106.555,10792107
TLT,2013/7/11,107.45,107.87,106.94,107.81,10035448
TLT,2013/7/12,108.34,108.47,107.34,107.72,4730803
TLT,2013/7/15,107.8,108.32,107.7,108.29,4574779
TLT,2013/7/16,108.43,108.76,108.27,108.66,3650166
TLT,2013/7/17,109.19,109.36,108.66,108.86,5931913
TLT,2013/7/18,108.61,108.67,107.48,107.5,9066875
TLT,2013/7/19,108.31,109.21,108.255,109.2,8523728
TLT,2013/7/22,109.36,109.6884,109.1299,109.36,3972518
TLT,2013/7/23,108.67,109,108.32,108.9,5015436
TLT,2013/7/24,107.65,107.89,106.79,107.52,8853022
TLT,2013/7/25,106.97,107.6,106.81,107.48,6443388
TLT,2013/7/26,108.04,108.28,107.64,108.14,6795438
TLT,2013/7/29,107.65,107.82,107.07,107.35,6397790
TLT,2013/7/30,107.71,107.76,107.05,107.31,3635903
TLT,2013/7/31,106.06,107.92,105.85,107.7,10483288
TLT,2013/8/1,106.49,106.49,105,105.3601,13568578
TLT,2013/8/2,106.01,106.6101,105.98,106.52,9570793
TLT,2013/8/5,106.19,106.2474,105.54,105.7,6611758
TLT,2013/8/6,105.53,106.01,105.34,106.01,4590636
TLT,2013/8/7,106.17,106.94,106.17,106.8,7183382
TLT,2013/8/8,106.98,107.6,106.79,107.09,5510944
TLT,2013/8/9,106.6,107.265,106.48,107.26,3623454
TLT,2013/8/12,107.61,107.6299,106.47,106.53,7562770
TLT,2013/8/13,105.33,105.36,104.8,104.99,11485791
TLT,2013/8/14,104.94,105.36,104.87,105.15,6433480
TLT,2013/8/15,104.1,104.63,103.69,103.73,11847509
TLT,2013/8/16,103.96,103.9701,102.67,103.37,10176453
TLT,2013/8/19,102.93,103.01,102.21,102.47,9022473
TLT,2013/8/20,102.89,103.36,102.85,103.26,10050089
TLT,2013/8/21,102.77,103.2,102.11,102.13,13250259
TLT,2013/8/22,102.46,103.23,102.24,103.17,8751942
TLT,2013/8/23,103.01,104.39,102.74,104.29,17441179
TLT,2013/8/26,104.56,104.89,104.33,104.81,5886443
TLT,2013/8/27,105.29,106.25,105.04,106.13,11573243
TLT,2013/8/28,105.41,105.57,104.94,105.27,7498069
TLT,2013/8/29,104.88,106.309,104.79,106.11,6672433
TLT,2013/8/30,106.02,106.68,105.74,105.99,8988000
TLT,2013/9/3,104.59,104.67,103.51,104.22,12084368
TLT,2013/9/4,104.45,104.65,103.95,103.99,4579633
TLT,2013/9/5,103.47,103.6,102.53,102.54,12290993
TLT,2013/9/6,103.25,103.82,102.81,103.05,9478829
TLT,2013/9/9,103.8,103.8101,103.08,103.1,6875104
TLT,2013/9/10,102.73,103.34,102.365,102.38,8071190
TLT,2013/9/11,102.92,103.31,102.19,103.29,8963540
TLT,2013/9/12,103.85,104,103.06,103.15,6254696
TLT,2013/9/13,103.51,103.83,103.23,103.55,6107612
TLT,2013/9/16,104.33,104.41,102.85,102.86,8737467
TLT,2013/9/17,103.37,103.74,102.97,103.71,8795570
TLT,2013/9/18,103.63,105.55,102.98,104.99,19749126
TLT,2013/9/19,105.05,105.09,104.16,104.37,11627751
TLT,2013/9/20,104.69,105.18,104.45,104.925,8423126
TLT,2013/9/23,105.21,105.73,105.11,105.69,10242010
TLT,2013/9/24,105.99,106.84,105.845,106.83,11447619
TLT,2013/9/25,106.54,107.279,106.39,107.05,8130878
TLT,2013/9/26,106.48,106.62,106.19,106.3,5117071
TLT,2013/9/27,106.29,106.82,106.249,106.56,6461748
TLT,2013/9/30,106.66,106.9,106.1799,106.4,8439805
TLT,2013/10/1,105.9,106.03,105.53,105.8,7593191
TLT,2013/10/2,105.93,106.48,105.76,105.96,5967420
TLT,2013/10/3,105.75,106.41,105.7,105.79,6649297
TLT,2013/10/4,105.67,105.78,105.35,105.71,5547172
TLT,2013/10/7,106.2,106.36,105.98,106.14,5761236
TLT,2013/10/8,105.9799,106.5099,105.828,106.17,5904709
TLT,2013/10/9,105.87,105.94,105.295,105.32,8439196
TLT,2013/10/10,104.8,105.53,104.51,105.49,9946474
TLT,2013/10/11,106.16,106.23,105.41,105.455,6501164
TLT,2013/10/14,105.39,105.64,104.33,104.61,4205714
TLT,2013/10/15,105.15,105.3,104.53,104.54,8291477
TLT,2013/10/16,104.47,105.86,104.27,105.85,14461015
TLT,2013/10/17,106.52,107.12,106.29,106.81,11306167
TLT,2013/10/18,107.11,107.48,106.98,107.04,9487800
TLT,2013/10/21,106.91,106.92,106.459,106.7,6162621
TLT,2013/10/22,107.5999,108.12,107.56,107.89,9708542
TLT,2013/10/23,108.07,108.73,108.035,108.31,9165579
TLT,2013/10/24,108.61,108.67,107.87,107.89,7631370
TLT,2013/10/25,108.13,108.45,108.08,108.29,4429545
TLT,2013/10/28,108.01,108.3801,107.91,107.92,6469344
TLT,2013/10/29,107.62,108.07,107.51,108.06,5270646
TLT,2013/10/30,107.93,108.21,107.21,107.41,10200010
TLT,2013/10/31,107.91,108.01,107.1401,107.64,11452117
TLT,2013/11/1,106.97,107,106.14,106.19,11349769
TLT,2013/11/4,106.47,106.67,106.22,106.29,4733187
TLT,2013/11/5,105.79,105.83,104.99,105.02,8754722
TLT,2013/11/6,104.94,105.14,104.69,105.07,5643041
TLT,2013/11/7,105.05,106.05,104.9701,105.96,7893771
TLT,2013/11/8,103.97,104.11,103.39,103.41,16889902
TLT,2013/11/11,103.53,103.58,102.96,103.02,4927178
TLT,2013/11/12,103.21,103.59,103.18,103.5,4840369
TLT,2013/11/13,103.87,104.04,103.74,103.88,5783944
TLT,2013/11/14,104.31,105.12,104.15,104.52,8895490
TLT,2013/11/15,104.66,104.74,104.312,104.73,6344845
TLT,2013/11/18,104.65,105.41,104.65,105.36,5451405
TLT,2013/11/19,104.95,105.14,104.41,104.56,7251137
TLT,2013/11/20,104.42,104.84,102.648,102.78,14191987
TLT,2013/11/21,102.51,103.19,102.16,102.95,8903032
TLT,2013/11/22,103.49,104.1301,103.48,103.91,7950686
TLT,2013/11/25,103.84,104.42,103.84,104.21,3755541
TLT,2013/11/26,104.49,104.93,104.48,104.6,6659203
TLT,2013/11/27,104.68,104.7,103.96,104.42,6063360
TLT,2013/11/29,104.08,104.6,103.95,104.45,5084399
TLT,2013/12/2,103.8,103.91,103.22,103.33,7527817
TLT,2013/12/3,103.7,103.96,103.46,103.71,5076896
TLT,2013/12/4,102.75,103.05,102.38,102.72,8502926
TLT,2013/12/5,102.48,102.85,102.22,102.43,7446004
TLT,2013/12/6,102.56,102.99,102.36,102.92,7351950
TLT,2013/12/9,102.9,103.23,102.83,103.16,5679779
TLT,2013/12/10,103.84,103.95,103.45,103.9,7040362
TLT,2013/12/11,103.55,103.77,103.02,103.1,8190914
TLT,2013/12/12,103.03,103.16,102.625,102.71,6208704
TLT,2013/12/13,103.14,103.3,102.79,103.21,6471352
TLT,2013/12/16,103.58,103.69,102.73,102.83,6376381
TLT,2013/12/17,102.61,103.4,102.59,103.29,6015838
TLT,2013/12/18,102.83,103.72,102.46,102.77,12974216
TLT,2013/12/19,102.86,103.01,102.45,102.67,6708383
TLT,2013/12/20,103.72,104.29,103.3,104.25,12425975
TLT,2013/12/23,104.05,104.41,103.66,103.66,6378597
TLT,2013/12/24,103.23,103.35,102.8,102.83,4897009
TLT,2013/12/26,102.35,102.36,102.01,102.1,4645323
TLT,2013/12/27,102.07,102.31,101.69,101.81,4755262
TLT,2013/12/30,102.15,102.58,102.08,102.51,4491711
TLT,2013/12/31,102.29,102.55,101.17,101.86,7219195
TLT,2014/1/2,101.72,102.39,101.69,102.17,8580808
TLT,2014/1/3,101.81,102.45,101.76,102.17,4083831
TLT,2014/1/6,102.38,103,102.37,102.6,7796228
TLT,2014/1/7,102.82,102.99,102.56,102.86,4428082
TLT,2014/1/8,102.45,102.69,102.1,102.58,8512987
TLT,2014/1/9,102.97,103.205,102.51,103.18,6991080
TLT,2014/1/10,103.77,104.5425,103.69,104.41,13197803
TLT,2014/1/13,104.51,105.14,104.465,104.93,9671509
TLT,2014/1/14,104.65,104.83,104.39,104.45,10343500
TLT,2014/1/15,104.04,104.51,103.93,104.34,7507464
TLT,2014/1/16,104.85,105.07,104.72,105.04,7137813
TLT,2014/1/17,104.86,105.52,104.79,105.48,7590772
TLT,2014/1/21,105.45,105.7399,105.4,105.56,6435954
TLT,2014/1/22,105.37,105.75,105.24,105.3,4646691
TLT,2014/1/23,105.88,107.09,105.88,106.79,12960976
TLT,2014/1/24,107.19,107.49,106.9897,107.48,11514538
TLT,2014/1/27,107.22,107.6,106.7,106.73,9222620
TLT,2014/1/28,106.91,106.99,106.55,106.99,5666819
TLT,2014/1/29,107.37,108.15,106.99,107.87,11718542
TLT,2014/1/30,107.47,107.665,107.11,107.56,5956881
TLT,2014/1/31,108.2,108.41,107.85,108.28,14691208
TLT,2014/2/3,107.7899,109.34,107.61,109.32,20781789
TLT,2014/2/4,108.52,108.67,107.97,108.16,9573468
TLT,2014/2/5,107.69,107.78,107.01,107.16,10312498
TLT,2014/2/6,106.97,107.02,106.52,106.7,5708710
TLT,2014/2/7,106.46,107.22,106.44,106.79,7092838
TLT,2014/2/10,106.61,107.12,106.57,107.09,4370474
TLT,2014/2/11,106.61,106.69,106.16,106.47,5904855
TLT,2014/2/12,106.17,106.2099,105.62,105.92,6723271
TLT,2014/2/13,106.59,106.73,106.2954,106.52,6874873
TLT,2014/2/14,106.57,106.64,106.27,106.58,4999982
TLT,2014/2/18,106.66,107.2,106.62,106.82,4855814
TLT,2014/2/19,107.18,107.18,106.3,106.37,5522754
TLT,2014/2/20,106.32,106.63,105.69,106.11,5103383
TLT,2014/2/21,105.95,106.68,105.95,106.67,5250670
TLT,2014/2/24,106.7,106.74,106.165,106.4,3816733
TLT,2014/2/25,106.91,107.36,106.89,107.35,6225905
TLT,2014/2/26,107.31,107.92,107.24,107.92,7226557
TLT,2014/2/27,108.28,108.56,108.1,108.51,5394718
TLT,2014/2/28,108.28,108.74,107.78,108.57,8463065
TLT,2014/3/3,108.88,109.18,108.64,109.03,11099175
TLT,2014/3/4,108.35,108.35,107.36,107.39,8068066
TLT,2014/3/5,107.34,107.78,107.2,107.62,4798744
TLT,2014/3/6,106.76,106.969,106.52,106.56,7418274
TLT,2014/3/7,105.64,106.17,105.6,105.89,8270425
TLT,2014/3/10,105.94,106.105,105.775,106.04,3744495
TLT,2014/3/11,105.98,106.34,105.7799,106.32,3815873
TLT,2014/3/12,106.92,107.26,106.78,107.06,6430504
TLT,2014/3/13,106.7,108.53,106.65,108.5,11815519
TLT,2014/3/14,108.97,108.98,108.32,108.52,9238004
TLT,2014/3/17,108.18,108.3,107.67,107.71,7382327
TLT,2014/3/18,107.68,108.1499,107.6,108.1,4819536
TLT,2014/3/19,107.92,107.98,106.81,107.26,11557635
TLT,2014/3/20,107.09,107.63,106.99,107.07,5224411
TLT,2014/3/21,107.41,108.32,107.37,108.23,8986860
TLT,2014/3/24,108.05,109.09,107.95,109,7537423
TLT,2014/3/25,108.41,108.82,108.17,108.59,5032172
TLT,2014/3/26,108.55,109.475,108.48,109.44,7147736
TLT,2014/3/27,109.64,110.39,109.42,109.99,9773185
TLT,2014/3/28,109.86,109.892,109.02,109.37,6027026
TLT,2014/3/31,108.74,111.07,108.34,109.1,7488392
TLT,2014/4/1,108.26,108.36,107.84,107.89,9067266
TLT,2014/4/2,107.39,107.55,107.17,107.27,6887212
TLT,2014/4/3,107.52,107.935,107.44,107.74,4937393
TLT,2014/4/4,107.87,108.69,107.8499,108.46,8977484
TLT,2014/4/7,108.62,109.29,108.6,109.11,7562895
TLT,2014/4/8,109.03,109.47,108.72,109.37,4213806
TLT,2014/4/9,108.88,109.35,108.64,108.83,5771491
TLT,2014/4/10,108.92,110.22,108.9,109.84,12706388
TLT,2014/4/11,110.54,110.79,110.13,110.73,10267141
TLT,2014/4/14,110.48,110.7,110.3,110.44,4142596
TLT,2014/4/15,110.61,111.51,110.35,111.13,7752014
TLT,2014/4/16,110.43,111.27,110.384,111.27,5523220
TLT,2014/4/17,111.37,111.45,109.7,110.05,8622740
TLT,2014/4/21,110.37,110.62,109.84,109.96,4316275
TLT,2014/4/22,109.66,110.49,109.61,110.33,5748723
TLT,2014/4/23,110.6,111.05,110.53,110.96,5748971
TLT,2014/4/24,110.45,111.21,110.45,111.17,6337810
TLT,2014/4/25,111.49,111.99,111.32,111.33,5976534
TLT,2014/4/28,111.11,111.28,110.55,110.79,7606297
TLT,2014/4/29,110.17,110.73,110.04,110.64,5235169
TLT,2014/4/30,110.72,111.26,110.38,111.1,7721499
TLT,2014/5/1,110.88,112.08,110.84,112.02,11558661
TLT,2014/5/2,111.54,113.1,111.3,112.71,12702096
TLT,2014/5/5,112.76,112.81,111.89,112.03,8042997
TLT,2014/5/6,112.11,112.7,112.04,112.48,6522638
TLT,2014/5/7,112.31,112.57,111.94,112.08,8199164
TLT,2014/5/8,112.34,112.76,111.46,111.6,10878828
TLT,2014/5/9,111.53,111.81,110.98,111.24,6000569
TLT,2014/5/12,111.01,111.13,110.54,110.79,4564276
TLT,2014/5/13,111.44,111.75,111.33,111.75,5501018
TLT,2014/5/14,112.63,113.23,112.56,112.96,8853212
TLT,2014/5/15,113.78,114.41,113.6,113.86,12627912
TLT,2014/5/16,113.61,114,113.42,113.54,5019196
TLT,2014/5/19,113.93,113.96,112.62,112.7,7403492
TLT,2014/5/20,112.6,113.48,112.59,112.95,6549776
TLT,2014/5/21,112.22,112.4,111.87,112.26,8225046
TLT,2014/5/22,112.26,112.4,111.79,112.1,6495711
TLT,2014/5/23,112.52,112.91,112.45,112.7,3835231
TLT,2014/5/27,112.85,113.4,112.4,113.36,6659270
TLT,2014/5/28,114.1,114.84,114.09,114.76,10360973
TLT,2014/5/29,114.87,115.19,114.13,114.15,10692041
TLT,2014/5/30,113.96,114.4,113.8095,114.1,6519281
TLT,2014/6/2,113.04,113.68,112.55,112.96,11728400
TLT,2014/6/3,112.41,112.54,111.51,111.57,12694684
TLT,2014/6/4,111.76,111.82,111.27,111.54,7884222
TLT,2014/6/5,111.13,111.97,111.015,111.59,6915766
TLT,2014/6/6,112.13,112.41,111.49,111.59,7832984
TLT,2014/6/9,111.45,111.64,111.2,111.43,5167639
TLT,2014/6/10,111.04,111.27,110.83,111.02,5990158
TLT,2014/6/11,111.26,111.54,110.85,111.22,5575789
TLT,2014/6/12,111.3,112.35,111,112.21,9775925
TLT,2014/6/13,111.57,112.62,111.53,112.15,5413846
TLT,2014/6/16,112.21,112.63,112.1,112.43,5184901
TLT,2014/6/17,112.07,112.09,111.48,111.54,6669215
TLT,2014/6/18,111.8,112.76,111.56,112.4,11256460
TLT,2014/6/19,112.51,112.56,110.74,110.96,14217289
TLT,2014/6/20,110.97,111.8,110.9,111.8,7319071
TLT,2014/6/23,112.08,112.18,111.41,111.45,5822220
TLT,2014/6/24,112.15,112.65,111.815,112.58,9698714
TLT,2014/6/25,113.1,113.36,112.685,112.87,5699273
TLT,2014/6/26,113.21,113.8,113.21,113.41,6628920
TLT,2014/6/27,113.68,113.82,113.17,113.24,7216735
TLT,2014/6/30,113.56,113.8,113.09,113.52,5593063
TLT,2014/7/1,112.5,112.74,112.2,112.28,8019205
TLT,2014/7/2,111.63,111.67,110.97,111.08,9383047
TLT,2014/7/3,110.38,110.86,110.34,110.68,6173946
TLT,2014/7/7,111.27,111.81,111.23,111.49,5928870
TLT,2014/7/8,112.24,112.86,112.24,112.74,6353288
TLT,2014/7/9,112.66,113.14,112.38,112.83,6395169
TLT,2014/7/10,113.54,113.66,112.82,112.86,7196938
TLT,2014/7/11,113.35,113.68,113.28,113.58,4676510
TLT,2014/7/14,113.28,113.41,112.93,113.09,4743333
TLT,2014/7/15,112.83,113.47,112.5034,112.86,7720027
TLT,2014/7/16,113,113.58,112.94,113.46,4615817
TLT,2014/7/17,114.23,115.05,113.94,114.89,10906396
TLT,2014/7/18,114.88,114.96,114.11,114.52,6678134
TLT,2014/7/21,115.01,115.63,115.01,115.09,5726280
TLT,2014/7/22,115.09,115.46,114.6501,115.33,5753405
TLT,2014/7/23,115.51,115.63,115.17,115.18,3490746
TLT,2014/7/24,114.52,114.58,114.25,114.32,6608996
TLT,2014/7/25,115.34,115.68,115.16,115.67,7043382
TLT,2014/7/28,115.59,115.9,115.12,115.51,5138315
TLT,2014/7/29,115.87,116.07,115.42,115.93,6579517
TLT,2014/7/30,115.15,115.38,114.17,114.32,12260525
TLT,2014/7/31,113.53,114.58,113.47,113.98,18254147
TLT,2014/8/1,113.58,114.87,113.05,114.56,14951150
TLT,2014/8/4,114.53,114.81,114.26,114.26,5183753
TLT,2014/8/5,114.07,114.8,113.68,114.63,8037302
TLT,2014/8/6,115.47,115.47,114.6,114.7,7289215
TLT,2014/8/7,114.84,115.77,114.57,115.77,9750472
TLT,2014/8/8,115.93,116.42,115.38,115.52,9536664
TLT,2014/8/11,115.65,115.82,115.29,115.51,6669325
TLT,2014/8/12,115.41,115.44,114.73,114.76,8125463
TLT,2014/8/13,114.87,115.52,114.78,115.51,8210642
TLT,2014/8/14,115.93,116.5,115.39,116.44,9028616
TLT,2014/8/15,116.71,118.36,116.69,117.71,17606660
TLT,2014/8/18,117.21,117.3,116.39,116.54,7595663
TLT,2014/8/19,117.08,117.15,115.98,116.18,5936871
TLT,2014/8/20,116.04,116.11,115.5701,115.99,7277519
TLT,2014/8/21,116.07,116.76,116.02,116.64,6791654
TLT,2014/8/22,116.74,117.43,116.21,117.29,10149859
TLT,2014/8/25,117.45,117.78,117.2099,117.73,5764713
TLT,2014/8/26,117.94,117.99,117.21,117.35,5487657
TLT,2014/8/27,117.7,118.409,117.4,118.35,7266000
TLT,2014/8/28,119.13,119.37,118.67,118.97,9463642
TLT,2014/8/29,118.92,119.43,118.75,119.05,8513461
TLT,2014/9/2,117.28,117.3799,116.7,116.73,10506576
TLT,2014/9/3,116.4,117.38,116.31,117.38,6554847
TLT,2014/9/4,116.62,116.88,115.93,115.95,12534367
TLT,2014/9/5,116.44,116.6,115.44,115.73,6886317
TLT,2014/9/8,116.41,116.63,115.45,115.78,9331233
TLT,2014/9/9,115.49,115.89,115.45,115.69,5355366
TLT,2014/9/10,114.97,115.12,114.79,114.96,8729422
TLT,2014/9/11,115.26,115.54,114.57,114.58,9274904
TLT,2014/9/12,113.69,113.92,113.22,113.38,11115097
TLT,2014/9/15,113.85,114.07,113.36,113.55,5513040
TLT,2014/9/16,113.61,113.86,113.08,113.09,9305931
TLT,2014/9/17,113.53,113.83,112.73,112.8,12917553
TLT,2014/9/18,113.18,113.48,112.85,113.16,7031549
TLT,2014/9/19,113.58,114.68,113.2,114.6,13237138
TLT,2014/9/22,114.66,115.04,114.441,114.74,6617434
TLT,2014/9/23,114.91,115.47,114.77,115.45,6365250
TLT,2014/9/24,115.29,115.55,114.64,114.81,5223623
TLT,2014/9/25,115.31,116.18,115.31,116.17,8949883
TLT,2014/9/26,116.02,116.285,115.62,116,7800462
TLT,2014/9/29,117,117.165,116.66,116.93,6791793
TLT,2014/9/30,116.66,117.04,116.13,116.27,7277543
TLT,2014/10/1,116.89,118.26,116.83,118.23,17194898
TLT,2014/10/2,117.83,118.2,117.14,117.2,8253062
TLT,2014/10/3,117,117.77,116.825,117.7,8561520
TLT,2014/10/6,117.62,118.19,117.36,117.77,4486451
TLT,2014/10/7,118.31,119.43,118.18,119.36,8841306
TLT,2014/10/8,119.45,119.52,118.5126,119.39,9391292
TLT,2014/10/9,119.27,119.67,118.78,118.87,10293812
TLT,2014/10/10,119.52,120.08,119.31,120.05,8778325
TLT,2014/10/13,120.16,121.17,120.05,120.78,6452384
TLT,2014/10/14,121.31,121.78,120.68,121.57,11285617
TLT,2014/10/15,124.58,127.68,121.84,122.53,37408948
TLT,2014/10/16,124.12,124.13,121.44,121.75,18098188
TLT,2014/10/17,121.19,121.71,120.48,121.07,8524257
TLT,2014/10/20,121.78,121.845,120.94,121.51,7742600
TLT,2014/10/21,120.84,121.24,120.53,120.54,9758010
TLT,2014/10/22,120.47,120.85,120.22,120.67,9262018
TLT,2014/10/23,120.04,120.18,119.06,119.6,10936825
TLT,2014/10/24,119.93,120.41,119.47,119.72,5704911
TLT,2014/10/27,119.89,120.265,119.66,119.94,3392161
TLT,2014/10/28,119.48,119.65,119.08,119.19,5141976
TLT,2014/10/29,118.96,119.82,118.42,119.46,9106612
TLT,2014/10/30,120.32,120.46,119.51,119.56,7024366
TLT,2014/10/31,119.34,119.71,118.83,119.25,6664380
TLT,2014/11/3,118.9,119.16,118.211,118.96,9726839
TLT,2014/11/4,119.42,119.91,119.08,119.33,3664808
TLT,2014/11/5,118.91,119.3699,118.82,119.16,4799628
TLT,2014/11/6,118.6,118.9299,118.305,118.39,5901871
TLT,2014/11/7,118.72,119.75,118.68,119.75,8550548
TLT,2014/11/10,119.58,119.58,118.56,118.65,4787298
TLT,2014/11/11,118.48,118.81,118.34,118.73,2416470
TLT,2014/11/12,119.2,119.53,118.445,118.63,4040793
TLT,2014/11/13,118.7,119.18,118.435,118.91,4475902
TLT,2014/11/14,118.84,119.59,118.68,119.49,5191200
TLT,2014/11/17,119.78,119.79,118.88,119.19,4726190
TLT,2014/11/18,119.32,119.58,119.16,119.52,4471230
TLT,2014/11/19,118.88,119.58,118.76,118.76,5792474
TLT,2014/11/20,119.9,119.95,119.06,119.38,5683570
TLT,2014/11/21,119.57,120.16,119.52,120.1,3640144
TLT,2014/11/24,119.67,120.27,119.55,120.2,4033915
TLT,2014/11/25,120.37,121.27,120.31,121.2,6770006
TLT,2014/11/26,121.64,121.8666,121.47,121.53,4339146
TLT,2014/11/28,122.13,122.67,122.13,122.49,4562187
TLT,2014/12/1,122.68,122.81,121.46,121.5,7728556
TLT,2014/12/2,120.84,120.85,120.29,120.32,5757162
TLT,2014/12/3,120.3,120.8,120.13,120.79,4868551
TLT,2014/12/4,120.75,121.8,120.62,121.8,4250485
TLT,2014/12/5,121.57,121.6,120.52,121.09,8030737
TLT,2014/12/8,121.42,122.835,121.1382,122.57,6021774
TLT,2014/12/9,123.6,123.97,122.96,123.2,6639727
TLT,2014/12/10,123.18,124.4,123.08,124.1,6439191
TLT,2014/12/11,123.74,124.61,123.29,124.61,7863455
TLT,2014/12/12,125.45,126.35,125.02,126.3,9317388
TLT,2014/12/15,125.64,126.7,125.43,126.04,9387414
TLT,2014/12/16,127.36,127.72,126.36,127.6,7426434
TLT,2014/12/17,126.91,127.19,125.7,126.4499,11558786
TLT,2014/12/18,124.93,125.1,124.2,124.2,12758214
TLT,2014/12/19,124.58,125.95,124.44,125.87,7894461
TLT,2014/12/22,125.45,126.19,125.32,126.04,4118783
TLT,2014/12/23,125.45,125.6,123.49,123.54,7406146
TLT,2014/12/24,123.06,124.06,122.93,123.95,4871374
TLT,2014/12/26,124.55,124.59,124.02,124.41,2921323
TLT,2014/12/29,124.91,125.66,124.81,125.34,4070721
TLT,2014/12/30,125.98,126.2101,125.53,125.68,4372557
TLT,2014/12/31,125.7,126.165,125.65,125.92,4993301
TLT,2015/1/2,126.29,127.66,126.15,127.32,9431997
TLT,2015/1/5,128.01,129.63,127.96,129.32,9789519
TLT,2015/1/6,130.7,132.49,130.19,131.65,18331287
TLT,2015/1/7,130.7,131.97,130.17,131.39,9762919
TLT,2015/1/8,130.36,130.37,129.42,129.65,8055253
TLT,2015/1/9,129.2,131.11,129.04,131.07,9398821
TLT,2015/1/12,131,132.3099,130.92,131.82,6658148
TLT,2015/1/13,131.39,132.61,131.14,131.82,8260840
TLT,2015/1/14,133.72,134.12,132.7,132.82,12324546
TLT,2015/1/15,132.85,135.03,132.68,134.91,11454237
TLT,2015/1/16,134.33,134.68,133.03,133.19,9390473
TLT,2015/1/20,134.13,135.11,134.07,134.96,7758724
TLT,2015/1/21,135.2,135.585,132.955,133.4,9803896
TLT,2015/1/22,134,134.18,132.28,132.92,10200015
TLT,2015/1/23,134.3,135.12,134.15,134.77,7334591
TLT,2015/1/26,134.84,135.19,134.05,134.36,5966478
TLT,2015/1/27,135.73,136.13,134.15,134.57,8079582
TLT,2015/1/28,134.75,137.41,134.7,136.77,12230298
TLT,2015/1/29,136.12,136.67,135.4601,135.87,8881399
TLT,2015/1/30,137.71,138.5,137.18,138.28,14871221
TLT,2015/2/2,136.7,137.92,136.66,137.48,13689942
TLT,2015/2/3,135.65,135.7851,134.37,134.57,14008703
TLT,2015/2/4,133.49,134.99,133.1201,134.8,11360416
TLT,2015/2/5,134,134.23,133.11,133.32,8334585
TLT,2015/2/6,132.05,132.35,130.59,130.96,13685553
TLT,2015/2/9,131.97,131.98,130.75,130.75,8025546
TLT,2015/2/10,130.14,130.47,129.44,129.71,8290732
TLT,2015/2/11,129.7,130.27,128.964,129.95,6506362
TLT,2015/2/12,129.66,130.541,129.45,129.52,12548329
TLT,2015/2/13,129.51,129.53,128.09,128.19,8325223
TLT,2015/2/17,127.8,127.93,125.92,126.26,14968830
TLT,2015/2/18,126.82,127.74,126.47,127.01,14009187
TLT,2015/2/19,126.78,127.445,126.17,126.17,8584765
TLT,2015/2/20,127.05,128.01,126,126.54,12502546
TLT,2015/2/23,127.19,128.17,127.16,127.99,7500542
TLT,2015/2/24,127.65,129.79,127.18,129.67,11958343
TLT,2015/2/25,129.46,130.385,129.08,130.23,8019820
TLT,2015/2/26,129.7,130.2999,128.4,128.45,11020500
TLT,2015/2/27,129.02,129.62,128.27,129.53,9225087
TLT,2015/3/2,129,129.07,126.77,126.87,11323970
TLT,2015/3/3,126.89,127.37,126.38,126.41,8599004
TLT,2015/3/4,126.94,127.04,126.16,126.45,6478887
TLT,2015/3/5,126.53,126.88,125.9,126.29,6044998
TLT,2015/3/6,124.67,124.83,122.97,123.5,20022904
TLT,2015/3/9,124.68,124.87,124.13,124.64,8889065
TLT,2015/3/10,125.97,126.44,125.76,126.28,9277945
TLT,2015/3/11,126.26,127.46,126.12,127.2,6663085
TLT,2015/3/12,128.2,128.2,126.72,127.11,10295863
TLT,2015/3/13,126.76,127.59,126.49,126.72,7247189
TLT,2015/3/16,127.94,128.15,127.27,127.94,6374608
TLT,2015/3/17,128.55,129.1099,128.28,129,6313964
TLT,2015/3/18,129.91,131.53,128.6101,131.49,13981903
TLT,2015/3/19,131.2,131.62,130.27,130.82,9543795
TLT,2015/3/20,131.22,131.7,131.14,131.51,5953751
TLT,2015/3/23,131.7,131.75,130.99,131.35,5555506
TLT,2015/3/24,131.83,132.64,131.48,132.62,6713032
TLT,2015/3/25,132.72,132.76,131.46,131.5,5635768
TLT,2015/3/26,131.05,131.14,129.181,129.45,9536292
TLT,2015/3/27,130.03,131.13,129.98,131.06,7907909
TLT,2015/3/30,130.9,131,130.09,130.41,7010587
TLT,2015/3/31,130.24,130.96,129.91,130.69,6844288
TLT,2015/4/1,131.33,132.48,131.3,132.13,9273941
TLT,2015/4/2,131.93,131.97,130.61,130.73,6663396
TLT,2015/4/6,131.43,131.48,129.72,130,5923761
TLT,2015/4/7,130.23,131.22,129.85,131.09,4764948
TLT,2015/4/8,131.02,131.36,130.0225,131.13,5378896
TLT,2015/4/9,130.87,130.92,129.1301,129.43,6484206
TLT,2015/4/10,130.32,130.45,129.55,129.62,4842983
TLT,2015/4/13,129.53,129.98,129.39,129.8,4010619
TLT,2015/4/14,131.31,131.86,130.48,130.72,6075465
TLT,2015/4/15,131.05,131.27,130.32,130.61,4425222
TLT,2015/4/16,130.83,130.86,129.41,129.96,7085505
TLT,2015/4/17,129.77,131.7,129.7,131.45,7268774
TLT,2015/4/20,130.94,131.01,129.93,130.29,4949441
TLT,2015/4/21,130.23,130.45,129.56,129.7,4563763
TLT,2015/4/22,129.5,129.55,127.54,127.72,9707563
TLT,2015/4/23,127.8,128.85,127.61,128.27,6843409
TLT,2015/4/24,128.64,129.43,128.59,129.07,4773030
TLT,2015/4/27,129.07,129.5,128.37,129.07,4334926
TLT,2015/4/28,128.17,128.74,127.26,127.29,7464325
TLT,2015/4/29,125.81,126.44,125.28,125.73,11554821
TLT,2015/4/30,125.04,126.17,124.51,125.95,12875959
TLT,2015/5/1,124.73,125.04,123.69,124,12378465
TLT,2015/5/4,124.3,124.53,122.72,122.83,9144659
TLT,2015/5/5,122.86,123.03,121.69,122.66,13935494
TLT,2015/5/6,121.99,122.06,120.37,120.56,14355025
TLT,2015/5/7,121.43,122.57,121.35,122.18,11933674
TLT,2015/5/8,123.38,123.55,122.31,122.51,11716437
TLT,2015/5/11,121.62,121.651,119.5,119.53,13738591
TLT,2015/5/12,119.14,120.63,118.82,119.84,15861707
TLT,2015/5/13,120.65,120.72,118.64,118.88,15759976
TLT,2015/5/14,118.92,119.83,118.69,119.2,9128441
TLT,2015/5/15,120.38,121.91,120.29,121.59,12630621
TLT,2015/5/18,120.32,120.43,119.4732,119.55,10208341
TLT,2015/5/19,118.27,119.84,118.13,118.49,8435326
TLT,2015/5/20,118.77,119.45,118.18,118.69,7789665
TLT,2015/5/21,119.58,120.61,119.45,120.35,11760652
TLT,2015/5/22,120.65,120.75,119.8,120.4,5417933
TLT,2015/5/26,120.84,122.5501,120.74,122.46,10469658
TLT,2015/5/27,122.18,122.86,121.6052,122.74,6490255
TLT,2015/5/28,122.5,123.03,122.22,122.44,6237616
TLT,2015/5/29,123.23,123.57,122.51,122.71,7911982
TLT,2015/6/1,122.11,122.38,120.69,121.13,13108065
TLT,2015/6/2,120.17,120.26,119.11,119.44,10076179
TLT,2015/6/3,118.39,118.6,117.195,117.52,14810887
TLT,2015/6/4,118.26,119.29,118.14,119.05,10859277
TLT,2015/6/5,117.84,118.57,117.38,117.6,11200153
TLT,2015/6/8,117.96,118.16,117.37,117.47,5333972
TLT,2015/6/9,117.06,117.13,116.11,116.54,12393893
TLT,2015/6/10,115.92,116.13,115.259,115.52,12183562
TLT,2015/6/11,116.56,117.97,116.24,117.95,13849269
TLT,2015/6/12,117.59,119.07,117.55,117.95,7863117
TLT,2015/6/15,118.89,119.06,117.74,118.14,8194180
TLT,2015/6/16,118.61,119.08,117.94,119.07,7046378
TLT,2015/6/17,118.5,118.63,117.25,118.15,13626103
TLT,2015/6/18,117.37,117.74,116.75,117.57,10123276
TLT,2015/6/19,118.51,119.185,118.49,119.08,10439248
TLT,2015/6/22,117.84,118.14,116.59,116.65,9768973
TLT,2015/6/23,115.73,116.96,115.69,115.95,8945108
TLT,2015/6/24,116.51,117.17,116.16,116.95,8600392
TLT,2015/6/25,116.59,117.08,116.19,116.54,8287821
TLT,2015/6/26,115.67,115.87,114.88,115.23,11672979
TLT,2015/6/29,116.96,118.67,116.46,118.28,17132910
TLT,2015/6/30,117.4,118.7,117.33,117.46,13469011
TLT,2015/7/1,115.82,116.36,115.43,115.62,12451476
TLT,2015/7/2,116.32,116.66,115.88,116,6682132
TLT,2015/7/6,118.05,118.65,117.06,118.15,10605806
TLT,2015/7/7,119.66,120.49,118.95,119.26,16160105
TLT,2015/7/8,120.02,120.565,119.5,120.29,9951815
TLT,2015/7/9,118.7,119.12,117.8456,117.92,11108879
TLT,2015/7/10,116.04,116.72,115.76,116.05,13636624
TLT,2015/7/13,115.39,116.46,115.39,115.69,8006723
TLT,2015/7/14,116.02,116.27,115.66,116.07,4227782
TLT,2015/7/15,116.11,117.55,116.04,117.3,8720406
TLT,2015/7/16,116.89,118.16,116.87,118.11,7306517
TLT,2015/7/17,118.37,118.89,118.36,118.72,7404940
TLT,2015/7/20,118.29,118.645,117.9,118.22,5940984
TLT,2015/7/21,117.68,118.93,117.66,118.86,5627455
TLT,2015/7/22,119.01,119.9,118.95,119.6,6228919
TLT,2015/7/23,119.6,121.1999,119.45,121.09,9087712
TLT,2015/7/24,121.5,121.55,120.92,121.39,7307882
TLT,2015/7/27,122.19,122.285,121.48,122.04,8171957
TLT,2015/7/28,121.16,121.565,120.9,121.15,9128181
TLT,2015/7/29,121.02,121.17,120.4159,120.7,6706432
TLT,2015/7/30,121.21,121.935,121.15,121.63,6146626
TLT,2015/7/31,122.44,122.9,122.06,122.53,9178422
TLT,2015/8/3,122.32,123.75,122.32,123.55,11753736
TLT,2015/8/4,123.16,123.315,122.46,122.57,6448757
TLT,2015/8/5,121.77,121.91,121.19,121.65,7574389
TLT,2015/8/6,122,122.87,122,122.73,6118061
TLT,2015/8/7,123.3,124.4993,123.24,124.34,8316980
TLT,2015/8/10,123.41,123.57,122.52,122.8,7461656
TLT,2015/8/11,124.3,125.13,124.16,124.75,11145702
TLT,2015/8/12,124.93,125.71,124,124.07,8455249
TLT,2015/8/13,123.83,124.42,123.22,123.67,7691434
TLT,2015/8/14,123.47,124.37,123.2,123.96,4324742
TLT,2015/8/17,124.71,125.1,124.39,124.52,7880324
TLT,2015/8/18,123.8,124.29,123.38,123.54,5024294
TLT,2015/8/19,123.06,124.93,122.99,124.76,10735974
TLT,2015/8/20,125.37,126.1,125.18,126.02,9078313
TLT,2015/8/21,126.16,126.74,125.59,126.4,10718318
TLT,2015/8/24,128.31,128.92,125.82,126.36,16663414
TLT,2015/8/25,124.55,124.79,123.56,124.33,15354785
TLT,2015/8/26,123,123.51,121.36,121.93,16429934
TLT,2015/8/27,121.82,122.87,121.65,122,9126952
TLT,2015/8/28,123.15,123.47,122.23,122.36,9946158
TLT,2015/8/31,123.36,123.47,121.34,121.42,8617562
TLT,2015/9/1,121.64,122.09,120.98,122.03,15298248
TLT,2015/9/2,121.42,121.98,120.86,120.98,9515229
TLT,2015/9/3,121.38,121.67,120.71,121.57,7042492
TLT,2015/9/4,122.45,122.925,121.82,122.68,7951303
TLT,2015/9/8,121.38,121.56,120.76,120.87,7049499
TLT,2015/9/9,119.63,121.705,119.56,121.45,7441863
TLT,2015/9/10,121.02,121.19,120.45,120.63,6789671
TLT,2015/9/11,121.47,122.08,121.33,121.39,5890921
TLT,2015/9/14,121.95,122.145,121.28,121.58,4221733
TLT,2015/9/15,120.89,121.0499,119.12,119.25,11894974
TLT,2015/9/16,118.96,119.44,118.55,118.8,6949781
TLT,2015/9/17,118.88,120.37,118.73,120.25,19843582
TLT,2015/9/18,121.21,122.2,121.13,122.1,14963338
TLT,2015/9/21,121.01,121.11,119.78,120.11,10085551
TLT,2015/9/22,121.44,122.39,121.14,121.78,9968204
TLT,2015/9/23,121.62,122.07,120.99,121.77,6769859
TLT,2015/9/24,123.17,123.68,122.49,122.6,9605760
TLT,2015/9/25,121.65,121.93,121.2699,121.54,8383733
TLT,2015/9/28,122.2,123.77,122.199,123.62,9833354
TLT,2015/9/29,123.54,124.29,123.25,123.97,9006123
TLT,2015/9/30,123.41,123.8,123.12,123.54,9832571
TLT,2015/10/1,124.08,124.52,123.66,123.81,9069447
TLT,2015/10/2,125.59,126.21,124.18,124.56,13000403
TLT,2015/10/5,123.72,123.83,122.78,122.87,11362675
TLT,2015/10/6,122.55,123.6,122.4101,123.4,5687786
TLT,2015/10/7,122.81,123.33,122.51,122.99,6712790
TLT,2015/10/8,123.29,123.37,121.66,121.96,12882333
TLT,2015/10/9,121.97,122.64,121.9,122.28,9038104
TLT,2015/10/12,123.03,123.425,122.911,123.21,4241027
TLT,2015/10/13,123.53,123.6,122.8,123.42,6147248
TLT,2015/10/14,123.7,124.545,123.3,124.5,9738108
TLT,2015/10/15,124.31,124.46,123.78,123.89,6924268
TLT,2015/10/16,124.25,124.47,123.8699,123.93,8048318
TLT,2015/10/19,123.79,123.97,122.91,123.59,6238361
TLT,2015/10/20,122.8,122.97,122.55,122.83,6431302
TLT,2015/10/21,123.61,124.22,123.47,124.05,6603844
TLT,2015/10/22,124.1,124.78,123.51,124.26,6934112
TLT,2015/10/23,123.1,123.455,122.85,123.2,7058213
TLT,2015/10/26,123.87,124.2,123.81,124.02,5859785
TLT,2015/10/27,124.51,124.9001,124.16,124.33,7156769
TLT,2015/10/28,124.27,124.34,123.3,123.83,8468672
TLT,2015/10/29,123.18,123.22,121.7,121.86,12107974
TLT,2015/10/30,122.24,122.81,122.02,122.78,11861389
TLT,2015/11/2,121.78,122.1799,121.68,121.95,8751010
TLT,2015/11/3,121.65,121.74,120.79,120.95,8921581
TLT,2015/11/4,121.1,121.54,120.7,121.09,5980819
TLT,2015/11/5,121.05,121.06,120.3,120.77,7268407
TLT,2015/11/6,119.49,119.525,118.735,119,10604737
TLT,2015/11/9,118.1,118.9,118,118.33,9159480
TLT,2015/11/10,118.5,119.21,118.38,118.68,6712535
TLT,2015/11/11,118.35,118.58,118.27,118.43,2857898
TLT,2015/11/12,118.75,119.44,118.7,119,6805727
TLT,2015/11/13,119.32,119.8978,119.22,119.68,7906585
TLT,2015/11/16,119.79,120,119.13,119.57,5485337
TLT,2015/11/17,119,120.13,118.66,119.77,5122919
TLT,2015/11/18,119.58,120.189,119.36,120.02,5233883
TLT,2015/11/19,120.88,121.15,120.675,120.82,6643031
TLT,2015/11/20,120.93,121.04,120.28,120.45,5971025
TLT,2015/11/23,120.53,121.12,120.32,120.82,5436264
TLT,2015/11/24,120.9,121.2,120.58,120.81,3371479
TLT,2015/11/25,121.17,121.42,120.945,121.09,3280898
TLT,2015/11/27,121.25,121.32,120.96,120.97,2570644
TLT,2015/11/30,121.1,121.53,121.06,121.45,5179764
TLT,2015/12/1,121.26,122.85,121.26,122.83,12766590
TLT,2015/12/2,122.66,123.04,122.19,122.87,7345805
TLT,2015/12/3,121.36,121.4,118.99,119.53,16612180
TLT,2015/12/4,119.53,120.93,119.47,120.58,11843829
TLT,2015/12/7,120.81,122.46,120.8,121.75,9016691
TLT,2015/12/8,122.28,122.43,121.45,121.81,7257521
TLT,2015/12/9,121.35,122.145,120.51,121.68,8993896
TLT,2015/12/10,121.79,122.03,121.49,121.84,5606896
TLT,2015/12/11,123.03,124.1,122.87,123.76,12300038
TLT,2015/12/14,123.08,123.15,121.75,122.16,10661052
TLT,2015/12/15,121.02,121.6,120.83,121.44,8795455
TLT,2015/12/16,121.07,122.17,120.5,121.18,10988572
TLT,2015/12/17,121.78,122.78,121.64,122.55,9922991
TLT,2015/12/18,123.08,123.52,122.82,123.23,10171700
TLT,2015/12/21,123.43,123.78,122.92,123.2,7494943
TLT,2015/12/22,122.65,122.8,121.991,122.31,5445763
TLT,2015/12/23,121.23,121.61,120.87,121.39,7287134
TLT,2015/12/24,121.47,121.87,121.4,121.83,3364567
TLT,2015/12/28,121.99,122.67,121.85,122.19,7586564
TLT,2015/12/29,121.69,121.74,120.01,120.16,7787496
TLT,2015/12/30,119.92,120.54,119.67,120.04,5508875
TLT,2015/12/31,120.57,120.8607,120.25,120.58,7897690
TLT,2016/1/4,121.93,122.45,121.32,121.45,10591941
TLT,2016/1/5,120.88,121.5,120.66,120.96,6242567
TLT,2016/1/6,122.3,122.62,122.05,122.59,8916942
TLT,2016/1/7,122.68,122.93,121.785,122.81,10202158
TLT,2016/1/8,122.43,123.465,122.2305,123.36,9577237
TLT,2016/1/11,122.04,122.79,121.8601,122.01,10040254
TLT,2016/1/12,122.34,124.32,122.15,123.77,12897720
TLT,2016/1/13,123.53,125.495,123.27,124.99,15577552
TLT,2016/1/14,124.47,124.965,123.34,123.82,12873776
TLT,2016/1/15,125.4,125.96,125.08,125.752,13976332
TLT,2016/1/19,125.13,126.07,124.95,125.36,8926594
TLT,2016/1/20,126.98,127.92,126.42,126.68,17283292
TLT,2016/1/21,126.94,127.288,125.67,125.82,11001621
TLT,2016/1/22,124.91,125.53,124.52,125.34,10164328
TLT,2016/1/25,125.95,126.27,125.65,126.02,5738192
TLT,2016/1/26,125.99,126.46,125.75,126.08,5692621
TLT,2016/1/27,125.75,126.29,125.19,126.05,7957753
TLT,2016/1/28,125.54,126.41,125.46,126.23,10575351
TLT,2016/1/29,127.41,127.86,126.915,127.3,13170724
TLT,2016/2/1,126.79,127.07,126.29,126.67,9948356
TLT,2016/2/2,128.1,129.04,128,129.02,10399965
TLT,2016/2/3,128.28,129.94,127.92,127.95,13308995
TLT,2016/2/4,128.22,128.59,127.51,128.57,9953521
TLT,2016/2/5,127.89,129,127.59,128.72,9200847
TLT,2016/2/8,129.72,131.629,129.68,131.49,14452163
TLT,2016/2/9,132.04,132.06,130.96,131.63,15232056
TLT,2016/2/10,131.7,132.84,131.11,132.79,12797068
TLT,2016/2/11,134.44,135.25,133.01,133.72,21620249
TLT,2016/2/12,132.64,133.13,130.93,131.5,13888427
TLT,2016/2/16,130.72,130.75,129.805,130.11,11766006
TLT,2016/2/17,129.64,129.83,128.71,129.31,13157299
TLT,2016/2/18,129.41,131,129.36,130.9,10196700
TLT,2016/2/19,130.94,131.82,130.73,131.005,8188740
TLT,2016/2/22,131.1,131.11,130.7,130.94,5054326
TLT,2016/2/23,129.88,131.74,129.78,131.47,8320727
TLT,2016/2/24,132.4,133.39,130.95,131.21,9091189
TLT,2016/2/25,131.48,132.555,131.32,131.68,6097222
TLT,2016/2/26,130.31,130.81,130.04,130.41,9244954
TLT,2016/2/29,130.47,131.17,130.42,130.98,8016109
TLT,2016/3/1,130.82,130.85,128.32,128.43,13729116
TLT,2016/3/2,128.32,128.97,128.21,128.96,7047705
TLT,2016/3/3,129.07,129.94,128.77,129.43,6395336
TLT,2016/3/4,128.75,129.13,127.76,128.6,8687010
TLT,2016/3/7,128.45,128.67,128.05,128.56,5493336
TLT,2016/3/8,130.35,130.99,129.95,129.98,7175371
TLT,2016/3/9,129.08,129.69,128.81,129.19,7194693
TLT,2016/3/10,129.5,129.84,127.92,128.66,10092026
TLT,2016/3/11,128.82,128.875,127.21,127.36,8927006
TLT,2016/3/14,127.82,128.39,127.66,127.76,5176989
TLT,2016/3/15,128.5,128.66,127.61,127.88,6413224
TLT,2016/3/16,127.75,128.52,127.37,128.26,9728881
TLT,2016/3/17,128.51,129.34,128.49,128.79,7805464
TLT,2016/3/18,129.04,129.51,128.7,129.06,8198622
TLT,2016/3/21,128.25,128.62,127.745,128.07,5514849
TLT,2016/3/22,128.83,129.02,127.921,128.04,4997933
TLT,2016/3/23,128.41,129.82,128.285,129.49,10628207
TLT,2016/3/24,130.58,130.6425,129,129.54,6343287
TLT,2016/3/28,129.38,130.16,129.2801,129.71,5058676
TLT,2016/3/29,130.38,131.09,130.02,131.07,9396659
TLT,2016/3/30,130.03,130.0701,128.9784,129.69,8478718
TLT,2016/3/31,129.98,130.805,129.79,130.61,7832575
TLT,2016/4/1,130.98,131.13,129.9,130.68,9341350
TLT,2016/4/4,130.79,130.97,130.27,130.76,5145057
TLT,2016/4/5,132.01,132.36,131.78,132.19,6482810
TLT,2016/4/6,131.53,131.67,130.74,131.23,6393875
TLT,2016/4/7,132.19,132.99,132.015,132.85,5963282
TLT,2016/4/8,132.17,132.4,131.635,132.01,5585183
TLT,2016/4/11,131.32,132.18,131.11,131.84,4805494
TLT,2016/4/12,131.08,131.55,130.525,130.93,4276037
TLT,2016/4/13,130.69,131.58,130.52,131.39,5207859
TLT,2016/4/14,130.91,131.31,130.4901,130.76,6966979
TLT,2016/4/15,131.29,132.16,131.25,131.88,5831142
TLT,2016/4/18,131.33,131.44,130.66,131.31,4486643
TLT,2016/4/19,131.08,131.305,130.29,130.9,5212335
TLT,2016/4/20,131.16,131.65,129.27,129.46,10920713
TLT,2016/4/21,128.44,129.07,128.29,128.69,11154216
TLT,2016/4/22,128.85,128.91,128.24,128.36,5826383
TLT,2016/4/25,128.06,128.52,127.83,127.83,5539464
TLT,2016/4/26,127.76,127.76,127.12,127.25,7839962
TLT,2016/4/27,127.92,128.82,127.62,128.52,8380065
TLT,2016/4/28,128.21,129.14,128.04,129.05,7974606
TLT,2016/4/29,128.45,129.71,128.195,129.38,7416314
TLT,2016/5/2,128.66,128.895,127.8,127.82,11035175
TLT,2016/5/3,129.55,130.02,129.35,129.43,10736651
TLT,2016/5/4,129.68,130.17,129.19,130.14,7211166
TLT,2016/5/5,130.06,131.07,129.7,131.01,7870447
TLT,2016/5/6,130.85,130.86,130.295,130.45,7232476
TLT,2016/5/9,130.46,130.89,130.32,130.86,4950805
TLT,2016/5/10,130.85,131.12,130.65,130.87,4331861
TLT,2016/5/11,130.83,132,130.66,131.61,9256048
TLT,2016/5/12,130.66,131.17,130.59,131.01,6087364
TLT,2016/5/13,131.48,132.32,131.23,132.28,8707286
TLT,2016/5/16,131.64,131.66,130.98,131.14,5137039
TLT,2016/5/17,131.21,131.83,131.21,131.36,4449130
TLT,2016/5/18,130.81,130.85,128.91,129.49,12680973
TLT,2016/5/19,129.68,130.33,129.65,130.05,6209379
TLT,2016/5/20,129.65,130.4,129.55,130.15,5348879
TLT,2016/5/23,130.36,130.73,129.92,130.44,6979730
TLT,2016/5/24,129.97,130.19,129.24,129.86,5968275
TLT,2016/5/25,129.83,130.245,129.31,129.37,6367396
TLT,2016/5/26,129.81,130.45,129.8,130.04,5419303
TLT,2016/5/27,130.07,130.26,129.7,129.85,5267595
TLT,2016/5/31,129.02,130.44,128.98,130.16,8344257
TLT,2016/6/1,130.63,131.27,130.11,130.42,9874878
TLT,2016/6/2,130.9,131.69,130.87,131.36,5835531
TLT,2016/6/3,132.86,133.23,132.6,133.23,11077213
TLT,2016/6/6,132.78,132.89,132.105,132.24,7573732
TLT,2016/6/7,132.64,132.98,132.54,132.56,4680203
TLT,2016/6/8,132.87,133.43,132.71,133.27,5313151
TLT,2016/6/9,134.32,134.54,133.93,134.13,6820290
TLT,2016/6/10,134.79,135.33,134.2643,134.78,6984577
TLT,2016/6/13,135.09,135.39,134.77,135.38,7688936
TLT,2016/6/14,136.19,136.22,135.22,135.28,9012488
TLT,2016/6/15,135.52,136.23,135.31,135.8,7953205
TLT,2016/6/16,136.74,137.56,136.18,136.46,10372653
TLT,2016/6/17,136.2,136.2699,135.26,135.61,8489852
TLT,2016/6/20,134.24,134.55,134.01,134.16,7365885
TLT,2016/6/21,134.29,134.58,133.46,133.54,6005848
TLT,2016/6/22,133.5,133.99,133.2539,133.76,5773676
TLT,2016/6/23,132.61,133.32,132.08,132.23,9029115
TLT,2016/6/24,136.61,136.61,135.3,135.78,17155023
TLT,2016/6/27,138.44,139.59,138.4,139.17,17573865
TLT,2016/6/28,139.44,139.895,138.88,139.46,14006412
TLT,2016/6/29,139.68,140.13,138.2601,138.39,12999793
TLT,2016/6/30,138.81,139.94,138.085,138.9,14698513
TLT,2016/7/1,140.81,140.82,139.19,140.57,15430178
TLT,2016/7/5,141.85,142.91,141.7,142.33,8840774
TLT,2016/7/6,142.79,143,141.96,142.56,14352847
TLT,2016/7/7,142.09,143.19,141.78,142.55,9676134
TLT,2016/7/8,142.92,143.62,142.36,143.6,10355253
TLT,2016/7/11,143.05,143.465,142.24,142.34,8099048
TLT,2016/7/12,140.42,140.86,139.64,140,15810639
TLT,2016/7/13,141.37,141.77,140.95,141.65,8181672
TLT,2016/7/14,139.28,139.84,139.09,139.59,10817019
TLT,2016/7/15,138.89,139.11,138.18,138.39,9958624
TLT,2016/7/18,139.07,139.26,137.73,138.26,5955878
TLT,2016/7/19,138.94,139.31,138.4,139.04,8073906
TLT,2016/7/20,138.23,138.51,137.91,138.28,6942471
TLT,2016/7/21,137.04,138.62,136.985,138.56,10398437
TLT,2016/7/22,137.93,139.24,137.87,138.8,5811415
TLT,2016/7/25,138.94,139.26,138.5867,138.7,4243800
TLT,2016/7/26,139.52,139.52,138.46,138.92,5243406
TLT,2016/7/27,139.55,140.65,139.4,140.65,8508125
TLT,2016/7/28,139.8,140.835,139.71,140.39,7336072
TLT,2016/7/29,140.45,141.68,140.22,141.56,8766743
TLT,2016/8/1,139.78,140.5,139.61,139.77,9809348
TLT,2016/8/2,137.83,139.26,137.5,138.33,10051207
TLT,2016/8/3,138.6,138.78,137.91,138.41,4930593
TLT,2016/8/4,139.46,140.16,139.2711,139.45,5645951
TLT,2016/8/5,139.05,139.18,137.825,138,7778635
TLT,2016/8/8,137.6,138.54,137.32,138.26,5185234
TLT,2016/8/9,138.71,139.72,138.62,139.62,5503166
TLT,2016/8/10,139.9,140.51,139.47,140.16,5843487
TLT,2016/8/11,140.06,140.08,138.54,138.91,7624622
TLT,2016/8/12,140.41,140.86,139.87,140.08,7989640
TLT,2016/8/15,139.34,139.63,138.75,138.76,5108563
TLT,2016/8/16,138.98,139.15,138.23,138.39,6182739
TLT,2016/8/17,138.63,139.44,138.5,139.22,5001992
TLT,2016/8/18,139.2,139.765,138.79,139.44,3805233
TLT,2016/8/19,138.64,139.05,138.1,138.71,5516269
TLT,2016/8/22,139.65,140.14,139.3689,139.88,5549684
TLT,2016/8/23,140.27,140.59,139.67,140.03,6841393
TLT,2016/8/24,140.1,140.19,139.39,139.7,6027834
TLT,2016/8/25,139.26,139.78,138.96,139.17,5855464
TLT,2016/8/26,139.73,140.69,138.22,138.36,12962524
TLT,2016/8/29,139.38,140.35,139.21,140.21,7310409
TLT,2016/8/30,140.17,140.26,139.67,139.67,5161769
TLT,2016/8/31,139.66,140.17,139.34,139.87,7349658
TLT,2016/9/1,138.62,140.1,138.57,139.77,9149133
TLT,2016/9/2,138.96,139.0511,138.17,138.63,8396973
TLT,2016/9/6,138.71,140.08,138.51,139.64,8542625
TLT,2016/9/7,140.37,140.42,139.54,139.54,5421827
TLT,2016/9/8,138.86,139.27,137.26,137.79,14301465
TLT,2016/9/9,136.07,136.12,135.41,135.52,13347664
TLT,2016/9/12,135.32,135.83,135.16,135.59,9096573
TLT,2016/9/13,135.87,136,133.36,134.05,15645423
TLT,2016/9/14,134.05,134.91,134.05,134.25,7037670
TLT,2016/9/15,133.61,134.05,133.03,133.67,10234190
TLT,2016/9/16,134.58,134.81,134.22,134.75,7507901
TLT,2016/9/19,134.52,134.87,134.25,134.31,7105887
TLT,2016/9/20,135.15,135.58,134.67,134.78,6054765
TLT,2016/9/21,134.6,135.89,134.18,135.87,10698125
TLT,2016/9/22,136.67,137.29,136.5,136.95,12426243
TLT,2016/9/23,137.03,137.34,136.71,136.82,5928833
TLT,2016/9/26,137.07,137.8336,137.02,137.69,8661318
TLT,2016/9/27,138.59,138.8,137.95,138.7,9450445
TLT,2016/9/28,138.5,139.15,138.22,138.4,7958732
TLT,2016/9/29,137.56,139.07,137.45,138.75,8319793
TLT,2016/9/30,138.55,138.64,136.87,137.51,11747119
TLT,2016/10/3,137.68,137.77,136.76,136.81,7588816
TLT,2016/10/4,136.62,136.84,135.16,135.21,12048727
TLT,2016/10/5,135.02,135.08,134.12,134.58,8917655
TLT,2016/10/6,133.97,134.69,133.68,133.83,7839909
TLT,2016/10/7,133.93,134.285,133.09,133.92,9953220
TLT,2016/10/10,132.85,133.16,132.51,133.13,6089117
TLT,2016/10/11,132.86,133.55,132.57,132.83,9670399
TLT,2016/10/12,132.67,133.02,132.24,132.96,7582449
TLT,2016/10/13,133.64,133.93,133.37,133.46,7080582
TLT,2016/10/14,132.27,132.95,131.53,131.59,11415109
TLT,2016/10/17,132.1,132.74,132.09,132.43,10595886
TLT,2016/10/18,131.86,132.89,131.83,132.86,7151001
TLT,2016/10/19,132.37,133.27,132.32,132.97,6941279
TLT,2016/10/20,133.64,133.7526,132.9,133.11,6082274
TLT,2016/10/21,133.52,133.72,132.87,133.31,9222747
TLT,2016/10/24,133.41,133.45,132.29,132.73,6507489
TLT,2016/10/25,132.53,133.555,132.49,133.08,5134728
TLT,2016/10/26,132.46,132.8,131.99,132.18,5842548
TLT,2016/10/27,131.07,131.07,130.0649,130.74,10044665
TLT,2016/10/28,130.39,130.93,130.33,130.45,7540950
TLT,2016/10/31,130.89,131.29,130.71,131.25,7047470
TLT,2016/11/1,130.16,131.6,129.88,131.01,12622367
TLT,2016/11/2,131.3,132.11,131.03,131.58,8666228
TLT,2016/11/3,130.75,131.05,130.44,130.57,6085408
TLT,2016/11/4,131.27,131.79,131.13,131.74,7622582
TLT,2016/11/7,130.75,131,130.44,130.62,5386725
TLT,2016/11/8,131.02,131.21,129.71,130.09,7576518
TLT,2016/11/9,127.22,127.37,124.22,124.57,31233486
TLT,2016/11/10,123.97,124.96,122.72,122.73,22961169
TLT,2016/11/11,122.96,123.05,121.65,122.04,10040165
TLT,2016/11/14,121.28,122.66,120.73,121.31,21174373
TLT,2016/11/15,122.22,122.81,121.78,121.91,11963704
TLT,2016/11/16,122.3,123.14,122.17,123.01,9149498
TLT,2016/11/17,121.95,122.11,120.99,121.2,11221604
TLT,2016/11/18,121.63,121.97,120.34,120.85,13577732
TLT,2016/11/21,121.21,121.475,120.89,121.15,6488066
TLT,2016/11/22,121.66,121.76,120.88,121.11,9989917
TLT,2016/11/23,119.99,120.91,119.25,120.64,13563514
TLT,2016/11/25,121.19,121.29,120.4,120.82,3126273
TLT,2016/11/28,121.41,121.73,121.09,121.71,8554998
TLT,2016/11/29,121.44,122.4,121.21,122.22,8363000
TLT,2016/11/30,119.97,121.01,119.48,120.24,21163537
TLT,2016/12/1,118.51,118.99,117.64,118.73,21715714
TLT,2016/12/2,119.17,120.21,119.14,119.6,12487458
TLT,2016/12/5,118.93,120.3975,118.45,119.47,12100125
TLT,2016/12/6,119.7,119.94,119.12,119.38,11526642
TLT,2016/12/7,119.82,120.62,119.82,120.4,10392180
TLT,2016/12/8,119.15,119.31,118.78,118.98,12041139
TLT,2016/12/9,118.64,118.86,117.28,117.5,14646449
TLT,2016/12/12,117.27,117.8,116.88,117.72,9496347
TLT,2016/12/13,118.4,118.49,117.44,118.14,12189195
TLT,2016/12/14,119.08,119.21,116.8,116.82,16618386
TLT,2016/12/15,117.56,118.29,117.03,117.41,12400456
TLT,2016/12/16,117.61,117.915,116.8,117.14,14924640
TLT,2016/12/19,117.98,118.58,117.74,118.4,10868274
TLT,2016/12/20,117.63,117.9,117.38,117.81,7030613
TLT,2016/12/21,117.92,118.4,117.7338,118.33,4624709
TLT,2016/12/22,117.53,118,117.5,117.81,5177794
TLT,2016/12/23,118.24,118.39,117.95,118.05,4461570
TLT,2016/12/27,117.42,117.7,117.23,117.67,5276560
TLT,2016/12/28,117.86,118.88,117.7,118.53,7578597
TLT,2016/12/29,118.8,119.2747,118.66,118.95,8581375
TLT,2016/12/30,118.78,119.65,118.72,119.13,10613914
TLT,2017/1/3,118.41,119.99,118.18,119.64,13217317
TLT,2017/1/4,119.76,120.24,119.45,120.1,6699562
TLT,2017/1/5,120.45,122.03,120.17,121.98,13265820
TLT,2017/1/6,121.13,121.5414,120.75,120.86,8369334
TLT,2017/1/9,121.88,122,121.46,121.83,8839108
TLT,2017/1/10,121.55,121.91,121.28,121.75,8417941
TLT,2017/1/11,121.94,122.69,121.41,122.16,9402523
TLT,2017/1/12,122.8,123.14,121.83,121.89,9977612
TLT,2017/1/13,121.33,121.75,120.62,121.31,9820003
TLT,2017/1/17,122.81,122.94,121.99,122.58,7853301
TLT,2017/1/18,121.77,121.96,120.91,121.01,9064689
TLT,2017/1/19,120.49,120.58,119.55,120.18,11795591
TLT,2017/1/20,119.84,120.31,119.29,119.94,16953217
TLT,2017/1/23,120.34,121.87,120.02,121.14,13118414
TLT,2017/1/24,120.77,121.1263,119.8,120.31,8394978
TLT,2017/1/25,119.28,119.6,118.56,118.8,11115069
TLT,2017/1/26,118.91,119.255,118.325,119.2,7827932
TLT,2017/1/27,119.4,119.83,119.25,119.63,7197762
TLT,2017/1/30,119.44,119.875,119.2,119.27,6569509
TLT,2017/1/31,119.33,120.4,119.25,120.1,13298521
TLT,2017/2/1,119.1,119.53,118.58,119.1,10975521
TLT,2017/2/2,119.93,120.135,119,119.05,6978567
TLT,2017/2/3,119.44,119.87,118.4743,119,10275574
TLT,2017/2/6,119.76,120.13,119.12,119.72,8433772
TLT,2017/2/7,119.78,121.01,119.47,120.6,8418420
TLT,2017/2/8,121.42,122.27,121.41,122.24,15734201
TLT,2017/2/9,121.41,121.59,120.66,120.83,16890586
TLT,2017/2/10,120.11,120.95,120.11,120.76,7978462
TLT,2017/2/13,120.25,120.41,119.88,120.38,11536780
TLT,2017/2/14,120.24,120.3,118.83,119.51,13210451
TLT,2017/2/15,118.76,119.22,118.65,118.96,8481015
TLT,2017/2/16,119.22,120.21,119.12,119.61,10005829
TLT,2017/2/17,120.61,120.7,120.13,120.32,7886448
TLT,2017/2/21,119.68,120.61,119.6,120.11,8703755
TLT,2017/2/22,120.8,120.82,119.59,120.31,8101522
TLT,2017/2/23,120.57,120.74,120.33,120.67,5330784
TLT,2017/2/24,121.35,122.14,121.26,122.01,11335989
TLT,2017/2/27,121.81,121.9,121.225,121.29,11039831
TLT,2017/2/28,121.5,122.075,121.32,121.74,8410508
TLT,2017/3/1,119.44,119.55,118.95,119.47,10717113
TLT,2017/3/2,119.01,119.21,118.615,119.04,8201247
TLT,2017/3/3,119.23,119.35,118.5511,119.35,9515219
TLT,2017/3/6,119.12,119.12,118.52,118.78,4489229
TLT,2017/3/7,118.48,118.68,118.25,118.42,7080088
TLT,2017/3/8,117.31,117.95,117.23,117.78,11336336
TLT,2017/3/9,117.34,117.48,116.77,116.84,10575439
TLT,2017/3/10,117.14,117.32,116.68,117.25,9218505
TLT,2017/3/13,116.83,117.09,116.49,116.51,6993071
TLT,2017/3/14,116.77,117.35,116.71,117.07,9869230
TLT,2017/3/15,117.56,118.83,117.43,118.5,14600488
TLT,2017/3/16,117.99,118.15,117.63,117.9,8018165
TLT,2017/3/17,118.11,118.75,118.0301,118.64,7266766
TLT,2017/3/20,118.55,119.23,118.5,119.15,5497756
TLT,2017/3/21,119.05,120.3,119.02,120.14,12540662
TLT,2017/3/22,120.72,121.17,120.43,120.62,11661374
TLT,2017/3/23,120.83,121.02,120.06,120.45,6746461
TLT,2017/3/24,120.53,121.1,120.4,120.88,5819630
TLT,2017/3/27,121.83,121.97,121.19,121.43,6878473
TLT,2017/3/28,121.79,121.82,120.4947,120.62,6811244
TLT,2017/3/29,120.94,121.3792,120.88,121.34,6291020
TLT,2017/3/30,121.07,121.09,120.32,120.36,7042448
TLT,2017/3/31,120.28,120.81,120.21,120.71,5144760
TLT,2017/4/3,120.45,121.87,120.4,121.67,12996495
TLT,2017/4/4,121.37,121.59,120.95,121.01,6976660
TLT,2017/4/5,120.56,121.52,120.36,121.38,8555235
TLT,2017/4/6,121.24,121.41,120.52,121.2,6496995
TLT,2017/4/7,121.84,122.25,120.69,120.71,10270017
TLT,2017/4/10,121.14,121.62,121.0001,121.27,5314493
TLT,2017/4/11,121.8,122.65,121.72,122.42,11297362
TLT,2017/4/12,122.51,123.185,122.29,123.09,11532463
TLT,2017/4/13,123.45,123.74,122.91,123.47,8396661
TLT,2017/4/17,123.46,123.55,122.86,123.09,8015015
TLT,2017/4/18,123.86,124.98,123.55,124.7,11529704
TLT,2017/4/19,124.1,124.169,123.7,124.02,7343991
TLT,2017/4/20,123.73,123.92,123.135,123.54,7932918
TLT,2017/4/21,123.82,124.24,123.49,123.54,9798520
TLT,2017/4/24,122.55,123.16,122.46,122.93,8066371
TLT,2017/4/25,122.21,122.46,121.38,121.45,8122253
TLT,2017/4/26,121.52,122.14,121.43,122.12,5766213
TLT,2017/4/27,121.75,122.35,121.58,122.08,4978328
TLT,2017/4/28,121.6,122.435,121.55,122.35,8166295
TLT,2017/5/1,121.69,122.14,120.71,121.08,8795929
TLT,2017/5/2,120.97,121.78,120.94,121.7,6727813
TLT,2017/5/3,122.22,122.39,121.55,121.78,8932912
TLT,2017/5/4,121.01,121.22,120.665,121.18,9707211
TLT,2017/5/5,121.38,121.47,120.89,121.29,5605412
TLT,2017/5/8,121.11,121.14,120.53,120.63,8057780
TLT,2017/5/9,120.38,120.63,120.14,120.62,5536746
TLT,2017/5/10,120.91,121.06,120.16,120.48,6517131
TLT,2017/5/11,120,120.57,119.91,120.48,7479834
TLT,2017/5/12,121.01,121.49,120.98,121.39,7464184
TLT,2017/5/15,121.06,121.21,120.75,121.06,5173188
TLT,2017/5/16,121.11,121.89,121.105,121.51,6722728
TLT,2017/5/17,122.63,123.54,122.385,123.28,11236435
TLT,2017/5/18,123.75,123.94,123.19,123.42,8350484
TLT,2017/5/19,123.36,123.775,123.01,123.71,11277436
TLT,2017/5/22,123.41,123.56,123.26,123.37,4063071
TLT,2017/5/23,123.51,123.62,122.48,122.54,7901311
TLT,2017/5/24,122.8,123.26,122.54,123.23,7468346
TLT,2017/5/25,123.02,123.28,122.76,123.27,6464812
TLT,2017/5/26,123.55,123.74,123.25,123.48,2963919
TLT,2017/5/30,124.03,124.14,123.74,124.09,4819358
TLT,2017/5/31,124.05,124.645,124.03,124.4,8000164
TLT,2017/6/1,123.7,124.19,123.66,124.15,9037271
TLT,2017/6/2,125.22,125.7675,125.05,125.62,13245037
TLT,2017/6/5,124.9,125.16,124.78,124.84,6775466
TLT,2017/6/6,125.69,125.87,125.4,125.52,12841474
TLT,2017/6/7,125.24,125.52,124.79,124.92,12852353
TLT,2017/6/8,124.88,124.88,124.3,124.59,8758621
TLT,2017/6/9,124.08,124.64,123.98,124.4,5130548
TLT,2017/6/12,124.21,124.99,124.139,124.36,4335780
TLT,2017/6/13,124.01,124.52,123.99,124.38,4742571
TLT,2017/6/14,125.92,126.71,125.73,126.3,20212287
TLT,2017/6/15,126.09,126.33,125.83,126.1,5863708
TLT,2017/6/16,126.08,126.44,126.01,126.35,6672543
TLT,2017/6/19,126.32,126.475,126.03,126.17,5641338
TLT,2017/6/20,126.79,127.4,126.79,127.3,8405680
TLT,2017/6/21,127.11,127.645,126.9,127.56,5914825
TLT,2017/6/22,127.71,127.87,127.31,127.84,6608055
TLT,2017/6/23,127.47,127.9,127.4,127.78,4329910
TLT,2017/6/26,128.27,128.57,128.16,128.26,5541628
TLT,2017/6/27,127.43,127.49,126.62,126.89,8354227
TLT,2017/6/28,126.67,126.71,125.98,126.47,7357931
TLT,2017/6/29,125.01,125.72,124.9,125.41,9116011
TLT,2017/6/30,125.19,125.39,124.85,125.12,10189811
TLT,2017/7/3,125,125.04,124.02,124.46,11021117
TLT,2017/7/5,124.2,124.65,124.115,124.49,11394539
TLT,2017/7/6,123.52,123.64,122.93,123.46,10853050
TLT,2017/7/7,122.84,123.03,122.585,122.72,9401813
TLT,2017/7/10,122.87,123.1,122.68,122.9,3859189
TLT,2017/7/11,122.86,123.33,122.71,123.11,4425579
TLT,2017/7/12,123.89,124.04,123.49,123.96,7839923
TLT,2017/7/13,123.6,123.65,122.81,123.18,7449253
TLT,2017/7/14,124.1,124.16,123.12,123.33,6566826
TLT,2017/7/17,123.33,123.99,123.27,123.67,4737647
TLT,2017/7/18,124.43,124.77,124.23,124.75,9163037
TLT,2017/7/19,124.78,125.01,124.59,124.8,5140862
TLT,2017/7/20,125.49,125.73,124.9743,125.16,12239091
TLT,2017/7/21,125.73,126.03,125.57,125.69,6201481
TLT,2017/7/24,125.45,125.66,125.16,125.2,5378534
TLT,2017/7/25,124.14,124.19,123.47,123.57,9743266
TLT,2017/7/26,123.27,124.09,123.08,123.77,8459547
TLT,2017/7/27,123.11,123.38,122.82,123.16,6390798
TLT,2017/7/28,123.27,123.99,123.26,123.89,5491761
TLT,2017/7/31,123.46,124.05,123.4,124.04,5464596
TLT,2017/8/1,123.18,124.71,123.16,124.64,9676842
TLT,2017/8/2,124.77,125.17,124.68,124.71,5745622
TLT,2017/8/3,125.29,126.02,125.26,126,10324510
TLT,2017/8/4,125.15,125.18,124.44,124.93,8485492
TLT,2017/8/7,124.84,125.1,124.607,125.07,4684576
TLT,2017/8/8,124.87,124.98,124.15,124.62,6197386
TLT,2017/8/9,125.925,125.95,125.2,125.3,9221830
TLT,2017/8/10,125.62,126.44,125.52,126.37,10378215
TLT,2017/8/11,125.77,126.46,125.55,126.43,5717807
TLT,2017/8/14,125.99,126.275,125.73,125.78,5111040
TLT,2017/8/15,124.73,125.535,124.71,125.25,7473231
TLT,2017/8/16,124.83,126.02,124.805,125.71,5283779
TLT,2017/8/17,125.7,126.675,125.51,126.65,9364681
TLT,2017/8/18,126.98,127.15,126.26,126.62,8382502
TLT,2017/8/21,126.77,127.02,126.5,126.93,7669826
TLT,2017/8/22,126.79,126.805,126.27,126.44,6140708
TLT,2017/8/23,127.04,127.31,126.76,127.3,7446363
TLT,2017/8/24,126.88,127.31,126.72,126.83,5569401
TLT,2017/8/25,127.02,127.45,126.87,127.32,7303300
TLT,2017/8/28,126.92,127.39,126.73,127.24,4448548
TLT,2017/8/29,128.46,128.5225,127.31,127.65,7659555
TLT,2017/8/30,127.46,127.74,127.34,127.61,4735194
TLT,2017/8/31,127.64,128.03,127.57,127.99,7978406
TLT,2017/9/1,127.31,127.34,126.43,126.75,14128576
TLT,2017/9/5,127.69,128.8,127.69,128.76,15220687
TLT,2017/9/6,128.72,129,127.74,127.97,9066915
TLT,2017/9/7,128.33,129.565,128.33,129.28,13618862
TLT,2017/9/8,129.11,129.16,128.57,129,9808531
TLT,2017/9/11,127.87,128.05,127.26,127.46,17856690
TLT,2017/9/12,127.045,127.089,126.53,126.79,7557437
TLT,2017/9/13,126.91,126.92,126.28,126.29,6740040
TLT,2017/9/14,126.37,126.83,126.33,126.81,6674530
TLT,2017/9/15,127,127.01,126.54,126.86,9769178
TLT,2017/9/18,126.5,126.57,125.84,126.13,6862991
TLT,2017/9/19,126.28,126.31,125.73,125.82,5554948
TLT,2017/9/20,125.97,126.05,125.33,125.91,8036991
TLT,2017/9/21,126.16,126.555,125.82,125.84,6147895
TLT,2017/9/22,126.5,126.73,126.06,126.2,5660664
TLT,2017/9/25,126.32,127.27,126.2,126.99,9679004
TLT,2017/9/26,126.77,126.885,126.43,126.76,7251877
TLT,2017/9/27,124.87,125.3,124.61,124.85,12145700
TLT,2017/9/28,124.21,124.65,123.97,124.48,8883733
TLT,2017/9/29,124.76,125.03,124.27,124.76,11285465
TLT,2017/10/2,124.81,125,124.24,124.28,7860723
TLT,2017/10/3,123.92,124.51,123.915,124.4,6219818
TLT,2017/10/4,124.53,124.59,123.88,124.41,7446965
TLT,2017/10/5,124.27,124.3,123.69,123.94,8180271
TLT,2017/10/6,123.29,124.1,123.03,123.59,10375026
TLT,2017/10/9,123.78,124.06,123.64,123.98,3590926
TLT,2017/10/10,124.14,124.87,124.02,124.18,6666768
TLT,2017/10/11,124.57,124.66,124.26,124.42,4385859
TLT,2017/10/12,124.55,124.98,124.24,124.95,7141586
TLT,2017/10/13,125.58,125.94,125.165,125.85,7747000
TLT,2017/10/16,125.53,125.9,125.38,125.76,5737322
TLT,2017/10/17,125.39,126.09,125.39,125.92,4969626
TLT,2017/10/18,125.05,125.18,124.68,125.09,5943823
TLT,2017/10/19,125.74,126.01,125.27,125.31,8966467
TLT,2017/10/20,124,124.28,123.64,123.98,12326907
TLT,2017/10/23,124.16,124.49,124.02,124.2,6871125
TLT,2017/10/24,123.37,123.69,123.15,123.43,6842843
TLT,2017/10/25,122.53,122.98,122.42,122.84,9961406
TLT,2017/10/26,123.06,123.06,122.43,122.43,8179440
TLT,2017/10/27,122.94,123.325,122.75,123.24,10480857
TLT,2017/10/30,123.86,124.46,123.56,124.42,9051612
TLT,2017/10/31,124.53,124.6589,124.4,124.46,4424322
TLT,2017/11/1,124.35,125.14,124.3,124.75,8940443
TLT,2017/11/2,125,125.52,124.92,125.3,7222693
TLT,2017/11/3,125.47,125.7,125.14,125.64,10984056
TLT,2017/11/6,125.93,126.22,125.7192,126.11,6246719
TLT,2017/11/7,126.23,126.78,126.13,126.64,6422666
TLT,2017/11/8,126.59,126.8,126.21,126.36,3356399
TLT,2017/11/9,125.87,126.24,125.55,126,6280364
TLT,2017/11/10,124.71,124.84,123.96,124.1,11980950
TLT,2017/11/13,124.8,124.81,124.31,124.36,5880784
TLT,2017/11/14,124.77,125.24,124.77,125.2,6195891
TLT,2017/11/15,126.06,126.665,125.64,126.56,9568163
TLT,2017/11/16,126.01,126.33,125.445,125.46,5894944
TLT,2017/11/17,126.07,126.44,125.96,126.39,6938792
TLT,2017/11/20,125.91,126.38,125.91,126.34,4232349
TLT,2017/11/21,127.09,127.29,126.31,126.74,5818422
TLT,2017/11/22,126.62,127.2048,126.51,127.15,4140708
TLT,2017/11/24,126.93,127.03,126.69,126.8,3141388
TLT,2017/11/27,126.86,127.05,126.42,126.62,6079853
TLT,2017/11/28,126.77,127.18,126.47,126.79,5983021
TLT,2017/11/29,125.56,125.68,125.1031,125.54,14547146
TLT,2017/11/30,125.31,125.52,124.4399,125.12,9630008
TLT,2017/12/1,125.87,127.69,125.1,126.55,24583127
TLT,2017/12/4,125.92,126.67,125.81,126.61,9609316
TLT,2017/12/5,126.47,127.5,126.45,127.24,10958930
TLT,2017/12/6,127.87,128.23,127.655,127.68,11834449
TLT,2017/12/7,127.93,128.1,126.3,126.68,13056807
TLT,2017/12/8,126.59,126.74,126.235,126.69,4786306
TLT,2017/12/11,126.86,127.085,126.41,126.43,3863802
TLT,2017/12/12,126.17,126.41,125.67,126.38,7502439
TLT,2017/12/13,126.81,127.39,126.59,127.33,8532859
TLT,2017/12/14,127.05,127.98,126.7866,127.87,6884986
TLT,2017/12/15,127.81,128.585,127.56,128.35,7239398
TLT,2017/12/18,127.97,128,126.91,127.18,7239706
TLT,2017/12/19,126.32,126.38,125.07,125.53,11045782
TLT,2017/12/20,124.31,124.71,123.95,124.14,10005783
TLT,2017/12/21,124.03,124.86,124,124.6,7026878
TLT,2017/12/22,124.7,124.84,124.53,124.77,3974571
TLT,2017/12/26,124.98,125.53,124.97,125.14,3168442
TLT,2017/12/27,125.71,126.9805,125.7,126.77,9059659
TLT,2017/12/28,126.53,126.83,126.37,126.66,5297264
TLT,2017/12/29,126.5,127.12,126.475,126.86,7580515
TLT,2018/1/2,126.49,126.51,125.07,125.49,16238206
TLT,2018/1/3,126,126.2,125.49,126.09,8605121
TLT,2018/1/4,125.65,126.16,125.37,126.07,9217876
TLT,2018/1/5,125.87,126.18,125.36,125.71,10915437
TLT,2018/1/8,125.99,126.03,125.17,125.63,8850576
TLT,2018/1/9,124.81,124.83,123.81,123.95,16226402
TLT,2018/1/10,122.81,123.93,122.66,123.8,14302604
TLT,2018/1/11,123.51,124.59,123.31,124.31,12511001
TLT,2018/1/12,124.1,124.79,123.91,124.52,9987129
TLT,2018/1/16,125.17,125.28,124.56,125.04,9125890
TLT,2018/1/17,125.08,125.64,124.595,124.87,8326973
TLT,2018/1/18,123.93,124.27,123.535,123.71,10843892
TLT,2018/1/19,123.4,123.56,122.98,123.06,11374309
TLT,2018/1/22,123.45,123.71,122.99,123.18,8985125
TLT,2018/1/23,123.81,124.2,123.24,123.71,12325687
TLT,2018/1/24,122.85,123.13,122.535,123.04,9038909
TLT,2018/1/25,123.16,124.15,122.8,124.05,12173297
TLT,2018/1/26,123.88,123.91,123.1,123.59,6462945
TLT,2018/1/29,122.97,122.97,122.3,122.73,12223038
TLT,2018/1/30,122.28,122.37,121.7,122.01,12064454
TLT,2018/1/31,122.87,122.93,121.94,122.73,18045079
TLT,2018/2/1,122.48,122.53,120.625,120.7,18632780
TLT,2018/2/2,120.15,120.26,119.24,119.58,23944423
TLT,2018/2/5,119.17,121.82,118.64,120.71,28606241
TLT,2018/2/6,120.42,120.87,119.72,119.96,10935439
TLT,2018/2/7,120.13,120.33,118.56,118.82,16271063
TLT,2018/2/8,118.01,119.18,117.85,118.69,15155094
TLT,2018/2/9,118.11,119.09,117.7901,117.94,15661576
TLT,2018/2/12,118.56,119.3,118.19,118.46,10944598
TLT,2018/2/13,118.61,119.0101,118.39,118.99,8157569
TLT,2018/2/14,118.46,118.54,117.47,117.67,12043313
TLT,2018/2/15,118.19,118.7964,117.99,118.07,8222416
TLT,2018/2/16,119.04,119.21,118.34,118.71,8454089
TLT,2018/2/20,118.28,118.51,117.78,118.19,8268822
TLT,2018/2/21,118.24,118.29,116.51,116.74,12054315
TLT,2018/2/22,117.24,117.66,117,117.09,9317852
TLT,2018/2/23,117.88,118.31,117.72,118.13,9072850
TLT,2018/2/26,118.68,118.91,118.04,118.17,8771646
TLT,2018/2/27,118.52,118.66,117.26,118,12525659
TLT,2018/2/28,118.47,118.8301,118.25,118.75,9311606
TLT,2018/3/1,118.43,119.62,118.15,119.32,12287700
TLT,2018/3/2,118.85,118.93,118.121,118.35,10064302
TLT,2018/3/5,118.75,118.8,117.63,118.03,5658174
TLT,2018/3/6,118.36,118.68,118.12,118.14,5452045
TLT,2018/3/7,118.57,118.68,117.955,118.01,4461757
TLT,2018/3/8,118.31,118.99,118.26,118.69,7086716
TLT,2018/3/9,117.99,118.269,117.59,117.91,6570366
TLT,2018/3/12,118.31,118.66,118.19,118.59,5801739
TLT,2018/3/13,118.98,119.3678,118.5,119.19,7455302
TLT,2018/3/14,119.4,120.4,119.37,120.24,10175049
TLT,2018/3/15,120.17,120.49,119.93,120.24,6757935
TLT,2018/3/16,119.8,120.01,119.55,119.81,6084329
TLT,2018/3/19,119.21,119.97,119.2,119.43,8491173
TLT,2018/3/20,118.91,119.22,118.83,118.95,5445971
TLT,2018/3/21,118.66,119.42,118.11,119.08,9742409
TLT,2018/3/22,120.31,120.82,119.67,120.26,12136574
TLT,2018/3/23,119.68,120.31,119.62,120.17,7250408
TLT,2018/3/26,120,120.45,119.67,119.71,8237947
TLT,2018/3/27,119.83,121.12,119.81,120.99,9168508
TLT,2018/3/28,121.45,121.64,120.945,121.31,7412538
TLT,2018/3/29,121.54,122.29,121.51,121.9,9694323
TLT,2018/4/2,121.35,122.3573,121.16,121.88,12036489
TLT,2018/4/3,121.36,121.475,120.83,120.94,9855032
TLT,2018/4/4,121.35,121.46,120.6,120.69,6654312
TLT,2018/4/5,120.1,120.27,119.77,119.79,7603733
TLT,2018/4/6,120.66,121.15,120.2199,121.1,8831225
TLT,2018/4/9,120.64,121.3,120.35,121.3,6307525
TLT,2018/4/10,121.2,121.38,120.78,121.08,6048601
TLT,2018/4/11,121.85,121.89,121.27,121.51,5901296
TLT,2018/4/12,121.04,121.07,120.41,120.62,6622829
TLT,2018/4/13,120.52,121.13,120.5,120.9,4963954
TLT,2018/4/16,120.23,120.97,120.18,120.94,4491254
TLT,2018/4/17,120.92,121.58,120.82,121.27,5590360
TLT,2018/4/18,121.29,121.34,120.28,120.3,8138401
TLT,2018/4/19,119.42,119.53,118.81,119.32,9875870
TLT,2018/4/20,118.89,119.13,118.4314,118.46,7579370
TLT,2018/4/23,118.33,118.62,118.08,118.49,7073216
TLT,2018/4/24,118.21,118.45,117.7608,117.95,8190786
TLT,2018/4/25,117.41,117.65,116.94,117.16,6603780
TLT,2018/4/26,117.73,118.13,117.59,117.98,6528572
TLT,2018/4/27,118.47,118.95,118.44,118.89,5402102
TLT,2018/4/30,119.08,119.56,118.94,119.1,8321071
TLT,2018/5/1,118.77,118.84,118.23,118.41,7979321
TLT,2018/5/2,118.64,118.8692,118.2599,118.28,4644051
TLT,2018/5/3,118.84,119.31,118.68,118.81,6345335
TLT,2018/5/4,119.23,119.23,118.49,118.99,4283487
TLT,2018/5/7,118.97,119.0152,118.735,118.8,3647906
TLT,2018/5/8,118.55,119,118.3,118.69,6091243
TLT,2018/5/9,118.12,118.42,117.98,117.98,7832538
TLT,2018/5/10,118.55,118.98,118.35,118.93,7101525
TLT,2018/5/11,119.32,119.36,118.82,119.23,4273364
TLT,2018/5/14,118.8,118.99,118.59,118.6,4996183
TLT,2018/5/15,117.56,117.58,116.7,117.25,12901003
TLT,2018/5/16,117.42,117.53,116.79,116.8,6518040
TLT,2018/5/17,116.63,116.82,116.09,116.21,7330707
TLT,2018/5/18,116.51,117.29,116.51,117.21,9606468
TLT,2018/5/21,117.13,117.38,116.95,117.27,4448525
TLT,2018/5/22,117.29,117.345,116.851,117.09,4700736
TLT,2018/5/23,117.75,118.11,117.6552,117.94,9633993
TLT,2018/5/24,118.69,119.055,118.6408,118.88,8204131
TLT,2018/5/25,119.56,119.84,119.465,119.62,8482823
TLT,2018/5/29,120.79,122.52,120.4261,122.24,21668143
TLT,2018/5/30,121,121.4799,120.74,121.42,11616340
TLT,2018/5/31,121.56,121.98,120.95,121.22,10769941
TLT,2018/6/1,120.17,120.705,119.85,120.3,8718753
TLT,2018/6/4,120.11,120.14,119.37,119.43,7156542
TLT,2018/6/5,119.96,120.16,119.62,119.71,5635865
TLT,2018/6/6,119.08,119.1,118.42,118.74,7813347
TLT,2018/6/7,118.69,120.49,118.68,119.89,13238306
TLT,2018/6/8,119.56,119.85,119.44,119.53,6790574
TLT,2018/6/11,119.07,119.391,118.94,119.31,6844224
TLT,2018/6/12,118.93,119.46,118.89,119.34,6048154
TLT,2018/6/13,119.45,119.64,118.63,119.28,8834656
TLT,2018/6/14,119.78,120.3,119.48,120.27,10078771
TLT,2018/6/15,120.83,121.09,120.3,120.38,7992758
TLT,2018/6/18,120.48,120.56,120.04,120.27,4893710
TLT,2018/6/19,120.97,121.23,120.7,120.97,6133301
TLT,2018/6/20,120.77,120.788,119.9,119.91,6879114
TLT,2018/6/21,120.36,120.75,120.22,120.54,7235850
TLT,2018/6/22,120.09,120.62,120.06,120.53,4082473
TLT,2018/6/25,120.66,121.11,120.64,120.8,8363674
TLT,2018/6/26,120.77,121.0299,120.66,120.97,5450031
TLT,2018/6/27,121.75,122.18,121.55,122.11,8173837
TLT,2018/6/28,122.13,122.2452,121.83,122.14,7109543
TLT,2018/6/29,122.17,122.5,121.65,121.72,11164777
TLT,2018/7/2,121.74,121.75,121.2901,121.35,9661972
TLT,2018/7/3,121.53,122.03,121.53,122,3808806
TLT,2018/7/5,122.06,122.53,122.01,122.35,3860359
TLT,2018/7/6,122.75,122.92,122.48,122.75,4679906
TLT,2018/7/9,122.07,122.21,121.9,121.96,5952743
TLT,2018/7/10,121.87,122.13,121.81,121.95,5759682
TLT,2018/7/11,122.45,122.55,122.09,122.42,6869150
TLT,2018/7/12,122.17,122.47,122.14,122.41,4824734
TLT,2018/7/13,122.61,122.87,122.47,122.72,4078970
TLT,2018/7/16,122.21,122.285,121.639,122.21,5517099
TLT,2018/7/17,122.29,122.39,121.9,121.98,3764341
TLT,2018/7/18,122.02,122.04,121.39,121.49,6329961
TLT,2018/7/19,121.8,122.45,121.77,122.26,6166739
TLT,2018/7/20,121.58,121.59,120.7,120.76,10469693
TLT,2018/7/23,120.38,120.38,119.18,119.27,11571846
TLT,2018/7/24,119.28,119.815,119.14,119.68,9053492
TLT,2018/7/25,120.02,120.26,119.26,119.49,7357068
TLT,2018/7/26,119.71,119.88,119.16,119.26,6821057
TLT,2018/7/27,119.85,119.87,119.4,119.46,4542059
TLT,2018/7/30,118.99,119.405,118.97,119.05,7111165
TLT,2018/7/31,119.79,119.86,119.555,119.7,6797432
TLT,2018/8/1,118.285,118.835,118.07,118.46,13312687
TLT,2018/8/2,118.62,118.74,118.3,118.63,4451078
TLT,2018/8/3,118.83,119.29,118.81,119.22,6162443
TLT,2018/8/6,119.54,119.84,119.27,119.29,4200296
TLT,2018/8/7,119.03,119.1,118.57,118.67,5346872
TLT,2018/8/8,118.66,119.025,118.61,118.79,5641629
TLT,2018/8/9,119.23,119.83,119.12,119.79,7144257
TLT,2018/8/10,120.37,121.05,120.28,120.66,8457940
TLT,2018/8/13,120.25,120.7,120.21,120.41,7923199
TLT,2018/8/14,120.54,120.56,120.03,120.14,4251313
TLT,2018/8/15,120.66,121.13,120.57,120.84,7649988
TLT,2018/8/16,120.81,120.93,120.28,120.83,5400385
TLT,2018/8/17,121.09,121.3858,120.75,120.98,3537626
TLT,2018/8/20,121.64,121.91,121.535,121.79,5604121
TLT,2018/8/21,121.37,121.53,121.065,121.38,4695004
TLT,2018/8/22,122,122.0535,121.58,121.86,5309599
TLT,2018/8/23,122,122.13,121.78,122.05,5329024
TLT,2018/8/24,121.62,122.33,121.49,122.29,6092150
TLT,2018/8/27,121.78,121.87,121.52,121.59,6407403
TLT,2018/8/28,121,121.09,120.6812,120.86,4929337
TLT,2018/8/29,120.94,121.145,120.615,121.02,5613329
TLT,2018/8/30,121.31,121.46,121.08,121.28,5302865
TLT,2018/8/31,121.89,121.92,120.89,120.995,9677540
TLT,2018/9/4,119.96,120.095,119.75,120.03,18343553
TLT,2018/9/5,119.76,119.9,119.5464,119.71,9422630
TLT,2018/9/6,119.76,120.4,119.6947,120.15,9566047
TLT,2018/9/7,119.33,119.4,118.99,119.13,11212607
TLT,2018/9/10,119.17,119.6,119.17,119.57,6386352
TLT,2018/9/11,119.08,119.17,118.6,118.66,5440021
TLT,2018/9/12,119.05,119.17,118.9,118.94,3347210
TLT,2018/9/13,119.34,119.57,118.98,119.12,4833033
TLT,2018/9/14,118.41,118.91,118.2999,118.55,5579455
TLT,2018/9/17,118.18,118.82,118.12,118.55,5432961
TLT,2018/9/18,118.06,118.065,117.16,117.31,10182303
TLT,2018/9/19,117.105,117.11,116.19,116.61,13379645
TLT,2018/9/20,116.58,117.3,116.47,117.15,8657325
TLT,2018/9/21,116.87,117.275,116.84,117.1,6173846
TLT,2018/9/24,116.74,117.27,116.72,116.8,5505769
TLT,2018/9/25,116.48,116.74,116.4,116.68,6650853
TLT,2018/9/26,116.93,117.58,116.66,117.5,9512864
TLT,2018/9/27,117.24,117.65,117.1,117.58,5758577
TLT,2018/9/28,117.85,117.91,117.22,117.27,12807703
TLT,2018/10/1,116.66,116.83,116.12,116.15,22442374
TLT,2018/10/2,116.67,117.13,116.6,116.86,8266949
TLT,2018/10/3,116.27,116.36,114.24,114.83,20829180
TLT,2018/10/4,114.13,114.39,113.71,114.02,16207617
TLT,2018/10/5,113.39,113.72,112.62,113.04,18096505
TLT,2018/10/8,112.99,113.11,112.64,112.66,5855890
TLT,2018/10/9,113.14,113.85,113.07,113.8,11530860
TLT,2018/10/10,113.14,113.575,112.785,113.49,15290066
TLT,2018/10/11,114,115.15,113.79,114.87,16087021
TLT,2018/10/12,114.39,115.01,114.28,114.47,6794138
TLT,2018/10/15,114.66,114.8168,114.29,114.42,7146281
TLT,2018/10/16,114.39,114.72,114.16,114.68,4762322
TLT,2018/10/17,114.66,114.785,113.98,114,5880696
TLT,2018/10/18,113.62,114.39,113.55,113.96,5728828
TLT,2018/10/19,113.85,113.95,113.4103,113.71,10892437
TLT,2018/10/22,113.95,114.08,113.53,113.56,3244179
TLT,2018/10/23,114.76,115.02,113.84,113.92,10330735
TLT,2018/10/24,114.36,114.82,114.24,114.78,16008012
TLT,2018/10/25,114.54,114.74,114.23,114.3,12613470
TLT,2018/10/26,114.93,115.32,114.79,114.99,18582470
TLT,2018/10/29,114.84,115.02,114.26,114.73,7679887
TLT,2018/10/30,114.26,114.54,114.02,114.16,9939616
TLT,2018/10/31,113.74,113.96,113.21,113.58,8706583
TLT,2018/11/1,112.85,113.56,112.8399,113.41,6100276
TLT,2018/11/2,113.17,113.26,111.9,112,11315059
TLT,2018/11/5,112.48,112.71,112.35,112.44,4760223
TLT,2018/11/6,112.6,112.73,112.3333,112.37,3159875
TLT,2018/11/7,113.19,113.4,112.409,112.52,9313311
TLT,2018/11/8,112.96,112.97,112.41,112.51,6905193
TLT,2018/11/9,112.75,113.4967,112.72,113.35,6465323
TLT,2018/11/12,113.95,114.31,113.91,114.09,6840265
TLT,2018/11/13,113.71,114.02,113.4845,114.02,6525830
TLT,2018/11/14,113.48,114.52,113.3,114.09,8690822
TLT,2018/11/15,114.44,114.54,113.68,114.04,7879799
TLT,2018/11/16,114.2,114.81,113.92,114.7,9236764
TLT,2018/11/19,114.41,115.02,114.41,115.02,7027204
TLT,2018/11/20,115.24,115.46,114.93,115.06,6332804
TLT,2018/11/21,114.89,115.09,114.54,115.02,4951058
TLT,2018/11/23,115.67,115.76,115.09,115.14,3027861
TLT,2018/11/26,114.86,115.06,114.78,114.88,6599041
TLT,2018/11/27,114.81,115.25,114.76,115.01,5967245
TLT,2018/11/28,114.85,115.02,114.36,114.45,7814288
TLT,2018/11/29,114.92,115.25,114.59,114.9,7295627
TLT,2018/11/30,115.31,115.42,114.98,115.33,9126693
TLT,2018/12/3,114.68,115.88,114.66,115.88,9763851
TLT,2018/12/4,116.81,118.67,116.625,117.82,18100549
TLT,2018/12/6,118.54,119.2,118.13,118.19,15319440
TLT,2018/12/7,117.81,118.53,117.52,118.41,8608467
TLT,2018/12/10,118.87,119.28,118.44,118.9,8777672
TLT,2018/12/11,118.97,119.38,118.61,118.88,8071952
TLT,2018/12/12,118.58,118.72,118.24,118.35,6182206
TLT,2018/12/13,118.46,118.58,117.98,118.07,5564328
TLT,2018/12/14,118.55,118.77,118.22,118.48,8169221
TLT,2018/12/17,118.59,119.3,118.58,119.17,9726781
TLT,2018/12/18,119.07,119.785,118.94,119.6,10019103
TLT,2018/12/19,120.11,121.66,119.92,121.18,23046272
TLT,2018/12/20,122.01,122.03,120.67,120.74,18543731
TLT,2018/12/21,121.14,121.21,120.39,120.72,9945103
TLT,2018/12/24,121.13,121.42,120.91,121.32,8377482
TLT,2018/12/26,120.99,121.39,119.97,120.02,11700412
TLT,2018/12/27,121.26,121.38,119.98,120.04,12146772
TLT,2018/12/28,120.4,121.05,120.29,121.05,9879116
TLT,2018/12/31,120.65,121.56,120.46,121.51,17408971
TLT,2019/1/2,121.66,122.16,121.3401,122.15,19841527
TLT,2019/1/3,122.29,123.86,122.2267,123.54,21187045
TLT,2019/1/4,122.34,122.56,121.65,122.11,12970226
TLT,2019/1/7,122.62,122.65,121.62,121.75,8498104
TLT,2019/1/8,121.69,121.94,121.39,121.43,7737103
TLT,2019/1/9,121.26,121.43,120.795,121.24,9349245
TLT,2019/1/10,121.28,121.41,120.34,120.46,8222860
TLT,2019/1/11,120.83,121.27,120.68,120.93,5786934
TLT,2019/1/14,120.9,121.01,120.2416,120.48,6730681
TLT,2019/1/15,120.56,120.57,119.95,120.04,8997352
TLT,2019/1/16,119.59,120.39,119.51,120.16,6048446
TLT,2019/1/17,120.22,120.53,119.89,120.19,8153350
TLT,2019/1/18,119.84,120.12,119.385,119.56,14106447
TLT,2019/1/22,120.31,120.72,120.07,120.37,8881133
TLT,2019/1/23,119.88,120.62,119.83,120.32,5776907
TLT,2019/1/24,120.91,121.26,120.71,121.11,7121480
TLT,2019/1/25,120.59,120.75,120.32,120.53,6460820
TLT,2019/1/28,120.54,120.94,120.41,120.41,6435820
TLT,2019/1/29,120.53,121.04,120.39,121.02,5750177
TLT,2019/1/30,120.84,120.98,120.33,120.93,10571325
TLT,2019/1/31,121.55,122.18,121.5,121.97,11843413
TLT,2019/2/1,121.48,121.57,120.8446,120.96,12024576
TLT,2019/2/4,120.44,120.55,120.02,120.42,8966375
TLT,2019/2/5,120.73,121.23,120.66,120.97,6983255
TLT,2019/2/6,121.36,121.41,120.73,121.03,5184018
TLT,2019/2/7,121.46,121.91,121.23,121.83,8781040
TLT,2019/2/8,122.26,122.47,122.07,122.35,5885427
TLT,2019/2/11,121.86,122.18,121.75,121.87,4353004
TLT,2019/2/12,121.66,121.75,121.2,121.555,7939591
TLT,2019/2/13,121.15,121.39,120.91,121.1,4757681
TLT,2019/2/14,122.14,122.2,121.58,121.79,5868918
TLT,2019/2/15,121.56,122.02,121.54,121.98,5527244
TLT,2019/2/19,122.42,122.54,121.95,122.29,5872819
TLT,2019/2/20,121.95,122.08,121.59,121.94,4455832
TLT,2019/2/21,121.07,121.16,120.7,120.85,7382942
TLT,2019/2/22,121.47,121.945,121.42,121.57,6374560
TLT,2019/2/25,121.17,121.3,120.92,121.21,6293534
TLT,2019/2/26,121.73,121.82,121.36,121.81,6028892
TLT,2019/2/27,121.12,121.13,120.2799,120.43,7737411
TLT,2019/2/28,120.56,120.62,119.71,120.02,9533457
TLT,2019/3/1,119.33,119.53,118.64,118.66,13541090
TLT,2019/3/4,119.29,119.77,119.06,119.59,9808468
TLT,2019/3/5,119.28,119.87,119.27,119.84,5595345
TLT,2019/3/6,119.92,120.52,119.89,120.28,7766707
TLT,2019/3/7,120.64,121.26,120.61,121.06,8187227
TLT,2019/3/8,121.12,121.69,120.845,121.57,7517600
TLT,2019/3/11,121.4,121.42,120.98,121.21,5158011
TLT,2019/3/12,121.3,122.23,121.255,122.06,6422386
TLT,2019/3/13,121.66,121.96,121.62,121.83,4386732
TLT,2019/3/14,121.69,121.76,120.92,120.95,8188564
TLT,2019/3/15,121.74,121.95,121.4,121.75,4302045
TLT,2019/3/18,121.57,121.87,121.5169,121.68,3893364
TLT,2019/3/19,121.09,121.615,120.89,121.41,5220325
TLT,2019/3/20,121.74,122.85,121.73,122.68,10123663
TLT,2019/3/21,122.96,123.09,122.74,122.95,7182572
TLT,2019/3/22,124.21,125.28,124.06,124.86,13077043
TLT,2019/3/25,124.81,125.94,124.5099,125.06,9736593
TLT,2019/3/26,124.7,125.29,124.62,124.97,7502260
TLT,2019/3/27,125.42,126.34,125.31,126.12,14207179
TLT,2019/3/28,126.25,126.69,126.01,126.56,9143238
TLT,2019/3/29,125.68,126.47,125.64,126.44,10841631
TLT,2019/4/1,125.29,125.3565,124.19,124.37,16501475
TLT,2019/4/2,124.48,124.7369,124.245,124.6,9725032
TLT,2019/4/3,123.61,123.87,123.37,123.52,10407417
TLT,2019/4/4,123.6,123.89,123.44,123.87,7503361
TLT,2019/4/5,123.62,124.17,123.58,124.03,6322026
TLT,2019/4/8,123.83,123.95,123.52,123.59,4446429
TLT,2019/4/9,124.22,124.335,123.77,123.98,7020320
TLT,2019/4/10,124.27,124.52,124.1,124.28,7519916
TLT,2019/4/11,123.93,124.02,123.41,123.55,8679319
TLT,2019/4/12,122.89,123.06,122.63,122.67,7005541
TLT,2019/4/15,122.775,122.99,122.72,122.98,3070036
TLT,2019/4/16,122.51,122.63,122.14,122.21,8927558
TLT,2019/4/17,122.13,122.5701,122.11,122.26,6118702
TLT,2019/4/18,122.81,123.1,122.78,122.9,27589692
TLT,2019/4/22,122.47,122.57,122.235,122.31,6241353
TLT,2019/4/23,122.61,122.7,122.39,122.57,6239726
TLT,2019/4/24,123.11,123.59,123.09,123.57,7302206
TLT,2019/4/25,123.49,123.62,123.1,123.39,5380867
TLT,2019/4/26,123.98,124.02,123.64,123.81,5950651
TLT,2019/4/29,123.23,123.35,122.85,123.02,10246172
TLT,2019/4/30,122.95,123.74,122.93,123.65,7957662
TLT,2019/5/1,123.69,124.45,123.6,123.9,14372113
TLT,2019/5/2,123.68,123.81,123.04,123.31,6613062
TLT,2019/5/3,123.66,123.875,123.37,123.66,6191750
TLT,2019/5/6,124.31,124.38,123.925,124,4482690
TLT,2019/5/7,124.53,125.14,124.39,124.95,8984929
TLT,2019/5/8,125.15,125.2999,124.3,124.41,6907690
TLT,2019/5/9,125.11,125.3,124.31,124.92,9412288
TLT,2019/5/10,124.89,125.45,124.59,124.75,6037925
TLT,2019/5/13,125.4,125.93,125.25,125.73,10501611
TLT,2019/5/14,125.51,125.65,125.2,125.36,5690447
TLT,2019/5/15,126.21,126.27,125.77,126.13,9566544
TLT,2019/5/16,125.81,125.83,125.53,125.71,7666369
TLT,2019/5/17,126.28,126.3,125.69,125.99,4747076
TLT,2019/5/20,126.12,126.38,125.65,125.73,6043112
TLT,2019/5/21,125.6,125.72,125.3,125.53,4022162
TLT,2019/5/22,125.77,126.33,125.72,126.25,5675312
TLT,2019/5/23,126.89,128.09,126.88,127.67,9743687
TLT,2019/5/24,127.56,127.78,127.39,127.78,4981893
TLT,2019/5/28,128.27,128.9,128.085,128.79,8098871
TLT,2019/5/29,129.67,129.9,129,129.09,13260571
TLT,2019/5/30,129.33,130.23,128.8852,130.2,13024761
TLT,2019/5/31,130.9,131.9,130.81,131.83,18933634
TLT,2019/6/3,131.91,132.58,131.55,132.44,17822448
TLT,2019/6/4,131.39,131.76,130.55,130.93,14250018
TLT,2019/6/5,130.52,130.95,130.12,130.19,8815195
TLT,2019/6/6,130.97,131.59,130.32,130.61,9621094
TLT,2019/6/7,131.79,132.07,131.438,131.74,11378665
TLT,2019/6/10,130.68,130.704,130.32,130.5,8289092
TLT,2019/6/11,130.42,130.76,130.32,130.58,5115128
TLT,2019/6/12,130.39,130.75,130.3,130.68,5278799
TLT,2019/6/13,130.8,131.25,130.79,131.13,5560844
TLT,2019/6/14,131.1,131.71,131.09,131.46,5838794
TLT,2019/6/17,131.39,131.76,131.13,131.69,6046416
TLT,2019/6/18,132.74,132.86,131.945,132.35,10320696
TLT,2019/6/19,131.86,132.72,131.58,132.54,11962501
TLT,2019/6/20,132.91,133.505,132.59,132.89,10721526
TLT,2019/6/21,132.51,132.53,131.375,131.43,14495149
TLT,2019/6/24,132.16,132.53,132.079,132.41,6378869
TLT,2019/6/25,132.79,133.09,132.72,132.82,9604623
TLT,2019/6/26,132.68,132.7,131.88,131.97,12766810
TLT,2019/6/27,132.31,133.09,131.99,132.9,9724166
TLT,2019/6/28,132.58,133.08,132.4458,132.81,8149205
TLT,2019/7/1,132.57,132.75,131.591,132.24,14141551
TLT,2019/7/2,132.57,133.39,132.46,133.26,10495462
TLT,2019/7/3,133.52,134.29,133.51,134.21,5380269
TLT,2019/7/5,132.54,132.55,131.67,132.43,12180126
TLT,2019/7/8,133.05,133.22,132.61,132.61,6489997
TLT,2019/7/9,132.68,132.71,132.16,132.56,6216115
TLT,2019/7/10,132.35,132.435,131.51,131.83,9470193
TLT,2019/7/11,131.31,131.41,129.76,130.07,14126804
TLT,2019/7/12,129.92,130.45,129.68,130.22,6992095
TLT,2019/7/15,130.45,131.05,130.45,130.97,6055917
TLT,2019/7/16,130.17,130.6,129.955,130.58,6172721
TLT,2019/7/17,131.06,132.0184,131.05,131.99,9662156
TLT,2019/7/18,131.47,132.32,131.24,132,5725713
TLT,2019/7/19,131.59,131.93,131.505,131.69,5804843
TLT,2019/7/22,132.47,132.49,131.7439,131.94,5204504
TLT,2019/7/23,131.6,131.74,130.965,131.22,8108940
TLT,2019/7/24,131.6,131.897,131.465,131.79,6389664
TLT,2019/7/25,131.25,131.41,130.51,131.16,8893057
TLT,2019/7/26,131.7,131.78,131.25,131.47,6188692
TLT,2019/7/29,131.82,131.9499,131.395,131.51,6231836
TLT,2019/7/30,132,132.1,131.43,131.83,5678475
TLT,2019/7/31,131.7,133.33,131.66,132.89,15798745
TLT,2019/8/1,133.39,135.39,133.26,135.26,26665016
TLT,2019/8/2,135.66,136.51,135.4,136.51,15143050
TLT,2019/8/5,138.14,138.89,137.66,138.87,18542993
TLT,2019/8/6,138.2,139.98,138.085,139.98,12747356
TLT,2019/8/7,142.4,143.06,139.78,140.03,32582045
TLT,2019/8/8,139.14,140.43,137.98,140.33,14745985
TLT,2019/8/9,140.67,141.55,139.87,140.05,10625972
TLT,2019/8/12,141.72,143.43,141.5115,142.97,14094307
TLT,2019/8/13,143.81,143.9116,141.95,142.48,16099485
TLT,2019/8/14,145.16,145.7261,144.71,145.69,15068949
TLT,2019/8/15,145.95,148.6,145.58,147.31,23732522
TLT,2019/8/16,146.06,146.51,144.84,146.13,17649776
TLT,2019/8/19,143.57,144.66,143.515,144.04,13615286
TLT,2019/8/20,145.28,145.6225,144.84,145.53,7451608
TLT,2019/8/21,144.72,145.79,144.285,144.56,9372115
TLT,2019/8/22,144,144.7,143.48,143.6,13880305
TLT,2019/8/23,143.52,146.27,143.43,145.96,16194116
TLT,2019/8/26,145.87,146.29,145.29,145.37,12174799
TLT,2019/8/27,146.63,147.72,146.48,147.61,11332754
TLT,2019/8/28,148.78,148.9,147.66,147.8,10097776
TLT,2019/8/29,147.25,147.34,146.13,147.24,8884955
TLT,2019/8/30,146.61,147.48,146.36,147.28,13550909
TLT,2019/9/3,147.09,148.67,146.57,147.21,15662954
TLT,2019/9/4,146.53,147.62,146.48,147.43,7962232
TLT,2019/9/5,145.66,145.8,143.89,144.76,19386357
TLT,2019/9/6,145.26,146.03,145.08,145.79,9466371
TLT,2019/9/9,143.83,144,143.19,143.2,15862660
TLT,2019/9/10,142.84,143.29,140.66,140.69,13851422
TLT,2019/9/11,140.4,141.15,140.39,140.44,10941748
TLT,2019/9/12,141.5,141.8,139.0647,139.52,19163308
TLT,2019/9/13,138.28,138.71,136.54,136.54,18922161
TLT,2019/9/16,137.88,138.57,137.2544,138.28,10971572
TLT,2019/9/17,138.36,139.6,138.02,139.03,9287893
TLT,2019/9/18,139.93,140.66,139.53,139.62,11106841
TLT,2019/9/19,140.76,140.99,139.97,140.04,13434396
TLT,2019/9/20,140.77,141.98,140.44,141.89,13377236
TLT,2019/9/23,142.24,143.155,141.7,141.86,15402596
TLT,2019/9/24,142.42,143.845,142.41,143.57,12947855
TLT,2019/9/25,143.26,143.55,141.14,141.47,14520656
TLT,2019/9/26,142.27,142.99,141.895,142.38,10775214
TLT,2019/9/27,142.32,142.975,142.14,142.73,10387398
TLT,2019/9/30,141.88,143.09,141.84,143.08,8410379
TLT,2019/10/1,141.26,143.91,141.14,143.26,16869140
TLT,2019/10/2,143.46,144.27,143.24,143.61,12896884
TLT,2019/10/3,143.98,145.67,143.92,144.92,13526957
TLT,2019/10/4,145.35,146.03,145.2,145.99,11936986
TLT,2019/10/7,145.16,145.53,144.71,144.78,11751551
TLT,2019/10/8,145.82,145.93,144.62,145.17,14540249
TLT,2019/10/9,144.6,144.61,143.8,144.35,8933140
TLT,2019/10/10,143.12,143.18,141.73,142.2,15057081
TLT,2019/10/11,140.98,141.1,139.71,140.44,28513340
TLT,2019/10/14,141.48,141.505,141.08,141.46,5937726
TLT,2019/10/15,140.67,140.945,139.55,139.75,12663622
TLT,2019/10/16,139.64,140.06,139.35,139.92,8645282
TLT,2019/10/17,139.52,140.38,139.2967,139.58,6558397
TLT,2019/10/18,139.81,140.23,139.45,139.58,6456407
TLT,2019/10/21,138.57,138.99,138.225,138.53,8189288
TLT,2019/10/22,139.38,139.529,138.635,139.34,6690041
TLT,2019/10/23,140.03,140.3138,139.36,139.48,5999896
TLT,2019/10/24,139.68,140.24,139.03,139.2,6830080
TLT,2019/10/25,139.53,139.55,138.31,138.52,5669966
TLT,2019/10/28,137.58,137.58,136.99,137.26,11402050
TLT,2019/10/29,137.62,137.74,137.17,137.35,5296576
TLT,2019/10/30,137.77,139.45,137.77,139.36,10914151
TLT,2019/10/31,140.48,141.677,140.43,141.24,15835800
TLT,2019/11/1,140.73,141.27,139.79,140.56,11425486
TLT,2019/11/4,138.97,139.14,138.53,138.71,11134604
TLT,2019/11/5,137.22,137.44,136.73,137.15,13496331
TLT,2019/11/6,138.02,138.41,137.34,137.98,9353012
TLT,2019/11/7,136.35,136.36,134.45,135.48,19214106
TLT,2019/11/8,135.15,135.95,134.78,134.91,10227217
TLT,2019/11/11,135.38,135.39,134.64,135,4578098
TLT,2019/11/12,135.28,135.9499,134.788,135.62,5773630
TLT,2019/11/13,136.81,136.96,136.165,136.5,6751842
TLT,2019/11/14,137.8,138.44,137.67,137.91,10272804
TLT,2019/11/15,137.48,138.16,137.43,137.76,4657758
TLT,2019/11/18,138.21,138.61,137.93,138.01,5944030
TLT,2019/11/19,138.37,139.24,138.37,139.16,7893300
TLT,2019/11/20,139.91,140.6,139.77,140.6,7909901
TLT,2019/11/21,139.64,140.08,139.12,139.72,5981899
TLT,2019/11/22,140.1,140.28,139.68,139.9,4666026
TLT,2019/11/25,140.3,140.53,140.18,140.31,4157476
TLT,2019/11/26,141,141.31,140.94,141.13,4281650
TLT,2019/11/27,140.6,140.91,140.42,140.72,4096955
TLT,2019/11/29,140.62,140.68,139.78,140.42,6251071
TLT,2019/12/2,138.14,138.67,137.95,138.31,17705004
TLT,2019/12/3,140.04,141.77,139.93,141.21,13323804
TLT,2019/12/4,140.34,140.5,139.21,139.8,8588810
TLT,2019/12/5,138.66,139.44,138.6,139.12,7274024
TLT,2019/12/6,138.03,139.12,137.86,138.35,7931904
TLT,2019/12/9,138.99,139.11,138.57,138.65,4155592
TLT,2019/12/10,139.18,139.35,138.41,138.66,4947745
TLT,2019/12/11,139.3,140.14,139.23,139.75,6257375
TLT,2019/12/12,139.19,139.2846,136.61,137.45,14868125
TLT,2019/12/13,138.12,139.61,137.23,139.04,11335349
TLT,2019/12/16,138.4,138.46,137.43,137.79,9160997
TLT,2019/12/17,138.21,138.34,137.21,137.6,6179893
TLT,2019/12/18,137.3,137.45,136.28,136.47,6244828
TLT,2019/12/19,136,136.86,135.7601,136.47,6591083
TLT,2019/12/20,136.13,136.69,135.93,136.65,5455919
TLT,2019/12/23,136.81,136.9687,136,136.45,5175177
TLT,2019/12/24,135.92,137.06,135.89,136.84,4667428
TLT,2019/12/26,136.91,137.22,136.51,137.17,5290981
TLT,2019/12/27,137.44,137.63,137.29,137.32,7300695
TLT,2019/12/30,135.89,136.9,135.66,136.82,7979841
TLT,2019/12/31,136.21,136.46,135.38,135.48,10707518
TLT,2020/1/2,136.79,137.53,136.665,137.015,11034459
TLT,2020/1/3,138.27,139.16,137.88,139.12,12366830
TLT,2020/1/6,139.69,139.71,138.15,138.33,11370199
TLT,2020/1/7,138.22,138.47,137.64,137.645,8456431
TLT,2020/1/8,137.93,138.31,136.32,136.74,10626391
TLT,2020/1/9,136,137.435,135.905,137.22,7412990
TLT,2020/1/10,137.67,138.47,137.6299,138.44,8776937
TLT,2020/1/13,137.88,138.09,137.39,138.02,5967295
TLT,2020/1/14,138.18,138.82,138.135,138.73,13921031
TLT,2020/1/15,139.52,139.76,139.02,139.65,6290520
TLT,2020/1/16,139.26,139.53,138.74,139.21,6798593
TLT,2020/1/17,137.58,138.14,137.36,138.02,9693280
TLT,2020/1/21,138.81,139.65,138.77,139.47,6794885
TLT,2020/1/22,139.72,140.14,139.59,139.96,6317029
TLT,2020/1/23,140.845,141.38,140.78,140.94,9747418
TLT,2020/1/24,141.42,142.55,141.3,142.08,8584952
TLT,2020/1/27,143.95,144.29,143.5004,144.29,10935243
TLT,2020/1/28,143.925,144.085,142.82,143.16,10612917
TLT,2020/1/29,143.44,144.7,143.43,144.56,9567654
TLT,2020/1/30,144.9,145.67,144.29,144.58,14711787
TLT,2020/1/31,145.17,145.99,145.09,145.9,14538096
TLT,2020/2/3,144.945,145.755,144.12,145.54,15310744
TLT,2020/2/4,143.99,144.14,143.06,143.58,11388275
TLT,2020/2/5,142.3,142.7,141.9,142.01,10782161
TLT,2020/2/6,142.18,142.88,142,142.65,6683128
TLT,2020/2/7,144.22,144.74,143.87,144.43,11374834
TLT,2020/2/10,145.1,145.25,144.68,144.83,6699265
TLT,2020/2/11,144.59,144.72,143.94,144.1,7784102
TLT,2020/2/12,143.37,143.55,142.99,143.37,5595525
TLT,2020/2/13,143.44,144.2,143.27,143.92,7883440
TLT,2020/2/14,144.76,145.08,144.45,144.55,7137363
TLT,2020/2/18,145.34,146.05,144.92,145.54,6912053
TLT,2020/2/19,145.12,145.62,144.98,145.53,5707712
TLT,2020/2/20,146.08,146.94,145.9985,146.67,9332916
TLT,2020/2/21,147.8,148.88,147.65,148.04,13861573
TLT,2020/2/24,150.83,150.96,150,150.25,15929281
TLT,2020/2/25,150.21,151.7553,150.14,151.05,20802922
TLT,2020/2/26,149.95,151.72,149.58,150.25,22599515
TLT,2020/2/27,152.7,153.08,150.83,151.88,30687929
TLT,2020/2/28,154.45,155.9799,154.16,155.31,45010774
TLT,2020/3/2,155.3,156.5,153.76,153.94,28152383
TLT,2020/3/3,153.81,159.7,152.36,156.33,38608024
TLT,2020/3/4,156.41,157.35,154.19,154.67,23463690
TLT,2020/3/5,157.13,158.82,156.81,158.52,17786220
TLT,2020/3/6,167.3,169.33,164.11,166.77,76288337
TLT,2020/3/9,179.1,179.7,170.34,171.29,41552819
TLT,2020/3/10,169.635,172.93,162.03,162.51,37728253
TLT,2020/3/11,165.43,167.03,155.63,156.53,29594066
TLT,2020/3/12,163.51,166.36,155.66,157.5,24361836
TLT,2020/3/13,155,158.2,152.19,153.94,19812859
TLT,2020/3/16,160.38,166.15,157.81,163.91,30496696
TLT,2020/3/17,163.5,165.63,152.71,152.98,18570872
TLT,2020/3/18,152.84,154.14,139.0105,144.35,47060975
TLT,2020/3/19,146.95,153.45,145.25,148.28,21175266
TLT,2020/3/20,153.3,159.43,152.11,159.43,20863060
TLT,2020/3/23,157.5,166.69,156.57,166,19971809
TLT,2020/3/24,161.25,165.45,160.41,162.91,11948557
TLT,2020/3/25,163.59,166.68,161.62,162.54,10750564
TLT,2020/3/26,163.995,165.68,162.27,163.34,10576587
TLT,2020/3/27,165.52,168.25,164.59,167.7,12550007
TLT,2020/3/30,168.3,170.11,165.94,166.32,13473205
TLT,2020/3/31,165.7,166.92,164.56,164.97,11464935
TLT,2020/4/1,168.48,168.96,166.4,167.04,11334698
TLT,2020/4/2,168.83,169.22,167.26,168.1,5771227
TLT,2020/4/3,168.55,170.33,168.14,168.5,6570840
TLT,2020/4/6,167,168.27,166.53,168.06,9434786
TLT,2020/4/7,164.96,166.42,163.71,166.3,13811848
TLT,2020/4/8,165.11,166.19,164.13,165.09,10147077
TLT,2020/4/9,164.28,165.79,163.78,165.39,14260806
TLT,2020/4/13,164.75,165.71,163.88,163.88,8750297
TLT,2020/4/14,163.84,164.74,163.48,163.84,9019531
TLT,2020/4/15,166.8,168.6,166.74,168.18,10027752
TLT,2020/4/16,169.26,170.315,169.0156,170.09,8265414
TLT,2020/4/17,169.82,170.84,167.27,167.81,8612119
TLT,2020/4/20,168.44,169.29,167.96,169.16,6462639
TLT,2020/4/21,171.93,172.15,170.78,171.29,7850725
TLT,2020/4/22,169.97,170.39,168.705,169.54,6230495
TLT,2020/4/23,169.87,170.93,169.605,170.44,5968584
TLT,2020/4/24,169.61,170.84,169.57,170.84,6211804
TLT,2020/4/27,169.66,169.75,167.44,167.66,9039484
TLT,2020/4/28,168.55,169.85,168.45,169.59,9905415
TLT,2020/4/29,169.53,170.26,167.96,168.71,8619566
TLT,2020/4/30,168.74,169.23,166.71,166.74,11606074
TLT,2020/5/1,167.5,168.11,166.44,167.95,10209421
TLT,2020/5/4,167.56,167.68,166.48,167.16,8300923
TLT,2020/5/5,165.57,166.27,165.27,166.09,7831916
TLT,2020/5/6,163.23,163.64,162.05,163.41,14721518
TLT,2020/5/7,163.56,166.37,163.34,166.14,9165455
TLT,2020/5/8,164.49,165.4,163.68,163.98,8130474
TLT,2020/5/11,163.66,164.22,162.095,162.7,8713747
TLT,2020/5/12,163.16,164.93,163.13,164.37,10057348
TLT,2020/5/13,165.09,166.29,164.8272,165.52,13305576
TLT,2020/5/14,167.32,168.15,167.05,167.14,10080361
TLT,2020/5/15,168.3,168.49,166.33,166.71,7225634
TLT,2020/5/18,164.93,165.055,162.42,163.05,10073986
TLT,2020/5/19,162.52,163.7,162.48,163.66,8639263
TLT,2020/5/20,163.17,164.7,162.88,164.15,10927274
TLT,2020/5/21,164.86,165.36,164.29,164.56,8920309
TLT,2020/5/22,164.72,165.68,164.61,165.55,4956814
TLT,2020/5/26,163.71,163.79,162.975,163.33,8098939
TLT,2020/5/27,162.785,163.91,162.59,163.03,8047360
TLT,2020/5/28,161.96,162.57,161.66,162.43,10276172
TLT,2020/5/29,162.71,164.09,162.355,163.59,14662054
TLT,2020/6/1,162.1,162.44,161.67,162.28,13353301
TLT,2020/6/2,161.67,162.093,161.25,161.69,11517053
TLT,2020/6/3,160.18,160.33,158.94,159.54,12255736
TLT,2020/6/4,158.92,159.01,157.185,157.23,14038570
TLT,2020/6/5,154.61,156.16,153.16,156.11,17778549
TLT,2020/6/8,155.07,156.85,155.05,156.71,10346680
TLT,2020/6/9,159.05,159.64,158.3,158.49,9095265
TLT,2020/6/10,159.24,160.9,159.05,160.84,13135518
TLT,2020/6/11,163.245,164.23,162.63,163.88,17086373
TLT,2020/6/12,162.41,163.66,162.05,162.3,9716433
TLT,2020/6/15,163.89,164.22,162.14,162.39,7760836
TLT,2020/6/16,159.41,161.23,158.7,159.9,13701298
TLT,2020/6/17,160.27,160.77,159.34,160.56,7113900
TLT,2020/6/18,162.04,162.48,161.61,162.26,7691375
TLT,2020/6/19,161,162.5,160.91,162.39,8565778
TLT,2020/6/22,163.19,163.4184,162.07,162.41,9319961
TLT,2020/6/23,161.48,162.06,161.12,161.3,9088580
TLT,2020/6/24,161.53,163.09,161.52,163.03,11436501
TLT,2020/6/25,164.21,164.35,163.4,163.5,10967984
TLT,2020/6/26,164.25,165.32,164.18,165.25,12119310
TLT,2020/6/29,164.85,165.27,164.38,164.73,7274571
TLT,2020/6/30,165.23,165.29,163.48,163.93,14841678
TLT,2020/7/1,162.81,163.56,162.15,163.42,13181262
TLT,2020/7/2,162.7,163.74,162.24,163.59,7599940
TLT,2020/7/6,162.33,163.02,161.75,162.92,7972668
TLT,2020/7/7,163.42,165.34,163.2,165.21,12791945
TLT,2020/7/8,164.32,164.92,163.83,164.55,7253883
TLT,2020/7/9,164.66,167.45,164.6,167.17,13373095
TLT,2020/7/10,167.95,168.21,166.16,166.33,8478375
TLT,2020/7/13,165.5,166.96,165.23,166.88,8054011
TLT,2020/7/14,167.93,168.14,166.98,167.12,11344635
TLT,2020/7/15,165.92,166.945,165.8291,166.34,7840586
TLT,2020/7/16,167.4,167.77,167.04,167.13,9107383
TLT,2020/7/17,167.27,167.4,166.47,166.78,8550164
TLT,2020/7/20,167.51,167.62,166.8,167.19,6907518
TLT,2020/7/21,167.3,167.72,167.075,167.29,8455112
TLT,2020/7/22,168.26,168.46,167.69,167.79,6592084
TLT,2020/7/23,168.92,169.88,168.48,169.75,10471802
TLT,2020/7/24,169.01,169.92,168.8695,169.74,7520837
TLT,2020/7/27,170.25,170.3,168.99,169.11,6146734
TLT,2020/7/28,169.54,170.34,169.43,170.28,8520714
TLT,2020/7/29,170.05,170.39,168.98,169.99,6733733
TLT,2020/7/30,171.05,171.26,170.75,171.11,9376128
TLT,2020/7/31,170.15,171.4554,169.94,171,8886264
TLT,2020/8/3,169.24,169.99,168.97,169.95,9067756
TLT,2020/8/4,170.83,171.58,170.72,171.57,9878888
TLT,2020/8/5,170.06,170.56,169.69,170.07,6954183
TLT,2020/8/6,171.38,172.25,170.62,171.02,9481800
TLT,2020/8/7,171.28,171.5,169.58,169.88,8176856
TLT,2020/8/10,170.22,170.25,169.07,169.12,6408461
TLT,2020/8/11,167.17,167.49,165.875,167.105,19234202
TLT,2020/8/12,165.7,166.065,164.99,165.59,11745839
TLT,2020/8/13,165.31,165.58,163.165,163.82,12744712
TLT,2020/8/14,163.81,164.15,163.16,163.18,6398178
TLT,2020/8/17,163.97,164.46,163.43,163.59,6901480
TLT,2020/8/18,164.36,164.87,164.085,164.76,8140643
TLT,2020/8/19,165.37,165.6101,163.3,163.73,12497748
TLT,2020/8/20,165.39,165.65,164.93,165.21,10320126
TLT,2020/8/21,165.77,166.33,165.01,166.2,6836242
TLT,2020/8/24,166.32,166.97,165.86,165.93,6490666
TLT,2020/8/25,164.35,165.09,163.83,164.66,10518301
TLT,2020/8/26,164.05,164.325,163.28,164.03,8276618
TLT,2020/8/27,164.76,164.82,161.16,161.24,19860113
TLT,2020/8/28,161.77,162.05,160.64,161.12,8415402
TLT,2020/8/31,161.6,163.25,161.56,162.19,11388108
TLT,2020/9/1,161.76,164.07,161.18,163.86,10587634
TLT,2020/9/2,163.51,165.56,163.49,165.42,15167718
TLT,2020/9/3,165.75,167.24,165.44,165.89,16416624
TLT,2020/9/4,164.41,164.6984,162.45,162.74,13780313
TLT,2020/9/8,164.37,165.26,163.74,163.74,13790421
TLT,2020/9/9,163.94,164.25,162.7582,163.3,9559005
TLT,2020/9/10,162.46,164.35,161.95,164.13,8847742
TLT,2020/9/11,164.31,164.57,164.08,164.48,5458222
TLT,2020/9/14,164.79,165.08,164.23,164.47,4274947
TLT,2020/9/15,164.17,164.47,163.79,164.07,6928498
TLT,2020/9/16,164.78,164.89,162.9804,163.58,8816914
TLT,2020/9/17,164.9,164.96,163.801,164.08,7813922
TLT,2020/9/18,164.17,164.24,163.34,163.57,7246282
TLT,2020/9/21,164.89,165.4,164.135,164.4,11086895
TLT,2020/9/22,164.44,164.88,163.87,164.27,10524495
TLT,2020/9/23,164.3,164.53,163.48,164.49,6224763
TLT,2020/9/24,164.96,165.12,164.62,165.12,8278072
TLT,2020/9/25,165.11,165.42,164.71,165.12,5140298
TLT,2020/9/28,164.87,164.9,164.37,164.65,4470504
TLT,2020/9/29,164.8,165.24,164.56,164.84,10297950
TLT,2020/9/30,164,164,162.55,163.26,12970989
TLT,2020/10/1,162.51,163.7401,162.1,163.36,11523874
TLT,2020/10/2,163.61,163.67,162.18,162.75,8829140
TLT,2020/10/5,160.95,160.95,159.52,159.57,14726045
TLT,2020/10/6,159.33,161.405,158.68,160.43,22419358
TLT,2020/10/7,159.56,160.417,158.86,159.26,9429580
TLT,2020/10/8,159.97,160.25,159.655,160.12,8431544
TLT,2020/10/9,159.52,160.27,158.81,160.09,8441506
TLT,2020/10/12,160.43,160.68,160.11,160.6,3962045
TLT,2020/10/13,161.21,161.83,161.18,161.75,7914641
TLT,2020/10/14,162.33,162.75,161.9674,162.12,6956736
TLT,2020/10/15,163.04,163.19,161.64,161.84,9458911
TLT,2020/10/16,161.66,162.32,161.1,161.39,8418197
TLT,2020/10/19,160.5,160.98,160.05,160.78,9286787
TLT,2020/10/20,159.86,160.01,158.95,159.25,11189208
TLT,2020/10/21,158.79,159.37,158.37,158.7,10453705
TLT,2020/10/22,158.29,158.63,156.97,157.05,12665822
TLT,2020/10/23,156.81,158.21,156.75,158.01,8784136
TLT,2020/10/26,159.21,160.02,159.01,159.48,7227337
TLT,2020/10/27,160.23,160.7,159.895,160.55,6062330
TLT,2020/10/28,161.38,161.46,160.2,160.7,11765784
TLT,2020/10/29,160.73,160.83,158.47,159.14,11932379
TLT,2020/10/30,159.03,159.35,157.57,157.57,13095938
TLT,2020/11/2,158.7,159.19,158.33,158.58,10810494
TLT,2020/11/3,157.85,157.98,157.04,157.66,16228695
TLT,2020/11/4,161.64,162.17,160.54,161.08,21570835
TLT,2020/11/5,161.64,161.74,160.58,161.36,18537530
TLT,2020/11/6,159.618,159.915,158.94,159.41,12408432
TLT,2020/11/9,155.97,156.15,154.625,156.06,23245038
TLT,2020/11/10,154.96,155.81,154.78,155.16,12560977
TLT,2020/11/11,155.02,155.94,154.97,155.72,5888233
TLT,2020/11/12,156.94,158.4,156.71,158.37,16001553
TLT,2020/11/13,158.36,158.5,157.91,158.16,7345549
TLT,2020/11/16,157.73,158.28,157.61,157.78,6310397
TLT,2020/11/17,158.77,159.16,158.59,158.81,7444575
TLT,2020/11/18,159.44,159.57,158.35,159.27,10333345
TLT,2020/11/19,159.97,160.72,159.84,160.09,10623316
TLT,2020/11/20,160.525,161.54,160.39,161.51,7247351
TLT,2020/11/23,160.82,160.99,160.28,160.77,11304789
TLT,2020/11/24,159.99,160.0218,159.01,159.17,10892973
TLT,2020/11/25,159.25,159.91,158.62,158.68,9146000
TLT,2020/11/27,159.61,160.27,159.58,160.22,4708153
TLT,2020/11/30,160.03,160.53,159.76,160.02,13071557
TLT,2020/12/1,158.55,158.74,156.68,157.5,13663889
TLT,2020/12/2,156.88,156.93,155.48,156.25,12114580
TLT,2020/12/3,156.94,157.82,156.58,157.51,9626457
TLT,2020/12/4,155.69,155.785,154.77,155.2,12734642
TLT,2020/12/7,156.35,156.88,156.18,156.6,9316138
TLT,2020/12/8,157.57,158.07,157.2,157.34,7397240
TLT,2020/12/9,156.55,157.32,156.015,156.82,7750059
TLT,2020/12/10,157.24,158.29,156.83,158.21,10025124
TLT,2020/12/11,158.65,159.39,158.32,158.77,8136090
TLT,2020/12/14,157.49,158.69,157.11,158.33,7535875
TLT,2020/12/15,157.78,158.39,157.31,157.8,6847676
TLT,2020/12/16,156.58,157.89,156.39,157.38,9954190
TLT,2020/12/17,158.13,158.46,156.43,156.8,9422697
TLT,2020/12/18,157.12,157.38,156.18,156.33,6505271
TLT,2020/12/21,157.2,157.34,156.45,156.95,8988176
TLT,2020/12/22,157.5634,157.83,157.08,157.76,7378508
TLT,2020/12/23,156.62,156.69,155.46,156.67,9266649
TLT,2020/12/24,156.9,157.43,156.85,157.29,3117104
TLT,2020/12/28,156.38,157.45,156.095,157.36,7791093
TLT,2020/12/29,156.39,157.29,156.36,157.16,9030948
TLT,2020/12/30,156.82,157.53,156.68,157.5,9097313
TLT,2020/12/31,157.46,158.08,157.45,157.73,7742413
TLT,2021/1/4,156.67,158.18,156.535,157.54,13152865
TLT,2021/1/5,156.95,156.95,155.66,156.37,10458065
TLT,2021/1/6,153.82,153.85,152.29,153.16,22827290
TLT,2021/1/7,151.79,152.17,151.26,151.81,14651882
TLT,2021/1/8,151.48,151.96,150.66,151.32,13622819
TLT,2021/1/11,151,151.21,150.49,151.07,8380898
TLT,2021/1/12,150.79,151.16,149.925,150.95,12186305
TLT,2021/1/13,151.66,153.07,151.57,152.65,12533256
TLT,2021/1/14,152.58,152.64,150.79,151.22,14835458
TLT,2021/1/15,152.185,152.36,151.47,151.82,11624672
TLT,2021/1/19,151.62,152.36,151.505,152.31,9575571
TLT,2021/1/20,151.985,152.48,151.79,152.46,5368933
TLT,2021/1/21,151.44,151.75,151.1,151.39,8164729
TLT,2021/1/22,151.85,152.01,151.42,151.88,9507150
TLT,2021/1/25,152.76,153.69,152.635,153.67,8712616
TLT,2021/1/26,153.1,153.6,152.92,153.38,7690318
TLT,2021/1/27,154.07,154.5,153.53,153.77,7895249
TLT,2021/1/28,153.4,153.46,152.16,152.92,10667755
TLT,2021/1/29,151.42,152.49,151.3,152,14966238
TLT,2021/2/1,151.66,152.36,151.49,152,8165534
TLT,2021/2/2,150.74,151.085,150.52,151.02,9177457
TLT,2021/2/3,150.425,150.59,149.58,149.68,9633084
TLT,2021/2/4,149.16,149.49,148.8,149.28,8262613
TLT,2021/2/5,149.1,149.57,148.02,148.03,10258935
TLT,2021/2/8,148.3,149.265,148.035,148.68,11574766
TLT,2021/2/9,149.22,149.67,148.655,148.79,5218341
TLT,2021/2/10,149.28,149.78,149.1409,149.78,8079802
TLT,2021/2/11,149.6791,149.79,148.75,148.96,11962758
TLT,2021/2/12,147.7,148.08,147.03,147.11,14088379
TLT,2021/2/16,145.22,145.655,144.6625,144.87,17789087
TLT,2021/2/17,145.95,146.38,144.98,145.79,11203329
TLT,2021/2/18,144.61,145.6,144.32,145.2,10755817
TLT,2021/2/19,144.06,144.32,142.8517,143.27,12741726
TLT,2021/2/22,143.03,143.74,141.72,142.18,13203873
TLT,2021/2/23,141.52,142.5,141.14,141.77,12658455
TLT,2021/2/24,139.352,141.175,139.16,140.84,17363058
TLT,2021/2/25,139.52,139.92,136.61,138.54,52621705
TLT,2021/2/26,140.77,143.3,139.68,143.12,45423326
TLT,2021/3/1,140.66,141.41,140.09,141.06,22050428
TLT,2021/3/2,140.4,141.13,140.295,141.07,12482218
TLT,2021/3/3,139.38,140.15,138.76,139.54,19763736
TLT,2021/3/4,139.632,139.94,137.96,138.64,22366564
TLT,2021/3/5,138.1687,139.34,137.99,138.91,20598039
TLT,2021/3/8,138.83,138.9,137.83,137.83,15236619
TLT,2021/3/9,139.27,139.815,138.97,139.74,14463394
TLT,2021/3/10,139.8,140.15,139.28,140.02,12387639
TLT,2021/3/11,139.17,139.38,138.46,139.01,14150742
TLT,2021/3/12,136.4,136.4591,135.65,136.06,20402701
TLT,2021/3/15,136.49,137.09,136.41,136.86,11366662
TLT,2021/3/16,137.02,137.12,135.75,136.31,15567907
TLT,2021/3/17,135.15,135.525,134.15,135.29,27107490
TLT,2021/3/18,133.31,134.47,133.19,133.92,21622014
TLT,2021/3/19,134.08,134.83,133.8,134.75,18684950
TLT,2021/3/22,135.69,136.41,135.37,136.26,17047525
TLT,2021/3/23,136.585,137.54,136.15,137.49,16768448
TLT,2021/3/24,137.06,138.28,136.945,138.23,13862975
TLT,2021/3/25,138.3862,138.655,137.09,137.14,20781964
TLT,2021/3/26,136.42,137.2392,136.22,136.66,8433292
TLT,2021/3/29,136.83,136.8465,134.97,135.5,13968084
TLT,2021/3/30,135.3,136.515,135.005,136.21,15020777
TLT,2021/3/31,136.34,136.59,134.98,135.45,19271281
TLT,2021/4/1,136.55,137.62,136.3,137.51,14885947
TLT,2021/4/5,136.55,136.97,135.94,136.91,8242978
TLT,2021/4/6,137.16,137.98,137.01,137.84,9282395
TLT,2021/4/7,137.45,138.1,136.88,136.88,11052827
TLT,2021/4/8,137.39,138.07,137.36,138.01,7847918
TLT,2021/4/9,137.5,138.19,137.09,137.51,8717951
TLT,2021/4/12,137.46,137.53,137.1,137.45,7658990
TLT,2021/4/13,137.3,138.51,137.2,138.48,13232786
TLT,2021/4/14,138.03,138.2351,137.57,138.04,7293169
TLT,2021/4/15,139.49,140.98,139.455,140.35,23896725
TLT,2021/4/16,139.1,139.73,138.9308,139.26,15238401
TLT,2021/4/19,138.74,139.31,138.55,138.86,13886874
TLT,2021/4/20,138.45,139.76,138.43,139.5,11476489
TLT,2021/4/21,139.54,139.91,139.07,139.78,11902155
TLT,2021/4/22,140,140.39,139.2,140.39,14156678
TLT,2021/4/23,140.38,140.47,139.49,140.06,12302248
TLT,2021/4/26,140.15,140.51,139.85,139.86,9103549
TLT,2021/4/27,139.59,139.82,138.525,138.64,14137281
TLT,2021/4/28,138.65,138.89,137.96,138.73,15263720
TLT,2021/4/29,137.45,138.36,137.125,138.32,17178229
TLT,2021/4/30,138.507,138.73,137.98,138.64,15692322
TLT,2021/5/3,138.7,139.645,138.28,138.52,16447651
TLT,2021/5/4,139.49,140.16,139.155,139.46,18640004
TLT,2021/5/5,139.03,139.85,138.92,139.69,11128146
TLT,2021/5/6,139.25,140.19,139.2003,139.92,21907928
TLT,2021/5/7,140.1,140.6,138.91,139.23,18346877
TLT,2021/5/10,138.95,139.25,137.69,137.82,15146246
TLT,2021/5/11,137.23,137.48,136.77,137.04,15158611
TLT,2021/5/12,136.67,136.8,135.36,135.6,20859432
TLT,2021/5/13,135.93,136.37,135.63,135.81,13074735
TLT,2021/5/14,136.53,137.08,136.22,137.08,17566732
TLT,2021/5/17,136.83,137.17,136.565,136.79,6113792
TLT,2021/5/18,136.4,136.57,136.07,136.44,11423065
TLT,2021/5/19,136.54,137.3,135.62,136.11,14296300
TLT,2021/5/20,136.76,137.49,136.67,137.23,13310501
TLT,2021/5/21,137.66,137.7,137.06,137.67,10171561
TLT,2021/5/24,137.99,138.58,137.89,138.18,6736459
TLT,2021/5/25,138.63,139.5,138.62,139.46,12346882
TLT,2021/5/26,139.59,139.91,138.88,139.22,9793707
TLT,2021/5/27,138.5,138.69,137.99,138.655,10695157
TLT,2021/5/28,138.582,139.3,138.34,138.44,10258035
TLT,2021/6/1,137.82,138.26,137.25,138.21,11778666
TLT,2021/6/2,138.55,138.79,138.32,138.53,7347905
TLT,2021/6/3,138.51,138.51,137.845,138.01,10994063
TLT,2021/6/4,138.52,139.9,138.52,139.9,15773737
TLT,2021/6/7,139.59,139.705,139.325,139.47,7799833
TLT,2021/6/8,140.655,140.66,140.21,140.45,11231222
TLT,2021/6/9,141.765,142.15,141.25,141.69,12768309
TLT,2021/6/10,140.83,142.56,140.68,142.54,19698410
TLT,2021/6/11,142.305,142.4,141.84,142.31,8646698
TLT,2021/6/14,142.1,142.1,141.015,141.22,9401341
TLT,2021/6/15,140.8,141.09,140.48,141.05,18207559
TLT,2021/6/16,141.4,141.67,140.21,140.93,19676264
TLT,2021/6/17,141.86,144.925,141.64,143.04,35225794
TLT,2021/6/18,144.28,146.04,144.12,145.73,26616912
TLT,2021/6/21,144.39,144.49,143.02,143.29,16485035
TLT,2021/6/22,142.17,143.68,142.12,143.64,14530318
TLT,2021/6/23,143.11,143.5,142.71,143.27,12041212
TLT,2021/6/24,143.42,143.9,143.33,143.5,8788460
TLT,2021/6/25,143.265,143.4,141.37,142.01,15562491
TLT,2021/6/28,142.72,143.8,142.7,143.47,11460926
TLT,2021/6/29,143.1,143.72,143.04,143.71,11218106
TLT,2021/6/30,144.25,144.93,144.07,144.35,15708857
TLT,2021/7/1,143.98,144.31,143.53,144.17,10809998
TLT,2021/7/2,144.23,145.04,144.11,145.04,9650170
TLT,2021/7/6,145.72,146.99,145.715,146.74,20037177
TLT,2021/7/7,147.57,148.56,147.22,148.04,20964385
TLT,2021/7/8,148.88,149.44,148.17,148.62,17487838
TLT,2021/7/9,146.87,146.99,146.49,146.53,14483634
TLT,2021/7/12,147.09,147.23,146.17,146.34,10610428
TLT,2021/7/13,146.82,147.46,144.64,145.22,23340375
TLT,2021/7/14,146.01,146.92,145.81,146.87,16038556
TLT,2021/7/15,147.95,148.6,147.03,148.49,18462700
TLT,2021/7/16,147.34,148.34,147.32,148.21,12787919
TLT,2021/7/19,150.95,151.95,150.62,151.46,40203891
TLT,2021/7/20,152.53,152.71,149.76,150,25674791
TLT,2021/7/21,148.18,148.5,146.67,148.1,19988911
TLT,2021/7/22,148.11,149.805,148.06,149.5,18136907
TLT,2021/7/23,147.94,148.655,147.89,148.5,12639262
TLT,2021/7/26,148.995,149.06,147.88,148.06,10737870
TLT,2021/7/27,149.33,149.69,148.99,149.64,13036604
TLT,2021/7/28,148.67,149.67,148.27,149.65,14346869
TLT,2021/7/29,148.78,149.22,148.53,148.82,11532032
TLT,2021/7/30,149.13,149.72,149.06,149.52,14342162
TLT,2021/8/2,149.454,151.23,149.18,150.67,21232706
TLT,2021/8/3,150.75,151.23,150.39,150.75,13361939
TLT,2021/8/4,151.5,151.82,149.72,151.06,18267907
TLT,2021/8/5,150.76,150.92,150,150.29,15345359
TLT,2021/8/6,148.322,148.76,147.6909,147.78,21144286
TLT,2021/8/9,148.152,148.56,147.23,147.25,12942623
TLT,2021/8/10,147.49,147.57,146.56,146.57,13716901
TLT,2021/8/11,146.412,147.23,145.71,146.48,17227605
TLT,2021/8/12,146.09,146.44,145.43,146.24,14710931
TLT,2021/8/13,146.83,148.56,146.81,148.55,18653828
TLT,2021/8/16,149.19,150.02,148.81,148.91,19171543
TLT,2021/8/17,148.88,149.47,148.67,148.85,14126883
TLT,2021/8/18,148.71,149.47,148.45,149.35,13143979
TLT,2021/8/19,150.31,150.46,149.81,150.45,15474585
TLT,2021/8/20,150.59,150.81,150.11,150.55,12388424
TLT,2021/8/23,150.2,150.495,149.92,150.45,10615040
TLT,2021/8/24,149.76,150.07,149.28,149.28,13835931
TLT,2021/8/25,149.21,149.37,147.58,148.04,16743814
TLT,2021/8/26,147.965,148.57,147.51,148.45,16657435
TLT,2021/8/27,148.57,149.485,148.33,149.46,15384740
TLT,2021/8/30,148.99,149.9,148.93,149.85,10596306
TLT,2021/8/31,149.67,150.09,148.5,148.83,15262401
TLT,2021/9/1,149.27,149.39,148.49,148.89,10807084
TLT,2021/9/2,149.24,149.55,148.75,149.54,9766003
TLT,2021/9/3,148.27,148.51,147.94,148.18,12928250
TLT,2021/9/7,147.262,147.52,146.655,146.93,15548172
TLT,2021/9/8,147.66,148.19,147.39,147.93,14533699
TLT,2021/9/9,148.17,149.89,147.85,149.72,20324739
TLT,2021/9/10,148.9,149.17,148.16,148.4,14894629
TLT,2021/9/13,149.042,149.49,148.95,149.3,15036064
TLT,2021/9/14,149.73,151.57,149.58,151.11,19918375
TLT,2021/9/15,151.21,151.25,149.93,150.58,11940558
TLT,2021/9/16,149.67,150.45,149.5,149.89,13328978
TLT,2021/9/17,149.182,149.36,148.7,149.17,13783034
TLT,2021/9/20,150.57,151.37,150.23,151.02,14660406
TLT,2021/9/21,150.71,150.96,150.2,150.89,10035770
TLT,2021/9/22,150.79,151.79,150.44,151.79,22277765
TLT,2021/9/23,150.42,150.45,148.3401,148.36,23853343
TLT,2021/9/24,147.84,147.85,146.735,146.91,20203937
TLT,2021/9/27,146.06,146.87,145.88,146.37,13464252
TLT,2021/9/28,144.33,145.07,143.64,144.09,26613486
TLT,2021/9/29,144.8,145.43,143.69,144.34,23569416
TLT,2021/9/30,144.1,144.515,143.65,144.32,22567556
TLT,2021/10/1,144.85,145.4,144.2,145.35,26151798
TLT,2021/10/4,144.67,145.46,144.1,144.98,28027596
TLT,2021/10/5,144.6,144.7,143.461,143.58,22659503
TLT,2021/10/6,144.23,144.715,144.025,144.39,18696687
TLT,2021/10/7,143.185,143.335,142.59,142.88,14856041
TLT,2021/10/8,142.255,142.35,141.525,141.88,17257754
TLT,2021/10/11,141.6,141.9,141.45,141.52,7213403
TLT,2021/10/12,142.63,144.01,142.48,143.94,17968952
TLT,2021/10/13,144.61,145.53,144.5754,145.34,23584827
TLT,2021/10/14,145.37,145.96,144.945,145.88,12950609
TLT,2021/10/15,145,145.14,144.47,145.03,11811540
TLT,2021/10/18,145,146,144.52,145.71,12115879
TLT,2021/10/19,144.66,144.73,143.65,143.7,12156566
TLT,2021/10/20,143.25,143.68,142.51,142.73,12782477
TLT,2021/10/21,143,143.15,142.23,142.56,13660022
TLT,2021/10/22,143.45,144.4,143.21,144.13,13740010
TLT,2021/10/25,143.67,144.3,143.63,143.91,8138047
TLT,2021/10/26,144.62,145.1,143.74,145.1,13670997
TLT,2021/10/27,146.4,148.18,145.93,147.74,22092262
TLT,2021/10/28,147.79,148.33,146.835,147.24,17497586
TLT,2021/10/29,146.47,148,146.32,147.69,19087338
TLT,2021/11/1,145.8,146.76,145.7,146.44,18035452
TLT,2021/11/2,146.5,147.57,146.5,147.09,9836737
TLT,2021/11/3,147.82,147.98,145.53,145.57,20639350
TLT,2021/11/4,145.87,147.36,145.85,147.1,15922377
TLT,2021/11/5,148.52,149.58,148.13,149.3,21513029
TLT,2021/11/8,148.96,149.28,148.51,149.02,12083905
TLT,2021/11/9,150.8,151.767,150.64,150.96,23430239
TLT,2021/11/10,150.83,150.93,147.03,148.2,28170644
TLT,2021/11/11,148.508,148.655,147.89,147.98,5552818
TLT,2021/11/12,148,148.51,146.76,147.33,12711972
TLT,2021/11/15,146.89,146.96,145.22,145.48,15232710
TLT,2021/11/16,145.69,146.38,144.85,145.11,12998708
TLT,2021/11/17,144.57,146.29,144.46,146.26,14239864
TLT,2021/11/18,145.9917,146.9,145.95,146.81,11055620
TLT,2021/11/19,147.58,148.595,147.58,148.36,14022924
TLT,2021/11/22,147.4,147.64,146.125,146.62,15267367
TLT,2021/11/23,145.93,146.11,144.5,144.5,15321246
TLT,2021/11/24,144.94,146.82,144.79,146.82,13769705
TLT,2021/11/26,148.83,150.68,148.67,150.53,20064778
TLT,2021/11/29,148.31,149.635,148.17,149.32,23234231
TLT,2021/11/30,150.83,152.07,150.25,151.59,31481117
TLT,2021/12/1,150.485,152.41,149.79,152.34,30838845
TLT,2021/12/2,152.93,152.99,150.76,152.53,17754176
TLT,2021/12/3,151.68,155.12,151.35,154.35,34427106
TLT,2021/12/6,154.05,154.35,151.93,152.23,30924205
TLT,2021/12/7,151.72,152.525,150.8601,151,22115851
TLT,2021/12/8,150.472,150.48,148.36,148.39,33633891
TLT,2021/12/9,149.34,149.84,148.48,149.22,17544892
TLT,2021/12/10,149.92,150.24,148.81,148.86,14298740
TLT,2021/12/13,150.39,151.305,150.31,151.06,17860465
TLT,2021/12/14,150.37,150.93,149.31,150.7,14015451
TLT,2021/12/15,149.6139,150.79,149.13,149.25,25383933
TLT,2021/12/16,148.75,149.88,148.73,149.14,18677893
TLT,2021/12/17,150.34,150.98,150.16,150.83,18094619
TLT,2021/12/20,150.75,151.02,149.595,149.7,17147276
TLT,2021/12/21,148.14,149.2,147.62,149.13,16598163
TLT,2021/12/22,149.73,149.86,149.02,149.82,12253936
TLT,2021/12/23,149.59,149.6,148.03,148.52,11642576
TLT,2021/12/27,148.46,149.01,148.32,148.88,7822856
TLT,2021/12/28,149.6,149.78,148.01,148.29,9176428
TLT,2021/12/29,146.91,147.309,146.41,146.67,11771223
TLT,2021/12/30,147.25,147.9699,146.45,147.9,10355046
TLT,2021/12/31,147.81,149.03,147.43,148.19,13402321
TLT,2022/1/3,146.41,146.94,144.28,144.3,33860382
TLT,2022/1/4,143.61,144.13,142.74,143.7,21996350
TLT,2022/1/5,144.14,144.16,142.71,142.92,20911677
TLT,2022/1/6,142.59,143.44,142.29,143.29,18996353
TLT,2022/1/7,143.13,143.236,141.56,142.26,18756845
TLT,2022/1/10,141.65,142.805,141.36,142.61,13775770
TLT,2022/1/11,142.88,143.63,142.695,143.56,24388906
TLT,2022/1/12,143.9,144.01,142.995,143.01,14440646
TLT,2022/1/13,143.39,144.42,143.03,144.28,15166030
TLT,2022/1/14,143.42,143.46,141.795,142.1,22997531
TLT,2022/1/18,140.96,141.31,140.02,140.1,21173750
TLT,2022/1/19,140.53,141.71,140.31,141.07,17930463
TLT,2022/1/20,141.37,141.99,141.09,141.94,13958952
TLT,2022/1/21,143.4,144.1,142.67,143.63,28916580
TLT,2022/1/24,144.3,144.365,142.43,142.45,25005719
TLT,2022/1/25,143.11,143.71,141.8,142.22,15598988
TLT,2022/1/26,142.26,142.57,140.49,140.5,23655546
TLT,2022/1/27,142.41,143.365,142.33,143.08,21501789
TLT,2022/1/28,142.09,143.46,141.85,143.13,12826512
TLT,2022/1/31,142.18,142.95,141.96,142.39,13998392
TLT,2022/2/1,142.28,142.36,141.055,141.72,20806097
TLT,2022/2/2,141.95,143.57,141.93,142.2,18404569
TLT,2022/2/3,140.44,141.48,140.18,141.09,17234053
TLT,2022/2/4,139.85,140.14,138.78,139.01,23609757
TLT,2022/2/7,138.91,139.31,138.55,139.1,12962436
TLT,2022/2/8,138.21,138.58,137.82,138.17,16269187
TLT,2022/2/9,138.72,139.37,138.19,138.43,14349139
TLT,2022/2/10,137.66,137.83,135.84,136.23,30896240
TLT,2022/2/11,136.87,138.51,135.36,138.25,43210273
TLT,2022/2/14,137.13,137.74,135.97,136.53,23157421
TLT,2022/2/15,135.6,135.84,134.94,134.98,18200703
TLT,2022/2/16,135.95,136.07,134.51,135.78,16473677
TLT,2022/2/17,136.45,137.565,135.9,136.79,24508242
TLT,2022/2/18,137.52,138.37,137.16,138.23,17522577
TLT,2022/2/22,137.69,138.67,137.47,138.59,19534043
TLT,2022/2/23,137.68,137.8499,136.565,136.68,17757840
TLT,2022/2/24,139.1,139.37,136.25,136.77,28150362
TLT,2022/2/25,136.86,137.31,136.18,136.87,15025360
TLT,2022/2/28,138.43,140.045,138.32,139.87,25817704
TLT,2022/3/1,140.36,142.33,140,141.3,35664355
TLT,2022/3/2,139.84,140.42,136.41,136.47,30397410
TLT,2022/3/3,137.49,138.7,137.02,137.86,20649063
TLT,2022/3/4,140.36,140.825,139.305,140.24,25854808
TLT,2022/3/7,139.12,140.64,138.77,139.17,23710932
TLT,2022/3/8,137.51,138.25,137.25,137.77,28331275
TLT,2022/3/9,137.065,137.3403,136.13,136.42,18819154
TLT,2022/3/10,134.83,135.17,133.72,134.46,26868881
TLT,2022/3/11,134.33,135.45,134.21,134.91,15583795
TLT,2022/3/14,132.7,132.89,131.72,131.76,24384956
TLT,2022/3/15,132.86,133.15,131.19,131.53,17518754
TLT,2022/3/16,131.83,133.13,130.32,132.82,25857702
TLT,2022/3/17,132.82,133.34,131.07,131.83,19330578
TLT,2022/3/18,132.57,133.535,132.57,133.44,55891681
TLT,2022/3/21,131.28,131.67,129.75,130.35,26122048
TLT,2022/3/22,128.96,129.335,128.34,128.68,21830886
TLT,2022/3/23,129.37,131.6,128.86,131.5,21266117
TLT,2022/3/24,129.65,131.18,129.6,130.47,17141591
TLT,2022/3/25,129.5,129.52,127.65,128.66,25689789
TLT,2022/3/28,129.39,130.56,129.04,129.76,17657777
TLT,2022/3/29,130.56,131.55,129.74,130.74,19319654
TLT,2022/3/30,130.07,132.01,129.985,131.76,16310219
TLT,2022/3/31,131.98,132.67,131.66,132.08,19900953
TLT,2022/4/1,130.01,132.96,129.71,132.38,23489724
TLT,2022/4/4,131.93,131.98,130.71,131.46,13609923
TLT,2022/4/5,130.76,130.775,128.29,128.49,25196929
TLT,2022/4/6,126.43,128.3,126.4,127.45,22951954
TLT,2022/4/7,126.11,126.67,125.41,126.49,23458768
TLT,2022/4/8,125.45,125.83,124.26,125.12,26859158
TLT,2022/4/11,123.92,124.19,122.56,123.14,30020696
TLT,2022/4/12,124.05,124.16,122.67,122.97,23124178
TLT,2022/4/13,123.05,124.3,122.89,123.22,17189500
TLT,2022/4/14,122.86,122.93,120.38,120.75,34274530
TLT,2022/4/18,120.87,121.08,119.69,120.15,18784253
TLT,2022/4/19,119.15,119.72,118.67,119.25,26012315
TLT,2022/4/20,120.22,121.965,119.92,121.65,31423175
TLT,2022/4/21,120.83,120.91,119.17,120.75,23323244
TLT,2022/4/22,120.07,121.44,119.81,119.99,19773405
TLT,2022/4/25,121.38,122.185,121.125,121.19,25418916
TLT,2022/4/26,122.44,123.03,121.76,122.41,26931347
TLT,2022/4/27,122.19,122.32,120.77,120.84,14560521
TLT,2022/4/28,120.39,121.07,120.01,121.02,16892495
TLT,2022/4/29,119.31,120.97,119.105,119.45,26153421
TLT,2022/5/2,117.86,118.27,116.93,117.18,29233885
TLT,2022/5/3,119.04,119.31,117.89,117.97,21256662
TLT,2022/5/4,117.97,118.965,117.35,118.62,25575688
TLT,2022/5/5,116.35,116.47,114.015,115.37,48384528
TLT,2022/5/6,114.14,115.04,113.31,113.67,32790491
TLT,2022/5/9,112.86,114.71,112.62,114.67,26773036
TLT,2022/5/10,115.89,116.96,115.48,115.71,33640756
TLT,2022/5/11,114.74,117.94,114.44,117.94,34173628
TLT,2022/5/12,118.02,118.89,117.655,117.72,26405693
TLT,2022/5/13,116.98,117.15,115.9,115.98,20782747
TLT,2022/5/16,116.21,116.935,115.85,115.86,11050571
TLT,2022/5/17,114.71,115.35,114.36,114.46,15040753
TLT,2022/5/18,114.72,117,114.61,116.9,21337265
TLT,2022/5/19,118.64,118.72,116.8537,117.18,21937465
TLT,2022/5/20,117.09,119.02,117.06,118.51,22780940
TLT,2022/5/23,117.705,118.25,116.54,116.56,15925189
TLT,2022/5/24,117.9,119.638,117.86,118.86,23388212
TLT,2022/5/25,119.61,119.62,118.59,119.33,14410842
TLT,2022/5/26,119.02,119.09,117.8,118.79,14912949
TLT,2022/5/27,119.36,119.737,118.74,119.08,11190426
TLT,2022/5/31,117.18,117.23,115.928,116.56,28393674
TLT,2022/6/1,117.03,117.34,115.69,116.22,15544848
TLT,2022/6/2,116.63,116.71,115.46,116.28,9832015
TLT,2022/6/3,115.09,116.06,114.87,116.03,15330410
TLT,2022/6/6,115.15,115.51,113.81,113.89,20815373
TLT,2022/6/7,114.61,115.775,114.58,115.12,14278653
TLT,2022/6/8,114.68,115.13,114.08,114.1,11476139
TLT,2022/6/9,113.835,114.71,113.68,114.48,15527256
TLT,2022/6/10,114.36,114.61,112.965,113.77,21917058
TLT,2022/6/13,111.49,111.67,109.24,110.2,36968312
TLT,2022/6/14,110.53,110.98,108.59,108.81,21865876
TLT,2022/6/15,110.085,110.99,109.03,110.84,25202801
TLT,2022/6/16,108.45,111.72,108.115,111.72,26067258
TLT,2022/6/17,112.01,112.83,110.96,112.08,21614262
TLT,2022/6/21,110.09,111.015,109.8128,110.18,17663799
TLT,2022/6/22,112.69,113.31,112.38,113.21,23703814
TLT,2022/6/23,113.9,115.165,113.49,114.14,20669222
TLT,2022/6/24,113.46,114.17,112.5,112.56,18161250
TLT,2022/6/27,111.22,112.22,111.16,111.6,12053040
TLT,2022/6/28,111.29,112.18,110.87,112.12,13708196
TLT,2022/6/29,112.38,113.9,112.17,113.87,12925357
TLT,2022/6/30,114.859,115.77,114.75,114.87,25802128
TLT,2022/7/1,115.9,117.59,115.22,115.82,21858829
TLT,2022/7/5,116.89,117.75,116.17,116.73,16689670
TLT,2022/7/6,117.39,117.54,114.77,114.77,20205365
TLT,2022/7/7,115.1,115.17,113.51,113.76,13087988
TLT,2022/7/8,113.5,113.5,112.05,112.5,15320004
TLT,2022/7/11,113.79,114.79,113.7,114.44,13639942
TLT,2022/7/12,115.51,116.23,114.97,115.12,18547318
TLT,2022/7/13,113.77,116.65,113.45,116.44,20594832
TLT,2022/7/14,115.08,116.16,114.47,115.49,15664987
TLT,2022/7/15,115.84,116.82,115.6,116.14,16022586
TLT,2022/7/18,115.25,115.32,114.18,114.93,15838268
TLT,2022/7/19,114.91,115.15,113.66,114.31,9276754
TLT,2022/7/20,115.48,115.55,114.05,114.61,9117311
TLT,2022/7/21,115.19,116.7195,115.01,116.59,14754886
TLT,2022/7/22,118.29,119.27,117.97,118.55,17715311
TLT,2022/7/25,116.71,117.54,116.47,117.39,24868134
TLT,2022/7/26,118.86,119.24,117.395,117.48,13535963
TLT,2022/7/27,118.01,118.485,116.71,116.82,15725564
TLT,2022/7/28,118.045,118.92,117.32,117.75,16637914
TLT,2022/7/29,117.7,119.305,117.33,117.43,16655870
TLT,2022/8/1,118.25,120.1,118.08,120.04,17974560
TLT,2022/8/2,120.15,120.69,117.285,117.5,17896257
TLT,2022/8/3,117.17,119.49,116.3336,119.35,16731172
TLT,2022/8/4,118.98,119.55,118.54,119.31,11003006
TLT,2022/8/5,117.07,117.11,115.89,116.47,19492287
TLT,2022/8/8,117.64,118.53,117.56,118.35,17477736
TLT,2022/8/9,117.73,118.359,117.46,117.89,8223201
TLT,2022/8/10,117.73,118.91,116.73,117.12,14665302
TLT,2022/8/11,116.87,117.06,114.09,114.39,20663783
TLT,2022/8/12,115.1,115.57,114.43,115.55,12178401
TLT,2022/8/15,116.33,116.745,115.45,115.45,9031814
TLT,2022/8/16,115.25,116.02,114.24,115.93,11065955
TLT,2022/8/17,115.06,115.1,114.31,114.72,14131281
TLT,2022/8/18,114.97,115.64,114.585,114.89,10738208
TLT,2022/8/19,113.23,113.335,112.74,113.04,16330898
TLT,2022/8/22,112.86,112.96,112.13,112.66,10457236
TLT,2022/8/23,112.19,113.48,111.735,112.04,17813184
TLT,2022/8/24,111.485,111.87,110.86,111.22,13971626
TLT,2022/8/25,111.32,113.09,110.99,112.77,21429692
TLT,2022/8/26,112.3,113.99,112.01,113.62,18764391
TLT,2022/8/29,112.94,113.01,112.1324,112.68,14278261
TLT,2022/8/30,112.62,113.51,112.21,112.96,14346559
TLT,2022/8/31,112.69,113.34,111.575,111.88,13623548
TLT,2022/9/1,109.87,110.25,108.94,109.6,22490448
TLT,2022/9/2,109.68,110.56,109.47,110.22,13024448
TLT,2022/9/6,108.9,108.97,107.42,107.49,24648520
TLT,2022/9/7,108.32,109.48,108.21,109.19,17050131
TLT,2022/9/8,108.84,109.52,108.05,108.07,14671366
TLT,2022/9/9,108.33,108.795,107.63,108.31,12529797
TLT,2022/9/12,108.63,108.89,106.92,107.42,14806921
TLT,2022/9/13,106.56,107.735,106.24,107.67,22158884
TLT,2022/9/14,107.34,108.21,107.115,108.04,13077844
TLT,2022/9/15,107.85,108.19,107.58,107.97,10260164
TLT,2022/9/16,107.03,108.05,106.765,107.07,18903848
TLT,2022/9/19,106.96,107.82,106.8,107.32,11084426
TLT,2022/9/20,105.69,106.84,105.4,106.25,20133840
TLT,2022/9/21,106.7,108.04,105.97,108.03,23132922
TLT,2022/9/22,105.79,105.96,104.73,105.27,29030571
TLT,2022/9/23,105.34,106.425,104.56,105.7,23042234
TLT,2022/9/26,105.36,105.41,103.22,103.68,25104572
TLT,2022/9/27,102.71,102.98,100.9,100.95,34609453
TLT,2022/9/28,103.13,104.45,102.48,104.33,39283095
TLT,2022/9/29,102.9,104.225,102.8,103.79,19127141
TLT,2022/9/30,104.27,104.86,102.225,102.45,26485690
TLT,2022/10/3,103.85,104.68,103.15,103.83,27192238
TLT,2022/10/4,104.15,104.6499,103.3,103.54,13788739
TLT,2022/10/5,102.73,102.84,101.5802,102.55,20522057
TLT,2022/10/6,102.59,102.84,101.53,101.98,13965691
TLT,2022/10/7,100.81,101.62,100.47,100.99,14814780
TLT,2022/10/10,100.5,100.51,98.795,99.42,15652632
TLT,2022/10/11,99.74,100.9,98.99,99.86,33246713
TLT,2022/10/12,99.275,100.535,99.19,100.35,21447565
TLT,2022/10/13,98.36,100.38,98.34,99.39,30292454
TLT,2022/10/14,100.19,100.19,98.25,98.57,18732892
TLT,2022/10/17,99.29,99.66,97.94,98.09,18969871
TLT,2022/10/18,97.95,98.46,96.87,98.32,16931451
TLT,2022/10/19,97.19,97.42,96.32,96.53,25431577
TLT,2022/10/20,95.93,96.33,94.74,94.88,25434934
TLT,2022/10/21,93.02,93.93,92.26,93.17,46280271
TLT,2022/10/24,92.82,93.55,91.85,92.4,31332597
TLT,2022/10/25,94.58,95.225,94.44,95.09,31213113
TLT,2022/10/26,95.77,96.69,95.765,96.46,24854742
TLT,2022/10/27,96.98,97.9,96.215,97.47,20270036
TLT,2022/10/28,96.86,97.625,96.41,96.8,22244089
TLT,2022/10/31,96.36,96.62,95.03,96.11,23956687
TLT,2022/11/1,97.38,97.42,96.21,96.77,17585088
TLT,2022/11/2,96.91,97.63,95.96,96.35,25010515
TLT,2022/11/3,95.17,96.38,95.09,95.83,29097497
TLT,2022/11/4,95.1,95.655,94.22,94.22,23561369
TLT,2022/11/7,94.8,94.86,93.24,93.28,14522820
TLT,2022/11/8,93.8,94.96,93.7698,94.3,20360550
TLT,2022/11/9,93.82,95.02,93.69,94.61,15637456
TLT,2022/11/10,96.725,98.43,96.64,98.25,45380877
TLT,2022/11/11,97.57,98.37,97.54,97.89,15943114
TLT,2022/11/14,97.91,97.985,97.09,97.65,13711928
TLT,2022/11/15,98.25,99.3,98.11,99.23,26608180
TLT,2022/11/16,100.02,101.45,99.74,101.4,28507673
TLT,2022/11/17,100.2,100.57,99.78,100.33,24536378
TLT,2022/11/18,100.6,100.885,99.545,99.64,14941277
TLT,2022/11/21,100.69,100.815,99.8,100.06,15534009
TLT,2022/11/22,100.65,101.62,100.5319,101.48,18103116
TLT,2022/11/23,102.14,103.25,102.08,103.25,23234587
TLT,2022/11/25,102.61,102.93,102.43,102.9,9486076
TLT,2022/11/28,103.61,103.805,102.685,103.19,14569219
TLT,2022/11/29,102.15,102.96,101.91,101.98,16576438
TLT,2022/11/30,101.615,102.73,101.37,102.73,21581659
TLT,2022/12/1,103.15,105.81,103.1,105.76,53156786
TLT,2022/12/2,105.3,107.1,104.605,107.09,24479525
TLT,2022/12/5,105.84,105.99,104.9,105.59,20159732
TLT,2022/12/6,106.5,107.39,106.19,106.95,21754513
TLT,2022/12/7,108.37,109.68,108.2,109.47,30546679
TLT,2022/12/8,108.7,109.45,108.47,109.17,13377290
TLT,2022/12/9,107.94,108.17,106.27,106.33,25872173
TLT,2022/12/12,107.86,108.11,106.26,106.67,16897091
TLT,2022/12/13,109.04,109.08,107.455,107.7,23854670
TLT,2022/12/14,107.66,108.32,106.8927,108.16,19517531
TLT,2022/12/15,108.39,109.12,108.16,108.32,20255470
TLT,2022/12/16,106.6,107.83,106.31,107.11,20838343
TLT,2022/12/19,105.83,105.84,104.98,105.31,26126829
TLT,2022/12/20,103.38,103.81,103.1,103.44,28869030
TLT,2022/12/21,104.29,104.4,102.96,103.7,15894092
TLT,2022/12/22,103.67,104.12,103.38,103.68,11322512
TLT,2022/12/23,102.58,102.81,102.0225,102.16,15408891
TLT,2022/12/27,100.49,101.07,100.01,100.14,26475730
TLT,2022/12/28,100.65,100.78,99.35,99.55,17302853
TLT,2022/12/29,99.86,100.99,99.79,100.68,16592967
TLT,2022/12/30,99.87,100.55,99.37,99.56,20810209
TLT,2023/1/3,102.2,102.34,100.84,101.46,25313228
TLT,2023/1/4,103.22,103.475,102.21,102.85,21678210
TLT,2023/1/5,101.87,103.288,101.78,103.28,14771117
TLT,2023/1/6,102.7,105.3,102.64,105.18,27473733
TLT,2023/1/9,104.41,105.93,104.27,105.74,21472166
TLT,2023/1/10,104.53,104.82,103.5,103.99,20545215
TLT,2023/1/11,104.97,105.72,104.7,105.68,18794029
TLT,2023/1/12,105.82,107.81,104.56,107.76,32029608
TLT,2023/1/13,107.1,107.8,106.38,106.75,17750775
TLT,2023/1/17,105.67,106.66,105.65,106.06,13911676
TLT,2023/1/18,108.46,108.77,107.12,108.63,35497241
TLT,2023/1/19,108.1,108.37,107.44,107.95,17194653
TLT,2023/1/20,106.96,107.24,106.11,106.2,22754067
TLT,2023/1/23,105.57,106.2,105.49,105.7,12961516
TLT,2023/1/24,106.12,107.45,105.39,107.22,16417220
TLT,2023/1/25,107.37,107.905,106.64,107.48,11906502
TLT,2023/1/26,107.14,107.65,106.49,106.98,15549352
TLT,2023/1/27,106.19,106.96,106.11,106.71,11845473
TLT,2023/1/30,106.46,107.16,106.19,106.32,11459667
TLT,2023/1/31,106.98,107.28,105.87,107.17,13705345
TLT,2023/2/1,107.55,108.59,106.42,108.18,25305791
TLT,2023/2/2,108.92,109.352,108.085,108.32,19548415
TLT,2023/2/3,106.77,107.11,106.08,106.7,20619484
TLT,2023/2/6,105.75,106.305,105.68,105.91,15182444
TLT,2023/2/7,105.33,106.23,105,105.06,18290306
TLT,2023/2/8,105.04,105.58,104.39,105.56,13530655
TLT,2023/2/9,106.47,106.62,104.39,104.56,20469923
TLT,2023/2/10,104.4,104.44,103.115,103.39,16598349
TLT,2023/2/13,103.71,104.415,103.58,104.26,13134299
TLT,2023/2/14,104.2,104.83,103.135,104.02,15440317
TLT,2023/2/15,103.55,103.95,102.495,103.05,15567607
TLT,2023/2/16,102.07,102.22,101.33,101.59,19267327
TLT,2023/2/17,101.1,102.38,100.965,102.38,19560871
TLT,2023/2/21,101.005,101.2,100.28,100.39,22727975
TLT,2023/2/22,100.99,101.69,100.95,101.31,15165423
TLT,2023/2/23,101.54,102.59,101.47,102.3,15829077
TLT,2023/2/24,101.44,101.795,100.56,100.97,21403577
TLT,2023/2/27,101.29,101.7,100.91,101.25,14209183
TLT,2023/2/28,100.57,101.72,100.28,101.71,14955716
TLT,2023/3/1,100.82,101.03,99.96,100.37,19000033
TLT,2023/3/2,99.06,99.645,98.88,99.48,23769180
TLT,2023/3/3,100.93,101.9,100.57,101.89,30877342
TLT,2023/3/6,102.22,102.34,100.99,101.1,16631871
TLT,2023/3/7,101.46,102.365,100.88,101.72,23096462
TLT,2023/3/8,102.4,102.97,101.42,101.82,20252359
TLT,2023/3/9,101.55,102.52,101.33,102.07,21550356
TLT,2023/3/10,104.03,105.6939,104,105.59,43921484
TLT,2023/3/13,108.2,109.1,105.04,105.83,51502460
TLT,2023/3/14,105.14,105.61,103.75,104.09,38417777
TLT,2023/3/15,106.78,107.71,105.345,106.1,45164118
TLT,2023/3/16,107.38,108.03,105.04,105.27,43103531
TLT,2023/3/17,106.65,107.73,106.46,106.85,38128985
TLT,2023/3/20,106.88,106.96,105.72,105.91,24242781
TLT,2023/3/21,105.08,105.42,104.54,105,18934923
TLT,2023/3/22,104.66,106.45,104.44,106.4,26388481
TLT,2023/3/23,105.36,106.55,104.82,106.4,25475128
TLT,2023/3/24,107.09,107.43,106.26,106.85,23657586
TLT,2023/3/27,105.05,105.76,104.325,104.34,22224508
TLT,2023/3/28,104.24,104.68,104.02,104.53,17794343
TLT,2023/3/29,103.7,104.45,103.6,104.32,16804393
TLT,2023/3/30,104.46,105.05,104.27,104.8,14315802
TLT,2023/3/31,105.35,106.56,105.075,106.37,25396684
TLT,2023/4/3,105.88,107.095,105.7,106.6,18234843
TLT,2023/4/4,105.78,107.8,105.75,107.13,18052419
TLT,2023/4/5,107.77,108.37,107.41,108.25,23047703
TLT,2023/4/6,108.42,108.87,108.39,108.53,16447295
TLT,2023/4/10,107.64,107.7618,106.56,106.78,19134399
TLT,2023/4/11,107.05,107.09,106.51,107,13971249
TLT,2023/4/12,107.05,107.165,105.88,106.89,20563001
TLT,2023/4/13,107.05,107.39,105.88,106.05,22079384
TLT,2023/4/14,105.39,105.55,104.77,105.08,19801897
TLT,2023/4/17,104.42,104.59,103.71,103.83,19528811
TLT,2023/4/18,103.81,104.585,103.8,104.2,15922623
TLT,2023/4/19,103.91,104.237,103.475,104.1,16093905
TLT,2023/4/20,104.83,105.28,104.753,104.99,16450090
TLT,2023/4/21,105.3,105.46,104.27,104.4,15244718
TLT,2023/4/24,104.96,105.4875,104.84,105.41,17034309
TLT,2023/4/25,106.33,107.13,106.28,106.96,21899884
TLT,2023/4/26,106.79,107.24,105.67,105.82,19610403
TLT,2023/4/27,105.2,105.27,104.61,104.77,20247619
TLT,2023/4/28,106.21,106.76,105.86,106.46,26954077
TLT,2023/5/1,105.27,105.42,102.84,103.13,32487293
TLT,2023/5/2,104,105.7,103.89,105.7,30057756
TLT,2023/5/3,106,106.6,105.275,106.29,23656168
TLT,2023/5/4,105.22,106.45,105.15,105.24,25110469
TLT,2023/5/5,104.35,104.9,104.105,104.89,15096463
TLT,2023/5/8,103.515,103.87,103.32,103.42,20587042
TLT,2023/5/9,103.5,103.64,103,103.05,19182506
TLT,2023/5/10,103.67,104.24,103.64,104.05,22886805
TLT,2023/5/11,105.295,105.52,104.72,105.15,19147223
TLT,2023/5/12,105.05,105.25,104.25,104.27,14198538
TLT,2023/5/15,103.39,103.47,103.12,103.19,20085302
TLT,2023/5/16,102.4,102.9,102.11,102.88,29251698
TLT,2023/5/17,103.08,103.16,102.345,102.58,21340887
TLT,2023/5/18,102.2,102.26,101.75,101.82,25536613
TLT,2023/5/19,101.26,101.86,100.93,101.1,29038022
TLT,2023/5/22,101.25,101.71,100.67,100.74,20131107
TLT,2023/5/23,100.43,101.25,100.275,101.03,21749470
TLT,2023/5/24,101.28,101.36,100.53,100.53,18473351
TLT,2023/5/25,100.7,100.8,100.03,100.28,22492819
TLT,2023/5/26,100.12,101.1733,100,101.09,17030266
TLT,2023/5/30,101.4,102.24,101.25,102.1,23125160
TLT,2023/5/31,101.99,103.18,101.87,102.99,23787034
TLT,2023/6/1,103.28,103.63,102.63,103.12,21040382
TLT,2023/6/2,103,103.065,101.94,101.99,19136515
TLT,2023/6/5,101.35,102.4399,101.21,101.8,14433172
TLT,2023/6/6,101.84,102.47,101.39,102.4,14332121
TLT,2023/6/7,102.17,102.43,100.78,100.88,25251099
TLT,2023/6/8,100.87,102.14,100.8,102.06,23848659
TLT,2023/6/9,101.6,102.265,101.34,101.92,22148561
TLT,2023/6/12,102.24,102.3,101.12,102.22,19024132
TLT,2023/6/13,102.11,102.33,100.965,101.21,25910828
TLT,2023/6/14,101.63,102.29,101.46,102.02,29094244
TLT,2023/6/15,103.03,103.63,102.6,103,25731994
TLT,2023/6/16,102.44,102.8269,102.03,102.6,16759084
TLT,2023/6/20,103.11,103.6581,103.11,103.31,17163972
TLT,2023/6/21,102.81,103.65,102.34,103.56,19720142
TLT,2023/6/22,102.8,103.25,102.2,102.31,23633350
TLT,2023/6/23,103.83,103.95,102.98,103.33,22901918
TLT,2023/6/26,103.62,103.8,103.16,103.44,12894937
TLT,2023/6/27,103.59,103.95,102.76,103.17,18105686
TLT,2023/6/28,103.41,103.84,102.827,103.61,23826807
TLT,2023/6/29,102.17,102.34,101.45,101.74,41091617
TLT,2023/6/30,102.06,103.06,101.87,102.94,32024910
TLT,2023/7/3,102.84,103.255,102.06,102.08,16011810
TLT,2023/7/5,101.89,102,100.74,101.11,28170286
TLT,2023/7/6,100.2,100.38,99.47,99.68,41375735
TLT,2023/7/7,99.18,99.6,98.985,99.08,28996478
TLT,2023/7/10,98.86,99.53,98.85,99.21,24665198
TLT,2023/7/11,99.57,99.97,99.29,99.72,20491147
TLT,2023/7/12,100.1,101.12,99.765,100.83,31927964
TLT,2023/7/13,101.31,101.97,101.03,101.89,32441493
TLT,2023/7/14,101.72,101.935,101.235,101.29,18568974
TLT,2023/7/17,101.23,101.485,100.92,101.34,18828245
TLT,2023/7/18,101.8,102.065,101.57,101.8,15412764
TLT,2023/7/19,102,102.98,101.725,102.95,27192463
TLT,2023/7/20,102.22,102.31,101.28,101.7,56951188
TLT,2023/7/21,102.16,102.345,101.63,101.73,20657453
TLT,2023/7/24,101.985,102.15,101.3,101.36,17546711
TLT,2023/7/25,100.83,101.5,100.8,101.17,17160556
TLT,2023/7/26,101.68,101.69,100.9256,101.27,19310659
TLT,2023/7/27,100.71,100.925,98.91,99.3,44794390
TLT,2023/7/28,99.4,99.86,99.15,99.81,27433966
TLT,2023/7/31,99.65,100.33,99.62,100.05,28665164
TLT,2023/8/1,98.84,98.915,97.9,98.14,34985340
TLT,2023/8/2,97.04,97.235,96.41,97.09,38121255
TLT,2023/8/3,95.19,95.32,94.535,94.85,59449684
TLT,2023/8/4,95.15,96.68,95.13,96.53,42071834
TLT,2023/8/7,96.11,96.2,95.5,95.58,35862880
TLT,2023/8/8,96.86,97.37,96.44,96.69,24010511
TLT,2023/8/9,96.88,97.29,96.84,97.19,20151127
TLT,2023/8/10,97.04,97.355,95.59,95.59,37253246
TLT,2023/8/11,95.3,95.865,95.2,95.37,26753471
TLT,2023/8/14,95.21,95.93,94.9,95.16,19071967
TLT,2023/8/15,94.798,95.195,94.56,94.58,24125027
TLT,2023/8/16,94.28,94.79,93.72,93.84,23076663
TLT,2023/8/17,93.5,93.605,93.02,93.44,32244852
TLT,2023/8/18,93.43,94.19,93.3015,93.77,24181708
TLT,2023/8/21,92.66,92.76,92.23,92.52,29254118
TLT,2023/8/22,92.64,93.275,92.46,93.23,21323072
TLT,2023/8/23,94.3,95.55,94.23,95.54,38294655
TLT,2023/8/24,95.13,95.55,94.885,94.91,22300818
TLT,2023/8/25,94.66,95.51,94.51,95.22,23865213
TLT,2023/8/28,95.65,95.66,94.8897,95.32,16037346
TLT,2023/8/29,94.97,96.51,94.94,96.31,28478118
TLT,2023/8/30,96.16,96.4,95.88,96.21,17550106
TLT,2023/8/31,96.54,97.05,96.425,96.64,26959665
TLT,2023/9/1,95.8,95.82,94.62,94.85,32469677
TLT,2023/9/5,94.28,94.285,93.49,93.52,29435888
TLT,2023/9/6,94.09,94.11,93.46,93.75,23609041
TLT,2023/9/7,94,94.07,93.68,94.01,18091459
TLT,2023/9/8,94.38,94.9,94.17,94.37,17054175
TLT,2023/9/11,93.7,93.98,93.55,93.69,17061472
TLT,2023/9/12,93.89,94.24,93.5808,94.23,20034330
TLT,2023/9/13,93.92,94.5301,93.82,94.21,23332277
TLT,2023/9/14,93.94,94.21,93.4,93.53,27800615
TLT,2023/9/15,93.46,93.48,92.96,92.96,25642922
TLT,2023/9/18,92.85,93.53,92.82,93.49,17963376
TLT,2023/9/19,93.08,93.43,92.8,92.8,24947684
TLT,2023/9/20,93.29,93.6,93.04,93.09,29451164
TLT,2023/9/21,91.285,91.365,90.69,90.7,59958747
TLT,2023/9/22,90.81,91.605,90.67,91.43,29530323
TLT,2023/9/25,89.66,90.04,89.15,89.18,45587914
TLT,2023/9/26,89.43,89.62,88.71,88.87,38104127
TLT,2023/9/27,89.535,89.62,88.09,88.41,47111201
TLT,2023/9/28,87.62,88.73,87.1,88.68,60238010
TLT,2023/9/29,89.27,89.49,88.13,88.69,49010145
TLT,2023/10/2,87.82,87.93,86.71,86.93,44704259
TLT,2023/10/3,86.31,86.65,84.885,85.06,71362641
TLT,2023/10/4,85.77,86.31,85.37,86.26,56281598
TLT,2023/10/5,86.105,86.19,85.635,85.83,35758761
TLT,2023/10/6,84.2,85.685,84.06,84.79,62787857
TLT,2023/10/9,85.5,86.8,84.95,86.78,29424888
TLT,2023/10/10,85.85,87.17,85.52,86.66,54743911
TLT,2023/10/11,87.85,88.47,87.6,88.47,58517653
TLT,2023/10/12,88.05,88.1894,85.925,86.07,66986734
TLT,2023/10/13,87.6,87.83,87.17,87.61,44203089
TLT,2023/10/16,86.19,86.37,85.9,86.2,38309794
TLT,2023/10/17,84.89,85.6299,84.5045,85.25,52949096
TLT,2023/10/18,84.38,84.72,83.85,84.5,63724616
TLT,2023/10/19,83.88,84.57,82.74,82.77,87696929
TLT,2023/10/20,82.99,83.54,82.77,83.24,52188750
TLT,2023/10/23,82.81,84.86,82.42,84.24,70890435
TLT,2023/10/24,84.44,85.35,84.09,85.35,46267684
TLT,2023/10/25,84.02,84.13,83.13,83.45,60737170
TLT,2023/10/26,83.48,84.815,83.4,84.73,49704075
TLT,2023/10/27,84.19,84.97,83.74,84.37,32362270
TLT,2023/10/30,83.81,84.5,83.24,83.99,45026920
TLT,2023/10/31,84.365,84.77,83.55,83.58,37269235
TLT,2023/11/1,84.04,85.12,84.02,85.1,72308463
TLT,2023/11/2,86.675,87.31,86.22,87.04,69739356
TLT,2023/11/3,88.81,89.05,87.575,87.63,77692250
TLT,2023/11/6,87.07,87.2,86.6,86.78,41341870
TLT,2023/11/7,87.61,88.5,87.59,88.06,37834193
TLT,2023/11/8,88.48,89.62,88.45,89.56,53893384
TLT,2023/11/9,88.94,89.03,86.74,87.5,88975095
TLT,2023/11/10,88.225,88.425,87.7749,87.99,36594021
TLT,2023/11/13,87.22,87.94,86.9,87.79,25661516
TLT,2023/11/14,90,90.15,89.29,89.78,65666823
TLT,2023/11/15,89.01,89.14,88.31,88.52,56205295
TLT,2023/11/16,89.3,89.96,89.25,89.62,49473882
TLT,2023/11/17,90.16,90.425,89.6358,90.04,44100610
TLT,2023/11/20,89.62,90.655,89.61,90.59,40517570
TLT,2023/11/21,90.5,90.8,89.885,90.55,27720966
TLT,2023/11/22,91.12,91.32,90.38,90.87,31215577
TLT,2023/11/24,90.1,90.26,89.79,89.8,20199626
TLT,2023/11/27,90.3,91.34,90.205,91.3,39804428
TLT,2023/11/28,90.91,91.53,90.785,91.48,44989267
TLT,2023/11/29,92.11,92.695,91.775,92.63,61647846
TLT,2023/11/30,91.97,92.29,91.155,91.56,60520870
TLT,2023/12/1,91.31,93.0599,91.1316,92.99,64172227
TLT,2023/12/4,92.49,92.83,92.09,92.615,33766250
TLT,2023/12/5,93.63,94.62,93.565,94.61,73588581
TLT,2023/12/6,95.08,96.05,94.87,95.87,61606082
TLT,2023/12/7,95.18,96.08,95.06,95.32,47970168
TLT,2023/12/8,94.42,94.715,93.91,94.54,44809246
TLT,2023/12/11,94.01,94.44,93.53,94.34,33909733
TLT,2023/12/12,94.15,94.7,93.9004,94.62,36996909
TLT,2023/12/13,95.17,96.98,95.02,96.84,70828499
TLT,2023/12/14,97.66,99.04,97.42,99.04,87798591
TLT,2023/12/15,98.69,99.35,98.58,99.15,59941256
TLT,2023/12/18,98.5,98.5,98.02,98.36,34746018
TLT,2023/12/19,98.855,99.26,98.66,98.89,30018415
TLT,2023/12/20,99.11,99.69,98.58,99.56,51229377
TLT,2023/12/21,99.74,99.84,98.75,98.93,65231183
TLT,2023/12/22,99.38,99.38,98.24,98.475,29244249
TLT,2023/12/26,98.54,98.87,98.48,98.76,24019749
TLT,2023/12/27,99.78,100.53,99.5,100.51,45082814
TLT,2023/12/28,100.09,100.57,99.56,99.78,36212985
TLT,2023/12/29,99.13,99.815,98.795,98.88,41616185
TLT,2024/1/2,98.2293,98.65,98,98.31,47797425
TLT,2024/1/3,97.38,98.85,97.15,98.72,58159496
TLT,2024/1/4,97.42,97.64,97.065,97.22,52604511
TLT,2024/1/5,96.5,97.68,96.21,96.29,45894801
TLT,2024/1/8,96.23,97.38,96.09,97.24,39485848
TLT,2024/1/9,96.64,97.165,96.585,96.62,34373950
TLT,2024/1/10,96.92,97.045,96.121,96.17,48227798
TLT,2024/1/11,96.17,96.83,95.71,96.71,78858911
TLT,2024/1/12,96.78,97.27,96.27,96.52,38883928
TLT,2024/1/16,95.62,95.79,94.51,94.82,61716698
TLT,2024/1/17,94.6,95,94.16,94.67,55506807
TLT,2024/1/18,94.46,94.58,93.51,93.79,77339062
TLT,2024/1/19,93.71,94.165,93.26,94.09,47030912
TLT,2024/1/22,94.82,95.08,94.39,94.65,35756416
TLT,2024/1/23,93.89,93.99,93.4299,93.9,35786747
TLT,2024/1/24,94.51,94.54,93.1,93.35,54574914
TLT,2024/1/25,94,94.216,93.57,93.96,57019409
TLT,2024/1/26,93.93,94.07,93.485,93.78,29276865
TLT,2024/1/29,94.31,95.165,94.12,94.86,38243550
TLT,2024/1/30,95.48,95.84,94.74,95.72,40151415
TLT,2024/1/31,96.22,96.91,96,96.66,80646722
TLT,2024/2/1,97.42,98.67,97.19,98.24,84291219
TLT,2024/2/2,96.27,96.62,95.69,96.07,63823250
TLT,2024/2/5,94.63,94.85,94.02,94.13,53827357
TLT,2024/2/6,94.24,95.15,94.211,95.05,33411473
TLT,2024/2/7,94.57,95.23,94.52,94.59,40120215
TLT,2024/2/8,94.02,94.3,93.655,94.04,50087687
TLT,2024/2/9,93.76,94.01,93.6618,93.85,27951308
TLT,2024/2/12,93.9,94.14,93.5001,93.96,27890272
TLT,2024/2/13,92.86,93.059,92.33,92.35,49768460
TLT,2024/2/14,92.3,93.05,92.23,92.82,44191551
TLT,2024/2/15,93.56,93.72,93,93.3,49598494
TLT,2024/2/16,92.48,92.845,92.34,92.76,33116772
TLT,2024/2/20,92.79,93.19,92.72,92.84,24469329
TLT,2024/2/21,92.83,92.895,92.0063,92.18,36404244
TLT,2024/2/22,92.33,92.76,92.265,92.63,45190659
TLT,2024/2/23,92.75,93.999,92.75,93.87,38406710
TLT,2024/2/26,94,94.03,93.19,93.59,27855044
TLT,2024/2/27,93.24,93.47,92.845,92.93,30241953
TLT,2024/2/28,93.08,93.595,92.9,93.52,34574178
TLT,2024/2/29,93.82,94.3,93.78,94.18,51038614
TLT,2024/3/1,93.44,94.51,93.01,94.47,45832788
TLT,2024/3/4,93.7,94.155,93.68,94.09,23864210
TLT,2024/3/5,95.23,95.68,94.965,95.43,37721853
TLT,2024/3/6,95.49,96.17,95.41,95.99,40571580
TLT,2024/3/7,96.36,96.4,95.48,95.9,39075047
TLT,2024/3/8,95.8,96.045,95.48,95.73,25023234
TLT,2024/3/11,95.96,96.01,95.37,95.68,17787915
TLT,2024/3/12,95.04,95.21,94.69,94.88,29566000
TLT,2024/3/13,94.5,94.74,94.21,94.42,38270057
TLT,2024/3/14,93.73,93.75,92.86,92.97,58365563
TLT,2024/3/15,93.06,93.19,92.785,92.94,34997707
TLT,2024/3/18,92.73,92.99,92.5,92.66,29519539
TLT,2024/3/19,92.85,93.27,92.69,92.92,26953132
TLT,2024/3/20,93.1,93.79,92.29,92.89,43460080
TLT,2024/3/21,93.27,93.43,92.725,93.09,34276643
TLT,2024/3/22,94.19,94.21,93.78,93.98,30262284
TLT,2024/3/25,93.707,93.75,93.3,93.51,24011759
TLT,2024/3/26,93.51,93.87,93.2813,93.77,34422997
TLT,2024/3/27,93.99,94.7,93.94,94.7,50157816
TLT,2024/3/28,94.49,95.02,94.32,94.62,34540428
TLT,2024/4/1,93.29,93.3,92.455,92.55,48945448
TLT,2024/4/2,91.57,92.2,91.335,92.04,43086304
TLT,2024/4/3,91.26,92.05,91.05,92.02,45494441
TLT,2024/4/4,92.63,92.76,92.04,92.68,47957413
TLT,2024/4/5,91.69,92.18,91.38,91.39,42495899
TLT,2024/4/8,91.23,91.59,91.13,91.38,37879796
TLT,2024/4/9,91.869,92.36,91.835,92.23,32537023
TLT,2024/4/10,91.2001,91.3,90.05,90.22,74368942
TLT,2024/4/11,90.38,90.44,89.51,89.81,65751184
TLT,2024/4/12,90.64,90.95,90.28,90.29,47900106
TLT,2024/4/15,89.22,89.26,88.523,88.89,55993060
TLT,2024/4/16,88.05,88.58,87.785,88.3,45103244
TLT,2024/4/17,88.87,89.375,88.46,89.28,57946990
TLT,2024/4/18,89.24,89.27,88.59,88.83,43839454
TLT,2024/4/19,89.39,89.39,88.905,89.15,44826771
TLT,2024/4/22,88.68,89.12,88.645,89,24969046
TLT,2024/4/23,88.73,89.54,88.55,89.03,27222722
TLT,2024/4/24,88.56,88.63,87.5,88.4,48986757
TLT,2024/4/25,87.46,87.9,87.34,87.78,49282640
TLT,2024/4/26,88.245,88.605,88.05,88.24,31589821
TLT,2024/4/29,88.66,89.015,88.48,88.98,39228621
TLT,2024/4/30,88.42,88.73,88.095,88.22,41054666
TLT,2024/5/1,88.6,89.21,88.24,88.56,59679513
TLT,2024/5/2,88.21,89.01,88.025,88.94,58925388
TLT,2024/5/3,89.93,90.12,89.27,89.84,50066075
TLT,2024/5/6,89.87,90.25,89.67,90.19,23868185
TLT,2024/5/7,90.9,91.24,90.6141,90.74,30525831
TLT,2024/5/8,90.31,90.46,90.16,90.19,31171659
TLT,2024/5/9,89.87,90.77,89.82,90.63,39606723
TLT,2024/5/10,90.28,90.38,89.96,90.12,21913759
TLT,2024/5/13,90.55,90.61,90.31,90.35,23157495
TLT,2024/5/14,90.65,90.9199,90.42,90.86,25746391
TLT,2024/5/15,91.87,92.255,91.63,92.1,65142886
TLT,2024/5/16,92.39,92.4205,91.94,92.01,37902425
TLT,2024/5/17,91.64,91.8,91.34,91.39,24755012
TLT,2024/5/20,91.08,91.315,91.01,91.12,17922808
TLT,2024/5/21,91.73,91.77,91.43,91.59,15334425
TLT,2024/5/22,91.27,91.7799,91.26,91.7,38073722
TLT,2024/5/23,91.8,91.8,90.82,91.11,51294662
TLT,2024/5/24,90.97,91.47,90.9,91.38,19164425
TLT,2024/5/28,91.33,91.36,90.03,90.07,45973742
TLT,2024/5/29,89.34,89.395,88.68,88.98,45508378
TLT,2024/5/30,89.6,89.97,89.44,89.84,29571653
TLT,2024/5/31,90.48,90.66,90.25,90.45,41308832
TLT,2024/6/3,90.64,91.67,90.61,91.6,42272093
TLT,2024/6/4,92.2,92.8,91.99,92.67,42581462
TLT,2024/6/5,93,93.35,92.3887,93.35,43153858
TLT,2024/6/6,92.92,93.43,92.86,93.21,22891863
TLT,2024/6/7,91.83,91.83,91.4,91.5,35240475
TLT,2024/6/10,91,91.06,90.65,90.89,20593244
TLT,2024/6/11,91.032,91.87,90.9223,91.83,30329207
TLT,2024/6/12,93.02,93.57,92.485,92.52,42554583
TLT,2024/6/13,93.22,93.99,92.95,93.88,33093758
TLT,2024/6/14,94.42,94.84,94.24,94.67,28776710
TLT,2024/6/17,93.52,93.81,93.28,93.73,31040202
TLT,2024/6/18,93.89,94.6,93.73,94.59,26881038
TLT,2024/6/20,93.41,94,93.34,93.96,30246274
TLT,2024/6/21,94.24,94.479,93.59,93.96,22830882
TLT,2024/6/24,94.05,94.34,93.735,94.34,56939096
TLT,2024/6/25,94.07,94.55,94.04,94.5,23160000
TLT,2024/6/26,93.28,93.465,93.11,93.15,38489135
TLT,2024/6/27,93.52,93.71,93.42,93.52,23140767
TLT,2024/6/28,93.73,93.765,91.78,91.78,55119554
TLT,2024/7/1,90.42,91.08,89.82,89.91,49735376
TLT,2024/7/2,90.68,90.805,90.08,90.61,34204719
TLT,2024/7/3,91.17,91.89,91.085,91.8,35563313
TLT,2024/7/5,92.27,92.725,91.9,92.56,34895512
TLT,2024/7/8,92.54,92.845,92.2246,92.76,16095651
TLT,2024/7/9,92.47,92.675,91.87,92.35,30304136
TLT,2024/7/10,92.45,92.68,92.2603,92.64,23572469
TLT,2024/7/11,93.68,94.135,93.47,93.54,49761785
TLT,2024/7/12,93.53,93.94,93.34,93.94,27796476
TLT,2024/7/15,93,93.3,92.78,92.86,37918854
TLT,2024/7/16,93.53,94.21,93.39,94.17,36383720
TLT,2024/7/17,93.92,94.4,93.69,94.19,29036838
TLT,2024/7/18,93.68,94.14,93.38,93.47,34553075
TLT,2024/7/19,93.04,93.16,92.82,92.92,32164669
TLT,2024/7/22,93.4,93.52,92.3,92.65,36160366
TLT,2024/7/23,92.81,93.03,92.49,92.52,23497988
TLT,2024/7/24,92.59,92.85,91.47,91.52,50757116
TLT,2024/7/25,92.025,92.86,91.96,92.27,44999074
TLT,2024/7/26,92.95,93.15,92.71,92.99,34423772
TLT,2024/7/29,93.67,93.69,93.22,93.49,25801347
TLT,2024/7/30,93.75,94.05,93.3,93.85,28169820
TLT,2024/7/31,94.53,94.84,94.24,94.81,47445288
TLT,2024/8/1,95.14,95.905,95.12,95.31,77254240
TLT,2024/8/2,97,98.37,96.8901,98.28,91912942
TLT,2024/8/5,99.69,99.935,97.9,98.8,90686310
TLT,2024/8/6,98.15,98.41,96.59,96.59,61316860
TLT,2024/8/7,95.95,96.45,95.5,95.91,51337133
TLT,2024/8/8,95.115,95.4,94.84,95.32,37815770
TLT,2024/8/9,96.51,96.54,96.0906,96.26,32141763
TLT,2024/8/12,96.03,96.82,95.88,96.61,24261382
TLT,2024/8/13,97.3,97.36,96.98,97.28,30366938
TLT,2024/8/14,97.55,98.16,97.5082,97.89,31334061
TLT,2024/8/15,96.405,97.1,96.21,97.1,38723695
TLT,2024/8/16,97.44,97.5399,97.01,97.44,28540965
TLT,2024/8/19,97.42,98.155,97.405,97.89,25322138
TLT,2024/8/20,98.32,98.855,98.12,98.67,25239303
TLT,2024/8/21,98.67,99.2,98.21,98.73,29229982
TLT,2024/8/22,98.23,98.3,97.43,97.75,33453848
TLT,2024/8/23,98.19,98.67,97.96,98.39,32005083
TLT,2024/8/26,98.69,98.6975,98.08,98.14,23198710
TLT,2024/8/27,97.49,98.08,97.41,97.97,21507650
TLT,2024/8/28,98.01,98.2,97.725,97.85,18501411
TLT,2024/8/29,97.37,97.64,97.125,97.53,24988243
TLT,2024/8/30,97.68,97.985,96.47,96.49,42896190
TLT,2024/9/3,97.56,98.06,97.42,97.75,48947900
TLT,2024/9/4,97.88,99.03,97.81,99.01,40885163
TLT,2024/9/5,99.34,99.6787,98.775,99.57,47450878
TLT,2024/9/6,99.55,100.78,99.1901,99.56,57406404
TLT,2024/9/9,99.4,100.1,99.16,99.99,26961402
TLT,2024/9/10,99.87,100.91,99.82,100.69,31703409
TLT,2024/9/11,100.49,101.235,100.35,100.61,39497052
TLT,2024/9/12,100.36,100.55,99.69,100.14,41812529
TLT,2024/9/13,100.46,100.61,100.02,100.41,25722135
TLT,2024/9/16,100.63,101.37,100.41,101.33,30866261
TLT,2024/9/17,101.47,101.64,100.74,100.84,31699372
TLT,2024/9/18,100.24,100.7266,99.54,99.59,48897047
TLT,2024/9/19,98.92,99.31,98.77,99.26,39979816
TLT,2024/9/20,98.99,99.245,98.72,98.88,37067571
TLT,2024/9/23,98.5,99.09,98.02,98.67,35703932
TLT,2024/9/24,98,98.89,97.85,98.65,31005351
TLT,2024/9/25,98.26,98.32,97.79,97.83,36738236
TLT,2024/9/26,98.07,98.245,97.42,98.06,33332315
TLT,2024/9/27,98.54,98.755,98.21,98.57,28317628
TLT,2024/9/30,98.64,98.71,97.8839,98.1,34208260
TLT,2024/10/1,98.8,99.33,98.385,98.49,45254237
TLT,2024/10/2,97.36,97.73,97.06,97.66,35810763
TLT,2024/10/3,97.34,97.51,96.74,96.74,39677767
TLT,2024/10/4,95.44,95.96,95.4,95.55,56970281
TLT,2024/10/7,94.98,95.2672,94.76,94.83,42606634
TLT,2024/10/8,94.39,95.03,94.335,94.99,33709587
TLT,2024/10/9,94.67,94.905,94.23,94.45,35807681
TLT,2024/10/10,93.88,94.09,93.41,94.08,53667357
TLT,2024/10/11,93.48,94.0656,93.422,93.7,27406423
TLT,2024/10/14,93.04,93.78,92.98,93.765,28795344
TLT,2024/10/15,94.46,95,94.3736,94.91,46429050
TLT,2024/10/16,95.39,95.62,95.14,95.31,32281486
TLT,2024/10/17,94.29,94.44,93.6701,93.8,43427214
TLT,2024/10/18,94.05,94.28,93.86,93.87,25258632
TLT,2024/10/21,93.02,93.09,92.23,92.23,49504698
TLT,2024/10/22,92.65,92.76,92.091,92.32,32096893
TLT,2024/10/23,91.84,92.37,91.6601,92.07,33354245
TLT,2024/10/24,92.23,93,91.96,92.66,32507395
TLT,2024/10/25,92.99,93.0375,92.02,92.14,28667060
TLT,2024/10/28,92.27,92.29,91.415,91.89,33156461
TLT,2024/10/29,91.17,92.06,90.9837,92.03,46545204
TLT,2024/10/30,92.84,93.285,92.16,92.3,41951068
TLT,2024/10/31,92.2,92.94,91.87,92.45,52173754
TLT,2024/11/1,92.26,92.515,90.8,90.84,80401983
TLT,2024/11/4,92.28,92.57,91.63,92.25,49747594
TLT,2024/11/5,92.03,92.9,91.6,92.74,46986037
TLT,2024/11/6,89.64,90.72,89.5545,90.2,98895693
TLT,2024/11/7,90.75,91.62,90.65,91.33,56221411
TLT,2024/11/8,92,92.5955,91.84,92.49,56756175
TLT,2024/11/11,92.25,92.295,91.62,92.04,22369200
TLT,2024/11/12,91.37,91.85,90.51,90.66,57908367
TLT,2024/11/13,91.515,91.54,89.72,89.8,49009127
TLT,2024/11/14,90.56,91.025,90.27,90.32,53328347
TLT,2024/11/15,89.915,90.65,89.51,90.08,73722402
TLT,2024/11/18,89.66,90.59,89.424,90.24,36058665
TLT,2024/11/19,90.82,91.07,90.62,90.7,29585102
TLT,2024/11/20,90.15,90.83,90.11,90.41,27755434
TLT,2024/11/21,90.45,90.85,90,90.34,28365740
TLT,2024/11/22,90.51,90.7,90.15,90.39,21547548
TLT,2024/11/25,92.2,92.78,91.985,92.73,56858036
TLT,2024/11/26,92.16,92.44,91.81,92.37,31122249
TLT,2024/11/27,93.04,93.38,92.67,93.01,39442167
TLT,2024/11/29,93.78,93.985,93.44,93.97,31905735
TLT,2024/12/2,93.27,94.1475,93,93.87,39406033
TLT,2024/12/3,93.93,94.03,92.99,93.06,32768887
TLT,2024/12/4,92.61,94.19,92.54,94.06,35851069
TLT,2024/12/5,93.72,94.39,93.655,94.25,23695821
TLT,2024/12/6,94.72,94.85,94.02,94.39,31761525
TLT,2024/12/9,93.99,94.04,93.465,93.52,30509582
TLT,2024/12/10,93.02,93.3,92.905,93.08,28706474
TLT,2024/12/11,93.07,93.29,92.105,92.2,38748397
TLT,2024/12/12,91.64,91.746,91,91.08,45368386
TLT,2024/12/13,90.8,90.85,90.08,90.15,39485960
TLT,2024/12/16,90.55,90.6152,90.05,90.42,23482268
TLT,2024/12/17,90.52,90.985,90.455,90.64,23839892
TLT,2024/12/18,89.97,90.37,89.14,89.16,61328421
TLT,2024/12/19,88.07,88.385,87.505,87.81,99083313
TLT,2024/12/20,88.53,88.91,88.29,88.31,45542412
TLT,2024/12/23,88.16,88.23,87.44,87.5,32764561
TLT,2024/12/24,87.04,87.89,86.98,87.87,22377628
TLT,2024/12/26,87.21,87.96,87.2,87.82,19996215
TLT,2024/12/27,87.48,87.775,87.06,87.1,27262321
TLT,2024/12/30,87.83,88.035,87.67,87.8,48519626
TLT,2024/12/31,88.13,88.28,87.26,87.33,31917307
TLT,2025/1/2,87.8,88.115,87.21,87.57,27841296
TLT,2025/1/3,87.72,87.88,87.18,87.29,21962204
TLT,2025/1/6,87.05,87.23,86.67,86.9,30231493
TLT,2025/1/7,86.6,86.77,85.79,85.92,41757185
TLT,2025/1/8,85.47,86.2,85.34,86.03,44590774
TLT,2025/1/10,85.28,85.845,85.16,85.46,47115832
TLT,2025/1/13,85.53,85.66,85.04,85.43,33258924
TLT,2025/1/14,85.23,85.36,84.89,85.29,33412888
TLT,2025/1/15,86.695,86.975,86.395,86.76,54120729
TLT,2025/1/16,86.64,87.395,86.28,87.04,34651051
TLT,2025/1/17,87.43,87.48,87.04,87.19,29875611
TLT,2025/1/21,87.89,88.17,87.63,87.97,30548614
TLT,2025/1/22,87.87,87.98,87.32,87.51,25278409
TLT,2025/1/23,86.64,86.99,86.525,86.83,31949017
TLT,2025/1/24,86.72,87.28,86.6,87.22,21110355
TLT,2025/1/27,88.155,88.43,87.85,88.25,42864203
TLT,2025/1/28,87.84,88.2,87.6591,88.19,25519105
TLT,2025/1/29,88.43,88.615,87.63,88.01,25342751
TLT,2025/1/30,88.41,88.705,88.17,88.34,25094896
TLT,2025/1/31,88.38,88.66,87.43,87.76,48812469
TLT,2025/2/3,88.575,89.1,87.8,88.16,70657233
TLT,2025/2/4,87.55,88.4499,87.48,88.43,33413956
TLT,2025/2/5,89.45,90.175,89.39,89.89,48331179
TLT,2025/2/6,89.86,90.15,89.545,89.85,22509940
TLT,2025/2/7,89.24,89.45,88.935,89.27,31171245
TLT,2025/2/10,89.264,89.53,88.85,89,22736056
TLT,2025/2/11,88.53,88.68,88.375,88.43,21513015
TLT,2025/2/12,87.29,87.6,86.8601,87.23,48536211
TLT,2025/2/13,88.09,88.89,88.07,88.68,42718098
TLT,2025/2/14,89.38,89.68,89.12,89.15,27460743
TLT,2025/2/18,88.54,88.84,88.04,88.1,29429174
TLT,2025/2/19,87.95,88.45,87.885,88.21,20584304
TLT,2025/2/20,88.45,88.76,88.45,88.54,27913442
TLT,2025/2/21,88.87,89.93,88.82,89.61,46912348
TLT,2025/2/24,89.33,90.06,89.26,89.87,26217988
TLT,2025/2/25,90.97,91.5,90.8,91.42,50125054
TLT,2025/2/26,91.42,92.06,91.2,91.96,32220186
TLT,2025/2/27,91.31,91.79,91.14,91.31,53373572
TLT,2025/2/28,91.85,92.475,91.4701,92.43,49388600
TLT,2025/3/3,91.41,92.71,91.37,92.57,42904172
TLT,2025/3/4,92.44,92.79,91.265,91.43,56721962
TLT,2025/3/5,91.56,91.8,90.61,90.7,50215938
TLT,2025/3/6,90.48,90.8,89.7337,90.4,42827474
TLT,2025/3/7,91.14,91.16,89.985,90.11,36903632
TLT,2025/3/10,91.08,91.625,90.91,91.05,41440750
TLT,2025/3/11,90.965,91.4905,90.14,90.4,40555666
TLT,2025/3/12,90,90.38,89.78,89.86,32734569
TLT,2025/3/13,89.58,90.71,89.375,90.65,38675413
TLT,2025/3/14,90.01,90.41,89.86,90.17,24657989
TLT,2025/3/17,90.8,91.18,90.38,90.62,26700275
TLT,2025/3/18,90.14,91.02,90.12,90.71,23654748
TLT,2025/3/19,90.68,91.22,90.38,91.18,31378713
TLT,2025/3/20,92.2,92.24,91.155,91.24,35645824
TLT,2025/3/21,91.33,91.435,90.62,90.7,29192076
TLT,2025/3/24,90.2,90.255,89.7,89.77,27985580
TLT,2025/3/25,89.57,90.08,89.51,89.76,22333833
TLT,2025/3/26,89.39,89.595,89.09,89.17,25165323
TLT,2025/3/27,88.85,89.025,88.63,88.91,23674536
TLT,2025/3/28,89.88,90.34,89.81,90.14,39869372
TLT,2025/3/31,91.23,91.335,90.36,91.03,38824321
TLT,2025/4/1,91.25,91.905,91.21,91.49,39800072
TLT,2025/4/2,92.37,92.37,90.66,91.43,43488407
TLT,2025/4/3,92.52,92.73,91.84,91.85,57467355
TLT,2025/4/4,93.65,94.09,92.82,92.85,92794210
TLT,2025/4/7,91.88,92.19,89.795,90.05,124987637
TLT,2025/4/8,89.28,90.2,88.22,88.35,73861858
TLT,2025/4/9,87.27,88.91,85.89,88.87,131353453
TLT,2025/4/10,87.74,88.175,86.3501,86.42,78591989
TLT,2025/4/11,85.87,87.2993,85,86.89,94814139
TLT,2025/4/14,87.4,87.71,86.815,87.51,37596366
TLT,2025/4/15,87.15,88.185,87.035,87.82,22553898
TLT,2025/4/16,87.8,88.5,87.47,88.31,35607337
TLT,2025/4/17,88.04,88.2,87.23,87.53,31758430
TLT,2025/4/21,86.6,87.07,85.98,86,39343217
TLT,2025/4/22,86.82,87.0212,86.4,86.48,32552091
TLT,2025/4/23,88.88,89.06,87.1701,87.32,44082157
TLT,2025/4/24,88.03,88.35,87.76,88.24,24190774
TLT,2025/4/25,88.9,89.105,88.595,88.89,22513925
TLT,2025/4/28,88.655,89.53,88.612,89.45,20130510
TLT,2025/4/29,89.32,90.21,89.295,90.2,22129478
TLT,2025/4/30,89.78,90.05,89.33,89.47,42630588
TLT,2025/5/1,89.26,89.28,88.3,88.69,29932841
TLT,2025/5/2,87.71,88.0674,87.54,87.73,32090382
TLT,2025/5/5,87.345,87.405,86.83,87.24,22862807
TLT,2025/5/6,86.8,87.53,86.64,87.53,21095153
TLT,2025/5/7,87.92,88.21,87.82,87.9,23178423
TLT,2025/5/8,88.015,88.06,86.89,86.92,25483679
TLT,2025/5/9,87,87.31,86.92,87.05,17007874
TLT,2025/5/12,86.38,86.78,86.19,86.24,32115028
TLT,2025/5/13,86.13,86.285,85.5,85.89,53912161
TLT,2025/5/14,85.75,85.87,85.2,85.32,42119809
TLT,2025/5/15,85.63,86.32,85.48,86.07,59447991
TLT,2025/5/16,86.87,86.89,86.195,86.3,31778178
TLT,2025/5/19,84.91,86.116,84.83,86.05,49361877
TLT,2025/5/20,85.425,85.6,85.06,85.43,35493074
TLT,2025/5/21,84.68,85.055,83.7601,83.97,77053056
TLT,2025/5/22,83.521,84.43,83.295,84.41,61747852
TLT,2025/5/23,84.77,84.82,84.305,84.55,47139246
TLT,2025/5/27,85.35,86.025,85.15,85.73,56773411
TLT,2025/5/28,85.41,85.5372,84.97,85.36,34806779
TLT,2025/5/29,85.77,86.26,85.64,86.15,39003618
TLT,2025/5/30,86.085,86.47,85.88,86.28,49042064
TLT,2025/6/2,85.29,85.47,84.79,85.16,46213110
TLT,2025/6/3,85.44,85.735,84.885,85.01,33731261
TLT,2025/6/4,85.79,86.65,85.645,86.39,57441529
TLT,2025/6/5,86.68,86.93,86.22,86.45,37715267
TLT,2025/6/6,85.79,85.925,85.275,85.35,38130095
TLT,2025/6/9,85.04,85.64,85.035,85.44,26560750
TLT,2025/6/10,86.095,86.1774,85.515,85.88,24857001
TLT,2025/6/11,85.81,86.4,85.71,86.14,36334820
TLT,2025/6/12,86.89,87.2,86.6,87.17,43017814
TLT,2025/6/13,86.73,86.875,85.775,86.33,49373982
TLT,2025/6/16,86.08,86.43,85.46,85.46,36496625
TLT,2025/6/17,86,86.66,85.75,86.5,34521571
TLT,2025/6/18,86.88,87.09,86.35,86.65,38588982
TLT,2025/6/20,86.14,86.79,85.95,86.49,26001907
TLT,2025/6/23,86.93,87.4407,86.77,86.77,36851824
TLT,2025/6/24,86.47,87.59,86.425,87.4,32959113
TLT,2025/6/25,87.11,87.51,86.8,87.51,26345293
TLT,2025/6/26,87.59,87.95,87.2,87.95,30467517
TLT,2025/6/27,87.57,88.16,87.235,87.39,74993500
TLT,2025/6/30,87.86,88.435,87.61,88.25,53695166
TLT,2025/7/1,88.13,88.31,87.66,88.14,38960579
TLT,2025/7/2,87.19,87.59,87.1,87.58,39382249
TLT,2025/7/3,87.165,87.29,86.85,86.97,26729101
TLT,2025/7/7,86.54,86.56,85.92,86.14,38314669
TLT,2025/7/8,85.57,86.04,85.44,86.03,31406989
TLT,2025/7/9,86.19,86.93,86.175,86.93,29821887
TLT,2025/7/10,86.83,87.06,86.485,86.99,24525548
TLT,2025/7/11,86.23,86.27,85.64,85.79,40764785
TLT,2025/7/14,85.54,85.88,85.315,85.61,24609530
TLT,2025/7/15,85.89,85.91,84.9,85.01,40454986
TLT,2025/7/16,85.275,85.6566,84.19,85.13,65987689
TLT,2025/7/17,85.22,85.485,84.99,85.11,31875451
TLT,2025/7/18,85.43,85.46,85.1,85.24,27534948
TLT,2025/7/21,86.215,86.505,85.96,86,40019530
TLT,2025/7/22,86.17,86.77,86.11,86.52,35190321
TLT,2025/7/23,86.05,86.2,85.785,86.04,31008454
TLT,2025/7/24,85.55,86.24,85.51,85.89,25164761
TLT,2025/7/25,85.8,86.44,85.72,86.43,27196153
TLT,2025/7/28,85.99,86.2,85.83,85.87,26812463
TLT,2025/7/29,86.23,87.34,86.2,87.32,47828275
TLT,2025/7/30,86.77,86.96,86.56,86.87,40670866
TLT,2025/7/31,87.13,87.41,86.84,86.92,49814080
TLT,2025/8/1,87.56,87.93,87.515,87.82,63434525
TLT,2025/8/4,87.955,88.15,87.65,88.06,36425167
TLT,2025/8/5,87.85,88.45,87.78,88.33,28586109
TLT,2025/8/6,87.84,88.045,86.92,87.82,42589347
TLT,2025/8/7,87.915,88.25,87.59,87.67,29213145
TLT,2025/8/8,87.36,87.385,87.1546,87.29,21596334
TLT,2025/8/11,87.54,87.67,87.28,87.39,20100909
TLT,2025/8/12,86.9,86.9681,86.55,86.95,41087211
TLT,2025/8/13,87.44,87.81,87.425,87.67,30817493
TLT,2025/8/14,87.51,87.51,86.89,87.02,33397435
TLT,2025/8/15,86.66,86.78,86.25,86.4,36343551
TLT,2025/8/18,86.5,86.54,85.985,86.15,26777514
TLT,2025/8/19,86.45,86.75,86.445,86.65,28780625
TLT,2025/8/20,86.59,86.965,86.56,86.84,25912477
TLT,2025/8/21,86.56,86.675,86.105,86.41,28643888
TLT,2025/8/22,86.83,87.302,86.72,87.05,49871851
TLT,2025/8/25,86.725,87.05,86.65,86.8,27011924
TLT,2025/8/26,86.51,86.79,86.223,86.75,30259346
TLT,2025/8/27,86.105,86.66,86,86.65,38142761
TLT,2025/8/28,86.78,87.26,86.66,87.22,32205937
TLT,2025/8/29,86.76,86.86,86.44,86.6,41686429
TLT,2025/9/2,85.63,85.84,85.48,85.63,48760602
TLT,2025/9/3,85.93,86.81,85.89,86.57,52499540
TLT,2025/9/4,87.02,87.24,86.58,87.23,40501553
TLT,2025/9/5,88.22,88.61,88.14,88.56,69667951
TLT,2025/9/8,89.17,89.755,89.12,89.74,54538678
TLT,2025/9/9,89.4,89.55,88.99,89.23,37126428
TLT,2025/9/10,89.4,90.065,89.19,89.74,40713570
TLT,2025/9/11,89.91,90.48,89.9,90.34,46694392
TLT,2025/9/12,89.83,89.98,89.4919,89.95,32968578
TLT,2025/9/15,90.15,90.455,90.065,90.16,24820119
TLT,2025/9/16,90.09,90.495,90.04,90.35,26794226
TLT,2025/9/17,90.71,91.04,89.87,90.12,49121751
TLT,2025/9/18,89.26,89.47,88.9,89.19,55717920
TLT,2025/9/19,89.07,89.225,88.785,89.02,32509221
TLT,2025/9/22,88.82,88.91,88.54,88.7,24758223
TLT,2025/9/23,88.965,89.36,88.75,89.32,26689041
TLT,2025/9/24,89.08,89.16,88.7,88.98,28097977
TLT,2025/9/25,88.845,89.03,88.46,88.98,29882469
TLT,2025/9/26,88.99,89.47,88.69,88.9,30955062
TLT,2025/9/29,89.29,89.74,89.26,89.63,32286167
TLT,2025/9/30,89.66,90.04,89.21,89.37,38583989
TLT,2025/10/1,89.45,89.64,89.09,89.29,39408913
TLT,2025/10/2,89.31,89.69,89.19,89.55,23208338
TLT,2025/10/3,89.63,89.72,89.27,89.38,25884474
TLT,2025/10/6,88.71,89.155,88.65,88.67,28370984
TLT,2025/10/7,88.97,89.38,88.812,89.18,29103348
TLT,2025/10/8,89.6,89.615,89.13,89.25,22506241
TLT,2025/10/9,89.17,89.29,89.005,89.18,21578690
TLT,2025/10/10,89.98,90.72,89.9,90.62,59389374
TLT,2025/10/13,90.28,90.58,89.86,90.57,28035544
TLT,2025/10/14,90.65,90.915,90.43,90.86,29800001
TLT,2025/10/15,90.955,91.3,90.47,90.66,31333909
TLT,2025/10/16,90.515,91.495,90.45,91.34,39631153
TLT,2025/10/17,91.25,91.29,90.9,91.2,40240383
TLT,2025/10/20,91.46,91.56,91.28,91.55,28429283
TLT,2025/10/21,91.99,92.185,91.9101,92,24514336
TLT,2025/10/22,91.991,92.175,91.82,92.06,30496152
TLT,2025/10/23,91.61,91.7851,91.29,91.43,28275142
TLT,2025/10/24,91.585,91.6,91.16,91.47,28265993
TLT,2025/10/27,91.32,91.79,91.0944,91.78,30033574
TLT,2025/10/28,91.85,92.175,91.81,92.02,23564517
TLT,2025/10/29,91.88,91.89,91.015,91.09,39551593
TLT,2025/10/30,90.39,90.97,90.3544,90.56,42649215
TLT,2025/10/31,90.56,90.66,90.2,90.29,38247268
TLT,2025/11/3,89.62,89.82,89.42,89.74,40752284
TLT,2025/11/4,89.78,90.06,89.74,89.94,26383782
TLT,2025/11/5,89.51,89.545,88.88,88.96,44643440
TLT,2025/11/6,89.56,89.85,89.53,89.76,33027353
TLT,2025/11/7,89.355,89.87,89.355,89.57,28530051
TLT,2025/11/10,89.49,89.67,89.385,89.55,24093451
TLT,2025/11/11,89.95,90.065,89.775,89.96,18942295
TLT,2025/11/12,89.95,90.32,89.88,90.12,23594938
TLT,2025/11/13,89.8,89.94,89.38,89.38,33825908
TLT,2025/11/14,89.79,89.835,88.87,88.87,38550502
TLT,2025/11/17,89.08,89.3,88.98,89.09,25605782
TLT,2025/11/18,89.35,89.45,88.8,89.06,31967435
TLT,2025/11/19,89.225,89.31,88.85,88.88,25782384
TLT,2025/11/20,88.99,89.42,88.985,89.23,32945001
TLT,2025/11/21,89.65,89.67,89.195,89.5,41938628
TLT,2025/11/24,89.95,90.0665,89.7801,90.01,30865695
TLT,2025/11/25,90.31,90.59,90.13,90.24,36503342
TLT,2025/11/26,90.15,90.64,89.83,90.64,34098962
TLT,2025/11/28,90.46,90.5299,89.95,90.21,40704287
TLT,2025/12/1,88.845,88.99,88.71,88.77,47086647
TLT,2025/12/2,88.575,88.955,88.46,88.81,27605681
TLT,2025/12/3,88.92,89.155,88.74,89.06,23278580
TLT,2025/12/4,88.91,88.93,88.48,88.58,25541459
TLT,2025/12/5,88.55,88.55,88.045,88.17,32808068
TLT,2025/12/8,88.185,88.2,87.56,87.88,32255204
TLT,2025/12/9,88.34,88.345,87.84,87.97,25771792
TLT,2025/12/10,88,88.52,87.855,88.31,46833512
TLT,2025/12/11,88.69,88.83,88.16,88.19,26778686
TLT,2025/12/12,87.375,87.495,87.19,87.34,47030122
TLT,2025/12/15,87.715,87.88,87.39,87.4,28611787
TLT,2025/12/16,87.185,87.92,87.17,87.88,41018681
TLT,2025/12/17,87.625,87.9856,87.5801,87.8,24668305
TLT,2025/12/18,88.13,88.38,88.07,88.22,39048891
TLT,2025/12/19,87.605,87.76,87.41,87.55,37858082
TLT,2025/12/22,87.415,87.4574,87.25,87.36,25547134
TLT,2025/12/23,87.07,87.58,87.03,87.5,33624059
TLT,2025/12/24,87.76,88.08,87.65,88.03,25942006
TLT,2025/12/26,88.1,88.1699,87.6,87.74,26522734
TLT,2025/12/29,87.95,88.0703,87.79,88.07,29399823
TLT,2025/12/30,87.74,88.04,87.6744,87.86,25106784
TLT,2025/12/31,87.68,87.91,87.13,87.16,36500036