Date,Vix Index,10 Yr,2 Yr
2000/1/3,24.21,6.592,6.384
2000/1/4,27.01,6.497,6.299
2000/1/5,26.41,6.594,6.358
2000/1/6,25.73,6.524,6.299
2000/1/7,21.72,6.515,6.308
2000/1/10,21.71,6.552,6.359
2000/1/11,22.5,6.657,6.428
2000/1/12,22.84,6.703,6.472
2000/1/13,21.71,6.63,6.394
2000/1/14,19.66,6.679,6.43
2000/1/17,,6.681,6.43
2000/1/18,21.5,6.748,6.465
2000/1/19,21.72,6.732,6.448
2000/1/20,21.75,6.788,6.492
2000/1/21,20.82,6.765,6.458
2000/1/24,24.07,6.685,6.406
2000/1/25,23.02,6.692,6.432
2000/1/26,23.03,6.664,6.442
2000/1/27,23.54,6.692,6.506
2000/1/28,26.14,6.658,6.557
2000/1/31,24.95,6.665,6.591
2000/2/1,23.45,6.619,6.574
2000/2/2,23.12,6.573,6.592
2000/2/3,22.01,6.489,6.523
2000/2/4,21.54,6.549,6.618
2000/2/7,22.79,6.639,6.67
2000/2/8,21.25,6.613,6.678
2000/2/9,22.9,6.66,6.653
2000/2/10,23.07,6.671,6.662
2000/2/11,24.42,6.604,6.645
2000/2/14,24.38,6.554,6.619
2000/2/15,22.92,6.552,6.628
2000/2/16,23.51,6.545,6.611
2000/2/17,23.17,6.567,6.672
2000/2/18,26,6.489,6.638
2000/2/21,,6.493,6.638
2000/2/22,25.86,6.361,6.551
2000/2/23,23.89,6.422,6.621
2000/2/24,24.38,6.365,6.521
2000/2/25,25.2,6.326,6.395
2000/2/28,24.68,6.422,6.513
2000/2/29,23.37,6.409,6.521
2000/3/1,21.64,6.386,6.504
2000/3/2,21.06,6.384,6.513
2000/3/3,19.21,6.388,6.495
2000/3/6,21.5,6.411,6.529
2000/3/7,24.31,6.373,6.486
2000/3/8,23.82,6.379,6.495
2000/3/9,22.21,6.343,6.477
2000/3/10,21.24,6.383,6.537
2000/3/13,22.85,6.37,6.511
2000/3/14,24.41,6.292,6.468
2000/3/15,22.34,6.291,6.494
2000/3/16,20.77,6.245,6.485
2000/3/17,22.37,6.194,6.485
2000/3/20,22.96,6.183,6.51
2000/3/21,21.7,6.135,6.502
2000/3/22,21.49,6.112,6.475
2000/3/23,22.26,6.078,6.501
2000/3/24,23.31,6.191,6.624
2000/3/27,24.53,6.185,6.615
2000/3/28,24.86,6.151,6.598
2000/3/29,24.1,6.147,6.589
2000/3/30,25.47,6.055,6.484
2000/3/31,24.11,6.004,6.479
2000/4/3,24.03,5.965,6.419
2000/4/4,27.12,5.895,6.308
2000/4/5,28.41,5.872,6.3
2000/4/6,27.15,5.934,6.393
2000/4/7,24.39,5.853,6.366
2000/4/10,25.99,5.771,6.263
2000/4/11,27.25,5.882,6.331
2000/4/12,28.98,5.935,6.357
2000/4/13,29.4,5.906,6.348
2000/4/14,33.49,5.85,6.235
2000/4/17,28.95,6.038,6.316
2000/4/18,26.12,6.059,6.329
2000/4/19,27.02,5.992,6.32
2000/4/20,25.85,5.994,6.362
2000/4/21,,5.987,6.362
2000/4/24,27.37,6.017,6.388
2000/4/25,25.24,6.128,6.484
2000/4/26,26.97,6.13,6.501
2000/4/27,26.19,6.223,6.613
2000/4/28,26.2,6.212,6.676
2000/5/1,25.88,6.278,6.719
2000/5/2,28.5,6.299,6.711
2000/5/3,31.63,6.401,6.746
2000/5/4,30.77,6.427,6.754
2000/5/5,27.53,6.505,6.824
2000/5/8,28.2,6.56,6.851
2000/5/9,28.93,6.529,6.843
2000/5/10,29.87,6.42,6.791
2000/5/11,27.76,6.409,6.809
2000/5/12,26.05,6.512,6.897
2000/5/15,24.86,6.446,6.845
2000/5/16,24.34,6.424,6.872
2000/5/17,23.98,6.496,6.899
2000/5/18,23.96,6.54,6.908
2000/5/19,25.44,6.494,6.84
2000/5/22,26,6.439,6.814
2000/5/23,25.87,6.435,6.788
2000/5/24,24.32,6.47,6.832
2000/5/25,24.58,6.394,6.71
2000/5/26,24.47,6.331,6.672
2000/5/29,,6.326,6.672
2000/5/30,23.62,6.376,6.731
2000/5/31,23.65,6.272,6.672
2000/6/1,22.36,6.191,6.587
2000/6/2,21.48,6.152,6.51
2000/6/5,22.71,6.122,6.492
2000/6/6,23.05,6.122,6.492
2000/6/7,22.48,6.141,6.534
2000/6/8,22.77,6.124,6.543
2000/6/9,22.14,6.126,6.542
2000/6/12,22.32,6.071,6.499
2000/6/13,21.67,6.116,6.481
2000/6/14,21.48,6.041,6.412
2000/6/15,20.68,6.05,6.42
2000/6/16,20.5,5.971,6.35
2000/6/19,20.63,5.999,6.384
2000/6/20,20.88,6.02,6.427
2000/6/21,20.61,6.113,6.496
2000/6/22,22,6.104,6.487
2000/6/23,22.34,6.185,6.539
2000/6/26,22.45,6.102,6.486
2000/6/27,21.8,6.085,6.494
2000/6/28,20.29,6.1,6.459
2000/6/29,19.7,6.027,6.354
2000/6/30,19.54,6.031,6.362
2000/7/3,19.83,5.989,6.294
2000/7/5,21.16,5.984,6.285
2000/7/6,20.94,6.048,6.336
2000/7/7,19.22,6.001,6.276
2000/7/10,20.33,6.035,6.301
2000/7/11,20.11,6.048,6.309
2000/7/12,20.03,6.08,6.326
2000/7/13,20.03,6.005,6.283
2000/7/14,19.32,6.096,6.395
2000/7/17,19.45,6.148,6.438
2000/7/18,19.75,6.141,6.429
2000/7/19,19.65,6.154,6.455
2000/7/20,18.94,6.002,6.316
2000/7/21,18.94,5.998,6.324
2000/7/24,19.92,6.034,6.342
2000/7/25,19.39,6.028,6.333
2000/7/26,19.67,6.027,6.333
2000/7/27,19.6,6,6.263
2000/7/28,20.84,6.034,6.28
2000/7/31,20.74,6.031,6.288
2000/8/1,20.55,5.984,6.237
2000/8/2,20,5.976,6.22
2000/8/3,19.99,5.952,6.212
2000/8/4,18.62,5.901,6.135
2000/8/7,19.03,5.956,6.177
2000/8/8,18.79,5.92,6.16
2000/8/9,19.18,5.916,6.159
2000/8/10,19.19,5.763,6.159
2000/8/11,18.55,5.79,6.244
2000/8/14,17.88,5.771,6.227
2000/8/15,17.98,5.802,6.27
2000/8/16,18.02,5.838,6.287
2000/8/17,17.48,5.81,6.287
2000/8/18,17.05,5.773,6.252
2000/8/21,17.35,5.781,6.278
2000/8/22,17.47,5.775,6.26
2000/8/23,17.38,5.727,6.208
2000/8/24,17.04,5.719,6.188
2000/8/25,16.53,5.729,6.197
2000/8/28,16.54,5.777,6.222
2000/8/29,16.89,5.808,6.256
2000/8/30,17.69,5.8,6.231
2000/8/31,16.84,5.725,6.163
2000/9/1,17.53,5.679,6.078
2000/9/4,,5.683,6.082
2000/9/5,19.82,5.689,6.078
2000/9/6,20.79,5.724,6.103
2000/9/7,19.42,5.752,6.128
2000/9/8,18.46,5.739,6.094
2000/9/11,18.4,5.766,6.119
2000/9/12,18.59,5.772,6.119
2000/9/13,18.32,5.724,6.076
2000/9/14,18.26,5.785,6.093
2000/9/15,18.52,5.84,6.067
2000/9/18,20.25,5.871,6.024
2000/9/19,19.54,5.852,6.067
2000/9/20,19.93,5.897,6.092
2000/9/21,20.18,5.823,6.023
2000/9/22,20.74,5.848,6.083
2000/9/25,21.41,5.837,6.092
2000/9/26,21.88,5.802,6.048
2000/9/27,21.67,5.821,6.048
2000/9/28,19.47,5.812,6
2000/9/29,20.57,5.802,5.979
2000/10/2,21.23,5.823,5.97
2000/10/3,21.85,5.867,5.995
2000/10/4,21.54,5.886,6.012
2000/10/5,21.03,5.852,6.004
2000/10/6,22.71,5.812,5.969
2000/10/9,24.02,5.823,5.995
2000/10/10,24.86,5.772,5.935
2000/10/11,26.57,5.774,5.935
2000/10/12,30.51,5.709,5.824
2000/10/13,27.6,5.724,5.857
2000/10/16,26.79,5.732,5.882
2000/10/17,27.84,5.673,5.831
2000/10/18,28.72,5.667,5.83
2000/10/19,25.09,5.655,5.839
2000/10/20,24.24,5.632,5.829
2000/10/23,24.69,5.584,5.811
2000/10/24,24.28,5.615,5.828
2000/10/25,26.65,5.684,5.906
2000/10/26,28.62,5.69,5.913
2000/10/27,26.47,5.713,5.93
2000/10/30,25.46,5.732,5.956
2000/10/31,23.63,5.751,5.914
2000/11/1,24.28,5.742,5.872
2000/11/2,23.92,5.738,5.855
2000/11/3,23.67,5.827,5.932
2000/11/6,24.52,5.855,5.966
2000/11/7,24.91,5.866,5.974
2000/11/8,25.66,5.855,5.957
2000/11/9,27.2,5.825,5.949
2000/11/10,28.53,5.783,5.89
2000/11/13,29.06,5.766,5.881
2000/11/14,26.81,5.755,5.907
2000/11/15,26.15,5.711,5.89
2000/11/16,25.05,5.669,5.856
2000/11/17,24.81,5.704,5.873
2000/11/20,27.43,5.677,5.864
2000/11/21,26.62,5.652,5.856
2000/11/22,27.71,5.624,5.839
2000/11/23,,5.612,5.817
2000/11/24,26,5.624,5.865
2000/11/27,26.93,5.624,5.856
2000/11/28,27.64,5.582,5.795
2000/11/29,27.49,5.524,5.647
2000/11/30,29.65,5.468,5.613
2000/12/1,27.48,5.503,5.604
2000/12/4,27.78,5.551,5.604
2000/12/5,24.99,5.418,5.469
2000/12/6,25.07,5.326,5.426
2000/12/7,25.34,5.309,5.434
2000/12/8,22.41,5.299,5.442
2000/12/11,23.51,5.362,5.526
2000/12/12,24.88,5.346,5.518
2000/12/13,23.63,5.258,5.432
2000/12/14,24.86,5.213,5.407
2000/12/15,26.55,5.18,5.371
2000/12/18,27.7,5.17,5.32
2000/12/19,27.17,5.188,5.345
2000/12/20,31.74,5.037,5.208
2000/12/21,29.66,5.025,5.147
2000/12/22,27.55,5.006,5.076
2000/12/25,,5.008,5.084
2000/12/26,28.73,5.056,5.126
2000/12/27,28.14,5.104,5.177
2000/12/28,26.57,5.118,5.154
2000/12/29,26.85,5.112,5.096
2001/1/1,,5.114,5.104
2001/1/2,29.99,4.915,4.862
2001/1/3,26.6,5.158,4.929
2001/1/4,26.97,5.039,4.787
2001/1/5,28.67,4.931,4.569
2001/1/8,29.84,4.956,4.56
2001/1/9,27.99,5,4.659
2001/1/10,26.8,5.104,4.775
2001/1/11,25.79,5.11,4.733
2001/1/12,24.56,5.25,4.891
2001/1/15,,5.242,4.891
2001/1/16,25.28,5.23,4.881
2001/1/17,24.93,5.175,4.822
2001/1/18,23.37,5.114,4.72
2001/1/19,23.24,5.168,4.735
2001/1/22,23.25,5.225,4.743
2001/1/23,21.57,5.281,4.828
2001/1/24,22.03,5.305,4.844
2001/1/25,22.64,5.245,4.762
2001/1/26,22.57,5.268,4.771
2001/1/29,22.61,5.303,4.762
2001/1/30,22.57,5.229,4.696
2001/1/31,22.02,5.114,4.572
2001/2/1,21.66,5.086,4.555
2001/2/2,21.95,5.148,4.637
2001/2/5,22.19,5.167,4.67
2001/2/6,21.98,5.183,4.687
2001/2/7,21.67,5.187,4.72
2001/2/8,21.46,5.089,4.712
2001/2/9,22.03,5.03,4.636
2001/2/12,21.92,5.046,4.661
2001/2/13,21.37,5.07,4.719
2001/2/14,21.52,5.164,4.855
2001/2/15,20.27,5.166,4.838
2001/2/16,22.12,5.109,4.719
2001/2/19,,5.097,4.702
2001/2/20,24.69,5.105,4.727
2001/2/21,25.75,5.139,4.693
2001/2/22,26.76,5.156,4.596
2001/2/23,27.21,5.097,4.53
2001/2/26,25.43,5.034,4.448
2001/2/27,26.49,4.952,4.439
2001/2/28,28.35,4.896,4.39
2001/3/1,28.08,4.874,4.406
2001/3/2,27.43,4.947,4.463
2001/3/5,27.12,4.976,4.479
2001/3/6,25.89,4.971,4.47
2001/3/7,24.12,4.899,4.404
2001/3/8,24.29,4.889,4.403
2001/3/9,25.62,4.929,4.469
2001/3/12,30.32,4.891,4.402
2001/3/13,27.55,4.929,4.435
2001/3/14,29.61,4.818,4.275
2001/3/15,28.56,4.786,4.216
2001/3/16,29.91,4.77,4.24
2001/3/19,29.78,4.813,4.298
2001/3/20,30.96,4.758,4.205
2001/3/21,31.93,4.778,4.213
2001/3/22,32.84,4.756,4.145
2001/3/23,30.45,4.815,4.261
2001/3/26,29.04,4.869,4.269
2001/3/27,27.04,5.011,4.413
2001/3/28,28.58,4.975,4.345
2001/3/29,29.17,4.997,4.271
2001/3/30,28.64,4.917,4.18
2001/4/2,31.21,4.977,4.213
2001/4/3,34.72,4.929,4.122
2001/4/4,34.07,4.914,4.097
2001/4/5,29.94,4.973,4.171
2001/4/6,31.69,4.89,4.079
2001/4/9,31.91,4.932,4.087
2001/4/10,29.44,5.083,4.212
2001/4/11,28.46,5.119,4.27
2001/4/12,26.12,5.169,4.354
2001/4/13,,5.163,4.346
2001/4/16,26.33,5.254,4.439
2001/4/17,25.61,5.225,4.431
2001/4/18,24.13,5.146,4.245
2001/4/19,24.16,5.294,4.312
2001/4/20,25.38,5.288,4.236
2001/4/23,28.16,5.177,4.126
2001/4/24,28.49,5.209,4.134
2001/4/25,27.4,5.256,4.21
2001/4/26,25.96,5.192,4.144
2001/4/27,24.02,5.328,4.259
2001/4/30,25.48,5.338,4.276
2001/5/1,24.2,5.292,4.227
2001/5/2,24.23,5.288,4.252
2001/5/3,25.78,5.205,4.219
2001/5/4,23.91,5.205,4.145
2001/5/7,24.86,5.197,4.095
2001/5/8,24.44,5.245,4.112
2001/5/9,24.35,5.174,4.07
2001/5/10,24,5.295,4.162
2001/5/11,23.54,5.447,4.314
2001/5/14,24.26,5.42,4.272
2001/5/15,23.71,5.512,4.239
2001/5/16,21.89,5.445,4.231
2001/5/17,21.47,5.407,4.324
2001/5/18,21.23,5.405,4.359
2001/5/21,20.76,5.374,4.342
2001/5/22,21.35,5.41,4.326
2001/5/23,22.08,5.401,4.249
2001/5/24,20.57,5.491,4.301
2001/5/25,20.6,5.511,4.268
2001/5/28,,5.494,4.268
2001/5/29,22.14,5.515,4.312
2001/5/30,22.76,5.509,4.303
2001/5/31,22.64,5.381,4.188
2001/6/1,21.59,5.364,4.213
2001/6/4,21.38,5.341,4.179
2001/6/5,19.58,5.269,4.105
2001/6/6,20.39,5.255,4.113
2001/6/7,19.67,5.324,4.121
2001/6/8,19.92,5.356,4.153
2001/6/11,20.7,5.284,4.087
2001/6/12,20.7,5.253,4.061
2001/6/13,21.45,5.263,4.044
2001/6/14,23.12,5.221,4.002
2001/6/15,22.81,5.232,3.976
2001/6/18,23.17,5.251,3.967
2001/6/19,22.34,5.236,3.958
2001/6/20,21.71,5.205,3.949
2001/6/21,19.38,5.172,3.957
2001/6/22,20.02,5.115,3.897
2001/6/25,20.67,5.13,3.922
2001/6/26,21.2,5.224,4.006
2001/6/27,20.88,5.235,4.108
2001/6/28,20.01,5.334,4.209
2001/6/29,19.06,5.412,4.242
2001/7/2,18.76,5.322,4.168
2001/7/3,18.92,5.38,4.235
2001/7/4,,5.378,4.236
2001/7/5,20.09,5.391,4.237
2001/7/6,21.63,5.359,4.12
2001/7/9,22.48,5.327,4.112
2001/7/10,23.25,5.274,4.003
2001/7/11,24.01,5.289,4.054
2001/7/12,22.09,5.234,4.037
2001/7/13,21.14,5.217,4.071
2001/7/16,22.91,5.173,4.038
2001/7/17,22.61,5.204,4.08
2001/7/18,23.6,5.091,3.92
2001/7/19,22.51,5.106,3.946
2001/7/20,22.34,5.129,3.946
2001/7/23,23.74,5.104,3.937
2001/7/24,25.24,5.11,3.937
2001/7/25,24,5.182,3.98
2001/7/26,23.01,5.129,3.912
2001/7/27,22,5.098,3.863
2001/7/30,22.69,5.066,3.846
2001/7/31,21.62,5.054,3.797
2001/8/1,20.56,5.071,3.813
2001/8/2,20.09,5.151,3.895
2001/8/3,19.89,5.157,3.895
2001/8/6,21.89,5.153,3.862
2001/8/7,21.01,5.168,3.87
2001/8/8,22.32,5.05,3.73
2001/8/9,21.75,5.034,3.729
2001/8/10,20.55,4.98,3.687
2001/8/13,20.42,4.976,3.67
2001/8/14,20.48,4.966,3.72
2001/8/15,20.91,5,3.786
2001/8/16,21.54,4.94,3.719
2001/8/17,23.84,4.839,3.643
2001/8/20,22.87,4.902,3.718
2001/8/21,24.4,4.864,3.676
2001/8/22,22.44,4.894,3.726
2001/8/23,22.23,4.88,3.692
2001/8/24,19.71,4.922,3.768
2001/8/27,20.56,4.924,3.734
2001/8/28,22,4.836,3.666
2001/8/29,23.03,4.771,3.631
2001/8/30,25.41,4.812,3.596
2001/8/31,24.92,4.832,3.629
2001/9/3,,4.826,3.629
2001/9/4,25.85,4.959,3.794
2001/9/5,26.35,4.967,3.769
2001/9/6,28.61,4.873,3.637
2001/9/7,30.99,4.79,3.505
2001/9/10,31.84,4.835,3.504
2001/9/11,,4.809,3.517
2001/9/13,,4.623,2.984
2001/9/14,,4.553,2.866
2001/9/17,41.76,4.623,2.939
2001/9/18,38.87,4.707,2.947
2001/9/19,40.56,4.691,2.814
2001/9/20,43.74,4.742,2.879
2001/9/21,42.66,4.691,2.867
2001/9/24,37.75,4.716,2.908
2001/9/25,35.81,4.7,2.848
2001/9/26,35.26,4.628,2.806
2001/9/27,34,4.548,2.762
2001/9/28,31.93,4.588,2.851
2001/10/1,32.32,4.54,2.803
2001/10/2,31.18,4.501,2.746
2001/10/3,31.34,4.468,2.746
2001/10/4,31.97,4.506,2.738
2001/10/5,33.39,4.504,2.721
2001/10/8,35.12,4.506,2.697
2001/10/9,34.83,4.593,2.729
2001/10/10,31.6,4.597,2.754
2001/10/11,31.5,4.666,2.836
2001/10/12,35.27,4.669,2.803
2001/10/15,35.31,4.599,2.754
2001/10/16,32.88,4.559,2.737
2001/10/17,35.08,4.567,2.762
2001/10/18,34.95,4.577,2.745
2001/10/19,34.11,4.621,2.754
2001/10/22,32.25,4.633,2.779
2001/10/23,32,4.643,2.77
2001/10/24,30.95,4.596,2.695
2001/10/25,29.46,4.551,2.649
2001/10/26,28.42,4.529,2.625
2001/10/29,31.64,4.48,2.56
2001/10/30,33.46,4.41,2.448
2001/10/31,33.56,4.232,2.423
2001/11/1,32.31,4.24,2.487
2001/11/2,30.71,4.358,2.486
2001/11/5,30.5,4.296,2.445
2001/11/6,28.8,4.256,2.332
2001/11/7,29.13,4.178,2.299
2001/11/8,28.62,4.286,2.404
2001/11/9,27.44,4.303,2.426
2001/11/12,29.35,4.303,2.409
2001/11/13,26.47,4.378,2.515
2001/11/14,26.56,4.539,2.713
2001/11/15,25.56,4.762,2.969
2001/11/16,25.07,4.843,3.012
2001/11/19,24.46,4.798,2.912
2001/11/20,24.12,4.863,2.945
2001/11/21,24.19,5.013,3.072
2001/11/22,,4.966,3.081
2001/11/23,23.25,4.987,3.15
2001/11/26,23.79,5.015,3.183
2001/11/27,24,4.919,3.023
2001/11/28,25.9,4.925,3.057
2001/11/29,25.18,4.756,2.866
2001/11/30,23.84,4.752,2.841
2001/12/3,25.77,4.687,2.776
2001/12/4,24.08,4.66,2.8
2001/12/5,23.02,4.893,3.061
2001/12/6,23.71,5.013,3.168
2001/12/7,23.49,5.167,3.201
2001/12/10,25.62,5.098,3.053
2001/12/11,25.3,5.051,2.971
2001/12/12,24.87,5.005,2.971
2001/12/13,25.91,5.073,3.037
2001/12/14,24.63,5.188,3.153
2001/12/17,24.26,5.186,3.137
2001/12/18,23.29,5.121,3.087
2001/12/19,22.58,5.047,3.07
2001/12/20,23.67,5.03,3.07
2001/12/21,22.5,5.084,3.129
2001/12/24,22.62,5.136,3.155
2001/12/25,,5.136,3.147
2001/12/26,22.29,5.199,3.231
2001/12/27,21.59,5.065,3.071
2001/12/28,21.4,5.113,3.157
2001/12/31,23.8,5.051,3.026
2002/1/1,,5.032,3.05
2002/1/2,22.71,5.16,3.205
2002/1/3,21.34,5.111,3.172
2002/1/4,20.45,5.128,3.155
2002/1/7,21.94,5.049,3.049
2002/1/8,21.83,5.08,3.057
2002/1/9,22.13,5.051,2.991
2002/1/10,22.36,4.979,2.933
2002/1/11,22.6,4.866,2.727
2002/1/14,23.58,4.876,2.775
2002/1/15,22.7,4.835,2.766
2002/1/16,23.45,4.839,2.79
2002/1/17,22.25,4.925,2.897
2002/1/18,22.52,4.894,2.936
2002/1/21,,4.892,2.878
2002/1/22,23.61,4.919,2.927
2002/1/23,21.88,5.029,3.01
2002/1/24,21.15,5.008,3.142
2002/1/25,21.01,5.071,3.183
2002/1/28,21.14,5.073,3.175
2002/1/29,24.35,4.942,2.988
2002/1/30,23.22,5.014,3.093
2002/1/31,21.09,5.033,3.159
2002/2/1,21.12,4.985,3.069
2002/2/4,24.87,4.902,2.979
2002/2/5,25.45,4.894,2.979
2002/2/6,26.09,4.923,2.955
2002/2/7,25.11,4.939,2.955
2002/2/8,23.26,4.879,2.905
2002/2/11,21.78,4.907,2.938
2002/2/12,21.62,4.975,3.012
2002/2/13,20.85,4.987,3.037
2002/2/14,21.77,4.945,3.037
2002/2/15,22.37,4.875,2.944
2002/2/18,,4.863,2.945
2002/2/19,24.43,4.873,2.937
2002/2/20,22.66,4.889,2.97
2002/2/21,23.8,4.853,2.928
2002/2/22,22.86,4.831,2.945
2002/2/25,21.84,4.849,2.97
2002/2/26,21.68,4.927,3.029
2002/2/27,21.49,4.833,2.919
2002/2/28,21.59,4.877,3.061
2002/3/1,19.96,4.981,3.184
2002/3/4,20.5,4.999,3.2
2002/3/5,20.3,5.001,3.201
2002/3/6,19.94,5.052,3.225
2002/3/7,20.04,5.227,3.424
2002/3/8,19.27,5.325,3.559
2002/3/11,19.84,5.32,3.551
2002/3/12,19.59,5.31,3.535
2002/3/13,19.46,5.279,3.461
2002/3/14,19.2,5.409,3.595
2002/3/15,18.42,5.327,3.581
2002/3/18,18.93,5.3,3.59
2002/3/19,18.16,5.286,3.54
2002/3/20,18.46,5.406,3.676
2002/3/21,18.15,5.365,3.651
2002/3/22,17.77,5.404,3.705
2002/3/25,18.48,5.408,3.715
2002/3/26,18.13,5.345,3.63
2002/3/27,17.7,5.341,3.58
2002/3/28,17.4,5.4,3.727
2002/3/29,,5.396,3.711
2002/4/1,18.73,5.426,3.711
2002/4/2,19.16,5.341,3.613
2002/4/3,20.2,5.278,3.53
2002/4/4,19.78,5.258,3.539
2002/4/5,19.13,5.206,3.472
2002/4/8,19.61,5.262,3.513
2002/4/9,19.47,5.202,3.43
2002/4/10,18.19,5.233,3.447
2002/4/11,20.3,5.206,3.422
2002/4/12,19.42,5.156,3.363
2002/4/15,19.82,5.138,3.337
2002/4/16,18.11,5.192,3.379
2002/4/17,18.43,5.233,3.362
2002/4/18,19.29,5.198,3.311
2002/4/19,18.3,5.1962,3.314
2002/4/22,19.77,5.1755,3.305
2002/4/23,20.28,5.161,3.321
2002/4/24,20.77,5.1113,3.229
2002/4/25,20.95,5.0928,3.269
2002/4/26,22.14,5.0537,3.204
2002/4/29,24.05,5.1198,3.253
2002/4/30,21.91,5.0847,3.22
2002/5/1,20.06,5.0579,3.1875
2002/5/2,20.07,5.0931,3.2117
2002/5/3,20.19,5.054,3.1456
2002/5/6,22.56,5.0643,3.137
2002/5/7,21.94,5.054,3.1121
2002/5/8,20.39,5.2162,3.3088
2002/5/9,21.56,5.1619,3.2263
2002/5/10,22.41,5.1163,3.1597
2002/5/13,20.72,5.2207,3.2502
2002/5/14,19.35,5.2755,3.3495
2002/5/15,19.19,5.244,3.3079
2002/5/16,18.5,5.1665,3.2413
2002/5/17,17.7,5.2506,3.3659
2002/5/20,19.24,5.1982,3.2906
2002/5/21,20.05,5.1481,3.2235
2002/5/22,19.58,5.1127,3.1815
2002/5/23,18.23,5.1482,3.2231
2002/5/24,18.9,5.1443,3.2221
2002/5/27,,5.136,3.2219
2002/5/28,20.31,5.1277,3.2385
2002/5/29,20.39,5.0611,3.1457
2002/5/30,20.61,5.0198,3.1444
2002/5/31,19.98,5.0427,3.1928
2002/6/3,23.37,4.9972,3.1274
2002/6/4,23.89,5.0262,3.1354
2002/6/5,22.61,5.0469,3.1352
2002/6/6,24.16,4.9746,3.0696
2002/6/7,23.51,5.0658,3.1344
2002/6/10,23.72,5.0264,3.1096
2002/6/11,24.45,4.9727,3.0435
2002/6/12,24.15,4.9624,3.035
2002/6/13,25.02,4.8987,2.977
2002/6/14,25.96,4.7967,2.885
2002/6/17,24.64,4.8435,2.9093
2002/6/18,24.24,4.8333,2.8674
2002/6/19,26.06,4.7257,2.7677
2002/6/20,27.48,4.7885,2.8498
2002/6/21,27.23,4.7661,2.8397
2002/6/24,26.98,4.8272,2.8725
2002/6/25,27.84,4.817,2.8302
2002/6/26,28.42,4.7417,2.7546
2002/6/27,26.29,4.821,2.829
2002/6/28,25.4,4.7965,2.8104
2002/7/1,27.11,4.7802,2.8263
2002/7/2,28.96,4.7254,2.7613
2002/7/3,29.42,4.7639,2.7935
2002/7/4,,4.7618,2.7686
2002/7/5,27.11,4.856,2.8666
2002/7/8,28.25,4.7945,2.7847
2002/7/9,30.22,4.7252,2.6947
2002/7/10,34.1,4.6121,2.5801
2002/7/11,33.85,4.6362,2.5878
2002/7/12,32.94,4.5718,2.521
2002/7/15,35.03,4.626,2.5451
2002/7/16,36.65,4.6805,2.6104
2002/7/17,35.45,4.6825,2.6018
2002/7/18,35.12,4.6057,2.4943
2002/7/19,38.17,4.5194,2.4102
2002/7/22,41.87,4.4437,2.3436
2002/7/23,44.92,4.4059,2.2357
2002/7/24,39.86,4.4852,2.2925
2002/7/25,39.27,4.3801,2.258
2002/7/26,35.51,4.3817,2.2179
2002/7/29,31.33,4.5609,2.3868
2002/7/30,31.92,4.585,2.4191
2002/7/31,32.03,4.4588,2.2339
2002/8/1,36.95,4.3893,2.1213
2002/8/2,41.29,4.2904,2
2002/8/5,45.08,4.2082,1.8871
2002/8/6,42.03,4.3315,2.0396
2002/8/7,38.73,4.3038,1.9747
2002/8/8,36.33,4.3945,2.0795
2002/8/9,35.33,4.255,2.0625
2002/8/12,37.05,4.215,2.0704
2002/8/13,35.82,4.0852,1.9643
2002/8/14,32.36,4.1194,2.1515
2002/8/15,29.43,4.1802,2.1841
2002/8/16,28.81,4.3244,2.2579
2002/8/19,28.61,4.2838,2.2084
2002/8/20,29.59,4.1475,2.0683
2002/8/21,28.23,4.1971,2.0886
2002/8/22,27.75,4.3166,2.2082
2002/8/23,29.32,4.2334,2.1582
2002/8/26,29.89,4.2237,2.158
2002/8/27,30.11,4.2816,2.2245
2002/8/28,33.32,4.2121,2.1661
2002/8/29,33.67,4.1374,2.133
2002/8/30,32.64,4.1409,2.149
2002/9/2,,4.1332,2.1411
2002/9/3,39.97,3.9627,1.9798
2002/9/4,37.44,3.9608,2.004
2002/9/5,38.86,3.925,1.9474
2002/9/6,36.33,4.0113,2.0437
2002/9/9,36.45,4.0585,2.1248
2002/9/10,35.08,3.9941,2.1086
2002/9/11,34.81,4.0584,2.1656
2002/9/12,37.5,3.96,2.0759
2002/9/13,35.82,3.9052,2.0429
2002/9/16,36.74,3.9126,2.0837
2002/9/17,38.01,3.8172,1.9934
2002/9/18,37.52,3.8413,1.9932
2002/9/19,40.65,3.7761,1.9109
2002/9/20,38.98,3.785,1.9182
2002/9/23,39.68,3.6943,1.8932
2002/9/24,40.52,3.6446,1.8764
2002/9/25,37.33,3.7475,1.9504
2002/9/26,34.6,3.764,1.939
2002/9/27,36.97,3.6584,1.7951
2002/9/30,39.69,3.5942,1.6833
2002/10/1,34.12,3.7152,1.7789
2002/10/2,36.83,3.6671,1.7147
2002/10/3,37.31,3.6835,1.7305
2002/10/4,39.46,3.6646,1.7862
2002/10/7,42.64,3.6131,1.7297
2002/10/8,41.02,3.6331,1.7779
2002/10/9,42.13,3.567,1.6647
2002/10/10,37.55,3.6566,1.721
2002/10/11,35.7,3.7782,1.8177
2002/10/14,36.04,3.7856,1.8095
2002/10/15,34.02,3.9927,1.9895
2002/10/16,36,4.048,2.0059
2002/10/17,34.1,4.2002,2.1296
2002/10/18,33.53,4.1053,2.0479
2002/10/21,33.11,4.251,2.2057
2002/10/22,34.09,4.2584,2.1812
2002/10/23,33.2,4.231,2.14
2002/10/24,34.03,4.1147,2.0609
2002/10/25,30,4.0914,1.9809
2002/10/28,31.07,4.0855,1.8931
2002/10/29,32.27,3.9382,1.7577
2002/10/30,31.23,3.961,1.7418
2002/10/31,31.14,3.8925,1.6697
2002/11/1,29.3,4.0045,1.7636
2002/11/4,30.82,4.0427,1.7791
2002/11/5,31.23,4.0696,1.8107
2002/11/6,30.73,4.033,1.8264
2002/11/7,31.42,3.8916,1.834
2002/11/8,29.41,3.8558,1.8486
2002/11/11,31.3,3.8388,1.8319
2002/11/12,30.58,3.8482,1.7748
2002/11/13,31.24,3.8388,1.7261
2002/11/14,28.67,4.0556,1.8799
2002/11/15,26.65,4.0287,1.8707
2002/11/18,27.66,3.9961,1.8621
2002/11/19,27.41,3.977,1.87
2002/11/20,25.32,4.0575,1.9435
2002/11/21,23.81,4.1522,2.0256
2002/11/22,23.16,4.1776,2.0583
2002/11/25,24.07,4.1737,2.0416
2002/11/26,25.97,4.0652,1.9336
2002/11/27,27.25,4.258,2.0662
2002/11/28,,4.2503,2.1045
2002/11/29,27.5,4.2052,2.0563
2002/12/2,27.46,4.2287,2.0724
2002/12/3,28.33,4.2013,2.0402
2002/12/4,28.92,4.1506,1.9838
2002/12/5,30.1,4.137,1.9757
2002/12/6,28.88,4.0827,1.8623
2002/12/9,30.78,4.0344,1.8378
2002/12/10,28.76,4.0459,1.87
2002/12/11,27.76,4.0228,1.8536
2002/12/12,27.29,4.0228,1.829
2002/12/13,28.18,4.0672,1.8446
2002/12/16,26.24,4.1587,1.9097
2002/12/17,26.66,4.1236,1.8605
2002/12/18,28.29,4.0343,1.7703
2002/12/19,30.21,3.9382,1.6964
2002/12/20,26.71,3.9573,1.7279
2002/12/23,26.2,3.9707,1.7357
2002/12/24,26.49,3.9342,1.7261
2002/12/25,,3.9323,1.7261
2002/12/26,27.37,3.9016,1.6862
2002/12/27,29.55,3.8083,1.5906
2002/12/30,29.62,3.7949,1.5906
2002/12/31,28.62,3.816,1.5982
2003/1/1,,3.8175,1.582
2003/1/2,25.39,4.0305,1.7741
2003/1/3,24.68,4.0169,1.7499
2003/1/6,24.91,4.0518,1.7983
2003/1/7,25.13,4.0053,1.7418
2003/1/8,25.53,4.0169,1.7257
2003/1/9,24.25,4.179,1.8552
2003/1/10,24.32,4.132,1.758
2003/1/13,24.9,4.1202,1.7824
2003/1/14,24.57,4.0772,1.7417
2003/1/15,25.51,4.0597,1.7172
2003/1/16,25.01,4.0773,1.7253
2003/1/17,25.7,4.0091,1.6759
2003/1/20,,4.015,1.6758
2003/1/21,27.59,3.9703,1.6346
2003/1/22,29.01,3.9144,1.6099
2003/1/23,27.53,3.9355,1.6426
2003/1/24,31.51,3.9278,1.6422
2003/1/27,34.69,3.9625,1.6503
2003/1/28,31.93,3.9683,1.6418
2003/1/29,31.26,4.0208,1.6998
2003/1/30,31.32,3.9606,1.6729
2003/1/31,31.17,3.9625,1.6891
2003/2/3,31.02,3.9916,1.7213
2003/2/4,32.76,3.9199,1.6531
2003/2/5,33.04,3.9955,1.6973
2003/2/6,33.35,3.945,1.6571
2003/2/7,34.01,3.9294,1.6168
2003/2/10,33.99,3.9643,1.6573
2003/2/11,33.68,3.9566,1.633
2003/2/12,34.33,3.9081,1.6006
2003/2/13,33.7,3.8769,1.5518
2003/2/14,32.62,3.961,1.617
2003/2/17,,3.9628,1.6003
2003/2/18,31.11,3.9494,1.6248
2003/2/19,31.31,3.8825,1.5839
2003/2/20,31.16,3.8673,1.5756
2003/2/21,30.25,3.8882,1.5919
2003/2/24,31.98,3.8445,1.5588
2003/2/25,31.74,3.8198,1.5505
2003/2/26,31.94,3.765,1.5173
2003/2/27,30.53,3.7367,1.5558
2003/2/28,29.63,3.6897,1.508
2003/3/3,30.43,3.6728,1.5
2003/3/4,31.83,3.6465,1.4679
2003/3/5,30.38,3.6278,1.4278
2003/3/6,31.37,3.6558,1.4518
2003/3/7,31.08,3.6406,1.3952
2003/3/10,33.31,3.5606,1.3306
2003/3/11,33.61,3.5809,1.3626
2003/3/12,33.51,3.5808,1.4271
2003/3/13,31.76,3.7456,1.5973
2003/3/14,30.98,3.7002,1.5325
2003/3/17,31.75,3.8384,1.6306
2003/3/18,30.43,3.9053,1.6881
2003/3/19,31.54,3.9843,1.713
2003/3/20,30.44,3.9534,1.6393
2003/3/21,28.67,4.1031,1.7804
2003/3/24,30.39,3.9651,1.6566
2003/3/25,28.75,3.9419,1.632
2003/3/26,28.23,3.9284,1.5907
2003/3/27,27.96,3.9226,1.6091
2003/3/28,27.75,3.8976,1.5374
2003/3/31,29.15,3.796,1.4816
2003/4/1,28.36,3.8095,1.4734
2003/4/2,28.02,3.9285,1.577
2003/4/3,28.21,3.9092,1.5289
2003/4/4,29.13,3.9517,1.5526
2003/4/7,28.45,3.9769,1.5927
2003/4/8,27.13,3.9324,1.5604
2003/4/9,27.11,3.8957,1.52
2003/4/10,25.6,3.9421,1.6006
2003/4/11,24.44,3.9712,1.633
2003/4/14,23.41,4.014,1.7063
2003/4/15,22.56,3.9848,1.6982
2003/4/16,22.52,3.9382,1.6493
2003/4/17,21.5,3.9558,1.6823
2003/4/18,,3.9558,1.6741
2003/4/21,21.95,3.9811,1.6742
2003/4/22,20.7,3.9636,1.6413
2003/4/23,20.8,3.9753,1.633
2003/4/24,20.33,3.9189,1.625
2003/4/25,20.8,3.888,1.5692
2003/4/28,20.84,3.9015,1.5931
2003/4/29,20.76,3.9267,1.6091
2003/4/30,21.21,3.8359,1.4816
2003/5/1,21.59,3.8397,1.4654
2003/5/2,20.63,3.919,1.5608
2003/5/5,21.13,3.8841,1.5286
2003/5/6,20.8,3.7839,1.4243
2003/5/7,21,3.675,1.408
2003/5/8,21.24,3.6807,1.4558
2003/5/9,19.69,3.6796,1.439
2003/5/12,19.52,3.6419,1.4307
2003/5/13,19.91,3.6025,1.4385
2003/5/14,20,3.5204,1.3816
2003/5/15,19.24,3.5297,1.4298
2003/5/16,18.4,3.4185,1.3071
2003/5/19,20.51,3.485,1.3473
2003/5/20,21.29,3.3542,1.2574
2003/5/21,21.21,3.3963,1.3547
2003/5/22,19.78,3.3138,1.3216
2003/5/23,19.17,3.3354,1.3446
2003/5/26,,3.3317,1.3359
2003/5/27,19.99,3.4106,1.3026
2003/5/28,20.03,3.4235,1.3026
2003/5/29,20.43,3.3352,1.2692
2003/5/30,19.47,3.3699,1.3217
2003/6/2,20.85,3.4085,1.3058
2003/6/3,20.84,3.3293,1.1942
2003/6/4,20.62,3.2927,1.2101
2003/6/5,20.83,3.342,1.234
2003/6/6,21.25,3.351,1.2419
2003/6/9,22.15,3.2758,1.1776
2003/6/10,20.64,3.1903,1.1133
2003/6/11,20.21,3.2101,1.1452
2003/6/12,20.41,3.163,1.0968
2003/6/13,20.66,3.1121,1.08
2003/6/16,20.22,3.1716,1.1526
2003/6/17,20.01,3.2605,1.2174
2003/6/18,19.76,3.3614,1.2336
2003/6/19,19.8,3.3374,1.1522
2003/6/20,19.14,3.3648,1.1599
2003/6/23,20.58,3.3113,1.1352
2003/6/24,20.75,3.2489,1.0942
2003/6/25,20.81,3.4035,1.2828
2003/6/26,19.4,3.5416,1.4033
2003/6/27,19.16,3.5415,1.3474
2003/6/30,19.52,3.5133,1.2999
2003/7/1,19.46,3.5471,1.3001
2003/7/2,19.03,3.5358,1.2764
2003/7/3,19.39,3.6607,1.3093
2003/7/4,,3.6474,1.3015
2003/7/7,20.06,3.7315,1.3501
2003/7/8,19.48,3.7143,1.3663
2003/7/9,18.93,3.6798,1.3343
2003/7/10,19.19,3.655,1.3022
2003/7/11,18.47,3.6265,1.2705
2003/7/14,19.59,3.724,1.3357
2003/7/15,19.55,3.9807,1.4501
2003/7/16,19.76,3.918,1.426
2003/7/17,20.22,3.92,1.4346
2003/7/18,19.11,3.9989,1.4852
2003/7/21,19.78,4.2105,1.6176
2003/7/22,19.17,4.1223,1.5192
2003/7/23,18.64,4.1084,1.4949
2003/7/24,18.6,4.1646,1.5319
2003/7/25,17.75,4.175,1.5
2003/7/28,18.36,4.2802,1.6116
2003/7/29,18.67,4.4381,1.6995
2003/7/30,18.85,4.307,1.6276
2003/7/31,19.49,4.4055,1.7398
2003/8/1,20.75,4.3834,1.773
2003/8/4,21.27,4.2833,1.6766
2003/8/5,22.68,4.3899,1.8141
2003/8/6,21.5,4.2674,1.7498
2003/8/7,20.26,4.2168,1.7016
2003/8/8,19.59,4.2694,1.6943
2003/8/11,19.75,4.353,1.7596
2003/8/12,17.94,4.4256,1.7192
2003/8/13,18.77,4.5602,1.8175
2003/8/14,18.47,4.4887,1.7606
2003/8/15,18.27,4.5285,1.7945
2003/8/18,18.18,4.4572,1.8196
2003/8/19,17.86,4.3609,1.7295
2003/8/20,17.82,4.4355,1.7957
2003/8/21,17.84,4.4751,1.9036
2003/8/22,18.55,4.4732,1.9136
2003/8/25,19.53,4.5249,1.9642
2003/8/26,19.49,4.4733,1.8897
2003/8/27,19.13,4.5349,1.9654
2003/8/28,18.48,4.4141,1.9278
2003/8/29,18.63,4.4636,1.9679
2003/9/1,,4.4577,1.9598
2003/9/2,19.02,4.5993,2.0322
2003/9/3,19.44,4.5933,1.9999
2003/9/4,18.71,4.5034,1.8872
2003/9/5,18.17,4.3474,1.7175
2003/9/8,18.26,4.4262,1.7574
2003/9/9,18.85,4.3552,1.6845
2003/9/10,20.01,4.2711,1.6276
2003/9/11,19.25,4.3141,1.6917
2003/9/12,18.68,4.2516,1.6174
2003/9/15,19.28,4.2671,1.5845
2003/9/16,18.03,4.2749,1.5839
2003/9/17,18.15,4.1777,1.6077
2003/9/18,17.57,4.1622,1.6316
2003/9/19,17.54,4.1602,1.6627
2003/9/22,19.65,4.2164,1.6295
2003/9/23,19.47,4.2047,1.629
2003/9/24,21.22,4.1331,1.6038
2003/9/25,22.26,4.081,1.6409
2003/9/26,22.23,4.0005,1.5533
2003/9/29,21.67,4.0751,1.6011
2003/9/30,22.72,3.9376,1.4577
2003/10/1,21.07,3.9318,1.4416
2003/10/2,20.8,3.9926,1.4652
2003/10/3,19.5,4.1987,1.633
2003/10/6,19.51,4.1695,1.6008
2003/10/7,19.41,4.2573,1.641
2003/10/8,19.18,4.2357,1.6169
2003/10/9,18.82,4.2906,1.6411
2003/10/10,18.45,4.269,1.6411
2003/10/13,17.55,4.2513,1.6249
2003/10/14,17.37,4.3439,1.6819
2003/10/15,17.69,4.3974,1.7636
2003/10/16,17.19,4.4593,1.9278
2003/10/17,17.62,4.3876,1.8548
2003/10/20,17.04,4.3817,1.8469
2003/10/21,16.55,4.342,1.8389
2003/10/22,17.67,4.2513,1.7566
2003/10/23,17.68,4.3163,1.7981
2003/10/24,17.71,4.2297,1.7242
2003/10/27,18.05,4.2592,1.7741
2003/10/28,16.82,4.1768,1.6663
2003/10/29,16.43,4.2946,1.7495
2003/10/30,16.33,4.3422,1.8568
2003/10/31,16.1,4.2927,1.8175
2003/11/3,16.55,4.3403,1.8742
2003/11/4,16.55,4.2947,1.8422
2003/11/5,16.86,4.3522,1.9234
2003/11/6,16.74,4.4081,1.9725
2003/11/7,16.93,4.4383,2.0065
2003/11/10,17.62,4.4464,2.0239
2003/11/11,17.54,4.4464,2.0244
2003/11/12,16.75,4.3983,2.0167
2003/11/13,16.47,4.269,1.8775
2003/11/14,16.94,4.2171,1.8047
2003/11/17,18.6,4.194,1.7804
2003/11/18,19.11,4.1421,1.7642
2003/11/19,18.8,4.2364,1.8631
2003/11/20,19.48,4.1516,1.781
2003/11/21,18.98,4.1592,1.8147
2003/11/24,17.44,4.2286,1.8896
2003/11/25,16.71,4.1841,1.8318
2003/11/26,16.23,4.2459,1.9241
2003/11/27,,4.2459,1.9632
2003/11/28,16.32,4.3316,2.0437
2003/12/1,16.77,4.3846,2.092
2003/12/2,16.27,4.3787,2.052
2003/12/3,16.63,4.4023,2.0684
2003/12/4,16.3,4.365,2.0363
2003/12/5,17.09,4.2303,1.8668
2003/12/8,16.54,4.2672,1.8992
2003/12/9,17.63,4.3513,1.9641
2003/12/10,17.87,4.316,1.9073
2003/12/11,16.73,4.2302,1.7856
2003/12/12,16.41,4.2379,1.8015
2003/12/15,17.23,4.2574,1.8258
2003/12/16,15.93,4.2127,1.7931
2003/12/17,15.58,4.1816,1.8011
2003/12/18,16.16,4.1256,1.7846
2003/12/19,16.42,4.1332,1.7842
2003/12/22,16.94,4.1679,1.8088
2003/12/23,16.49,4.2593,1.85
2003/12/24,16.66,4.1834,1.835
2003/12/25,,4.1833,1.835
2003/12/26,17.45,4.1503,1.8111
2003/12/29,17.09,4.2417,1.851
2003/12/30,17.68,4.2573,1.8271
2003/12/31,18.31,4.2455,1.8189
2004/1/1,,4.2455,1.8186
2004/1/2,18.22,4.3794,1.8991
2004/1/5,17.49,4.3774,1.9153
2004/1/6,16.73,4.271,1.8185
2004/1/7,15.5,4.2416,1.8184
2004/1/8,15.61,4.2553,1.8264
2004/1/9,16.75,4.0803,1.656
2004/1/12,16.82,4.0861,1.6476
2004/1/13,18.04,4.011,1.5825
2004/1/14,16.75,3.9937,1.6226
2004/1/15,15.56,3.9688,1.6385
2004/1/16,15,4.0299,1.6699
2004/1/19,,4.0298,1.6696
2004/1/20,15.21,4.0548,1.6529
2004/1/21,14.34,4.0182,1.6365
2004/1/22,14.71,3.953,1.5951
2004/1/23,14.84,4.072,1.6598
2004/1/26,14.55,4.1301,1.6926
2004/1/27,15.35,4.0738,1.6427
2004/1/28,16.78,4.1885,1.8165
2004/1/29,17.14,4.1729,1.7831
2004/1/30,16.63,4.1319,1.8189
2004/2/2,17.11,4.1455,1.8028
2004/2/3,17.34,4.0968,1.7465
2004/2/4,17.87,4.1123,1.7544
2004/2/5,17.71,4.1669,1.8266
2004/2/6,16,4.0772,1.7456
2004/2/9,16.39,4.052,1.7373
2004/2/10,15.94,4.1121,1.8019
2004/2/11,15.39,4.0306,1.7045
2004/2/12,15.31,4.0441,1.7043
2004/2/13,15.58,4.0402,1.6707
2004/2/16,,4.0402,1.6704
2004/2/17,15.4,4.0383,1.662
2004/2/18,15.59,4.0479,1.6783
2004/2/19,15.8,4.0306,1.6453
2004/2/20,16.04,4.0961,1.7018
2004/2/23,16.29,4.0363,1.6522
2004/2/24,15.9,4.0229,1.6355
2004/2/25,14.93,4.0075,1.6022
2004/2/26,14.83,4.0344,1.6729
2004/2/27,14.55,3.9711,1.641
2004/3/1,14.44,3.973,1.649
2004/3/2,14.86,4.0421,1.7211
2004/3/3,14.55,4.0498,1.7213
2004/3/4,14.4,4.0151,1.6972
2004/3/5,14.48,3.8491,1.5605
2004/3/8,15.79,3.768,1.496
2004/3/9,16.6,3.7211,1.4797
2004/3/10,18.67,3.7285,1.5037
2004/3/11,20.67,3.6985,1.4551
2004/3/12,18.3,3.777,1.5193
2004/3/15,21.13,3.7619,1.5272
2004/3/16,20.34,3.6794,1.4702
2004/3/17,18.11,3.7111,1.4944
2004/3/18,18.53,3.7542,1.5187
2004/3/19,19.15,3.771,1.51
2004/3/22,21.58,3.7126,1.477
2004/3/23,20.67,3.6901,1.4686
2004/3/24,19.81,3.7069,1.4602
2004/3/25,17.88,3.7368,1.5
2004/3/26,17.33,3.8292,1.5797
2004/3/29,16.5,3.8882,1.6116
2004/3/30,16.28,3.8939,1.6196
2004/3/31,16.74,3.8348,1.5718
2004/4/1,16.65,3.8786,1.6199
2004/4/2,15.64,4.1435,1.846
2004/4/5,14.97,4.2064,1.8788
2004/4/6,15.32,4.1475,1.8307
2004/4/7,15.76,4.1573,1.8393
2004/4/8,16.26,4.1909,1.8574
2004/4/9,,4.1909,1.8579
2004/4/12,15.28,4.2285,1.8829
2004/4/13,17.26,4.3519,1.9895
2004/4/14,15.62,4.364,2.0725
2004/4/15,15.74,4.4003,2.0567
2004/4/16,14.94,4.3383,1.9846
2004/4/19,15.42,4.3845,2.0349
2004/4/20,16.67,4.4573,2.152
2004/4/21,15.6,4.423,2.1612
2004/4/22,14.61,4.3807,2.1121
2004/4/23,14.01,4.4578,2.232
2004/4/26,14.77,4.4336,2.2246
2004/4/27,15.07,4.3832,2.1415
2004/4/28,16.29,4.4967,2.2435
2004/4/29,16.6,4.5356,2.3465
2004/4/30,17.19,4.5053,2.3145
2004/5/3,16.62,4.4993,2.3065
2004/5/4,16.55,4.5649,2.3228
2004/5/5,15.77,4.5794,2.3228
2004/5/6,17.05,4.598,2.3717
2004/5/7,18.13,4.7709,2.6178
2004/5/10,19.77,4.7921,2.5854
2004/5/11,18.57,4.7462,2.5694
2004/5/12,18.14,4.805,2.5863
2004/5/13,18.86,4.8516,2.6528
2004/5/14,18.47,4.7678,2.5301
2004/5/17,19.96,4.6887,2.4642
2004/5/18,19.33,4.7341,2.5142
2004/5/19,18.93,4.7717,2.5561
2004/5/20,18.67,4.7004,2.4983
2004/5/21,18.49,4.7558,2.541
2004/5/24,18.08,4.732,2.5247
2004/5/25,15.96,4.7201,2.5334
2004/5/26,15.97,4.6549,2.4416
2004/5/27,15.28,4.5999,2.4597
2004/5/28,15.5,4.6468,2.5323
2004/5/31,,4.6468,2.5323
2004/6/1,16.3,4.7001,2.589
2004/6/2,16.08,4.7377,2.6377
2004/6/3,17.03,4.7099,2.6135
2004/6/4,16.78,4.7715,2.6874
2004/6/7,15.39,4.7596,2.6549
2004/6/8,15.01,4.7615,2.6878
2004/6/9,15.39,4.8055,2.7619
2004/6/10,15.04,4.7935,2.7952
2004/6/11,,4.7995,2.8046
2004/6/14,16.07,4.8698,2.9294
2004/6/15,15.05,4.676,2.7474
2004/6/16,14.79,4.7216,2.7892
2004/6/17,15.15,4.6779,2.7563
2004/6/18,14.99,4.7096,2.7824
2004/6/21,15.26,4.6837,2.7493
2004/6/22,14.31,4.7175,2.758
2004/6/23,13.98,4.6956,2.7249
2004/6/24,14.81,4.644,2.75
2004/6/25,15.19,4.6459,2.7338
2004/6/28,16.07,4.7354,2.8552
2004/6/29,15.47,4.6855,2.8147
2004/6/30,14.34,4.5806,2.6772
2004/7/1,15.2,4.5629,2.6366
2004/7/2,15.08,4.4589,2.5224
2004/7/5,,4.4549,2.522
2004/7/6,16.25,4.4743,2.538
2004/7/7,15.81,4.4743,2.538
2004/7/8,16.2,4.4704,2.5132
2004/7/9,15.78,4.4565,2.5122
2004/7/12,14.96,4.4447,2.5201
2004/7/13,14.46,4.47,2.5525
2004/7/14,13.76,4.4797,2.5851
2004/7/15,14.71,4.4797,2.6013
2004/7/16,14.34,4.3491,2.4933
2004/7/19,15.17,4.3509,2.5177
2004/7/20,14.17,4.4441,2.6167
2004/7/21,16.41,4.4656,2.658
2004/7/22,15.75,4.444,2.6496
2004/7/23,16.5,4.4301,2.6491
2004/7/26,17.3,4.4848,2.7075
2004/7/27,16.55,4.6132,2.7913
2004/7/28,16.15,4.5834,2.7325
2004/7/29,15.68,4.5754,2.7499
2004/7/30,15.32,4.4747,2.6771
2004/8/2,15.37,4.4491,2.6446
2004/8/3,16.03,4.4236,2.6363
2004/8/4,16.21,4.4176,2.6442
2004/8/5,18.32,4.4,2.6441
2004/8/6,19.34,4.2196,2.3833
2004/8/9,18.89,4.2561,2.4397
2004/8/10,17.47,4.2888,2.5289
2004/8/11,18.04,4.2713,2.4959
2004/8/12,19.08,4.2538,2.4955
2004/8/13,17.98,4.2268,2.4534
2004/8/16,17.57,4.2616,2.4776
2004/8/17,17.02,4.1901,2.3951
2004/8/18,16.23,4.2364,2.4275
2004/8/19,16.96,4.2132,2.3776
2004/8/20,16,4.2325,2.4339
2004/8/23,15.88,4.2829,2.4666
2004/8/24,15.33,4.2712,2.4496
2004/8/25,14.98,4.2615,2.4658
2004/8/26,14.91,4.2092,2.4717
2004/8/27,14.71,4.2265,2.4797
2004/8/30,15.44,4.1763,2.4555
2004/8/31,15.29,4.1167,2.3911
2004/9/1,14.91,4.1128,2.383
2004/9/2,14.28,4.2129,2.4558
2004/9/3,13.91,4.2945,2.5784
2004/9/6,,4.2906,2.5869
2004/9/7,14.07,4.238,2.5462
2004/9/8,14.06,4.1587,2.4645
2004/9/9,14.01,4.1953,2.481
2004/9/10,13.76,4.1856,2.4813
2004/9/13,13.17,4.1354,2.465
2004/9/14,13.56,4.1238,2.4322
2004/9/15,14.64,4.1643,2.4735
2004/9/16,14.39,4.0719,2.4076
2004/9/17,14.03,4.1064,2.4736
2004/9/20,14.43,4.0564,2.4243
2004/9/21,13.66,4.0353,2.4576
2004/9/22,14.74,3.978,2.4577
2004/9/23,14.8,4.0161,2.5161
2004/9/24,14.28,4.0273,2.567
2004/9/27,14.62,3.9891,2.5337
2004/9/28,13.83,4.0024,2.5171
2004/9/29,13.21,4.0866,2.593
2004/9/30,13.34,4.1194,2.605
2004/10/1,12.75,4.1871,2.6216
2004/10/4,13.41,4.1637,2.638
2004/10/5,13.95,4.1734,2.63
2004/10/6,13.28,4.2201,2.6874
2004/10/7,14.5,4.2416,2.6876
2004/10/8,15.05,4.1286,2.5817
2004/10/11,14.71,4.1305,2.5818
2004/10/12,15.05,4.0976,2.549
2004/10/13,15.42,4.0552,2.4915
2004/10/14,16.43,4.0244,2.4668
2004/10/15,15.04,4.0531,2.5162
2004/10/18,14.71,4.0415,2.5079
2004/10/19,15.13,4.0318,2.541
2004/10/20,14.85,3.98,2.4996
2004/10/21,14.54,3.9952,2.5411
2004/10/22,15.28,3.974,2.5162
2004/10/25,16.58,3.9701,2.5078
2004/10/26,16.39,3.9988,2.5246
2004/10/27,15.72,4.0816,2.5832
2004/10/28,15.39,4.0487,2.5727
2004/10/29,16.27,4.0235,2.5484
2004/11/1,16.27,4.0698,2.5808
2004/11/2,16.18,4.0465,2.5647
2004/11/3,14.04,4.0736,2.581
2004/11/4,13.97,4.0716,2.6218
2004/11/5,13.84,4.1727,2.7613
2004/11/8,13.8,4.2158,2.8027
2004/11/9,13.61,4.2257,2.8113
2004/11/10,13.08,4.2394,2.8369
2004/11/11,13.04,4.2519,2.8465
2004/11/12,13.33,4.1786,2.8138
2004/11/15,13.38,4.1863,2.8636
2004/11/16,13.21,4.2056,2.8807
2004/11/17,13.21,4.1287,2.8063
2004/11/18,12.98,4.1134,2.84
2004/11/19,13.5,4.2035,2.9168
2004/11/22,12.97,4.1784,2.9425
2004/11/23,12.67,4.1823,2.9516
2004/11/24,12.72,4.1976,3.021
2004/11/25,,4.1937,3.0129
2004/11/26,12.78,4.2459,3.0291
2004/11/29,13.3,4.3179,3.0535
2004/11/30,13.24,4.3492,2.9967
2004/12/1,12.97,4.3649,3.005
2004/12/2,12.98,4.4063,3.0378
2004/12/3,12.96,4.2497,2.9157
2004/12/6,13.19,4.2206,2.9075
2004/12/7,13.67,4.2206,2.9321
2004/12/8,13.19,4.1183,2.8911
2004/12/9,12.88,4.1664,2.924
2004/12/10,12.76,4.1489,2.9323
2004/12/13,12.54,4.147,2.9572
2004/12/14,12.73,4.1219,2.9573
2004/12/15,12.35,4.0739,2.9325
2004/12/16,12.27,4.1836,2.9823
2004/12/17,11.95,4.199,2.9994
2004/12/20,11.83,4.1835,3.0246
2004/12/21,11.55,4.1622,3.0248
2004/12/22,11.45,4.1931,2.9998
2004/12/23,11.23,4.2242,3.0089
2004/12/24,,4.2144,2.9922
2004/12/27,12.14,4.2965,3.0514
2004/12/28,12,4.2906,3.0684
2004/12/29,11.62,4.322,3.1025
2004/12/30,12.56,4.2534,3.0812
2004/12/31,13.29,4.2182,3.0651
2005/1/3,14.08,4.2104,3.0896
2005/1/4,13.98,4.2886,3.1962
2005/1/5,14.09,4.2808,3.2046
2005/1/6,13.58,4.2612,3.1556
2005/1/7,13.49,4.269,3.1891
2005/1/10,13.23,4.269,3.2141
2005/1/11,13.19,4.2357,3.2061
2005/1/12,12.56,4.2337,3.2064
2005/1/13,12.84,4.1635,3.1734
2005/1/14,12.43,4.208,3.2244
2005/1/17,,4.2082,3.2246
2005/1/18,12.47,4.1848,3.2249
2005/1/19,13.18,4.1711,3.2165
2005/1/20,13.83,4.1614,3.1833
2005/1/21,14.36,4.1399,3.1419
2005/1/24,14.65,4.1204,3.1842
2005/1/25,14.06,4.1925,3.2098
2005/1/26,13.44,4.1964,3.2523
2005/1/27,13.24,4.2179,3.2796
2005/1/28,13.24,4.1397,3.2551
2005/1/31,12.82,4.128,3.2716
2005/2/1,12.03,4.1377,3.2799
2005/2/2,11.66,4.1396,3.3128
2005/2/3,11.79,4.163,3.3377
2005/2/4,11.21,4.0753,3.2808
2005/2/7,11.73,4.0501,3.2974
2005/2/8,11.6,4.0153,3.3059
2005/2/9,12,3.979,3.2318
2005/2/10,11.51,4.0888,3.2898
2005/2/11,11.43,4.0844,3.3236
2005/2/14,11.52,4.069,3.3488
2005/2/15,11.27,4.096,3.3408
2005/2/16,11.1,4.1521,3.3995
2005/2/17,11.77,4.1794,3.358
2005/2/18,11.18,4.2655,3.435
2005/2/21,,4.2616,3.4269
2005/2/22,13.14,4.2853,3.4273
2005/2/23,12.39,4.2617,3.4358
2005/2/24,11.57,4.2833,3.4785
2005/2/25,11.49,4.2638,3.5219
2005/2/28,12.08,4.3766,3.5958
2005/3/1,12.04,4.3647,3.5714
2005/3/2,12.5,4.3767,3.5552
2005/3/3,12.93,4.3768,3.5636
2005/3/4,11.94,4.3076,3.556
2005/3/7,12.26,4.3076,3.5892
2005/3/8,12.4,4.3911,3.6143
2005/3/9,12.7,4.5196,3.6562
2005/3/10,12.49,4.4633,3.6648
2005/3/11,12.8,4.5423,3.716
2005/3/14,12.39,4.508,3.7248
2005/3/15,13.15,4.5445,3.7336
2005/3/16,13.49,4.5062,3.7089
2005/3/17,13.29,4.464,3.6673
2005/3/18,13.14,4.5066,3.6937
2005/3/21,13.61,4.5229,3.711
2005/3/22,14.27,4.6411,3.8216
2005/3/23,14.06,4.5841,3.8136
2005/3/24,13.42,4.5968,3.8501
2005/3/25,,4.5929,3.8507
2005/3/28,13.75,4.64,3.8685
2005/3/29,14.49,4.5726,3.8342
2005/3/30,13.64,4.5462,3.8262
2005/3/31,14.02,4.4815,3.7745
2005/4/1,14.09,4.4475,3.7251
2005/4/4,14.11,4.4556,3.7168
2005/4/5,13.68,4.4678,3.7167
2005/4/6,13.15,4.4215,3.6754
2005/4/7,12.33,4.4802,3.7166
2005/4/8,12.62,4.4683,3.7412
2005/4/11,11.98,4.428,3.7162
2005/4/12,11.3,4.3518,3.6829
2005/4/13,13.31,4.3599,3.6495
2005/4/14,14.53,4.308,3.5495
2005/4/15,17.74,4.2406,3.4902
2005/4/18,16.56,4.2704,3.5483
2005/4/19,14.96,4.2109,3.5062
2005/4/20,16.92,4.1853,3.4807
2005/4/21,14.41,4.2945,3.6228
2005/4/22,15.38,4.2449,3.597
2005/4/25,14.62,4.2469,3.6304
2005/4/26,14.91,4.2649,3.6472
2005/4/27,14.87,4.2232,3.6131
2005/4/28,16.86,4.1442,3.5594
2005/4/29,15.31,4.1976,3.6495
2005/5/2,15.12,4.1858,3.6249
2005/5/3,14.53,4.1641,3.633
2005/5/4,13.85,4.1859,3.6083
2005/5/5,13.98,4.1543,3.5425
2005/5/6,14.05,4.2576,3.7156
2005/5/9,13.75,4.2816,3.7489
2005/5/10,14.91,4.2,3.666
2005/5/11,14.45,4.202,3.6743
2005/5/12,16.12,4.1703,3.6411
2005/5/13,16.32,4.1173,3.5826
2005/5/16,15.68,4.1269,3.5909
2005/5/17,14.57,4.1134,3.5908
2005/5/18,13.63,4.0884,3.5823
2005/5/19,13.32,4.1115,3.6325
2005/5/20,13.14,4.121,3.6577
2005/5/23,12.95,4.0538,3.6156
2005/5/24,12.69,4.0271,3.5902
2005/5/25,12.58,4.0864,3.5986
2005/5/26,12.24,4.0787,3.6225
2005/5/27,12.15,4.0709,3.6389
2005/5/30,,4.069,3.639
2005/5/31,13.29,3.981,3.5736
2005/6/1,12.36,3.8844,3.4754
2005/6/2,11.84,3.9032,3.5244
2005/6/3,12.15,3.9732,3.5573
2005/6/6,12.28,3.9522,3.5739
2005/6/7,12.39,3.901,3.5574
2005/6/8,12.7,3.9331,3.5988
2005/6/9,12.08,3.9483,3.6155
2005/6/10,11.96,4.0514,3.6908
2005/6/13,11.65,4.0918,3.691
2005/6/14,11.79,4.1072,3.6828
2005/6/15,11.46,4.0995,3.7082
2005/6/16,11.15,4.0667,3.6665
2005/6/17,11.48,4.0705,3.7007
2005/6/20,11.47,4.1091,3.7094
2005/6/21,11.08,4.0396,3.6843
2005/6/22,11.05,3.94,3.6002
2005/6/23,12.13,3.9514,3.6087
2005/6/24,12.18,3.917,3.5751
2005/6/27,12.52,3.9017,3.5752
2005/6/28,11.58,3.9703,3.6433
2005/6/29,11.77,3.9779,3.652
2005/6/30,12.04,3.913,3.6331
2005/7/1,11.4,4.0489,3.7401
2005/7/4,,4.0373,3.7319
2005/7/5,11.68,4.105,3.7816
2005/7/6,12.27,4.0682,3.7651
2005/7/7,12.49,4.0605,3.7156
2005/7/8,11.45,4.0914,3.7657
2005/7/11,11.28,4.0933,3.7825
2005/7/12,10.95,4.142,3.8327
2005/7/13,10.84,4.1556,3.8246
2005/7/14,10.81,4.1732,3.8332
2005/7/15,10.33,4.1635,3.8591
2005/7/18,10.77,4.2204,3.8847
2005/7/19,10.45,4.1792,3.8512
2005/7/20,10.23,4.1576,3.8684
2005/7/21,10.97,4.2757,3.9364
2005/7/22,10.52,4.2185,3.9036
2005/7/25,11.1,4.2442,3.938
2005/7/26,10.99,4.2245,3.9298
2005/7/27,10.36,4.2541,3.9815
2005/7/28,10.52,4.1891,3.9406
2005/7/29,11.57,4.276,4.0147
2005/8/1,12.08,4.3099,4.0313
2005/8/2,11.75,4.3338,4.0397
2005/8/3,11.83,4.292,4.0068
2005/8/4,12.52,4.312,4.0317
2005/8/5,12.48,4.3861,4.0988
2005/8/8,13.21,4.4184,4.1491
2005/8/9,12.4,4.3883,4.1076
2005/8/10,12.38,4.3903,4.1162
2005/8/11,12.42,4.3203,4.0663
2005/8/12,12.74,4.2423,4.0333
2005/8/15,12.26,4.281,4.0587
2005/8/16,13.52,4.2056,4
2005/8/17,13.3,4.2674,4.0423
2005/8/18,13.42,4.1978,3.9834
2005/8/19,13.42,4.2054,4.0176
2005/8/22,13.42,4.2073,4.0093
2005/8/23,13.34,4.1784,3.9755
2005/8/24,14.17,4.1649,3.9671
2005/8/25,13.73,4.1553,4
2005/8/26,13.72,4.186,4.0657
2005/8/29,13.52,4.1667,4.0493
2005/8/30,13.65,4.0899,3.9344
2005/8/31,12.6,4.0137,3.8114
2005/9/1,13.15,4.0307,3.7211
2005/9/2,13.57,4.0362,3.7522
2005/9/5,,4.0285,3.7354
2005/9/6,12.93,4.0953,3.801
2005/9/7,12.52,4.1375,3.8423
2005/9/8,12.93,4.1452,3.8668
2005/9/9,11.98,4.1181,3.8661
2005/9/12,11.65,4.1701,3.9076
2005/9/13,12.39,4.1258,3.8574
2005/9/14,12.91,4.1643,3.8738
2005/9/15,12.49,4.2107,3.8903
2005/9/16,11.22,4.271,3.9738
2005/9/19,12.14,4.2457,3.9148
2005/9/20,12.64,4.2418,3.9736
2005/9/21,13.79,4.166,3.9144
2005/9/22,13.33,4.1795,3.9396
2005/9/23,12.96,4.2456,4.0157
2005/9/26,13.04,4.2906,4.0497
2005/9/27,12.76,4.2808,4.0668
2005/9/28,12.63,4.2534,4.0754
2005/9/29,12.24,4.2945,4.1233
2005/9/30,11.92,4.324,4.1649
2005/10/3,12.46,4.3833,4.2065
2005/10/4,13.2,4.3674,4.2068
2005/10/5,14.55,4.3398,4.1737
2005/10/6,14.96,4.3873,4.1906
2005/10/7,14.59,4.354,4.183
2005/10/10,15.55,4.3557,4.1832
2005/10/11,15.63,4.3914,4.2169
2005/10/12,16.22,4.4392,4.2253
2005/10/13,16.47,4.4612,4.2256
2005/10/14,14.87,4.4793,4.2517
2005/10/17,14.67,4.4934,4.2773
2005/10/18,15.33,4.4694,4.2438
2005/10/19,13.5,4.4594,4.2356
2005/10/20,16.11,4.4295,4.2189
2005/10/21,16.13,4.3837,4.2026
2005/10/24,14.74,4.4436,4.2455
2005/10/25,14.53,4.5341,4.3313
2005/10/26,14.59,4.5827,4.3661
2005/10/27,16.02,4.5463,4.3407
2005/10/28,14.25,4.5648,4.3819
2005/10/31,15.32,4.5506,4.3738
2005/11/1,14.85,4.5629,4.3987
2005/11/2,13.48,4.6036,4.4237
2005/11/3,13,4.6465,4.4571
2005/11/4,13.17,4.659,4.4661
2005/11/7,13.1,4.6223,4.4496
2005/11/8,13.08,4.5512,4.408
2005/11/9,12.8,4.6388,4.4836
2005/11/10,11.9,4.5535,4.4256
2005/11/11,11.63,4.5333,4.426
2005/11/14,12.18,4.6043,4.4851
2005/11/15,12.23,4.5569,4.4598
2005/11/16,12.26,4.4706,4.3924
2005/11/17,11.25,4.4569,4.3671
2005/11/18,11.12,4.4881,4.3844
2005/11/21,10.82,4.4588,4.3675
2005/11/22,10.6,4.4256,4.2996
2005/11/23,10.96,4.47,4.3423
2005/11/24,,4.47,4.349
2005/11/25,10.88,4.4274,4.316
2005/11/28,11.84,4.404,4.3159
2005/11/29,11.89,4.4743,4.3902
2005/11/30,12.06,4.484,4.4068
2005/12/1,11.24,4.5135,4.4318
2005/12/2,11.01,4.5115,4.4157
2005/12/5,11.6,4.5687,4.4659
2005/12/6,11.52,4.482,4.391
2005/12/7,12.18,4.5095,4.3995
2005/12/8,12.21,4.4623,4.3579
2005/12/9,11.69,4.5233,4.4001
2005/12/12,11.47,4.547,4.4254
2005/12/13,11.11,4.5193,4.4004
2005/12/14,10.48,4.4563,4.3584
2005/12/15,10.73,4.4602,4.35
2005/12/16,10.68,4.4327,4.3503
2005/12/19,11.38,4.4385,4.3673
2005/12/20,11.19,4.4601,4.4014
2005/12/21,10.81,4.4877,4.4356
2005/12/22,10.29,4.4267,4.3762
2005/12/23,10.27,4.372,4.351
2005/12/27,11.57,4.3366,4.3426
2005/12/28,11.35,4.3737,4.3597
2005/12/29,11.61,4.3541,4.3598
2005/12/30,12.07,4.3911,4.3996
2006/1/2,,4.3911,4.3996
2006/1/3,11.14,4.3637,4.3249
2006/1/4,11.37,4.3422,4.3
2006/1/5,11.31,4.3519,4.3165
2006/1/6,11,4.3733,4.3494
2006/1/9,11.13,4.3654,4.3409
2006/1/10,10.86,4.4243,4.391
2006/1/11,10.94,4.4518,4.4161
2006/1/12,11.2,4.4026,4.3742
2006/1/13,11.23,4.3534,4.332
2006/1/16,,4.3534,4.3317
2006/1/17,11.91,4.324,4.3231
2006/1/18,12.25,4.3318,4.3231
2006/1/19,11.98,4.3729,4.3653
2006/1/20,14.56,4.3493,4.3481
2006/1/23,13.93,4.3551,4.348
2006/1/24,13.31,4.3904,4.382
2006/1/25,12.87,4.4754,4.4503
2006/1/26,12.42,4.5172,4.4823
2006/1/27,11.97,4.5092,4.4906
2006/1/30,12.39,4.5251,4.5071
2006/1/31,12.95,4.5152,4.5155
2006/2/1,12.36,4.5551,4.5737
2006/2/2,13.23,4.5571,4.5906
2006/2/3,12.96,4.5232,4.5662
2006/2/6,13.04,4.5432,4.6082
2006/2/7,13.59,4.5652,4.6
2006/2/8,12.83,4.5873,4.6254
2006/2/9,13.12,4.5432,4.6509
2006/2/10,12.87,4.5845,4.6772
2006/2/13,13.35,4.5766,4.6691
2006/2/14,12.25,4.6102,4.6779
2006/2/15,12.31,4.5964,4.6867
2006/2/16,11.48,4.5825,4.6871
2006/2/17,12.01,4.5372,4.6714
2006/2/20,,4.5372,4.6718
2006/2/21,12.41,4.5648,4.6978
2006/2/22,11.88,4.5215,4.6636
2006/2/23,11.87,4.5549,4.7161
2006/2/24,11.46,4.5727,4.7161
2006/2/27,11.59,4.5905,4.7244
2006/2/28,12.34,4.551,4.6746
2006/3/1,11.54,4.5845,4.6995
2006/3/2,11.72,4.6282,4.7079
2006/3/3,11.96,4.6801,4.7414
2006/3/6,12.74,4.7504,4.7666
2006/3/7,12.66,4.7223,4.7499
2006/3/8,12.32,4.7263,4.7165
2006/3/9,12.68,4.7243,4.7081
2006/3/10,11.85,4.7567,4.7335
2006/3/13,11.37,4.7668,4.7167
2006/3/14,10.74,4.6924,4.6324
2006/3/15,11.35,4.7266,4.6746
2006/3/16,11.98,4.6404,4.6154
2006/3/17,12.12,4.6705,4.6321
2006/3/20,11.79,4.6565,4.6491
2006/3/21,11.62,4.7167,4.7343
2006/3/22,11.21,4.6986,4.7343
2006/3/23,11.17,4.7329,4.7687
2006/3/24,11.19,4.6686,4.7089
2006/3/27,11.46,4.7028,4.7348
2006/3/28,11.58,4.7797,4.7907
2006/3/29,10.95,4.8041,4.799
2006/3/30,11.57,4.8551,4.8323
2006/3/31,11.39,4.8472,4.8161
2006/4/3,11.57,4.8615,4.8414
2006/4/4,11.14,4.8637,4.8165
2006/4/5,11.13,4.8433,4.7999
2006/4/6,11.45,4.8987,4.8336
2006/4/7,12.26,4.9774,4.8932
2006/4/10,12.19,4.9526,4.8766
2006/4/11,13,4.9197,4.86
2006/4/12,12.76,4.9777,4.9025
2006/4/13,12.38,5.0447,4.9463
2006/4/14,,5.0448,4.9467
2006/4/17,12.58,5.0032,4.8958
2006/4/18,11.4,4.9824,4.8276
2006/4/19,11.32,5.0221,4.8449
2006/4/20,11.64,5.0389,4.8793
2006/4/21,11.59,5.0079,4.8973
2006/4/24,11.75,4.9768,4.8718
2006/4/25,11.75,5.0667,4.9324
2006/4/26,11.76,5.1046,4.9846
2006/4/27,11.84,5.0669,4.8915
2006/4/28,11.59,5.0505,4.8583
2006/5/1,12.54,5.1369,4.9497
2006/5/2,11.99,5.1075,4.9081
2006/5/3,11.99,5.1414,4.9331
2006/5/4,11.86,5.1521,4.9665
2006/5/5,11.62,5.0997,4.9247
2006/5/8,12,5.1104,4.9499
2006/5/9,11.99,5.1211,4.9583
2006/5/10,11.78,5.1234,4.9836
2006/5/11,12.49,5.151,4.9837
2006/5/12,14.19,5.1938,5.0009
2006/5/15,13.57,5.1533,4.9755
2006/5/16,13.35,5.0947,4.9416
2006/5/17,16.26,5.1431,4.9501
2006/5/18,16.99,5.0605,4.9075
2006/5/19,17.18,5.0584,4.9587
2006/5/22,17.72,5.0383,4.9417
2006/5/23,18.26,5.0123,4.916
2006/5/24,17.36,5.0363,4.9331
2006/5/25,15.5,5.0683,4.9497
2006/5/26,14.26,5.0481,4.9414
2006/5/29,,5.0481,4.9414
2006/5/30,18.66,5.0762,4.9664
2006/5/31,16.44,5.1186,5.033
2006/6/1,14.52,5.0984,5.0164
2006/6/2,14.32,4.9898,4.908
2006/6/5,16.65,5.0177,4.9749
2006/6/6,17.34,4.9997,4.9918
2006/6/7,17.8,5.0177,5.0002
2006/6/8,18.35,4.9936,5.0003
2006/6/9,18.12,4.9714,4.9921
2006/6/12,20.96,4.9774,5.0091
2006/6/13,23.81,4.9613,5.0008
2006/6/14,21.46,5.0617,5.1113
2006/6/15,15.9,5.094,5.1286
2006/6/16,17.25,5.1264,5.155
2006/6/19,17.83,5.1345,5.1725
2006/6/20,16.69,5.1487,5.19
2006/6/21,15.52,5.1528,5.1903
2006/6/22,15.88,5.208,5.2337
2006/6/23,15.89,5.2223,5.261
2006/6/26,15.62,5.2326,5.2441
2006/6/27,16.4,5.1998,5.2358
2006/6/28,15.79,5.2429,5.275
2006/6/29,13.03,5.1936,5.1833
2006/6/30,13.08,5.1364,5.1498
2006/7/3,13.05,5.1486,5.1664
2006/7/4,,5.1486,5.1664
2006/7/5,14.15,5.2204,5.2336
2006/7/6,13.65,5.1793,5.2084
2006/7/7,13.97,5.1261,5.1663
2006/7/10,14.02,5.1241,5.1662
2006/7/11,13.14,5.0996,5.1493
2006/7/12,14.49,5.0976,5.1662
2006/7/13,17.79,5.063,5.1068
2006/7/14,18.05,5.0629,5.0895
2006/7/17,18.64,5.0629,5.1064
2006/7/18,17.74,5.1302,5.1831
2006/7/19,15.55,5.0487,5.0977
2006/7/20,16.21,5.0263,5.0549
2006/7/21,17.4,5.0404,5.0715
2006/7/24,14.98,5.0424,5.08
2006/7/25,14.85,5.0628,5.1142
2006/7/26,14.62,5.0302,5.0625
2006/7/27,14.94,5.0343,5.0416
2006/7/28,14.33,4.9896,4.9751
2006/7/31,14.95,4.9794,4.95
2006/8/1,15.05,4.9753,4.9499
2006/8/2,14.34,4.9632,4.9497
2006/8/3,14.46,4.9591,4.983
2006/8/4,14.34,4.8925,4.8989
2006/8/7,15.23,4.9186,4.9406
2006/8/8,15.23,4.9165,4.8985
2006/8/9,15.2,4.9367,4.9067
2006/8/10,14.46,4.9309,4.9233
2006/8/11,14.3,4.9691,4.965
2006/8/14,14.26,4.9952,5.0072
2006/8/15,13.42,4.9289,4.9394
2006/8/16,12.41,4.859,4.8714
2006/8/17,12.24,4.863,4.8966
2006/8/18,11.64,4.841,4.8705
2006/8/21,12.22,4.8112,4.8532
2006/8/22,12.19,4.8092,4.8614
2006/8/23,12.4,4.8072,4.8612
2006/8/24,12.4,4.7992,4.8695
2006/8/25,12.31,4.7793,4.8516
2006/8/28,12.18,4.7911,4.8685
2006/8/29,12.28,4.7772,4.8511
2006/8/30,12.22,4.7515,4.8087
2006/8/31,12.31,4.7258,4.7754
2006/9/1,11.96,4.7236,4.7579
2006/9/4,,4.7235,4.7576
2006/9/5,12.63,4.7789,4.7908
2006/9/6,13.74,4.7948,4.8075
2006/9/7,13.88,4.7848,4.8073
2006/9/8,13.16,4.7708,4.8068
2006/9/11,12.99,4.8006,4.8235
2006/9/12,11.92,4.7688,4.8149
2006/9/13,11.18,4.7588,4.7895
2006/9/14,11.55,4.7886,4.8315
2006/9/15,11.76,4.7885,4.8566
2006/9/18,11.78,4.8044,4.8735
2006/9/19,11.98,4.7328,4.7969
2006/9/20,11.39,4.7288,4.8137
2006/9/21,12.25,4.636,4.6859
2006/9/22,12.59,4.5888,4.6678
2006/9/25,12.12,4.5418,4.6333
2006/9/26,11.53,4.5828,4.6928
2006/9/27,11.58,4.5984,4.6839
2006/9/28,11.72,4.612,4.658
2006/9/29,11.98,4.6276,4.6829
2006/10/2,12.57,4.6,4.6414
2006/10/3,12.24,4.6137,4.6496
2006/10/4,11.86,4.5587,4.583
2006/10/5,11.98,4.6037,4.6496
2006/10/6,11.56,4.6943,4.7333
2006/10/9,11.68,4.6942,4.7334
2006/10/10,11.52,4.7518,4.8178
2006/10/11,11.62,4.7778,4.8515
2006/10/12,11.09,4.7698,4.8349
2006/10/13,10.75,4.7977,4.861
2006/10/16,11.09,4.7757,4.8442
2006/10/17,11.73,4.7656,4.8359
2006/10/18,11.34,4.7536,4.8362
2006/10/19,10.9,4.7816,4.862
2006/10/20,10.63,4.7855,4.8713
2006/10/23,11.08,4.8277,4.906
2006/10/24,10.78,4.8196,4.9063
2006/10/25,10.66,4.7614,4.8418
2006/10/26,10.56,4.7174,4.8004
2006/10/27,10.8,4.6715,4.7425
2006/10/30,11.2,4.6694,4.7508
2006/10/31,11.1,4.5981,4.6926
2006/11/1,11.51,4.5645,4.6426
2006/11/2,11.42,4.594,4.6671
2006/11/3,11.16,4.715,4.816
2006/11/6,11.16,4.693,4.7992
2006/11/7,11.09,4.6571,4.7655
2006/11/8,10.75,4.6352,4.7486
2006/11/9,11.01,4.6253,4.7399
2006/11/10,10.79,4.5877,4.7308
2006/11/13,10.86,4.6093,4.7642
2006/11/14,10.5,4.5622,4.7387
2006/11/15,10.31,4.6171,4.806
2006/11/16,10.16,4.6644,4.8482
2006/11/17,10.05,4.5993,4.7629
2006/11/20,9.97,4.5973,4.7712
2006/11/21,9.9,4.5698,4.7539
2006/11/22,10.14,4.558,4.7364
2006/11/23,,4.5579,4.7356
2006/11/24,10.73,4.548,4.7268
2006/11/27,12.3,4.5285,4.7182
2006/11/28,11.62,4.5011,4.675
2006/11/29,10.83,4.5206,4.6829
2006/11/30,10.91,4.4581,4.6084
2006/12/1,11.66,4.4327,4.5168
2006/12/4,11.23,4.4229,4.5083
2006/12/5,11.27,4.4403,4.508
2006/12/6,11.33,4.4851,4.5828
2006/12/7,12.67,4.4811,4.5743
2006/12/8,12.07,4.5437,4.6662
2006/12/11,10.71,4.5182,4.6577
2006/12/12,10.65,4.4848,4.6072
2006/12/13,10.18,4.5791,4.6999
2006/12/14,9.97,4.5968,4.7337
2006/12/15,10.05,4.5928,4.717
2006/12/18,10.6,4.5809,4.7085
2006/12/19,10.3,4.5888,4.7086
2006/12/20,10.26,4.5947,4.7086
2006/12/21,10.53,4.5454,4.649
2006/12/22,11.36,4.6185,4.7175
2006/12/25,,4.6184,4.7175
2006/12/26,11.26,4.5986,4.709
2006/12/27,10.64,4.6503,4.7779
2006/12/28,10.99,4.6802,4.7914
2006/12/29,11.56,4.7022,4.808
2007/1/1,,4.7022,4.808
2007/1/2,,4.6802,4.7913
2007/1/3,12.04,4.6582,4.758
2007/1/4,11.51,4.6024,4.6913
2007/1/5,12.14,4.6442,4.7494
2007/1/8,12,4.6522,4.7744
2007/1/9,11.91,4.6542,4.7912
2007/1/10,11.47,4.6843,4.808
2007/1/11,10.87,4.7305,4.8502
2007/1/12,10.15,4.775,4.8758
2007/1/15,,4.775,4.8759
2007/1/16,10.74,4.7467,4.859
2007/1/17,10.59,4.7791,4.9016
2007/1/18,10.85,4.7427,4.8762
2007/1/19,10.4,4.7752,4.9107
2007/1/22,10.77,4.759,4.9023
2007/1/23,10.34,4.8077,4.9368
2007/1/24,9.89,4.8077,4.9283
2007/1/25,11.22,4.8731,4.9663
2007/1/26,11.13,4.8733,4.9663
2007/1/29,11.45,4.8897,4.9747
2007/1/30,10.96,4.8693,4.958
2007/1/31,10.42,4.808,4.9165
2007/2/1,10.31,4.8346,4.9581
2007/2/2,10.08,4.8204,4.9331
2007/2/5,10.55,4.8021,4.9163
2007/2/6,10.65,4.7655,4.8912
2007/2/7,10.32,4.7432,4.866
2007/2/8,10.44,4.7319,4.8743
2007/2/9,11.1,4.7797,4.8993
2007/2/12,11.61,4.8037,4.9246
2007/2/13,10.34,4.8078,4.933
2007/2/14,10.23,4.7359,4.8653
2007/2/15,10.22,4.7061,4.8314
2007/2/16,10.02,4.6882,4.8224
2007/2/19,,4.6882,4.8222
2007/2/20,10.24,4.6743,4.8136
2007/2/21,10.2,4.6902,4.8392
2007/2/22,10.18,4.7279,4.8578
2007/2/23,10.58,4.6703,4.7997
2007/2/26,11.15,4.6248,4.7583
2007/2/27,18.31,4.5109,4.5847
2007/2/28,15.42,4.5657,4.6423
2007/3/1,15.82,4.5499,4.6089
2007/3/2,18.61,4.497,4.5252
2007/3/5,19.63,4.495,4.5165
2007/3/6,15.96,4.5282,4.5743
2007/3/7,15.24,4.4871,4.5241
2007/3/8,14.29,4.5125,4.5571
2007/3/9,14.09,4.5871,4.6651
2007/3/12,13.99,4.5516,4.6313
2007/3/13,18.13,4.4907,4.5051
2007/3/14,17.27,4.5338,4.5551
2007/3/15,16.43,4.5358,4.58
2007/3/16,16.79,4.5435,4.5876
2007/3/19,14.59,4.5632,4.6212
2007/3/20,13.27,4.5494,4.604
2007/3/21,12.19,4.5356,4.5274
2007/3/22,12.93,4.5829,4.578
2007/3/23,12.95,4.6105,4.6028
2007/3/26,13.16,4.6006,4.5769
2007/3/27,13.48,4.5966,4.5595
2007/3/28,14.98,4.6204,4.5677
2007/3/29,15.14,4.6423,4.5827
2007/3/30,14.64,4.6443,4.5744
2007/4/2,14.53,4.6403,4.5828
2007/4/3,13.46,4.6642,4.6161
2007/4/4,13.24,4.6482,4.5912
2007/4/5,13.23,4.6782,4.6249
2007/4/6,,4.7485,4.7342
2007/4/9,13.14,4.7425,4.7344
2007/4/10,12.68,4.7184,4.6923
2007/4/11,13.49,4.7304,4.7178
2007/4/12,12.71,4.7345,4.7265
2007/4/13,12.2,4.7608,4.7611
2007/4/16,11.98,4.7346,4.7359
2007/4/17,12.14,4.6803,4.6682
2007/4/18,12.42,4.6502,4.6344
2007/4/19,12.54,4.6642,4.6345
2007/4/20,12.07,4.6703,4.6434
2007/4/23,13.04,4.6402,4.6179
2007/4/24,13.12,4.6202,4.5924
2007/4/25,13.21,4.6502,4.6267
2007/4/26,12.79,4.6964,4.6655
2007/4/27,12.45,4.6924,4.6489
2007/4/30,14.22,4.6222,4.591
2007/5/1,13.51,4.6362,4.6242
2007/5/2,13.08,4.6422,4.6409
2007/5/3,13.09,4.6723,4.691
2007/5/4,12.91,4.6382,4.6665
2007/5/7,13.15,4.6262,4.6666
2007/5/8,13.21,4.6342,4.6668
2007/5/9,12.88,4.6618,4.7258
2007/5/10,13.6,4.6379,4.6755
2007/5/11,12.95,4.6717,4.7013
2007/5/14,13.96,4.6936,4.7269
2007/5/15,14.01,4.7016,4.7272
2007/5/16,13.5,4.7096,4.7274
2007/5/17,13.51,4.7517,4.7787
2007/5/18,12.76,4.8001,4.8138
2007/5/21,13.3,4.782,4.797
2007/5/22,13.06,4.8245,4.8316
2007/5/23,13.24,4.8468,4.832
2007/5/24,14.08,4.8387,4.8324
2007/5/25,13.34,4.8572,4.8513
2007/5/28,,4.8573,4.8517
2007/5/29,13.53,4.8818,4.8955
2007/5/30,12.83,4.8675,4.875
2007/5/31,13.05,4.8879,4.9081
2007/6/1,12.78,4.9516,4.9665
2007/6/4,13.29,4.9271,4.9581
2007/6/5,13.63,4.9908,5.0001
2007/6/6,14.87,4.9641,4.9498
2007/6/7,17.06,5.13,5.0255
2007/6/8,14.84,5.0991,4.9836
2007/6/11,14.71,5.1514,5.009
2007/6/12,16.67,5.2928,5.0938
2007/6/13,14.73,5.1979,5.0771
2007/6/14,13.64,5.2212,5.0858
2007/6/15,13.94,5.1627,5.0182
2007/6/18,13.42,5.1335,4.9927
2007/6/19,12.85,5.0814,4.9331
2007/6/20,14.67,5.1316,4.9673
2007/6/21,14.21,5.1863,4.9673
2007/6/22,15.75,5.13,4.9074
2007/6/25,16.65,5.08,4.8645
2007/6/26,18.89,5.078,4.8644
2007/6/27,15.53,5.0802,4.8915
2007/6/28,15.54,5.1033,4.9414
2007/6/29,16.23,5.0244,4.8582
2007/7/2,15.4,4.9892,4.8415
2007/7/3,14.92,5.0372,4.8746
2007/7/4,,5.0373,4.8745
2007/7/5,15.48,5.1402,4.9667
2007/7/6,14.72,5.1824,4.9835
2007/7/9,15.16,5.1382,4.9499
2007/7/10,17.57,5.0212,4.8321
2007/7/11,16.64,5.086,4.8909
2007/7/12,15.54,5.1239,4.933
2007/7/13,15.15,5.0928,4.9161
2007/7/16,15.59,5.0385,4.8652
2007/7/17,15.63,5.0491,4.8736
2007/7/18,16,5.0283,4.848
2007/7/19,15.23,5.0159,4.8394
2007/7/20,16.95,4.9497,4.7623
2007/7/23,16.81,4.9477,4.7792
2007/7/24,18.55,4.9085,4.7362
2007/7/25,18.1,4.8983,4.7274
2007/7/26,20.74,4.7854,4.5589
2007/7/27,24.17,4.757,4.4929
2007/7/30,20.87,4.802,4.5837
2007/7/31,23.52,4.7388,4.5174
2007/8/1,23.67,4.7919,4.6
2007/8/2,21.22,4.7654,4.575
2007/8/3,25.16,4.6842,4.4167
2007/8/6,22.94,4.7371,4.5078
2007/8/7,21.56,4.7677,4.5576
2007/8/8,21.45,4.8767,4.6578
2007/8/9,26.48,4.7678,4.4404
2007/8/10,28.3,4.8076,4.4562
2007/8/13,26.57,4.7599,4.414
2007/8/14,27.68,4.7243,4.3634
2007/8/15,30.67,4.7243,4.2875
2007/8/16,30.83,4.6572,4.2116
2007/8/17,29.99,4.6847,4.1846
2007/8/20,26.33,4.6257,4.0831
2007/8/21,25.25,4.5904,4.0236
2007/8/22,22.89,4.6452,4.1826
2007/8/23,22.62,4.6452,4.2496
2007/8/24,20.72,4.6156,4.2904
2007/8/27,22.72,4.5627,4.2049
2007/8/28,26.3,4.5062,4.0684
2007/8/29,23.81,4.5587,4.1611
2007/8/30,25.06,4.5061,4.0904
2007/8/31,23.38,4.5292,4.132
2007/9/3,,4.5291,4.1321
2007/9/4,22.78,4.5466,4.1239
2007/9/5,24.58,4.4669,4.0079
2007/9/6,23.99,4.5076,4.0825
2007/9/7,26.23,4.3816,3.8998
2007/9/10,27.38,4.322,3.8498
2007/9/11,25.27,4.3679,3.941
2007/9/12,24.96,4.4102,3.9576
2007/9/13,24.76,4.4643,4.0243
2007/9/14,24.92,4.4544,4.0327
2007/9/17,26.48,4.466,4.0663
2007/9/18,20.35,4.4717,3.9738
2007/9/19,20.03,4.5458,3.9905
2007/9/20,20.45,4.6957,4.1088
2007/9/21,19,4.6203,4.0327
2007/9/24,19.37,4.6282,4.0412
2007/9/25,18.6,4.6242,3.9902
2007/9/26,17.63,4.6202,3.9816
2007/9/27,17,4.563,3.9425
2007/9/28,18,4.5865,3.9835
2007/10/1,17.84,4.5452,3.9999
2007/10/2,18.49,4.5216,3.9669
2007/10/3,18.8,4.5588,4.0163
2007/10/4,18.44,4.5097,3.9749
2007/10/5,16.91,4.6356,4.0743
2007/10/8,17.46,4.6356,4.0744
2007/10/9,16.12,4.6475,4.1244
2007/10/10,16.67,4.6495,4.1412
2007/10/11,18.88,4.6355,4.1162
2007/10/12,17.73,4.6812,4.2258
2007/10/15,19.25,4.6772,4.2176
2007/10/16,20.02,4.6473,4.1252
2007/10/17,18.54,4.5522,3.9739
2007/10/18,18.5,4.4893,3.9065
2007/10/19,22.96,4.3915,3.7798
2007/10/22,21.64,4.4108,3.8552
2007/10/23,20.41,4.403,3.8128
2007/10/24,20.8,4.3388,3.7366
2007/10/25,21.17,4.3775,3.7641
2007/10/26,19.56,4.4006,3.7723
2007/10/29,19.87,4.3811,3.7969
2007/10/30,21.07,4.379,3.8051
2007/10/31,18.53,4.4708,3.9452
2007/11/1,23.21,4.3458,3.7562
2007/11/2,23.01,4.3165,3.6741
2007/11/5,24.31,4.3338,3.6742
2007/11/6,21.39,4.3726,3.7072
2007/11/7,26.49,4.3084,3.5422
2007/11/8,26.16,4.2829,3.4678
2007/11/9,28.5,4.2133,3.4254
2007/11/12,31.09,4.2133,3.4251
2007/11/13,24.1,4.2635,3.5412
2007/11/14,25.94,4.25,3.4995
2007/11/15,28.06,4.1403,3.3167
2007/11/16,25.49,4.167,3.3403
2007/11/19,26.01,4.0714,3.1486
2007/11/20,24.88,4.0961,3.1978
2007/11/21,26.84,4.0067,2.9969
2007/11/22,,4.0065,2.9942
2007/11/23,25.61,3.9989,3.0776
2007/11/26,28.91,3.8391,2.885
2007/11/27,26.28,3.9477,3.0677
2007/11/28,24.11,4.0347,3.176
2007/11/29,23.97,3.9344,3.0439
2007/11/30,22.87,3.9379,2.9947
2007/12/3,23.61,3.8459,2.8483
2007/12/4,23.79,3.8926,2.8722
2007/12/5,22.53,3.9547,2.9288
2007/12/6,20.96,4.0076,3.0265
2007/12/7,20.85,4.1048,3.1
2007/12/10,20.74,4.1567,3.1659
2007/12/11,23.59,3.9694,2.9189
2007/12/12,22.47,4.0893,3.1328
2007/12/13,22.56,4.2011,3.2322
2007/12/14,23.27,4.234,3.3076
2007/12/17,24.52,4.1449,3.1744
2007/12/18,22.64,4.1179,3.1911
2007/12/19,21.68,4.0278,3.0994
2007/12/20,20.58,4.0507,3.091
2007/12/21,18.47,4.1679,3.1914
2007/12/24,18.6,4.2125,3.2421
2007/12/25,,4.2125,3.2422
2007/12/26,18.66,4.2749,3.3014
2007/12/27,20.26,4.1969,3.2094
2007/12/28,20.74,4.0732,3.1039
2007/12/31,22.5,4.0232,3.0466
2008/1/1,,4.0231,3.0463
2008/1/2,23.17,3.9033,2.876
2008/1/3,22.49,3.8918,2.8107
2008/1/4,23.94,3.8651,2.744
2008/1/7,23.79,3.8311,2.7432
2008/1/8,25.43,3.7822,2.6775
2008/1/9,24.12,3.8215,2.7174
2008/1/10,23.45,3.8837,2.6922
2008/1/11,23.68,3.7835,2.5511
2008/1/14,22.9,3.7647,2.5502
2008/1/15,23.34,3.6751,2.4757
2008/1/16,24.38,3.7345,2.4992
2008/1/17,28.46,3.6211,2.4001
2008/1/18,27.18,3.6297,2.3461
2008/1/21,,3.6296,2.3448
2008/1/22,31.01,3.4332,1.9934
2008/1/23,29.02,3.598,2.1468
2008/1/24,27.78,3.7018,2.3094
2008/1/25,29.08,3.5494,2.1818
2008/1/28,27.78,3.5806,2.1885
2008/1/29,27.32,3.6769,2.2857
2008/1/30,27.62,3.6656,2.1651
2008/1/31,26.2,3.5931,2.0929
2008/2/1,24.02,3.5926,2.0685
2008/2/4,25.99,3.6444,2.0604
2008/2/5,28.24,3.5701,1.9152
2008/2/6,28.97,3.5885,1.923
2008/2/7,27.66,3.7569,2.0439
2008/2/8,28.01,3.6428,1.9218
2008/2/11,27.6,3.6144,1.9053
2008/2/12,26.33,3.6579,1.9131
2008/2/13,24.88,3.7282,1.9128
2008/2/14,25.54,3.8163,1.8881
2008/2/15,25.02,3.7686,1.9113
2008/2/18,,3.7686,1.911
2008/2/19,25.59,3.8959,2.0671
2008/2/20,24.4,3.8902,2.1247
2008/2/21,25.12,3.7706,1.968
2008/2/22,24.06,3.8016,2.0169
2008/2/25,23.03,3.8964,2.108
2008/2/26,21.9,3.8596,2
2008/2/27,22.69,3.8481,1.9915
2008/2/28,23.53,3.6697,1.8162
2008/2/29,26.54,3.5092,1.6158
2008/3/3,26.28,3.5468,1.6313
2008/3/4,25.52,3.6242,1.6547
2008/3/5,24.6,3.668,1.6222
2008/3/6,27.55,3.5826,1.5018
2008/3/7,27.49,3.5317,1.5158
2008/3/10,29.38,3.4549,1.483
2008/3/11,26.36,3.5921,1.7402
2008/3/12,27.22,3.4604,1.6186
2008/3/13,27.29,3.5261,1.6261
2008/3/14,31.16,3.4679,1.4787
2008/3/17,32.24,3.3061,1.3405
2008/3/18,25.79,3.4828,1.5991
2008/3/19,29.84,3.3282,1.4603
2008/3/20,26.62,3.3336,1.5963
2008/3/21,,3.3335,1.5958
2008/3/24,25.73,3.5563,1.8011
2008/3/25,25.72,3.5053,1.7681
2008/3/26,26.08,3.4602,1.6193
2008/3/27,25.88,3.528,1.6862
2008/3/28,25.71,3.4414,1.6463
2008/3/31,25.61,3.4096,1.5824
2008/4/1,22.68,3.5583,1.79
2008/4/2,23.43,3.5963,1.8945
2008/4/3,23.21,3.5773,1.8866
2008/4/4,22.45,3.4657,1.8145
2008/4/7,22.42,3.5356,1.9116
2008/4/8,22.36,3.5564,1.8713
2008/4/9,22.81,3.4807,1.7661
2008/4/10,21.98,3.5394,1.8391
2008/4/11,23.46,3.4694,1.7417
2008/4/14,23.82,3.5109,1.758
2008/4/15,22.78,3.6003,1.8642
2008/4/16,20.53,3.6886,1.9628
2008/4/17,20.37,3.7273,2.1031
2008/4/18,20.13,3.7061,2.1294
2008/4/21,20.5,3.7255,2.1715
2008/4/22,20.87,3.6908,2.1887
2008/4/23,20.26,3.7314,2.1893
2008/4/24,20.06,3.8249,2.3825
2008/4/25,19.59,3.8703,2.4148
2008/4/28,19.64,3.8252,2.3421
2008/4/29,20.24,3.8194,2.3502
2008/4/30,20.79,3.7279,2.2537
2008/5/1,18.88,3.763,2.367
2008/5/2,18.18,3.8551,2.4492
2008/5/5,18.9,3.867,2.417
2008/5/6,18.21,3.9164,2.3848
2008/5/7,19.73,3.8475,2.3036
2008/5/8,19.4,3.7748,2.2143
2008/5/9,19.41,3.7692,2.2391
2008/5/12,17.79,3.7974,2.3048
2008/5/13,17.98,3.9131,2.4695
2008/5/14,17.66,3.9112,2.5112
2008/5/15,16.3,3.8144,2.4208
2008/5/16,16.47,3.8446,2.4386
2008/5/19,17.01,3.8294,2.3892
2008/5/20,17.58,3.7746,2.2983
2008/5/21,18.59,3.8067,2.3982
2008/5/22,18.05,3.9111,2.5237
2008/5/23,19.55,3.8425,2.4252
2008/5/26,,3.8425,2.434
2008/5/27,19.64,3.9188,2.5012
2008/5/28,19.07,4.0033,2.6028
2008/5/29,18.14,4.075,2.6816
2008/5/30,17.83,4.0595,2.6411
2008/6/2,19.83,3.9571,2.5036
2008/6/3,20.24,3.8939,2.3984
2008/6/4,20.8,3.9764,2.4465
2008/6/5,18.63,4.0383,2.4949
2008/6/6,23.56,3.9092,2.3724
2008/6/9,23.12,3.9977,2.7066
2008/6/10,23.18,4.1027,2.9206
2008/6/11,24.12,4.0735,2.8055
2008/6/12,23.33,4.2108,3.0373
2008/6/13,21.22,4.2565,3.0306
2008/6/16,20.95,4.2666,3.0312
2008/6/17,21.13,4.1973,2.89
2008/6/18,22.24,4.1363,2.8487
2008/6/19,21.58,4.2073,2.9324
2008/6/20,22.87,4.1641,2.8917
2008/6/23,22.64,4.1641,2.934
2008/6/24,22.42,4.0818,2.8337
2008/6/25,21.14,4.0994,2.8103
2008/6/26,23.93,4.033,2.657
2008/6/27,23.44,3.9652,2.6248
2008/6/30,23.95,3.969,2.6164
2008/7/1,23.65,4.0021,2.6483
2008/7/2,25.92,3.9575,2.5753
2008/7/3,24.78,3.975,2.525
2008/7/4,,3.975,2.5326
2008/7/7,25.78,3.8995,2.4266
2008/7/8,23.15,3.8822,2.4753
2008/7/9,25.23,3.8112,2.3855
2008/7/10,25.59,3.7959,2.401
2008/7/11,27.49,3.9576,2.5952
2008/7/14,28.48,3.8553,2.4474
2008/7/15,28.54,3.8188,2.365
2008/7/16,25.1,3.9344,2.4216
2008/7/17,25.01,3.9907,2.4867
2008/7/18,24.05,4.0828,2.6337
2008/7/21,23.05,4.0417,2.592
2008/7/22,21.18,4.0987,2.7161
2008/7/23,21.31,4.1165,2.7325
2008/7/24,23.44,3.9968,2.6048
2008/7/25,22.91,4.0969,2.7096
2008/7/28,24.23,4.0008,2.5726
2008/7/29,22.03,4.038,2.6209
2008/7/30,21.21,4.0439,2.6289
2008/7/31,22.94,3.9462,2.5079
2008/8/1,22.57,3.9307,2.4907
2008/8/4,23.49,3.9619,2.5308
2008/8/5,21.14,4.0167,2.5467
2008/8/6,20.23,4.0501,2.5707
2008/8/7,21.15,3.92,2.4243
2008/8/8,20.66,3.9276,2.4963
2008/8/11,20.12,3.9904,2.5367
2008/8/12,21.17,3.8954,2.422
2008/8/13,21.55,3.9314,2.4706
2008/8/14,20.34,3.886,2.4293
2008/8/15,19.58,3.8349,2.3787
2008/8/18,20.98,3.8104,2.3289
2008/8/19,21.28,3.8292,2.2954
2008/8/20,20.42,3.8009,2.2455
2008/8/21,19.82,3.8291,2.3024
2008/8/22,18.81,3.8704,2.3999
2008/8/25,20.97,3.7837,2.3247
2008/8/26,20.49,3.7743,2.3241
2008/8/27,19.76,3.763,2.2737
2008/8/28,19.43,3.7779,2.3588
2008/8/29,20.65,3.8116,2.3669
2008/9/1,,3.8115,2.3669
2008/9/2,21.99,3.7326,2.2539
2008/9/3,21.43,3.699,2.2538
2008/9/4,24.03,3.6227,2.1729
2008/9/5,23.06,3.6986,2.3017
2008/9/8,22.64,3.6743,2.3016
2008/9/9,25.47,3.5668,2.1633
2008/9/10,24.52,3.6295,2.1955
2008/9/11,24.39,3.6425,2.2197
2008/9/12,25.66,3.7187,2.2026
2008/9/15,31.7,3.3868,1.7059
2008/9/16,30.3,3.4357,1.8023
2008/9/17,36.22,3.4137,1.6392
2008/9/18,33.1,3.5437,1.695
2008/9/19,32.07,3.8105,2.1679
2008/9/22,33.85,3.8351,2.1263
2008/9/23,35.72,3.7991,2.0681
2008/9/24,35.19,3.8104,1.9604
2008/9/25,32.82,3.854,2.1605
2008/9/26,34.74,3.852,2.0962
2008/9/29,46.72,3.5776,1.6571
2008/9/30,39.39,3.8234,1.9599
2008/10/1,39.81,3.7382,1.8157
2008/10/2,45.26,3.6276,1.6158
2008/10/3,45.14,3.6031,1.5822
2008/10/6,52.05,3.4532,1.4299
2008/10/7,53.68,3.5028,1.4531
2008/10/8,57.53,3.6401,1.5484
2008/10/9,63.92,3.785,1.5317
2008/10/10,69.95,3.8705,1.6342
2008/10/13,54.99,3.978,1.5774
2008/10/14,55.13,4.0772,1.8122
2008/10/15,69.25,3.9453,1.5521
2008/10/16,67.61,3.9569,1.6164
2008/10/17,70.33,3.9299,1.6148
2008/10/20,52.97,3.8416,1.6959
2008/10/21,53.11,3.7388,1.6137
2008/10/22,69.65,3.594,1.4987
2008/10/23,67.8,3.6745,1.6044
2008/10/24,79.13,3.6856,1.5122
2008/10/27,80.06,3.6874,1.5362
2008/10/28,66.96,3.8336,1.5686
2008/10/29,69.96,3.8546,1.5319
2008/10/30,62.9,3.9645,1.5637
2008/10/31,59.89,3.953,1.548
2008/11/3,53.68,3.9141,1.436
2008/11/4,47.73,3.7247,1.3719
2008/11/5,54.56,3.7019,1.3398
2008/11/6,63.68,3.6886,1.2836
2008/11/7,56.1,3.7929,1.3228
2008/11/10,59.98,3.7432,1.2418
2008/11/11,61.44,3.7432,1.2414
2008/11/12,66.46,3.6466,1.161
2008/11/13,59.83,3.8525,1.233
2008/11/14,66.31,3.7349,1.2076
2008/11/17,69.15,3.6484,1.1748
2008/11/18,67.64,3.5293,1.1257
2008/11/19,74.26,3.3205,1.0604
2008/11/20,80.86,3.0131,0.9788
2008/11/21,72.67,3.1974,1.0986
2008/11/24,64.7,3.3236,1.2043
2008/11/25,60.9,3.1078,1.1785
2008/11/26,54.92,2.9784,1.0914
2008/11/27,,2.9778,1.0914
2008/11/28,55.84,2.92,0.9807
2008/12/1,68.51,2.7309,0.9014
2008/12/2,62.98,2.6724,0.8851
2008/12/3,60.72,2.6585,0.8846
2008/12/4,63.64,2.5513,0.8129
2008/12/5,59.93,2.7037,0.9224
2008/12/8,58.49,2.7378,0.9379
2008/12/9,58.91,2.6399,0.8418
2008/12/10,55.73,2.6824,0.8492
2008/12/11,55.78,2.6019,0.7768
2008/12/12,54.28,2.5705,0.7588
2008/12/15,56.76,2.5127,0.7341
2008/12/16,52.37,2.2558,0.6453
2008/12/17,49.84,2.1915,0.7407
2008/12/18,47.34,2.0788,0.6757
2008/12/19,44.93,2.1231,0.7378
2008/12/22,44.56,2.17,0.8181
2008/12/23,45.02,2.1729,0.9145
2008/12/24,44.21,2.182,0.9066
2008/12/25,,2.1809,0.9066
2008/12/26,43.38,2.1318,0.8829
2008/12/29,43.9,2.0989,0.7725
2008/12/30,41.63,2.053,0.7252
2008/12/31,40,2.2123,0.7643
2009/1/1,,2.2123,0.7638
2009/1/2,39.19,2.3688,0.8194
2009/1/5,39.08,2.4812,0.7636
2009/1/6,38.56,2.4454,0.7635
2009/1/7,43.39,2.4942,0.8111
2009/1/8,42.56,2.4398,0.827
2009/1/9,42.82,2.39,0.7467
2009/1/12,45.84,2.3044,0.7385
2009/1/13,43.27,2.2924,0.7383
2009/1/14,49.14,2.1993,0.706
2009/1/15,51,2.2055,0.7138
2009/1/16,46.11,2.3188,0.721
2009/1/19,,2.3184,0.7207
2009/1/20,56.65,2.3771,0.7045
2009/1/21,46.42,2.536,0.7692
2009/1/22,47.29,2.5922,0.7203
2009/1/23,47.27,2.6172,0.8095
2009/1/26,45.69,2.6411,0.8258
2009/1/27,42.25,2.5274,0.8011
2009/1/28,39.66,2.6665,0.8988
2009/1/29,42.63,2.8586,0.9543
2009/1/30,44.84,2.8403,0.9463
2009/2/2,45.52,2.7226,0.8909
2009/2/3,43.06,2.884,0.9624
2009/2/4,43.85,2.9353,0.9785
2009/2/5,43.73,2.912,0.9627
2009/2/6,43.37,2.9917,0.9951
2009/2/9,43.64,2.9844,1.0113
2009/2/10,46.67,2.8136,0.891
2009/2/11,44.53,2.7537,0.9151
2009/2/12,41.25,2.7824,0.9071
2009/2/13,42.93,2.8894,0.964
2009/2/16,,2.8895,0.956
2009/2/17,48.66,2.6479,0.8588
2009/2/18,48.46,2.7554,0.948
2009/2/19,47.08,2.8531,0.9806
2009/2/20,49.3,2.7879,0.9402
2009/2/23,52.62,2.7536,0.9321
2009/2/24,45.49,2.7951,0.9732
2009/2/25,44.67,2.9263,1.0735
2009/2/26,44.66,2.9908,1.0814
2009/2/27,46.35,3.0131,0.9701
2009/3/2,52.65,2.8624,0.8671
2009/3/3,50.93,2.8771,0.875
2009/3/4,47.56,2.9745,0.9387
2009/3/5,50.17,2.8115,0.8829
2009/3/6,49.33,2.8717,0.947
2009/3/9,49.68,2.8589,0.9551
2009/3/10,44.37,3.0044,1.0276
2009/3/11,43.61,2.9048,1.0117
2009/3/12,41.18,2.8535,1.0038
2009/3/13,42.36,2.8902,0.9558
2009/3/16,43.74,2.9529,0.9964
2009/3/17,40.8,3.0066,1.029
2009/3/18,40.06,2.533,0.8102
2009/3/19,43.68,2.6023,0.8587
2009/3/20,45.89,2.6344,0.8668
2009/3/23,43.23,2.6523,0.8913
2009/3/24,42.93,2.701,0.9076
2009/3/25,42.25,2.7844,0.9541
2009/3/26,40.36,2.7389,0.9066
2009/3/27,41.04,2.7571,0.9066
2009/3/30,45.54,2.7117,0.8434
2009/3/31,44.14,2.6629,0.796
2009/4/1,42.28,2.6539,0.8038
2009/4/2,42.04,2.7662,0.8829
2009/4/3,39.7,2.8853,0.9467
2009/4/6,40.93,2.9223,0.9388
2009/4/7,40.39,2.8965,0.9069
2009/4/8,38.85,2.8559,0.923
2009/4/9,36.53,2.9207,0.9474
2009/4/10,,2.9226,0.9475
2009/4/13,37.81,2.8579,0.8669
2009/4/14,37.67,2.7845,0.8427
2009/4/15,36.17,2.7644,0.8508
2009/4/16,35.79,2.8303,0.8992
2009/4/17,33.94,2.9451,0.9643
2009/4/20,39.18,2.8359,0.9075
2009/4/21,37.14,2.8969,0.932
2009/4/22,38.1,2.9397,0.9565
2009/4/23,37.15,2.9193,0.924
2009/4/24,36.82,2.9903,0.957
2009/4/27,38.32,2.9083,0.8749
2009/4/28,37.95,3.0073,0.9461
2009/4/29,36.08,3.1073,0.9541
2009/4/30,36.5,3.1187,0.8987
2009/5/1,35.3,3.1533,0.9068
2009/5/4,34.53,3.1514,0.9387
2009/5/5,33.36,3.1592,0.9627
2009/5/6,32.45,3.1612,0.9628
2009/5/7,33.44,3.3341,0.9949
2009/5/8,32.05,3.2856,0.9793
2009/5/11,32.87,3.1654,0.891
2009/5/12,31.8,3.1727,0.883
2009/5/13,33.65,3.1195,0.8669
2009/5/14,31.37,3.0884,0.8427
2009/5/15,33.12,3.1341,0.8507
2009/5/18,30.24,3.23,0.9074
2009/5/19,28.8,3.243,0.8831
2009/5/20,29.03,3.1912,0.8343
2009/5/21,31.35,3.3644,0.8587
2009/5/22,32.63,3.4495,0.8831
2009/5/25,,3.4496,0.8831
2009/5/26,30.62,3.5467,0.9159
2009/5/27,32.36,3.7381,0.9779
2009/5/28,31.67,3.6122,0.9621
2009/5/29,28.92,3.4594,0.9146
2009/6/1,30.04,3.6726,0.9463
2009/6/2,29.63,3.6127,0.9464
2009/6/3,31.02,3.5398,0.9068
2009/6/4,30.18,3.7099,0.9546
2009/6/5,29.62,3.8279,1.2923
2009/6/8,29.77,3.8736,1.398
2009/6/9,28.27,3.8559,1.3015
2009/6/10,28.46,3.9455,1.3508
2009/6/11,28.11,3.8543,1.3189
2009/6/12,28.15,3.7916,1.2638
2009/6/15,30.81,3.7113,1.2236
2009/6/16,32.68,3.6588,1.1833
2009/6/17,31.54,3.6882,1.1593
2009/6/18,30.03,3.8277,1.2495
2009/6/19,27.99,3.7808,1.2018
2009/6/22,31.17,3.681,1.1284
2009/6/23,30.58,3.6208,1.0959
2009/6/24,29.05,3.6851,1.1964
2009/6/25,26.36,3.5398,1.125
2009/6/26,25.93,3.5363,1.1092
2009/6/29,25.35,3.4768,1.0933
2009/6/30,26.35,3.5326,1.1091
2009/7/1,26.22,3.5365,1.0377
2009/7/2,27.95,3.4946,0.9815
2009/7/3,,3.4985,0.9813
2009/7/6,29,3.5063,0.9412
2009/7/7,30.85,3.4544,0.9651
2009/7/8,31.3,3.3081,0.909
2009/7/9,29.78,3.403,0.9247
2009/7/10,29.02,3.3026,0.8998
2009/7/13,26.31,3.35,0.8995
2009/7/14,25.02,3.4703,0.9394
2009/7/15,25.89,3.6038,1.0117
2009/7/16,25.42,3.5689,0.9793
2009/7/17,24.34,3.6433,0.9868
2009/7/20,24.4,3.6063,0.9703
2009/7/21,23.87,3.4824,0.9213
2009/7/22,23.47,3.5443,0.9373
2009/7/23,23.43,3.6555,1.0105
2009/7/24,23.09,3.6578,0.9936
2009/7/27,24.28,3.7189,1.0344
2009/7/28,25.01,3.6856,1.0755
2009/7/29,25.61,3.6582,1.1585
2009/7/30,25.4,3.6074,1.1665
2009/7/31,25.92,3.4796,1.1113
2009/8/3,25.56,3.6333,1.1833
2009/8/4,24.89,3.6845,1.1996
2009/8/5,24.9,3.7459,1.2079
2009/8/6,25.67,3.7501,1.2001
2009/8/7,24.76,3.8502,1.2977
2009/8/10,24.99,3.7765,1.2335
2009/8/11,25.99,3.6677,1.1691
2009/8/12,25.45,3.7172,1.1532
2009/8/13,24.71,3.595,1.0887
2009/8/14,24.27,3.5688,1.0485
2009/8/17,27.89,3.4684,1.008
2009/8/18,26.18,3.5092,1.0243
2009/8/19,26.26,3.4517,0.9837
2009/8/20,25.09,3.4313,0.9837
2009/8/21,25.01,3.5649,1.0899
2009/8/24,25.14,3.4755,1.0163
2009/8/25,24.92,3.4348,1.0081
2009/8/26,24.95,3.4329,1.0475
2009/8/27,24.68,3.4531,1.0396
2009/8/28,24.76,3.4456,1.0158
2009/8/31,26.01,3.3975,0.9683
2009/9/1,29.15,3.3625,0.9049
2009/9/2,28.9,3.3056,0.8969
2009/9/3,27.1,3.344,0.9126
2009/9/4,25.26,3.4378,0.9281
2009/9/7,,3.4415,0.928
2009/9/8,25.62,3.4823,0.936
2009/9/9,24.32,3.4711,0.9198
2009/9/10,23.55,3.3472,0.8797
2009/9/11,24.15,3.347,0.9033
2009/9/14,23.86,3.4208,0.9193
2009/9/15,23.42,3.4541,0.9353
2009/9/16,23.69,3.469,0.9838
2009/9/17,23.65,3.3836,0.9351
2009/9/18,23.92,3.4632,0.9918
2009/9/21,24.06,3.4799,0.9836
2009/9/22,23.08,3.4445,0.951
2009/9/23,23.49,3.4184,0.9605
2009/9/24,24.95,3.3813,0.9368
2009/9/25,25.61,3.3184,0.9842
2009/9/28,24.88,3.2797,0.9684
2009/9/29,25.19,3.2906,0.9921
2009/9/30,25.61,3.3053,0.9446
2009/10/1,28.27,3.179,0.8654
2009/10/2,28.68,3.2188,0.8648
2009/10/5,26.84,3.2205,0.8726
2009/10/6,25.7,3.2552,0.9043
2009/10/7,24.68,3.182,0.8563
2009/10/8,24.18,3.2477,0.88
2009/10/9,23.12,3.3802,0.9597
2009/10/12,23.01,3.3783,0.9597
2009/10/13,22.99,3.3468,0.9033
2009/10/14,22.86,3.4136,0.9112
2009/10/15,21.72,3.4565,0.9434
2009/10/16,21.43,3.4115,0.9513
2009/10/19,21.49,3.3891,0.9593
2009/10/20,20.9,3.3407,0.9186
2009/10/21,22.22,3.3853,0.951
2009/10/22,20.69,3.4132,0.9347
2009/10/23,22.27,3.49,0.9999
2009/10/26,24.31,3.5542,1.0246
2009/10/27,24.83,3.4448,0.926
2009/10/28,27.91,3.4148,0.9366
2009/10/29,24.76,3.4974,0.9762
2009/10/30,30.69,3.3828,0.8891
2009/11/2,29.78,3.4145,0.9127
2009/11/3,28.81,3.4652,0.9126
2009/11/4,27.72,3.5237,0.8966
2009/11/5,25.43,3.5236,0.8726
2009/11/6,24.19,3.4971,0.8401
2009/11/9,23.15,3.4857,0.8479
2009/11/10,22.84,3.4724,0.8234
2009/11/11,23.04,3.4831,0.8232
2009/11/12,24.24,3.4438,0.8071
2009/11/13,23.36,3.4177,0.8063
2009/11/16,22.89,3.3343,0.7658
2009/11/17,22.41,3.3232,0.7574
2009/11/18,21.63,3.3638,0.7409
2009/11/19,22.63,3.3361,0.7001
2009/11/20,22.19,3.3656,0.7232
2009/11/23,21.16,3.3489,0.7228
2009/11/24,20.47,3.3027,0.7263
2009/11/25,20.48,3.2695,0.7421
2009/11/26,,3.2694,0.7421
2009/11/27,24.85,3.2051,0.6791
2009/11/30,24.51,3.1978,0.6632
2009/12/1,21.92,3.2822,0.671
2009/12/2,21.12,3.3099,0.7183
2009/12/3,22.46,3.3842,0.7183
2009/12/4,21.25,3.4722,0.8297
2009/12/7,22.1,3.429,0.758
2009/12/8,23.69,3.3804,0.7181
2009/12/9,22.66,3.4328,0.742
2009/12/10,22.32,3.4967,0.766
2009/12/11,21.59,3.5498,0.7982
2009/12/14,21.15,3.548,0.8467
2009/12/15,21.49,3.5861,0.8468
2009/12/16,20.54,3.5975,0.8308
2009/12/17,22.51,3.478,0.75
2009/12/18,21.68,3.5368,0.7906
2009/12/21,20.49,3.6745,0.8558
2009/12/22,19.54,3.7538,0.9049
2009/12/23,19.71,3.7481,0.9215
2009/12/24,19.47,3.8029,0.9637
2009/12/25,,3.803,0.964
2009/12/28,19.93,3.8402,1.0387
2009/12/29,20.01,3.7972,1.0792
2009/12/30,19.96,3.7856,1.0792
2009/12/31,21.68,3.8368,1.1354
2010/1/1,,3.835,1.1356
2010/1/4,20.04,3.8155,1.0638
2010/1/5,19.35,3.7608,1.008
2010/1/6,19.16,3.8215,0.992
2010/1/7,19.06,3.8235,1.024
2010/1/8,18.13,3.8297,0.9759
2010/1/11,17.55,3.818,0.9357
2010/1/12,18.25,3.7108,0.9034
2010/1/13,17.85,3.7908,0.9597
2010/1/14,17.63,3.7382,0.9193
2010/1/15,17.91,3.6744,0.8621
2010/1/18,,3.6745,0.8619
2010/1/19,17.58,3.6919,0.8862
2010/1/20,18.68,3.6474,0.8698
2010/1/21,22.27,3.5858,0.829
2010/1/22,27.31,3.6071,0.7875
2010/1/25,25.41,3.6265,0.8117
2010/1/26,24.55,3.6188,0.8033
2010/1/27,23.14,3.6479,0.9146
2010/1/28,23.73,3.6344,0.8592
2010/1/29,24.62,3.5844,0.8118
2010/2/1,22.59,3.6501,0.8512
2010/2/2,21.48,3.6405,0.8512
2010/2/3,21.6,3.7047,0.875
2010/2/4,26.08,3.6058,0.8035
2010/2/5,26.11,3.5654,0.7633
2010/2/8,26.51,3.5597,0.7632
2010/2/9,26,3.6448,0.827
2010/2/10,25.4,3.6897,0.875
2010/2/11,23.96,3.7155,0.8669
2010/2/12,22.73,3.6928,0.8265
2010/2/15,,3.6909,0.8265
2010/2/16,22.25,3.6569,0.8022
2010/2/17,21.72,3.7307,0.8426
2010/2/18,20.63,3.8012,0.9236
2010/2/19,20.02,3.7726,0.9157
2010/2/22,19.94,3.7955,0.8831
2010/2/23,21.37,3.6834,0.826
2010/2/24,20.27,3.6909,0.8592
2010/2/25,20.1,3.6324,0.8197
2010/2/26,19.5,3.6117,0.8118
2010/3/1,19.26,3.6079,0.7959
2010/3/2,19.06,3.6041,0.7879
2010/3/3,18.83,3.6173,0.8036
2010/3/4,18.72,3.6022,0.8511
2010/3/5,17.42,3.6796,0.891
2010/3/8,17.79,3.7157,0.891
2010/3/9,17.92,3.7005,0.867
2010/3/10,18.57,3.7215,0.899
2010/3/11,18.06,3.7272,0.9473
2010/3/12,17.58,3.7006,0.9476
2010/3/15,18,3.6949,0.9396
2010/3/16,17.69,3.6493,0.9073
2010/3/17,16.91,3.6361,0.9154
2010/3/18,16.62,3.6759,0.9561
2010/3/19,16.97,3.6892,0.989
2010/3/22,16.87,3.6588,0.9647
2010/3/23,16.35,3.6854,0.973
2010/3/24,17.55,3.8524,1.0871
2010/3/25,18.4,3.8777,1.0792
2010/3/26,17.77,3.8468,1.0396
2010/3/29,17.59,3.8643,1.0396
2010/3/30,17.13,3.8566,1.0554
2010/3/31,17.59,3.8257,1.0158
2010/4/1,17.47,3.8685,1.0558
2010/4/2,,3.9446,1.1038
2010/4/5,17.02,3.9859,1.168
2010/4/6,16.23,3.9505,1.136
2010/4/7,16.62,3.8531,1.048
2010/4/8,16.48,3.8901,1.0641
2010/4/9,16.14,3.8825,1.0563
2010/4/12,15.58,3.8417,1.0322
2010/4/13,16.2,3.8204,1.0484
2010/4/14,15.59,3.8593,1.0484
2010/4/15,15.89,3.8321,1.008
2010/4/16,18.36,3.7626,0.9513
2010/4/19,17.34,3.7974,0.9756
2010/4/20,15.73,3.7993,1.0081
2010/4/21,16.32,3.7356,0.9918
2010/4/22,16.47,3.7723,1.0244
2010/4/23,16.62,3.8092,1.0656
2010/4/26,17.47,3.8054,1.0492
2010/4/27,22.81,3.6877,0.9506
2010/4/28,21.08,3.7628,1.0237
2010/4/29,18.44,3.7243,1
2010/4/30,22.05,3.6532,0.9603
2010/5/3,20.19,3.682,0.992
2010/5/4,23.84,3.5902,0.9363
2010/5/5,24.91,3.5388,0.8567
2010/5/6,32.8,3.3938,0.7849
2010/5/7,40.95,3.4255,0.808
2010/5/10,28.84,3.5406,0.8637
2010/5/11,28.32,3.5235,0.8315
2010/5/12,25.52,3.571,0.8633
2010/5/13,26.68,3.5261,0.823
2010/5/14,31.24,3.4534,0.782
2010/5/17,30.84,3.4869,0.7978
2010/5/18,33.55,3.3462,0.7249
2010/5/19,35.32,3.3682,0.773
2010/5/20,45.79,3.2126,0.7079
2010/5/21,40.1,3.2379,0.7636
2010/5/24,38.32,3.1942,0.7226
2010/5/25,34.61,3.1578,0.7548
2010/5/26,35.02,3.1886,0.8132
2010/5/27,29.68,3.3605,0.8765
2010/5/28,32.07,3.2922,0.7658
2010/5/31,,3.2848,0.7658
2010/6/1,35.54,3.2591,0.7658
2010/6/2,30.17,3.34,0.8055
2010/6/3,29.46,3.3639,0.8135
2010/6/4,35.48,3.2023,0.7261
2010/6/7,36.57,3.1422,0.7101
2010/6/8,33.7,3.1857,0.742
2010/6/9,33.73,3.1729,0.718
2010/6/10,30.57,3.3193,0.782
2010/6/11,28.79,3.2346,0.7259
2010/6/14,28.58,3.2529,0.7258
2010/6/15,25.87,3.3025,0.75
2010/6/16,25.92,3.2601,0.7258
2010/6/17,25.05,3.1887,0.7015
2010/6/18,23.95,3.2195,0.7094
2010/6/21,24.88,3.2414,0.7093
2010/6/22,27.05,3.1664,0.6768
2010/6/23,26.91,3.119,0.6723
2010/6/24,29.74,3.1371,0.6802
2010/6/25,28.53,3.1078,0.6486
2010/6/28,29,3.021,0.625
2010/6/29,34.13,2.9491,0.5935
2010/6/30,34.54,2.9311,0.6014
2010/7/1,32.86,2.947,0.625
2010/7/2,30.12,2.977,0.625
2010/7/5,,2.9733,0.625
2010/7/6,29.65,2.9302,0.6091
2010/7/7,26.84,2.9803,0.625
2010/7/8,25.71,3.0306,0.617
2010/7/9,24.98,3.052,0.625
2010/7/12,24.43,3.0628,0.649
2010/7/13,24.56,3.1208,0.6651
2010/7/14,24.89,3.0426,0.6009
2010/7/15,25.14,2.9937,0.6008
2010/7/16,26.25,2.9215,0.5846
2010/7/19,25.97,2.9537,0.5845
2010/7/20,23.93,2.9481,0.5764
2010/7/21,25.64,2.8782,0.552
2010/7/22,24.63,2.9353,0.56
2010/7/23,23.47,2.9943,0.5842
2010/7/26,22.73,2.9924,0.5841
2010/7/27,23.19,3.0485,0.6332
2010/7/28,24.25,2.985,0.6092
2010/7/29,24.13,2.9794,0.5777
2010/7/30,23.5,2.9052,0.5461
2010/8/2,22.01,2.9609,0.5539
2010/8/3,22.63,2.9085,0.5301
2010/8/4,22.21,2.9498,0.5616
2010/8/5,22.1,2.9011,0.5299
2010/8/6,21.74,2.8166,0.5056
2010/8/9,22.14,2.8289,0.5293
2010/8/10,22.37,2.7593,0.5212
2010/8/11,25.39,2.6814,0.5131
2010/8/12,25.73,2.7455,0.5369
2010/8/13,26.24,2.6716,0.5285
2010/8/16,26.1,2.5626,0.4802
2010/8/17,24.33,2.6321,0.4961
2010/8/18,24.59,2.6321,0.4959
2010/8/19,26.44,2.575,0.4796
2010/8/20,25.49,2.6106,0.4871
2010/8/23,25.66,2.5981,0.4788
2010/8/24,27.46,2.488,0.4623
2010/8/25,26.7,2.534,0.5165
2010/8/26,27.37,2.4755,0.5165
2010/8/27,24.45,2.6447,0.5481
2010/8/30,27.21,2.5285,0.4929
2010/8/31,26.05,2.4683,0.4694
2010/9/1,23.89,2.573,0.5011
2010/9/2,23.19,2.6231,0.4934
2010/9/3,21.31,2.697,0.51
2010/9/6,,2.7025,0.5101
2010/9/7,23.8,2.5944,0.4784
2010/9/8,23.25,2.6555,0.5103
2010/9/9,22.81,2.7588,0.5665
2010/9/10,21.99,2.7917,0.5673
2010/9/13,21.21,2.748,0.5273
2010/9/14,21.56,2.679,0.4954
2010/9/15,22.1,2.7207,0.4795
2010/9/16,21.72,2.7608,0.4716
2010/9/17,22.01,2.7372,0.4639
2010/9/20,21.5,2.7026,0.4559
2010/9/21,22.35,2.5727,0.4155
2010/9/22,22.51,2.5583,0.4318
2010/9/23,23.87,2.5511,0.4156
2010/9/24,21.71,2.605,0.4403
2010/9/27,22.54,2.5242,0.4158
2010/9/28,22.6,2.4653,0.43
2010/9/29,23.25,2.5027,0.43
2010/9/30,23.7,2.5098,0.4222
2010/10/1,22.5,2.5097,0.4145
2010/10/4,23.53,2.4758,0.4066
2010/10/5,21.76,2.4722,0.3987
2010/10/6,21.49,2.3976,0.3829
2010/10/7,21.56,2.3834,0.3512
2010/10/8,20.71,2.392,0.3431
2010/10/11,18.96,2.3919,0.343
2010/10/12,18.93,2.4309,0.367
2010/10/13,19.07,2.422,0.359
2010/10/14,19.88,2.5076,0.375
2010/10/15,19.03,2.5597,0.3589
2010/10/18,19.09,2.5075,0.3589
2010/10/19,20.63,2.4752,0.3589
2010/10/20,19.79,2.4788,0.3427
2010/10/21,19.27,2.5452,0.3507
2010/10/22,18.78,2.5541,0.3506
2010/10/25,19.85,2.5613,0.3587
2010/10/26,20.22,2.6393,0.3913
2010/10/27,20.71,2.7198,0.4143
2010/10/28,20.88,2.6576,0.3593
2010/10/29,21.2,2.5993,0.3357
2010/11/1,21.83,2.6229,0.3435
2010/11/2,21.57,2.5866,0.3435
2010/11/3,19.56,2.5702,0.3277
2010/11/4,18.52,2.489,0.3276
2010/11/5,18.26,2.5304,0.3671
2010/11/8,18.29,2.5502,0.3988
2010/11/9,19.08,2.6558,0.4387
2010/11/10,18.47,2.6286,0.4229
2010/11/11,18.64,2.6447,0.4231
2010/11/12,20.61,2.7871,0.5036
2010/11/15,20.2,2.9593,0.5358
2010/11/16,22.58,2.84,0.4957
2010/11/17,21.76,2.8766,0.4798
2010/11/18,18.75,2.895,0.4961
2010/11/19,18.04,2.8713,0.5047
2010/11/22,18.37,2.8019,0.4642
2010/11/23,20.63,2.7729,0.4529
2010/11/24,19.56,2.912,0.5315
2010/11/25,,2.9085,0.5315
2010/11/26,22.22,2.8663,0.5079
2010/11/29,21.53,2.8205,0.5079
2010/11/30,23.54,2.7968,0.4528
2010/12/1,21.36,2.9642,0.5315
2010/12/2,19.39,2.9885,0.5395
2010/12/3,18.01,3.0055,0.4683
2010/12/6,18.02,2.9201,0.4207
2010/12/7,17.99,3.1257,0.5318
2010/12/8,17.74,3.2723,0.6275
2010/12/9,17.25,3.2037,0.6197
2010/12/10,17.61,3.319,0.6363
2010/12/13,17.55,3.275,0.5802
2010/12/14,17.61,3.4727,0.6528
2010/12/15,17.94,3.5318,0.6691
2010/12/16,17.39,3.4224,0.637
2010/12/17,16.11,3.3279,0.6052
2010/12/20,16.41,3.3358,0.5972
2010/12/21,16.49,3.3031,0.6055
2010/12/22,15.45,3.3458,0.63
2010/12/23,16.47,3.3892,0.6554
2010/12/24,,3.3933,0.6474
2010/12/27,17.67,3.3294,0.6394
2010/12/28,17.52,3.4795,0.7433
2010/12/29,17.28,3.3489,0.6329
2010/12/30,17.52,3.3646,0.6408
2010/12/31,17.75,3.2935,0.5934
2011/1/3,17.61,3.3324,0.5933
2011/1/4,17.38,3.3287,0.6171
2011/1/5,17.02,3.4654,0.7045
2011/1/6,17.4,3.3932,0.6648
2011/1/7,17.14,3.3237,0.5931
2011/1/10,17.54,3.2832,0.5691
2011/1/11,16.89,3.3396,0.585
2011/1/12,16.24,3.365,0.6009
2011/1/13,16.39,3.2972,0.5768
2011/1/14,15.46,3.3231,0.5685
2011/1/17,,3.3291,0.5765
2011/1/18,15.87,3.3663,0.5845
2011/1/19,17.31,3.339,0.5683
2011/1/20,17.99,3.4488,0.625
2011/1/21,18.47,3.4042,0.6087
2011/1/24,17.65,3.4044,0.625
2011/1/25,17.59,3.3284,0.576
2011/1/26,16.64,3.4146,0.625
2011/1/27,16.15,3.3873,0.5778
2011/1/28,20.04,3.3214,0.5385
2011/1/31,19.53,3.3704,0.562
2011/2/1,17.63,3.4394,0.6013
2011/2/2,17.3,3.4771,0.6566
2011/2/3,16.69,3.5488,0.7042
2011/2/4,15.93,3.6356,0.7444
2011/2/7,16.28,3.6299,0.7606
2011/2/8,15.81,3.7373,0.8488
2011/2/9,15.87,3.6465,0.793
2011/2/10,16.09,3.6928,0.8334
2011/2/11,15.69,3.6288,0.8342
2011/2/14,15.95,3.6194,0.8426
2011/2/15,16.37,3.6044,0.8186
2011/2/16,16.72,3.6193,0.827
2011/2/17,16.59,3.5725,0.7624
2011/2/18,16.43,3.5799,0.7469
2011/2/21,,3.5874,0.7553
2011/2/22,20.8,3.4533,0.6902
2011/2/23,22.13,3.4848,0.7433
2011/2/24,21.32,3.4477,0.7354
2011/2/25,19.22,3.4125,0.7117
2011/2/28,18.35,3.4272,0.6802
2011/3/1,21.01,3.3921,0.6408
2011/3/2,20.7,3.4697,0.6883
2011/3/3,18.6,3.5554,0.7598
2011/3/4,19.06,3.49,0.6807
2011/3/7,20.66,3.5123,0.6967
2011/3/8,19.82,3.5477,0.7207
2011/3/9,20.22,3.4675,0.6889
2011/3/10,21.88,3.3584,0.633
2011/3/11,20.08,3.4025,0.641
2011/3/14,21.13,3.3563,0.5928
2011/3/15,24.32,3.303,0.6008
2011/3/16,29.4,3.17,0.5445
2011/3/17,26.37,3.255,0.5845
2011/3/18,24.44,3.2678,0.5845
2011/3/21,20.61,3.3282,0.6331
2011/3/22,20.21,3.3263,0.6494
2011/3/23,19.17,3.3501,0.6575
2011/3/24,18,3.4037,0.6902
2011/3/25,17.91,3.4388,0.7315
2011/3/28,19.44,3.4313,0.7481
2011/3/29,18.16,3.4872,0.8131
2011/3/30,17.71,3.4349,0.7816
2011/3/31,17.74,3.4703,0.8211
2011/4/1,17.4,3.4422,0.7976
2011/4/4,17.5,3.4179,0.7579
2011/4/5,17.25,3.4795,0.8136
2011/4/6,16.9,3.5452,0.8297
2011/4/7,17.11,3.5451,0.7819
2011/4/8,17.87,3.5772,0.8061
2011/4/11,16.59,3.5847,0.8222
2011/4/12,17.09,3.4904,0.742
2011/4/13,16.92,3.4585,0.7259
2011/4/14,16.27,3.4979,0.7661
2011/4/15,15.32,3.4079,0.6934
2011/4/18,16.96,3.3743,0.661
2011/4/19,15.83,3.3631,0.6447
2011/4/20,15.07,3.4077,0.6608
2011/4/21,14.69,3.3963,0.6603
2011/4/22,,3.3907,0.652
2011/4/25,15.77,3.3627,0.6355
2011/4/26,15.62,3.307,0.6029
2011/4/27,15.35,3.3552,0.6408
2011/4/28,14.62,3.3106,0.6171
2011/4/29,14.75,3.2863,0.6013
2011/5/2,15.99,3.2788,0.6013
2011/5/3,16.7,3.2473,0.6013
2011/5/4,17.08,3.2159,0.5854
2011/5/5,18.2,3.1499,0.5734
2011/5/6,18.4,3.1459,0.5493
2011/5/9,17.16,3.1604,0.5453
2011/5/10,15.91,3.2135,0.585
2011/5/11,16.95,3.1593,0.545
2011/5/12,16.03,3.2225,0.5509
2011/5/13,17.07,3.1709,0.5325
2011/5/16,18.24,3.147,0.5204
2011/5/17,17.55,3.1158,0.5202
2011/5/18,16.23,3.1801,0.5523
2011/5/19,15.52,3.1709,0.524
2011/5/20,17.43,3.1451,0.5114
2011/5/23,18.27,3.1286,0.5234
2011/5/24,17.82,3.1139,0.5029
2011/5/25,17.07,3.1304,0.5354
2011/5/26,16.09,3.0572,0.4843
2011/5/27,15.98,3.0735,0.4764
2011/5/30,,3.0735,0.4764
2011/5/31,15.45,3.0607,0.4685
2011/6/1,18.3,2.9408,0.4331
2011/6/2,18.09,3.0297,0.4566
2011/6/3,17.95,2.9859,0.4248
2011/6/6,18.49,2.995,0.4207
2011/6/7,18.07,2.9949,0.4047
2011/6/8,18.79,2.9387,0.3808
2011/6/9,17.77,2.9967,0.4164
2011/6/10,18.86,2.9693,0.3981
2011/6/13,19.61,2.9838,0.3919
2011/6/14,18.26,3.0972,0.4398
2011/6/15,21.32,2.9692,0.3756
2011/6/16,22.73,2.9274,0.3795
2011/6/17,21.85,2.9445,0.3749
2011/6/20,19.99,2.958,0.3707
2011/6/21,18.86,2.9835,0.3665
2011/6/22,18.52,2.9825,0.3703
2011/6/23,19.29,2.9116,0.3418
2011/6/24,21.1,2.8636,0.329
2011/6/27,20.56,2.9305,0.3939
2011/6/28,19.17,3.0308,0.4732
2011/6/29,17.27,3.1118,0.4614
2011/6/30,16.52,3.16,0.4576
2011/7/1,15.87,3.1823,0.4719
2011/7/4,,3.1823,0.4719
2011/7/5,16.06,3.121,0.4265
2011/7/6,16.34,3.108,0.4226
2011/7/7,15.95,3.1377,0.4683
2011/7/8,15.95,3.0268,0.3909
2011/7/11,18.39,2.9189,0.3551
2011/7/12,19.87,2.877,0.351
2011/7/13,19.91,2.8824,0.351
2011/7/14,20.8,2.9534,0.367
2011/7/15,19.53,2.9058,0.3529
2011/7/18,20.95,2.9276,0.3629
2011/7/19,19.21,2.8802,0.371
2011/7/20,19.09,2.9275,0.379
2011/7/21,17.56,3.0136,0.3993
2011/7/22,17.52,2.9621,0.3872
2011/7/25,19.35,3.0006,0.4075
2011/7/26,20.23,2.9529,0.3872
2011/7/27,22.98,2.9803,0.4419
2011/7/28,23.74,2.9454,0.4183
2011/7/29,25.25,2.7961,0.3554
2011/8/1,23.66,2.7437,0.3671
2011/8/2,24.79,2.6114,0.3159
2011/8/3,23.38,2.6202,0.3336
2011/8/4,31.66,2.4028,0.2547
2011/8/5,32,2.5585,0.2878
2011/8/8,48,2.3179,0.2599
2011/8/9,35.06,2.2488,0.1924
2011/8/10,42.99,2.1061,0.1803
2011/8/11,39,2.3399,0.184
2011/8/12,36.36,2.2548,0.1872
2011/8/15,31.87,2.3053,0.1909
2011/8/16,32.85,2.2196,0.1826
2011/8/17,31.58,2.1652,0.1904
2011/8/18,42.67,2.0624,0.1901
2011/8/19,43.05,2.0623,0.1893
2011/8/22,42.44,2.1058,0.2012
2011/8/23,36.27,2.153,0.2171
2011/8/24,35.9,2.2994,0.2269
2011/8/25,39.76,2.2286,0.2072
2011/8/26,35.59,2.1899,0.1876
2011/8/29,32.28,2.2561,0.2033
2011/8/30,32.89,2.1767,0.1955
2011/8/31,31.62,2.2234,0.1995
2011/9/1,31.82,2.1302,0.18
2011/9/2,33.92,1.9857,0.1961
2011/9/5,,1.9857,0.1961
2011/9/6,37,1.984,0.1962
2011/9/7,33.38,2.0429,0.2002
2011/9/8,34.32,1.9787,0.1884
2011/9/9,38.52,1.9183,0.1688
2011/9/12,38.59,1.9475,0.2047
2011/9/13,36.91,1.9906,0.2009
2011/9/14,34.6,1.9837,0.185
2011/9/15,31.97,2.082,0.1891
2011/9/16,30.98,2.0479,0.1652
2011/9/19,32.73,1.9506,0.1532
2011/9/20,32.86,1.9385,0.1613
2011/9/21,37.32,1.8576,0.1936
2011/9/22,41.35,1.718,0.1978
2011/9/23,41.25,1.8334,0.2164
2011/9/26,39.02,1.9002,0.2267
2011/9/27,37.71,1.9711,0.235
2011/9/28,41.08,1.9797,0.2465
2011/9/29,38.84,1.9962,0.2582
2011/9/30,42.96,1.9154,0.243
2011/10/3,45.45,1.756,0.2314
2011/10/4,40.82,1.8207,0.2513
2011/10/5,37.81,1.8877,0.2554
2011/10/6,36.27,1.9872,0.2635
2011/10/7,36.2,2.0764,0.2882
2011/10/10,33.02,2.0764,0.2882
2011/10/11,32.86,2.1496,0.3004
2011/10/12,31.26,2.2101,0.2846
2011/10/13,30.7,2.1834,0.2768
2011/10/14,28.24,2.2477,0.2654
2011/10/17,33.39,2.155,0.2656
2011/10/18,31.56,2.1763,0.2658
2011/10/19,34.44,2.1603,0.266
2011/10/20,34.78,2.1888,0.2622
2011/10/21,31.32,2.2192,0.2668
2011/10/24,29.26,2.2336,0.2792
2011/10/25,32.22,2.1089,0.2428
2011/10/26,29.86,2.2041,0.2853
2011/10/27,25.46,2.3964,0.3088
2011/10/28,24.53,2.3167,0.2892
2011/10/31,29.96,2.1133,0.2382
2011/11/1,34.77,1.9889,0.2362
2011/11/2,32.74,1.9854,0.2264
2011/11/3,30.5,2.0734,0.2382
2011/11/4,30.16,2.0327,0.2184
2011/11/7,29.85,2.0371,0.2342
2011/11/8,27.48,2.0769,0.2381
2011/11/9,36.16,1.9615,0.2262
2011/11/10,32.81,2.0564,0.23
2011/11/11,30.04,2.0564,0.23
2011/11/14,31.13,2.0556,0.23
2011/11/15,31.22,2.0451,0.238
2011/11/16,33.51,2,0.242
2011/11/17,34.51,1.9602,0.2621
2011/11/18,32,2.0104,0.2782
2011/11/21,32.91,1.955,0.2621
2011/11/22,31.97,1.917,0.2578
2011/11/23,33.98,1.8835,0.2618
2011/11/24,,1.8835,0.2618
2011/11/25,34.47,1.9635,0.2735
2011/11/28,32.13,1.9739,0.2539
2011/11/29,30.64,1.9913,0.2539
2011/11/30,27.8,2.068,0.2539
2011/12/1,27.41,2.0873,0.2539
2011/12/2,27.52,2.0331,0.25
2011/12/5,27.84,2.0436,0.2579
2011/12/6,28.13,2.0891,0.254
2011/12/7,28.67,2.0296,0.2342
2011/12/8,30.59,1.9704,0.2183
2011/12/9,26.38,2.0611,0.2221
2011/12/12,25.67,2.0121,0.2221
2011/12/13,25.41,1.9651,0.23
2011/12/14,26.04,1.9027,0.238
2011/12/15,25.11,1.9079,0.238
2011/12/16,24.29,1.8474,0.2218
2011/12/19,24.92,1.8096,0.2339
2011/12/20,23.22,1.9233,0.2549
2011/12/21,21.43,1.9668,0.2706
2011/12/22,21.16,1.9476,0.2746
2011/12/23,20.73,2.0244,0.2824
2011/12/26,,2.0244,0.2824
2011/12/27,21.91,2.0052,0.2903
2011/12/28,23.52,1.9162,0.2667
2011/12/29,22.65,1.8988,0.2667
2011/12/30,23.4,1.8762,0.2391
2012/1/2,,1.8762,0.2391
2012/1/3,22.97,1.9474,0.255
2012/1/4,22.22,1.9771,0.2592
2012/1/5,21.48,1.9946,0.2593
2012/1/6,20.63,1.9578,0.2559
2012/1/9,21.07,1.9578,0.2442
2012/1/10,20.69,1.9683,0.2404
2012/1/11,21.05,1.9037,0.2286
2012/1/12,20.47,1.9228,0.2287
2012/1/13,20.91,1.8636,0.2213
2012/1/16,,1.8636,0.2213
2012/1/17,22.2,1.8566,0.2174
2012/1/18,20.89,1.8983,0.2255
2012/1/19,19.87,1.977,0.2338
2012/1/20,18.28,2.0246,0.2403
2012/1/23,18.67,2.0511,0.2344
2012/1/24,18.91,2.06,0.2345
2012/1/25,18.31,1.9946,0.2226
2012/1/26,18.57,1.9313,0.2108
2012/1/27,18.53,1.891,0.2108
2012/1/30,19.4,1.8439,0.2108
2012/1/31,19.44,1.7971,0.2147
2012/2/1,18.55,1.8265,0.2225
2012/2/2,17.98,1.8212,0.2225
2012/2/3,17.1,1.9224,0.2302
2012/2/6,17.76,1.9066,0.2302
2012/2/7,17.65,1.9734,0.246
2012/2/8,18.16,1.9822,0.254
2012/2/9,18.63,2.0364,0.2619
2012/2/10,20.79,1.9862,0.2739
2012/2/13,19.04,1.9741,0.286
2012/2/14,19.54,1.9361,0.282
2012/2/15,21.14,1.9275,0.262
2012/2/16,19.22,1.9827,0.2901
2012/2/17,17.78,2.0017,0.2904
2012/2/20,,2.0017,0.2904
2012/2/21,18.19,2.0591,0.2985
2012/2/22,18.19,2.0034,0.297
2012/2/23,16.8,1.9965,0.301
2012/2/24,17.31,1.9757,0.3049
2012/2/27,18.19,1.9255,0.2853
2012/2/28,17.96,1.9428,0.2892
2012/2/29,18.43,1.9705,0.2932
2012/3/1,17.26,2.0261,0.2893
2012/3/2,17.29,1.9739,0.2737
2012/3/5,18.05,2.0104,0.2935
2012/3/6,20.87,1.9427,0.2777
2012/3/7,19.07,1.9756,0.3015
2012/3/8,17.95,2.0121,0.3056
2012/3/9,17.11,2.0279,0.3178
2012/3/12,15.64,2.0331,0.3219
2012/3/13,14.8,2.1263,0.346
2012/3/14,15.31,2.2686,0.3862
2012/3/15,15.42,2.2794,0.3623
2012/3/16,14.47,2.294,0.3587
2012/3/19,15.04,2.3772,0.3791
2012/3/20,15.58,2.3591,0.3914
2012/3/21,15.13,2.296,0.3673
2012/3/22,15.57,2.2781,0.3634
2012/3/23,14.82,2.2317,0.3517
2012/3/26,14.26,2.2479,0.3436
2012/3/27,15.59,2.1836,0.3193
2012/3/28,15.47,2.1997,0.3405
2012/3/29,15.48,2.1587,0.3365
2012/3/30,15.5,2.2088,0.3287
2012/4/2,15.64,2.182,0.3229
2012/4/3,15.66,2.2988,0.3684
2012/4/4,16.44,2.2233,0.3408
2012/4/5,16.7,2.1805,0.3374
2012/4/6,,2.0545,0.3136
2012/4/9,18.81,2.0474,0.3136
2012/4/10,20.39,1.9823,0.2858
2012/4/11,20.02,2.0351,0.2899
2012/4/12,17.2,2.051,0.2859
2012/4/13,19.55,1.9823,0.266
2012/4/16,19.55,1.9805,0.2681
2012/4/17,18.46,1.9981,0.2701
2012/4/18,18.64,1.9753,0.2661
2012/4/19,18.36,1.9665,0.2661
2012/4/20,17.44,1.9629,0.2642
2012/4/23,18.97,1.9349,0.2581
2012/4/24,18.1,1.9735,0.2662
2012/4/25,16.82,1.984,0.2657
2012/4/26,16.24,1.9383,0.2578
2012/4/27,16.32,1.9348,0.2578
2012/4/30,17.15,1.9137,0.2559
2012/5/1,16.6,1.9435,0.2657
2012/5/2,16.88,1.9277,0.2618
2012/5/3,17.56,1.9312,0.2579
2012/5/4,19.16,1.8786,0.254
2012/5/7,18.94,1.8716,0.254
2012/5/8,19.05,1.8402,0.254
2012/5/9,20.08,1.8227,0.254
2012/5/10,18.83,1.867,0.258
2012/5/11,19.89,1.8376,0.258
2012/5/14,21.87,1.7637,0.262
2012/5/15,21.97,1.7671,0.274
2012/5/16,22.27,1.7603,0.2861
2012/5/17,24.49,1.6971,0.2942
2012/5/18,25.1,1.7226,0.2924
2012/5/21,22.01,1.7414,0.2864
2012/5/22,22.48,1.7688,0.2905
2012/5/23,22.33,1.7346,0.2892
2012/5/24,21.54,1.7774,0.297
2012/5/25,21.76,1.738,0.2853
2012/5/28,,1.738,0.2853
2012/5/29,21.03,1.7448,0.2892
2012/5/30,24.14,1.622,0.2657
2012/5/31,24.06,1.5578,0.2618
2012/6/1,26.66,1.452,0.2461
2012/6/4,26.12,1.5239,0.25
2012/6/5,24.68,1.5744,0.25
2012/6/6,22.16,1.6592,0.2619
2012/6/7,21.72,1.6388,0.2658
2012/6/8,21.23,1.6353,0.2659
2012/6/11,23.56,1.586,0.2659
2012/6/12,22.09,1.6642,0.2899
2012/6/13,24.27,1.5927,0.29
2012/6/14,21.68,1.642,0.294
2012/6/15,21.11,1.5773,0.2701
2012/6/18,18.32,1.5738,0.2822
2012/6/19,18.38,1.6197,0.2903
2012/6/20,17.24,1.6572,0.3105
2012/6/21,20.08,1.6162,0.2985
2012/6/22,18.11,1.6742,0.3028
2012/6/25,20.38,1.6024,0.2947
2012/6/26,19.72,1.6262,0.307
2012/6/27,19.45,1.6177,0.309
2012/6/28,19.71,1.5768,0.3011
2012/6/29,17.08,1.6449,0.3011
2012/7/2,16.8,1.5885,0.2933
2012/7/3,16.66,1.6294,0.3013
2012/7/4,,1.6294,0.3013
2012/7/5,17.5,1.5969,0.2856
2012/7/6,17.1,1.5491,0.2698
2012/7/9,17.98,1.5117,0.2619
2012/7/10,18.72,1.5015,0.2659
2012/7/11,17.95,1.5167,0.2619
2012/7/12,18.33,1.4743,0.254
2012/7/13,16.74,1.4876,0.238
2012/7/16,17.11,1.4724,0.2259
2012/7/17,16.48,1.5078,0.2379
2012/7/18,16.16,1.4942,0.2219
2012/7/19,15.45,1.5077,0.2138
2012/7/20,16.27,1.4567,0.2015
2012/7/23,18.62,1.4263,0.2095
2012/7/24,20.47,1.3875,0.2135
2012/7/25,19.34,1.3975,0.2151
2012/7/26,17.53,1.4378,0.2288
2012/7/27,16.7,1.5463,0.2386
2012/7/30,18.03,1.5019,0.2229
2012/7/31,18.93,1.4679,0.2113
2012/8/1,18.96,1.524,0.2271
2012/8/2,17.57,1.4779,0.2233
2012/8/3,15.64,1.5631,0.2376
2012/8/6,15.95,1.5664,0.2397
2012/8/7,15.99,1.6283,0.2637
2012/8/8,15.32,1.6491,0.2718
2012/8/9,15.28,1.6881,0.272
2012/8/10,14.74,1.6573,0.2606
2012/8/13,13.7,1.6642,0.2648
2012/8/14,14.85,1.7378,0.275
2012/8/15,14.63,1.8155,0.2853
2012/8/16,14.29,1.8346,0.2915
2012/8/17,13.45,1.8105,0.2862
2012/8/20,14.02,1.8053,0.2824
2012/8/21,15.02,1.7984,0.2866
2012/8/22,15.11,1.6916,0.2585
2012/8/23,15.96,1.6779,0.2587
2012/8/24,15.18,1.6865,0.2674
2012/8/27,16.35,1.6506,0.2635
2012/8/28,16.49,1.6335,0.2637
2012/8/29,17.06,1.6506,0.2696
2012/8/30,17.83,1.6233,0.2539
2012/8/31,17.47,1.5484,0.2205
2012/9/3,,1.5484,0.2205
2012/9/4,17.98,1.5722,0.2303
2012/9/5,17.74,1.596,0.2342
2012/9/6,15.6,1.6781,0.2579
2012/9/7,14.38,1.6678,0.25
2012/9/10,16.28,1.6541,0.246
2012/9/11,16.41,1.7005,0.246
2012/9/12,15.8,1.7576,0.242
2012/9/13,14.05,1.723,0.234
2012/9/14,14.51,1.866,0.25
2012/9/17,14.59,1.8415,0.254
2012/9/18,14.18,1.8083,0.254
2012/9/19,13.88,1.7718,0.2581
2012/9/20,14.07,1.764,0.2581
2012/9/21,13.98,1.7528,0.2581
2012/9/24,14.15,1.7094,0.2581
2012/9/25,15.43,1.6662,0.2622
2012/9/26,16.81,1.6095,0.2578
2012/9/27,14.84,1.6542,0.25
2012/9/28,15.73,1.6335,0.2304
2012/10/1,16.32,1.6249,0.2343
2012/10/2,15.71,1.6198,0.2343
2012/10/3,15.43,1.6146,0.2303
2012/10/4,14.55,1.6732,0.2421
2012/10/5,14.33,1.7428,0.2579
2012/10/8,15.11,1.7428,0.2579
2012/10/9,16.37,1.7132,0.2579
2012/10/10,16.29,1.6742,0.2599
2012/10/11,15.59,1.6699,0.262
2012/10/12,16.14,1.656,0.26
2012/10/15,15.27,1.663,0.258
2012/10/16,15.22,1.7186,0.266
2012/10/17,15.07,1.8185,0.2942
2012/10/18,15.03,1.8344,0.2983
2012/10/19,17.06,1.7633,0.2945
2012/10/22,16.62,1.8134,0.3067
2012/10/23,18.83,1.7572,0.2865
2012/10/24,18.33,1.7889,0.2892
2012/10/25,18.12,1.8233,0.3108
2012/10/26,17.81,1.7451,0.297
2012/10/29,,1.7189,0.2892
2012/10/30,,1.7189,0.2892
2012/10/31,18.6,1.6901,0.2814
2012/11/1,16.69,1.7242,0.2814
2012/11/2,17.59,1.7147,0.2816
2012/11/5,18.42,1.6841,0.2737
2012/11/6,17.58,1.7507,0.3015
2012/11/7,19.08,1.6466,0.2698
2012/11/8,18.49,1.6148,0.2579
2012/11/9,18.61,1.6063,0.258
2012/11/12,16.68,1.6063,0.258
2012/11/13,16.65,1.5945,0.25
2012/11/14,17.92,1.5911,0.246
2012/11/15,17.99,1.5928,0.242
2012/11/16,16.41,1.58,0.2379
2012/11/19,15.24,1.6131,0.2419
2012/11/20,15.08,1.6659,0.254
2012/11/21,15.31,1.6796,0.2702
2012/11/22,,1.6796,0.2702
2012/11/23,15.14,1.6899,0.2703
2012/11/26,15.5,1.6625,0.2663
2012/11/27,15.92,1.6369,0.2602
2012/11/28,15.51,1.6284,0.2618
2012/11/29,15.06,1.6147,0.2539
2012/11/30,15.87,1.6156,0.2461
2012/12/3,16.64,1.6207,0.25
2012/12/4,17.12,1.6028,0.2421
2012/12/5,16.46,1.5875,0.2381
2012/12/6,16.58,1.5857,0.2381
2012/12/7,15.9,1.6215,0.2381
2012/12/10,16.05,1.6164,0.2341
2012/12/11,15.57,1.6541,0.238
2012/12/12,15.95,1.698,0.242
2012/12/13,16.56,1.7299,0.25
2012/12/14,17,1.7015,0.234
2012/12/17,16.34,1.7717,0.25
2012/12/18,15.57,1.817,0.2779
2012/12/19,17.36,1.8014,0.2739
2012/12/20,17.67,1.7962,0.27
2012/12/21,17.84,1.7623,0.2661
2012/12/24,17.84,1.7737,0.2661
2012/12/25,,1.7737,0.2661
2012/12/26,19.48,1.7511,0.2661
2012/12/27,19.47,1.7364,0.2622
2012/12/28,22.72,1.7009,0.2465
2012/12/31,18.02,1.7574,0.2468
2013/1/1,,1.7574,0.2468
2013/1/2,14.68,1.8371,0.2549
2013/1/3,14.56,1.9121,0.2669
2013/1/4,13.83,1.8991,0.2635
2013/1/7,13.79,1.8974,0.2637
2013/1/8,13.62,1.8683,0.252
2013/1/9,13.81,1.8568,0.2402
2013/1/10,13.49,1.8958,0.2483
2013/1/11,13.36,1.8677,0.2489
2013/1/14,13.52,1.8448,0.245
2013/1/15,13.55,1.836,0.2452
2013/1/16,13.42,1.8185,0.2413
2013/1/17,13.57,1.8794,0.2616
2013/1/18,12.46,1.8416,0.2503
2013/1/21,,1.8416,0.2503
2013/1/22,12.43,1.8417,0.2423
2013/1/23,12.46,1.8241,0.2344
2013/1/24,12.69,1.8498,0.2386
2013/1/25,12.89,1.9487,0.2718
2013/1/28,13.57,1.9613,0.274
2013/1/29,13.31,1.9991,0.2774
2013/1/30,14.32,1.992,0.2657
2013/1/31,14.28,1.9849,0.2618
2013/2/1,12.9,2.0149,0.2618
2013/2/4,14.67,1.9548,0.25
2013/2/5,13.72,1.998,0.254
2013/2/6,13.41,1.9603,0.246
2013/2/7,13.5,1.9568,0.25
2013/2/8,13.02,1.9499,0.25
2013/2/11,12.94,1.9635,0.254
2013/2/12,12.64,1.977,0.262
2013/2/13,12.98,2.0277,0.274
2013/2/14,12.66,1.9974,0.262
2013/2/15,12.46,2.0017,0.2661
2013/2/18,,2.0017,0.2661
2013/2/19,12.31,2.0278,0.2701
2013/2/20,14.68,2.0087,0.2581
2013/2/21,15.22,1.9766,0.25
2013/2/22,14.17,1.9619,0.248
2013/2/25,18.99,1.8637,0.2378
2013/2/26,16.87,1.8808,0.2422
2013/2/27,14.73,1.9014,0.2422
2013/2/28,15.51,1.8756,0.2343
2013/3/1,15.36,1.8412,0.2342
2013/3/4,14.01,1.8755,0.2342
2013/3/5,13.48,1.8978,0.2381
2013/3/6,13.53,1.9375,0.246
2013/3/7,13.06,1.9965,0.25
2013/3/8,12.59,2.0427,0.25
2013/3/11,11.56,2.0576,0.254
2013/3/12,12.27,2.0156,0.254
2013/3/13,11.83,2.0209,0.258
2013/3/14,11.3,2.0296,0.262
2013/3/15,11.3,1.9895,0.25
2013/3/18,13.36,1.9546,0.242
2013/3/19,14.39,1.9017,0.2379
2013/3/20,12.67,1.9581,0.246
2013/3/21,13.99,1.9112,0.246
2013/3/22,13.57,1.925,0.25
2013/3/25,13.74,1.9198,0.2419
2013/3/26,12.77,1.9094,0.2459
2013/3/27,13.15,1.8454,0.2422
2013/3/28,12.7,1.8487,0.2422
2013/3/29,,1.8486,0.2421
2013/4/1,13.58,1.8314,0.2382
2013/4/2,12.78,1.859,0.2382
2013/4/3,14.21,1.8106,0.2264
2013/4/4,13.89,1.7625,0.2263
2013/4/5,13.92,1.7128,0.2282
2013/4/8,13.19,1.746,0.2302
2013/4/9,12.84,1.7502,0.2301
2013/4/10,12.36,1.8034,0.2301
2013/4/11,12.24,1.7887,0.2301
2013/4/12,12.06,1.7208,0.226
2013/4/15,17.27,1.6798,0.218
2013/4/16,13.96,1.7224,0.2259
2013/4/17,16.51,1.695,0.2259
2013/4/18,17.56,1.6847,0.2259
2013/4/19,14.97,1.7049,0.2298
2013/4/22,14.39,1.6929,0.2217
2013/4/23,13.48,1.7065,0.2257
2013/4/24,13.61,1.7047,0.2269
2013/4/25,13.62,1.708,0.2249
2013/4/26,13.61,1.6633,0.2112
2013/4/29,13.71,1.6701,0.2072
2013/4/30,13.52,1.6717,0.2074
2013/5/1,14.49,1.629,0.1996
2013/5/2,13.59,1.6255,0.1958
2013/5/3,12.85,1.7382,0.2158
2013/5/6,12.66,1.7588,0.212
2013/5/7,12.83,1.7778,0.22
2013/5/8,12.66,1.7665,0.2202
2013/5/9,13.13,1.8109,0.2203
2013/5/10,12.59,1.8973,0.2367
2013/5/13,12.55,1.9199,0.2368
2013/5/14,12.77,1.974,0.245
2013/5/15,12.81,1.9347,0.2371
2013/5/16,13.07,1.8809,0.2293
2013/5/17,12.45,1.9506,0.2418
2013/5/20,13.02,1.9647,0.2379
2013/5/21,13.37,1.9263,0.234
2013/5/22,13.82,2.0395,0.2463
2013/5/23,14.07,2.0157,0.2465
2013/5/24,13.99,2.0081,0.2472
2013/5/27,,2.0081,0.2472
2013/5/28,14.48,2.1652,0.2882
2013/5/29,14.83,2.1153,0.2931
2013/5/30,14.53,2.111,0.2931
2013/5/31,16.3,2.1282,0.2933
2013/6/3,16.28,2.1193,0.2914
2013/6/4,16.27,2.1462,0.2974
2013/6/5,17.5,2.0892,0.2856
2013/6/6,16.63,2.0769,0.2876
2013/6/7,15.14,2.1718,0.3017
2013/6/10,15.44,2.2097,0.3097
2013/6/11,17.07,2.1846,0.3218
2013/6/12,18.59,2.228,0.3259
2013/6/13,16.41,2.1489,0.282
2013/6/14,17.15,2.1295,0.2701
2013/6/17,16.8,2.1817,0.262
2013/6/18,16.61,2.1854,0.2621
2013/6/19,16.64,2.3527,0.3064
2013/6/20,20.49,2.4144,0.3267
2013/6/21,18.9,2.531,0.3676
2013/6/24,20.11,2.5368,0.3841
2013/6/25,18.47,2.6082,0.4047
2013/6/26,17.21,2.5353,0.3789
2013/6/27,16.86,2.4721,0.3514
2013/6/28,16.86,2.4857,0.3554
2013/7/1,16.37,2.4765,0.3514
2013/7/2,16.44,2.4693,0.3474
2013/7/3,16.2,2.5032,0.3631
2013/7/4,,2.5032,0.3631
2013/7/5,14.89,2.7391,0.3948
2013/7/8,14.78,2.6356,0.3591
2013/7/9,14.35,2.634,0.367
2013/7/10,14.21,2.6238,0.3511
2013/7/11,14.01,2.5721,0.3291
2013/7/12,13.84,2.5821,0.339
2013/7/15,13.79,2.5372,0.3269
2013/7/16,14.42,2.5317,0.3228
2013/7/17,13.78,2.4888,0.2986
2013/7/18,13.77,2.5284,0.3026
2013/7/19,12.54,2.4839,0.2982
2013/7/22,12.29,2.4804,0.3021
2013/7/23,12.66,2.5049,0.3061
2013/7/24,13.18,2.588,0.3481
2013/7/25,12.97,2.5712,0.3206
2013/7/26,12.72,2.5624,0.3127
2013/7/29,13.39,2.6023,0.3167
2013/7/30,13.39,2.6101,0.3127
2013/7/31,13.45,2.5762,0.3089
2013/8/1,12.94,2.706,0.3247
2013/8/2,11.98,2.596,0.2974
2013/8/5,11.84,2.6333,0.3014
2013/8/6,12.72,2.6421,0.3054
2013/8/7,12.98,2.5986,0.3015
2013/8/8,12.73,2.5892,0.3016
2013/8/9,13.41,2.5784,0.3018
2013/8/12,12.81,2.6206,0.3059
2013/8/13,12.31,2.719,0.33
2013/8/14,13.04,2.7136,0.3261
2013/8/15,14.73,2.7664,0.3462
2013/8/16,14.37,2.8251,0.3386
2013/8/19,15.1,2.8804,0.3508
2013/8/20,14.91,2.8142,0.3388
2013/8/21,15.94,2.8935,0.3673
2013/8/22,14.76,2.8844,0.3877
2013/8/23,13.98,2.8146,0.3761
2013/8/26,14.99,2.7853,0.364
2013/8/27,16.77,2.7087,0.356
2013/8/28,16.49,2.7653,0.3947
2013/8/29,16.81,2.7617,0.3947
2013/8/30,17.01,2.7839,0.3987
2013/9/2,,2.7839,0.3987
2013/9/3,16.61,2.8576,0.4145
2013/9/4,15.88,2.8966,0.47
2013/9/5,15.77,2.9937,0.5177
2013/9/6,15.85,2.9342,0.4545
2013/9/9,15.63,2.912,0.4427
2013/9/10,14.53,2.9643,0.4707
2013/9/11,13.82,2.9122,0.4429
2013/9/12,14.29,2.9095,0.443
2013/9/13,14.16,2.8846,0.4312
2013/9/16,14.38,2.8643,0.387
2013/9/17,14.53,2.8468,0.371
2013/9/18,13.59,2.6878,0.3206
2013/9/19,13.16,2.7519,0.3347
2013/9/20,13.12,2.7337,0.3304
2013/9/23,14.31,2.6999,0.3304
2013/9/24,14.08,2.6552,0.3262
2013/9/25,14.01,2.628,0.3402
2013/9/26,14.06,2.6498,0.3402
2013/9/27,15.46,2.6245,0.3324
2013/9/30,16.6,2.61,0.3168
2013/10/1,15.54,2.65,0.3287
2013/10/2,16.6,2.6173,0.3169
2013/10/3,17.67,2.6046,0.3091
2013/10/4,16.74,2.6447,0.3292
2013/10/7,19.41,2.6265,0.3412
2013/10/8,20.34,2.632,0.3811
2013/10/9,19.6,2.6631,0.3574
2013/10/10,16.48,2.6814,0.3416
2013/10/11,15.72,2.6871,0.3501
2013/10/14,16.07,2.6871,0.3501
2013/10/15,18.66,2.7276,0.3543
2013/10/16,14.71,2.6633,0.3303
2013/10/17,13.48,2.5894,0.3103
2013/10/18,13.04,2.5777,0.3106
2013/10/21,13.16,2.6014,0.3106
2013/10/22,13.33,2.5124,0.2905
2013/10/23,13.42,2.5016,0.3068
2013/10/24,13.2,2.5197,0.3028
2013/10/25,13.09,2.5088,0.2989
2013/10/28,13.31,2.5233,0.3031
2013/10/29,13.41,2.5034,0.3127
2013/10/30,13.65,2.5378,0.3127
2013/10/31,13.75,2.5542,0.305
2013/11/1,13.28,2.6218,0.3091
2013/11/4,12.93,2.6035,0.3013
2013/11/5,13.27,2.6696,0.3014
2013/11/6,12.67,2.6421,0.2896
2013/11/7,13.91,2.5999,0.2817
2013/11/8,12.9,2.7477,0.3098
2013/11/11,12.53,2.7477,0.3098
2013/11/12,12.82,2.7728,0.3259
2013/11/13,12.52,2.6996,0.298
2013/11/14,12.37,2.69,0.29
2013/11/15,12.19,2.7033,0.2902
2013/11/18,13.1,2.6658,0.2782
2013/11/19,13.39,2.7069,0.2863
2013/11/20,13.4,2.7987,0.2742
2013/11/21,12.66,2.7842,0.2702
2013/11/22,12.26,2.7427,0.2784
2013/11/25,12.79,2.7283,0.2785
2013/11/26,12.81,2.7077,0.2893
2013/11/27,12.98,2.7373,0.2854
2013/11/28,,2.7373,0.2854
2013/11/29,13.7,2.7445,0.2814
2013/12/2,14.23,2.7951,0.2854
2013/12/3,14.55,2.7825,0.2855
2013/12/4,14.7,2.8342,0.2895
2013/12/5,15.08,2.8717,0.3014
2013/12/6,13.79,2.8553,0.3016
2013/12/9,13.49,2.8389,0.2977
2013/12/10,13.91,2.8006,0.2978
2013/12/11,15.42,2.8535,0.3058
2013/12/12,15.54,2.8773,0.3219
2013/12/13,15.76,2.8646,0.3242
2013/12/16,16.03,2.8784,0.3303
2013/12/17,16.21,2.8354,0.3184
2013/12/18,13.8,2.8931,0.3324
2013/12/19,14.15,2.9291,0.3638
2013/12/20,13.79,2.8886,0.3756
2013/12/23,13.04,2.9274,0.3834
2013/12/24,12.48,2.9775,0.3952
2013/12/25,,2.9775,0.3952
2013/12/26,12.33,2.9905,0.407
2013/12/27,12.46,3,0.3874
2013/12/30,13.56,2.9703,0.3795
2013/12/31,13.72,3.0282,0.3799
2014/1/1,,3.0282,0.3799
2014/1/2,14.23,2.989,0.3801
2014/1/3,13.76,2.9948,0.3965
2014/1/6,13.55,2.9576,0.3927
2014/1/7,12.92,2.9391,0.3909
2014/1/8,12.87,2.9894,0.425
2014/1/9,12.89,2.9652,0.4292
2014/1/10,12.14,2.8579,0.3699
2014/1/13,13.28,2.8257,0.356
2014/1/14,12.28,2.8709,0.3782
2014/1/15,12.28,2.8912,0.3905
2014/1/16,12.53,2.8414,0.3826
2014/1/17,12.44,2.8194,0.3712
2014/1/20,,2.8194,0.3712
2014/1/21,12.87,2.8286,0.3755
2014/1/22,12.84,2.8656,0.4
2014/1/23,13.77,2.7772,0.3596
2014/1/24,18.14,2.715,0.3355
2014/1/27,17.42,2.7479,0.3398
2014/1/28,15.8,2.7488,0.3399
2014/1/29,17.35,2.6767,0.3515
2014/1/30,17.29,2.6949,0.3436
2014/1/31,18.41,2.644,0.3277
2014/2/3,21.44,2.5761,0.2942
2014/2/4,19.11,2.6294,0.3118
2014/2/5,19.95,2.6675,0.3117
2014/2/6,17.23,2.7003,0.3196
2014/2/7,15.29,2.6829,0.3034
2014/2/10,15.26,2.6674,0.3073
2014/2/11,14.51,2.725,0.3311
2014/2/12,14.3,2.7608,0.339
2014/2/13,14.14,2.732,0.311
2014/2/14,13.57,2.7428,0.3107
2014/2/17,,2.7428,0.3107
2014/2/18,13.87,2.7069,0.2985
2014/2/19,15.5,2.7392,0.3145
2014/2/20,14.79,2.7509,0.3185
2014/2/21,14.68,2.731,0.3142
2014/2/24,14.23,2.7382,0.3181
2014/2/25,13.67,2.7023,0.314
2014/2/26,14.35,2.6655,0.3245
2014/2/27,14.04,2.6387,0.3206
2014/2/28,14,2.6476,0.3169
2014/3/3,16,2.6012,0.3012
2014/3/4,14.1,2.6977,0.3329
2014/3/5,13.89,2.7048,0.333
2014/3/6,14.21,2.7373,0.3411
2014/3/7,14.11,2.7879,0.3693
2014/3/10,14.2,2.777,0.3655
2014/3/11,14.8,2.768,0.3697
2014/3/12,14.47,2.73,0.3618
2014/3/13,16.22,2.6446,0.338
2014/3/14,17.82,2.6543,0.3424
2014/3/17,15.64,2.6921,0.3586
2014/3/18,14.52,2.6722,0.3466
2014/3/19,15.12,2.7725,0.4195
2014/3/20,14.52,2.7716,0.4197
2014/3/21,15,2.7426,0.4245
2014/3/24,15.09,2.7281,0.4329
2014/3/25,14.02,2.748,0.425
2014/3/26,14.93,2.6919,0.4418
2014/3/27,14.62,2.681,0.4457
2014/3/28,14.41,2.7208,0.4496
2014/3/31,13.88,2.718,0.4183
2014/4/1,13.1,2.7525,0.4301
2014/4/2,13.09,2.8045,0.4539
2014/4/3,13.37,2.7972,0.454
2014/4/4,13.96,2.7207,0.4107
2014/4/7,15.57,2.6998,0.3948
2014/4/8,14.89,2.6808,0.3949
2014/4/9,13.82,2.6898,0.3631
2014/4/10,15.89,2.6474,0.3511
2014/4/11,17.03,2.6247,0.355
2014/4/14,16.11,2.6472,0.367
2014/4/15,15.61,2.6283,0.367
2014/4/16,14.18,2.6282,0.367
2014/4/17,13.36,2.7215,0.3952
2014/4/18,,2.7215,0.3952
2014/4/21,13.25,2.7151,0.3912
2014/4/22,13.19,2.7105,0.3993
2014/4/23,13.27,2.6987,0.4418
2014/4/24,13.32,2.6805,0.4378
2014/4/25,14.06,2.6623,0.43
2014/4/28,13.97,2.7005,0.4319
2014/4/29,13.71,2.6913,0.4378
2014/4/30,13.41,2.6459,0.4104
2014/5/1,13.25,2.6133,0.4065
2014/5/2,12.91,2.5843,0.4224
2014/5/5,13.29,2.6068,0.4185
2014/5/6,13.8,2.5914,0.4226
2014/5/7,13.4,2.5878,0.3988
2014/5/8,13.43,2.6161,0.3869
2014/5/9,12.92,2.6233,0.383
2014/5/12,12.23,2.6611,0.395
2014/5/13,12.13,2.6089,0.379
2014/5/14,12.17,2.5427,0.367
2014/5/15,13.17,2.4893,0.3509
2014/5/16,12.44,2.5231,0.3589
2014/5/19,12.42,2.5445,0.3427
2014/5/20,12.96,2.5106,0.3346
2014/5/21,11.91,2.532,0.3386
2014/5/22,12.03,2.5499,0.3426
2014/5/23,11.36,2.5321,0.3424
2014/5/26,,2.5321,0.3424
2014/5/27,11.51,2.5142,0.3444
2014/5/28,11.68,2.4431,0.3652
2014/5/29,11.57,2.4644,0.375
2014/5/30,11.4,2.4759,0.373
2014/6/2,11.58,2.5267,0.3868
2014/6/3,11.87,2.5985,0.3987
2014/6/4,12.08,2.6021,0.3908
2014/6/5,11.68,2.5824,0.379
2014/6/6,10.73,2.5869,0.3988
2014/6/9,11.15,2.6032,0.4188
2014/6/10,10.99,2.6439,0.4388
2014/6/11,11.6,2.6394,0.4309
2014/6/12,12.56,2.5951,0.437
2014/6/13,12.18,2.6033,0.4493
2014/6/16,12.65,2.597,0.4675
2014/6/17,12.06,2.6523,0.4797
2014/6/18,10.61,2.5844,0.4435
2014/6/19,10.62,2.6206,0.4477
2014/6/20,10.85,2.6052,0.4561
2014/6/23,10.98,2.6261,0.4643
2014/6/24,12.13,2.5781,0.4563
2014/6/25,11.59,2.5592,0.4804
2014/6/26,11.63,2.5286,0.4627
2014/6/27,11.26,2.534,0.4607
2014/6/30,11.57,2.5304,0.4567
2014/7/1,11.15,2.5647,0.4645
2014/7/2,10.82,2.6264,0.4803
2014/7/3,10.32,2.6383,0.5059
2014/7/4,,2.6383,0.5059
2014/7/7,11.33,2.611,0.5119
2014/7/8,11.98,2.5557,0.504
2014/7/9,11.65,2.5503,0.4761
2014/7/10,12.59,2.5359,0.4541
2014/7/11,12.08,2.516,0.4479
2014/7/14,11.82,2.5468,0.4599
2014/7/15,11.96,2.5468,0.4759
2014/7/16,11,2.526,0.4839
2014/7/17,14.54,2.4458,0.4436
2014/7/18,12.06,2.4809,0.4777
2014/7/21,12.81,2.4674,0.4899
2014/7/22,12.24,2.4601,0.4716
2014/7/23,11.52,2.4655,0.4675
2014/7/24,11.84,2.5025,0.4918
2014/7/25,12.69,2.4655,0.4877
2014/7/28,12.56,2.4853,0.5
2014/7/29,13.28,2.4601,0.5393
2014/7/30,13.33,2.5569,0.5551
2014/7/31,16.95,2.5578,0.5276
2014/8/1,17.03,2.4925,0.4723
2014/8/4,15.12,2.4817,0.4644
2014/8/5,16.87,2.4844,0.4624
2014/8/6,16.37,2.4708,0.4564
2014/8/7,16.66,2.4114,0.4285
2014/8/8,15.77,2.4203,0.4442
2014/8/11,14.23,2.4275,0.4401
2014/8/12,14.13,2.4491,0.432
2014/8/13,12.9,2.4166,0.4119
2014/8/14,12.42,2.4015,0.4158
2014/8/15,13.15,2.3397,0.4074
2014/8/18,12.32,2.3927,0.4154
2014/8/19,12.21,2.3997,0.4273
2014/8/20,11.78,2.4264,0.4717
2014/8/21,11.76,2.4068,0.4676
2014/8/22,11.47,2.4024,0.4918
2014/8/25,11.7,2.382,0.5
2014/8/26,11.63,2.3962,0.4918
2014/8/27,11.78,2.3573,0.5118
2014/8/28,12.05,2.3361,0.5
2014/8/29,11.98,2.3431,0.4882
2014/9/1,,2.3431,0.4882
2014/9/2,12.25,2.4211,0.5237
2014/9/3,12.36,2.3962,0.5158
2014/9/4,12.64,2.4497,0.5317
2014/9/5,12.09,2.4587,0.5079
2014/9/8,12.66,2.4712,0.5279
2014/9/9,13.5,2.5036,0.5558
2014/9/10,12.88,2.5414,0.5679
2014/9/11,12.8,2.5496,0.56
2014/9/12,13.31,2.6105,0.5602
2014/9/15,14.12,2.5887,0.5402
2014/9/16,12.73,2.5924,0.5362
2014/9/17,12.65,2.6198,0.5686
2014/9/18,12.03,2.6144,0.5606
2014/9/19,12.11,2.5745,0.5649
2014/9/22,13.69,2.5636,0.5487
2014/9/23,14.93,2.5275,0.5366
2014/9/24,13.27,2.5637,0.5866
2014/9/25,15.64,2.5022,0.5511
2014/9/26,14.85,2.5276,0.5748
2014/9/29,15.98,2.4771,0.5708
2014/9/30,16.31,2.4888,0.567
2014/10/1,16.71,2.3856,0.5158
2014/10/2,16.16,2.425,0.5237
2014/10/3,14.55,2.434,0.5575
2014/10/6,15.46,2.4196,0.5318
2014/10/7,17.2,2.3391,0.504
2014/10/8,15.11,2.3213,0.4483
2014/10/9,18.76,2.3133,0.4403
2014/10/10,21.24,2.2804,0.4239
2014/10/13,24.64,2.2804,0.4239
2014/10/14,22.79,2.1973,0.3678
2014/10/15,26.25,2.1358,0.3076
2014/10/16,25.2,2.1559,0.3433
2014/10/17,21.99,2.1936,0.3709
2014/10/20,18.57,2.1909,0.3505
2014/10/21,16.08,2.2217,0.3624
2014/10/22,17.87,2.2164,0.3582
2014/10/23,16.53,2.2712,0.3863
2014/10/24,16.11,2.2685,0.3859
2014/10/27,16.04,2.2605,0.3816
2014/10/28,14.39,2.296,0.3937
2014/10/29,15.15,2.3174,0.4811
2014/10/30,14.52,2.3058,0.4693
2014/10/31,14.03,2.3353,0.4914
2014/11/3,14.73,2.3425,0.5114
2014/11/4,14.89,2.3335,0.5116
2014/11/5,14.17,2.3424,0.5217
2014/11/6,13.67,2.3856,0.5497
2014/11/7,13.12,2.2976,0.4985
2014/11/10,12.67,2.3604,0.5349
2014/11/11,12.92,2.3604,0.5349
2014/11/12,13.02,2.3712,0.5392
2014/11/13,13.79,2.3399,0.5153
2014/11/14,13.31,2.3204,0.5119
2014/11/17,13.99,2.3399,0.508
2014/11/18,13.86,2.3151,0.5042
2014/11/19,13.96,2.3594,0.5205
2014/11/20,13.58,2.3373,0.5086
2014/11/21,12.9,2.3099,0.501
2014/11/24,12.62,2.3064,0.493
2014/11/25,12.25,2.257,0.5197
2014/11/26,12.07,2.2447,0.5157
2014/11/27,,2.2447,0.5157
2014/11/28,13.33,2.164,0.4685
2014/12/1,14.29,2.235,0.4961
2014/12/2,12.85,2.2923,0.5355
2014/12/3,12.47,2.2799,0.5554
2014/12/4,12.38,2.2341,0.5396
2014/12/5,11.82,2.3065,0.6433
2014/12/8,14.21,2.257,0.6275
2014/12/9,14.89,2.2129,0.6117
2014/12/10,18.53,2.1638,0.5679
2014/12/11,20.08,2.162,0.6
2014/12/12,21.08,2.0817,0.5401
2014/12/15,20.42,2.1182,0.5764
2014/12/16,23.57,2.0591,0.5523
2014/12/17,19.44,2.1356,0.617
2014/12/18,16.81,2.2075,0.6313
2014/12/19,16.49,2.1618,0.638
2014/12/22,15.25,2.1583,0.6586
2014/12/23,14.8,2.2614,0.7393
2014/12/24,14.37,2.2632,0.7393
2014/12/25,,2.2632,0.7393
2014/12/26,14.5,2.2499,0.7393
2014/12/29,15.06,2.2021,0.7078
2014/12/30,15.92,2.1871,0.6841
2014/12/31,19.2,2.1712,0.6645
2015/1/1,,2.1712,0.6645
2015/1/2,17.79,2.1105,0.6647
2015/1/5,19.92,2.032,0.6568
2015/1/6,21.12,1.9402,0.625
2015/1/7,19.31,1.9677,0.6091
2015/1/8,17.01,2.0179,0.6051
2015/1/9,17.55,1.9449,0.561
2015/1/12,19.6,1.907,0.5449
2015/1/13,20.56,1.9,0.5388
2015/1/14,21.48,1.8553,0.5006
2015/1/15,22.39,1.7149,0.4122
2015/1/16,20.95,1.8368,0.4835
2015/1/19,,1.8368,0.4835
2015/1/20,19.89,1.788,0.4914
2015/1/21,18.85,1.8717,0.5074
2015/1/22,16.4,1.8631,0.5174
2015/1/23,16.66,1.7968,0.4864
2015/1/26,15.52,1.8241,0.5107
2015/1/27,17.22,1.8231,0.5105
2015/1/28,20.44,1.7207,0.4654
2015/1/29,18.76,1.7512,0.5158
2015/1/30,20.97,1.6407,0.4488
2015/2/2,19.43,1.6642,0.4586
2015/2/3,17.33,1.7915,0.5079
2015/2/4,18.33,1.7513,0.4842
2015/2/5,16.85,1.8204,0.5198
2015/2/6,17.29,1.9567,0.6435
2015/2/9,18.55,1.9775,0.6517
2015/2/10,17.23,1.9967,0.6499
2015/2/11,16.96,2.0176,0.6642
2015/2/12,15.34,1.9844,0.6242
2015/2/13,14.69,2.0504,0.6411
2015/2/16,,2.0504,0.6411
2015/2/17,15.8,2.1379,0.6615
2015/2/18,15.45,2.08,0.597
2015/2/19,15.29,2.1142,0.6174
2015/2/20,14.3,2.1117,0.6321
2015/2/23,14.56,2.0574,0.6017
2015/2/24,13.69,1.98,0.5529
2015/2/25,13.84,1.9688,0.6026
2015/2/26,13.91,2.0295,0.6461
2015/2/27,13.34,1.993,0.6184
2015/3/2,13.04,2.082,0.6621
2015/3/3,13.86,2.1189,0.6782
2015/3/4,14.23,2.1172,0.6546
2015/3/5,14.04,2.1154,0.6389
2015/3/6,15.2,2.2414,0.7234
2015/3/9,15.06,2.1907,0.6917
2015/3/10,16.69,2.1297,0.6799
2015/3/11,16.87,2.1086,0.6802
2015/3/12,15.42,2.1156,0.6644
2015/3/13,16,2.114,0.657
2015/3/16,15.61,2.0717,0.6491
2015/3/17,15.66,2.0507,0.6716
2015/3/18,13.97,1.9199,0.5525
2015/3/19,14.07,1.9685,0.6092
2015/3/20,13.02,1.9303,0.5812
2015/3/23,13.41,1.912,0.5691
2015/3/24,13.62,1.8731,0.557
2015/3/25,15.44,1.925,0.6023
2015/3/26,15.8,1.9894,0.6102
2015/3/27,15.07,1.9615,0.5944
2015/3/30,14.51,1.9475,0.5787
2015/3/31,15.29,1.9231,0.5551
2015/4/1,15.11,1.8573,0.5355
2015/4/2,14.67,1.9117,0.5396
2015/4/3,,1.8389,0.4762
2015/4/6,14.74,1.8952,0.496
2015/4/7,14.78,1.8848,0.5159
2015/4/8,13.98,1.9047,0.5318
2015/4/9,13.09,1.9596,0.5478
2015/4/10,12.58,1.9473,0.556
2015/4/13,13.94,1.9272,0.528
2015/4/14,13.67,1.8985,0.512
2015/4/15,12.84,1.888,0.496
2015/4/16,12.6,1.8897,0.4839
2015/4/17,13.89,1.8653,0.5081
2015/4/20,13.3,1.8896,0.5202
2015/4/21,13.25,1.9087,0.5162
2015/4/22,12.71,1.9788,0.5446
2015/4/23,12.48,1.9577,0.5284
2015/4/24,12.29,1.9086,0.5041
2015/4/27,13.12,1.9208,0.5163
2015/4/28,12.41,2.0034,0.561
2015/4/29,13.39,2.0388,0.557
2015/4/30,14.55,2.0317,0.567
2015/5/1,12.7,2.1135,0.595
2015/5/4,12.85,2.144,0.5991
2015/5/5,14.31,2.1853,0.623
2015/5/6,15.15,2.2431,0.6351
2015/5/7,15.13,2.18,0.6313
2015/5/8,12.86,2.1478,0.5719
2015/5/11,13.85,2.2797,0.616
2015/5/12,13.86,2.2489,0.5961
2015/5/13,13.76,2.2926,0.5762
2015/5/14,12.74,2.2301,0.5441
2015/5/15,12.38,2.1424,0.5363
2015/5/18,12.73,2.2337,0.5767
2015/5/19,12.85,2.2886,0.6133
2015/5/20,12.88,2.2479,0.585
2015/5/21,12.11,2.1898,0.573
2015/5/22,12.13,2.2092,0.6142
2015/5/25,,2.2092,0.6142
2015/5/26,14.06,2.139,0.6123
2015/5/27,13.27,2.1285,0.6485
2015/5/28,13.31,2.1355,0.6289
2015/5/29,13.84,2.1214,0.6053
2015/6/1,13.97,2.1794,0.6447
2015/6/2,14.24,2.2624,0.6527
2015/6/3,13.66,2.3642,0.6725
2015/6/4,14.71,2.307,0.6607
2015/6/5,14.21,2.4076,0.7087
2015/6/8,15.29,2.3824,0.6808
2015/6/9,14.47,2.4384,0.7169
2015/6/10,13.22,2.4838,0.725
2015/6/11,12.85,2.3772,0.7131
2015/6/12,13.78,2.3918,0.7256
2015/6/15,15.39,2.3559,0.7015
2015/6/16,14.81,2.3093,0.6855
2015/6/17,14.5,2.3165,0.6492
2015/6/18,13.19,2.3345,0.6331
2015/6/19,13.96,2.2577,0.6169
2015/6/22,12.74,2.3725,0.6575
2015/6/23,12.11,2.4087,0.6779
2015/6/24,13.26,2.3672,0.6802
2015/6/25,14.01,2.4088,0.688
2015/6/26,14.02,2.4726,0.7117
2015/6/29,18.85,2.3242,0.6329
2015/6/30,18.23,2.3531,0.6427
2015/7/1,16.09,2.4219,0.6882
2015/7/2,16.79,2.3823,0.627
2015/7/3,,2.3823,0.627
2015/7/6,17.01,2.285,0.5892
2015/7/7,16.09,2.2582,0.5852
2015/7/8,19.66,2.1922,0.5414
2015/7/9,19.97,2.3211,0.5851
2015/7/10,16.83,2.3972,0.637
2015/7/13,13.9,2.4538,0.6772
2015/7/14,13.37,2.401,0.637
2015/7/15,13.23,2.3521,0.625
2015/7/16,12.11,2.3503,0.6552
2015/7/17,11.95,2.3469,0.6655
2015/7/20,12.25,2.3723,0.7061
2015/7/21,12.22,2.3253,0.6778
2015/7/22,12.12,2.3235,0.7063
2015/7/23,12.64,2.2677,0.6942
2015/7/24,13.74,2.2624,0.6781
2015/7/27,15.6,2.2175,0.6495
2015/7/28,13.44,2.2499,0.668
2015/7/29,12.5,2.2859,0.7038
2015/7/30,12.13,2.2589,0.7275
2015/7/31,12.12,2.1801,0.6606
2015/8/3,12.56,2.148,0.6646
2015/8/4,13,2.2213,0.7322
2015/8/5,12.51,2.2699,0.7263
2015/8/6,13.77,2.2214,0.7006
2015/8/7,13.39,2.1623,0.7169
2015/8/10,12.23,2.2269,0.721
2015/8/11,13.71,2.1409,0.673
2015/8/12,13.61,2.148,0.6651
2015/8/13,13.49,2.1854,0.7073
2015/8/14,12.83,2.1977,0.7218
2015/8/17,13.02,2.1678,0.7058
2015/8/18,13.79,2.1925,0.718
2015/8/19,15.25,2.1256,0.6574
2015/8/20,19.14,2.0679,0.6533
2015/8/21,28.03,2.0365,0.6128
2015/8/24,40.74,2.0034,0.568
2015/8/25,36.02,2.0714,0.6005
2015/8/26,30.32,2.1752,0.672
2015/8/27,26.1,2.1841,0.6878
2015/8/28,26.05,2.1807,0.7156
2015/8/31,28.43,2.2179,0.7375
2015/9/1,31.4,2.1524,0.704
2015/9/2,26.09,2.1843,0.7081
2015/9/3,25.61,2.1596,0.6923
2015/9/4,27.8,2.1244,0.7067
2015/9/7,,2.1244,0.7067
2015/9/8,24.9,2.1828,0.7327
2015/9/9,26.23,2.2006,0.7409
2015/9/10,24.37,2.222,0.733
2015/9/11,23.2,2.1883,0.7053
2015/9/14,24.25,2.1831,0.7256
2015/9/15,22.54,2.2867,0.8024
2015/9/16,21.35,2.294,0.8108
2015/9/17,21.14,2.1903,0.6795
2015/9/18,22.28,2.1336,0.6777
2015/9/21,20.14,2.2012,0.7062
2015/9/22,22.44,2.1337,0.6738
2015/9/23,22.13,2.1497,0.6993
2015/9/24,23.47,2.1266,0.6798
2015/9/25,23.62,2.1623,0.6918
2015/9/28,27.63,2.0949,0.6683
2015/9/29,26.83,2.0508,0.6486
2015/9/30,24.5,2.0368,0.6289
2015/10/1,22.55,2.0368,0.6447
2015/10/2,20.94,1.9929,0.5794
2015/10/5,19.54,2.0562,0.6052
2015/10/6,19.4,2.0315,0.6012
2015/10/7,18.4,2.0668,0.625
2015/10/8,17.42,2.104,0.633
2015/10/9,17.08,2.0881,0.637
2015/10/12,16.17,2.0881,0.637
2015/10/13,17.67,2.0439,0.617
2015/10/14,18.03,1.9718,0.5487
2015/10/15,16.05,2.0175,0.5968
2015/10/16,15.05,2.0334,0.6088
2015/10/19,14.98,2.0228,0.5866
2015/10/20,15.75,2.067,0.629
2015/10/21,16.7,2.0228,0.6209
2015/10/22,14.45,2.0263,0.6006
2015/10/23,14.46,2.0866,0.6413
2015/10/26,15.29,2.0564,0.6372
2015/10/27,15.43,2.037,0.6209
2015/10/28,14.33,2.1009,0.7029
2015/10/29,14.61,2.1725,0.7236
2015/10/30,15.07,2.1421,0.724
2015/11/2,14.15,2.1709,0.7531
2015/11/3,14.54,2.2105,0.7657
2015/11/4,15.51,2.225,0.8116
2015/11/5,15.05,2.2323,0.8256
2015/11/6,14.33,2.3252,0.8859
2015/11/9,16.52,2.3436,0.8821
2015/11/10,15.29,2.3419,0.8744
2015/11/11,16.06,2.3301,0.8744
2015/11/12,18.37,2.3116,0.8706
2015/11/13,20.08,2.2658,0.8347
2015/11/16,18.16,2.2676,0.851
2015/11/17,18.84,2.2658,0.8511
2015/11/18,16.85,2.2728,0.8756
2015/11/19,16.99,2.2482,0.8921
2015/11/20,15.47,2.2623,0.9172
2015/11/23,15.62,2.2377,0.9174
2015/11/24,15.93,2.2377,0.9303
2015/11/25,15.19,2.2341,0.9343
2015/11/26,,2.2341,0.9343
2015/11/27,15.12,2.2201,0.9185
2015/11/30,16.13,2.206,0.9304
2015/12/1,14.67,2.1431,0.9067
2015/12/2,15.91,2.1797,0.9345
2015/12/3,18.11,2.3136,0.9505
2015/12/4,14.81,2.2693,0.9388
2015/12/7,15.84,2.2288,0.9269
2015/12/8,17.6,2.2182,0.929
2015/12/9,19.61,2.2164,0.923
2015/12/10,19.34,2.2305,0.9432
2015/12/11,24.39,2.127,0.875
2015/12/14,22.73,2.2217,0.9435
2015/12/15,20.95,2.2658,0.9639
2015/12/16,17.86,2.296,1.0025
2015/12/17,18.94,2.2234,0.9844
2015/12/18,20.7,2.204,0.9522
2015/12/21,18.7,2.1917,0.9442
2015/12/22,16.6,2.2357,0.9729
2015/12/23,15.57,2.2534,0.9812
2015/12/24,15.74,2.241,0.9983
2015/12/25,,2.241,0.9983
2015/12/28,16.91,2.2304,1.0067
2015/12/29,16.08,2.305,1.0911
2015/12/30,17.29,2.2943,1.0713
2015/12/31,18.21,2.2694,1.0477
2016/1/1,,2.2694,1.0477
2016/1/4,20.7,2.2428,1.0358
2016/1/5,19.34,2.2357,1.0139
2016/1/6,20.59,2.1702,0.976
2016/1/7,24.99,2.1455,0.948
2016/1/8,27.01,2.1156,0.9318
2016/1/11,24.3,2.1754,0.9317
2016/1/12,22.47,2.1032,0.9235
2016/1/13,25.22,2.0927,0.9073
2016/1/14,23.95,2.0874,0.8911
2016/1/15,27.02,2.0347,0.85
2016/1/18,,2.0347,0.85
2016/1/19,26.05,2.0556,0.87
2016/1/20,27.59,1.9824,0.8212
2016/1/21,26.69,2.0311,0.8331
2016/1/22,22.34,2.0519,0.8691
2016/1/25,24.15,2.0012,0.8567
2016/1/26,22.5,1.9942,0.8401
2016/1/27,23.11,1.9993,0.833
2016/1/28,22.42,1.9784,0.8172
2016/1/29,20.2,1.9209,0.7737
2016/2/1,19.98,1.9486,0.7975
2016/2/2,21.98,1.8448,0.7183
2016/2/3,21.65,1.8861,0.7223
2016/2/4,21.84,1.8395,0.6984
2016/2/5,23.38,1.8357,0.7221
2016/2/8,26,1.7483,0.6662
2016/2/9,26.54,1.726,0.6901
2016/2/10,26.29,1.6681,0.686
2016/2/11,28.14,1.6591,0.6499
2016/2/12,25.4,1.7481,0.7137
2016/2/15,,1.7481,0.7137
2016/2/16,24.11,1.7723,0.7197
2016/2/17,22.31,1.819,0.7419
2016/2/18,21.64,1.7396,0.6933
2016/2/19,20.53,1.7449,0.7418
2016/2/22,19.38,1.7518,0.75
2016/2/23,20.98,1.7225,0.7337
2016/2/24,20.72,1.7484,0.7539
2016/2/25,19.11,1.7157,0.7264
2016/2/26,19.81,1.7623,0.7934
2016/2/29,20.55,1.7347,0.7737
2016/3/1,17.7,1.8249,0.8391
2016/3/2,17.09,1.8406,0.8412
2016/3/3,16.7,1.8337,0.8452
2016/3/4,16.86,1.8741,0.8616
2016/3/7,17.35,1.9057,0.9057
2016/3/8,18.67,1.8287,0.8659
2016/3/9,18.34,1.876,0.8901
2016/3/10,18.05,1.9323,0.9265
2016/3/11,16.5,1.9839,0.9554
2016/3/14,16.92,1.9592,0.9557
2016/3/15,16.84,1.9699,0.9641
2016/3/16,14.99,1.9081,0.855
2016/3/17,14.44,1.8958,0.8633
2016/3/18,14.02,1.8732,0.8353
2016/3/21,13.79,1.9155,0.872
2016/3/22,14.17,1.9403,0.8865
2016/3/23,14.94,1.8786,0.852
2016/3/24,14.74,1.9,0.8689
2016/3/25,,1.9,0.8689
2016/3/28,15.24,1.886,0.865
2016/3/29,13.82,1.8035,0.7843
2016/3/30,13.56,1.8228,0.7567
2016/3/31,13.95,1.7687,0.7211
2016/4/1,13.1,1.7705,0.7224
2016/4/4,14.12,1.7618,0.7361
2016/4/5,15.42,1.7201,0.72
2016/4/6,14.09,1.7549,0.7317
2016/4/7,16.16,1.6889,0.6878
2016/4/8,15.36,1.7167,0.695
2016/4/11,16.26,1.7254,0.6987
2016/4/12,14.85,1.7761,0.7385
2016/4/13,13.84,1.7639,0.7464
2016/4/14,13.72,1.7919,0.7663
2016/4/15,13.62,1.7518,0.7335
2016/4/18,13.35,1.7711,0.7414
2016/4/19,13.24,1.7851,0.7574
2016/4/20,13.28,1.845,0.7937
2016/4/21,13.95,1.861,0.8058
2016/4/22,13.22,1.8878,0.8178
2016/4/25,14.08,1.9128,0.8299
2016/4/26,13.96,1.9271,0.8608
2016/4/27,13.77,1.8508,0.8173
2016/4/28,15.22,1.8243,0.7816
2016/4/29,15.7,1.8333,0.7816
2016/5/2,14.68,1.8723,0.7896
2016/5/3,15.6,1.7963,0.754
2016/5/4,16.05,1.7752,0.7381
2016/5/5,15.91,1.7453,0.7182
2016/5/6,14.72,1.7789,0.734
2016/5/9,14.57,1.7507,0.706
2016/5/10,13.63,1.7613,0.722
2016/5/11,14.69,1.7367,0.7279
2016/5/12,14.41,1.7516,0.754
2016/5/13,15.04,1.7001,0.7459
2016/5/16,14.68,1.7533,0.7863
2016/5/17,15.57,1.7723,0.8309
2016/5/18,15.95,1.8538,0.8918
2016/5/19,16.33,1.8487,0.8819
2016/5/20,15.2,1.8384,0.8763
2016/5/23,15.82,1.835,0.8969
2016/5/24,14.42,1.8629,0.9094
2016/5/25,13.9,1.8664,0.9185
2016/5/26,13.43,1.8282,0.8671
2016/5/27,13.12,1.851,0.9086
2016/5/30,,1.851,0.9086
2016/5/31,14.19,1.8458,0.877
2016/6/1,14.2,1.8354,0.8988
2016/6/2,13.63,1.7989,0.8869
2016/6/3,13.47,1.7004,0.7716
2016/6/6,13.65,1.7367,0.7953
2016/6/7,14.05,1.7177,0.7833
2016/6/8,14.08,1.7022,0.7752
2016/6/9,14.64,1.6867,0.767
2016/6/10,17.03,1.6404,0.7265
2016/6/13,20.97,1.6096,0.7143
2016/6/14,20.5,1.613,0.7221
2016/6/15,20.14,1.572,0.6696
2016/6/16,19.37,1.5788,0.6854
2016/6/17,19.41,1.6078,0.6927
2016/6/20,18.37,1.6886,0.7451
2016/6/21,18.48,1.7059,0.763
2016/6/22,21.17,1.6852,0.7433
2016/6/23,17.25,1.7458,0.7788
2016/6/24,25.76,1.5599,0.627
2016/6/27,23.85,1.4377,0.5935
2016/6/28,18.75,1.4664,0.6132
2016/6/29,16.64,1.5155,0.6368
2016/6/30,15.63,1.4697,0.5817
2016/7/1,14.77,1.4441,0.5893
2016/7/4,,1.4441,0.5893
2016/7/5,15.58,1.375,0.5497
2016/7/6,14.96,1.3682,0.5773
2016/7/7,14.76,1.385,0.5892
2016/7/8,13.2,1.3579,0.605
2016/7/11,13.54,1.4303,0.653
2016/7/12,13.55,1.51,0.6891
2016/7/13,13.04,1.4743,0.6651
2016/7/14,12.82,1.5356,0.6732
2016/7/15,12.67,1.5509,0.6674
2016/7/18,12.44,1.5818,0.6897
2016/7/19,11.97,1.5526,0.6898
2016/7/20,11.77,1.5801,0.7101
2016/7/21,12.74,1.556,0.6778
2016/7/22,12.02,1.5663,0.7025
2016/7/25,12.87,1.5731,0.7332
2016/7/26,13.05,1.5611,0.7539
2016/7/27,12.83,1.4976,0.7184
2016/7/28,12.72,1.5044,0.7066
2016/7/29,11.87,1.4531,0.6554
2016/8/1,12.44,1.5214,0.6848
2016/8/2,13.37,1.5558,0.6788
2016/8/3,12.86,1.542,0.6668
2016/8/4,12.42,1.5008,0.643
2016/8/5,11.39,1.5885,0.7221
2016/8/8,11.5,1.592,0.726
2016/8/9,11.66,1.547,0.71
2016/8/10,12.05,1.5074,0.682
2016/8/11,11.68,1.5593,0.742
2016/8/12,11.55,1.5135,0.7057
2016/8/15,11.81,1.5576,0.7258
2016/8/16,12.64,1.5746,0.7459
2016/8/17,12.19,1.5491,0.7257
2016/8/18,11.43,1.5356,0.7014
2016/8/19,11.34,1.5781,0.7459
2016/8/22,12.27,1.5424,0.7378
2016/8/23,12.38,1.5458,0.7418
2016/8/24,13.45,1.5611,0.7618
2016/8/25,13.63,1.5731,0.7894
2016/8/26,13.65,1.6296,0.8428
2016/8/29,12.94,1.5595,0.8052
2016/8/30,13.12,1.5663,0.7973
2016/8/31,13.42,1.58,0.8053
2016/9/1,13.48,1.5681,0.7816
2016/9/2,11.98,1.6024,0.7858
2016/9/5,,1.6024,0.7858
2016/9/6,12.02,1.534,0.7281
2016/9/7,11.94,1.5391,0.734
2016/9/8,12.51,1.599,0.7699
2016/9/9,17.5,1.6749,0.7821
2016/9/12,15.16,1.6629,0.7701
2016/9/13,17.85,1.7271,0.7982
2016/9/14,18.14,1.6976,0.758
2016/9/15,16.3,1.6907,0.7258
2016/9/16,15.37,1.6926,0.7621
2016/9/19,15.53,1.7118,0.7784
2016/9/20,15.92,1.6892,0.7743
2016/9/21,13.3,1.6511,0.7744
2016/9/22,12.02,1.6183,0.7703
2016/9/23,12.29,1.6184,0.754
2016/9/26,14.5,1.5839,0.7336
2016/9/27,13.1,1.5564,0.7421
2016/9/28,12.39,1.5719,0.7559
2016/9/29,14.02,1.5599,0.7342
2016/9/30,13.29,1.5944,0.7619
2016/10/3,13.57,1.6221,0.7916
2016/10/4,13.63,1.6864,0.8215
2016/10/5,12.99,1.7021,0.8316
2016/10/6,12.84,1.7372,0.8496
2016/10/7,13.48,1.7181,0.8301
2016/10/10,13.38,1.7181,0.8301
2016/10/11,15.36,1.7638,0.8664
2016/10/12,15.91,1.7692,0.8585
2016/10/13,16.69,1.7411,0.8345
2016/10/14,16.12,1.7977,0.8348
2016/10/17,16.21,1.766,0.8147
2016/10/18,15.28,1.7379,0.7986
2016/10/19,14.41,1.7432,0.7946
2016/10/20,13.75,1.7556,0.819
2016/10/21,13.34,1.7347,0.8234
2016/10/24,13.02,1.7647,0.8399
2016/10/25,13.46,1.756,0.8523
2016/10/26,14.24,1.7931,0.8685
2016/10/27,15.36,1.8536,0.8863
2016/10/28,16.19,1.8468,0.8526
2016/10/31,17.06,1.8255,0.8409
2016/11/1,18.56,1.8274,0.8311
2016/11/2,19.32,1.8025,0.8174
2016/11/3,22.08,1.8115,0.8055
2016/11/4,22.51,1.7762,0.7838
2016/11/7,18.71,1.8261,0.8178
2016/11/8,18.74,1.8547,0.8539
2016/11/9,14.38,2.0571,0.8901
2016/11/10,14.74,2.1501,0.9151
2016/11/11,14.17,2.1501,0.9151
2016/11/14,14.48,2.2614,1.0023
2016/11/15,13.37,2.2189,0.9926
2016/11/16,13.72,2.2225,1.0051
2016/11/17,13.35,2.3026,1.0461
2016/11/18,12.85,2.3548,1.0678
2016/11/21,12.42,2.3154,1.0683
2016/11/22,12.41,2.3119,1.0871
2016/11/23,12.43,2.3498,1.1228
2016/11/24,,2.3498,1.1228
2016/11/25,12.34,2.3572,1.1168
2016/11/28,13.15,2.3124,1.099
2016/11/29,12.9,2.291,1.0871
2016/11/30,13.33,2.3809,1.113
2016/12/1,14.07,2.4481,1.147
2016/12/2,14.12,2.3831,1.0957
2016/12/5,12.14,2.3941,1.1198
2016/12/6,11.79,2.3887,1.1139
2016/12/7,12.22,2.3401,1.094
2016/12/8,12.64,2.4071,1.1102
2016/12/9,11.75,2.4675,1.1329
2016/12/12,12.64,2.4712,1.1411
2016/12/13,12.72,2.4713,1.1636
2016/12/14,13.19,2.5707,1.2673
2016/12/15,12.79,2.5967,1.2738
2016/12/16,12.2,2.5916,1.2524
2016/12/19,11.71,2.5382,1.2221
2016/12/20,11.45,2.5586,1.2163
2016/12/21,11.27,2.5348,1.1879
2016/12/22,11.43,2.5515,1.1923
2016/12/23,11.44,2.5373,1.2016
2016/12/26,,2.5373,1.2016
2016/12/27,11.99,2.5596,1.2267
2016/12/28,12.95,2.508,1.254
2016/12/29,13.37,2.475,1.2122
2016/12/30,14.04,2.4443,1.1883
2017/1/2,,2.4443,1.1883
2017/1/3,12.85,2.4444,1.2141
2017/1/4,11.85,2.439,1.214
2017/1/5,11.67,2.3443,1.1621
2017/1/6,11.32,2.4193,1.2098
2017/1/9,11.56,2.3647,1.1816
2017/1/10,11.49,2.3757,1.1856
2017/1/11,11.26,2.3721,1.1855
2017/1/12,11.54,2.3631,1.1733
2017/1/13,11.23,2.3964,1.1931
2017/1/16,,2.3964,1.1931
2017/1/17,11.87,2.3253,1.1524
2017/1/18,12.48,2.4296,1.2214
2017/1/19,12.78,2.4739,1.2214
2017/1/20,11.54,2.4668,1.1885
2017/1/23,11.77,2.3971,1.1434
2017/1/24,11.07,2.4652,1.1924
2017/1/25,10.81,2.5116,1.2341
2017/1/26,10.63,2.5043,1.2242
2017/1/27,10.58,2.4843,1.2182
2017/1/30,11.88,2.4881,1.2122
2017/1/31,11.99,2.4531,1.2044
2017/2/1,11.81,2.4699,1.2125
2017/2/2,11.93,2.4737,1.2046
2017/2/3,10.97,2.4648,1.1969
2017/2/6,11.37,2.4077,1.149
2017/2/7,11.29,2.3931,1.165
2017/2/8,11.45,2.3363,1.141
2017/2/9,10.88,2.3948,1.1772
2017/2/10,10.85,2.4073,1.1895
2017/2/13,11.07,2.4358,1.2017
2017/2/14,10.74,2.4698,1.2343
2017/2/15,11.97,2.4932,1.2466
2017/2/16,11.76,2.4467,1.2021
2017/2/17,11.49,2.4147,1.1882
2017/2/20,,2.4147,1.1882
2017/2/21,11.57,2.429,1.2067
2017/2/22,11.74,2.4129,1.2162
2017/2/23,11.71,2.372,1.1825
2017/2/24,11.47,2.3117,1.1428
2017/2/27,12.09,2.365,1.1944
2017/2/28,12.92,2.3899,1.2601
2017/3/1,12.54,2.4526,1.2842
2017/3/2,11.81,2.4779,1.3084
2017/3/3,10.96,2.478,1.3051
2017/3/6,11.24,2.4997,1.3053
2017/3/7,11.45,2.5179,1.3277
2017/3/8,11.86,2.5597,1.3542
2017/3/9,12.3,2.6053,1.3726
2017/3/10,11.66,2.5745,1.3534
2017/3/13,11.35,2.6258,1.3719
2017/3/14,12.3,2.6002,1.3763
2017/3/15,11.63,2.493,1.2994
2017/3/16,11.21,2.5402,1.3322
2017/3/17,11.28,2.5005,1.3146
2017/3/20,11.34,2.4607,1.2883
2017/3/21,12.47,2.4175,1.2598
2017/3/22,12.81,2.405,1.2477
2017/3/23,13.12,2.4194,1.252
2017/3/24,12.96,2.4123,1.2566
2017/3/27,12.5,2.3782,1.2527
2017/3/28,11.53,2.4178,1.3016
2017/3/29,11.42,2.3765,1.2698
2017/3/30,11.54,2.4197,1.2818
2017/3/31,12.37,2.3874,1.254
2017/4/3,12.38,2.3193,1.2261
2017/4/4,11.79,2.3605,1.252
2017/4/5,12.89,2.3354,1.234
2017/4/6,12.39,2.3408,1.2379
2017/4/7,12.87,2.3822,1.2862
2017/4/10,14.05,2.3661,1.2741
2017/4/11,15.07,2.2962,1.2338
2017/4/12,15.77,2.2392,1.2015
2017/4/13,15.96,2.2374,1.2053
2017/4/14,,2.2374,1.2053
2017/4/17,14.66,2.2498,1.2011
2017/4/18,14.42,2.1682,1.1604
2017/4/19,14.93,2.2143,1.1766
2017/4/20,14.15,2.232,1.1846
2017/4/21,14.63,2.248,1.1802
2017/4/24,10.84,2.273,1.2294
2017/4/25,10.76,2.3322,1.2704
2017/4/26,10.85,2.3035,1.2717
2017/4/27,10.36,2.2946,1.2579
2017/4/28,10.82,2.2802,1.2619
2017/5/1,10.11,2.318,1.2739
2017/5/2,10.59,2.2803,1.258
2017/5/3,10.68,2.318,1.2939
2017/5/4,10.46,2.3541,1.3059
2017/5/5,10.57,2.3487,1.3102
2017/5/8,9.77,2.3868,1.3303
2017/5/9,9.96,2.3977,1.3405
2017/5/10,10.21,2.4141,1.3548
2017/5/11,10.6,2.3874,1.3347
2017/5/12,10.4,2.3257,1.2904
2017/5/15,10.42,2.3433,1.2986
2017/5/16,10.65,2.3257,1.2987
2017/5/17,15.59,2.2243,1.2458
2017/5/18,14.66,2.2294,1.2682
2017/5/19,12.04,2.2346,1.2703
2017/5/22,10.93,2.2537,1.2826
2017/5/23,10.72,2.2799,1.3032
2017/5/24,10.02,2.2502,1.2818
2017/5/25,9.99,2.2554,1.2937
2017/5/26,9.81,2.2465,1.2937
2017/5/29,,2.2465,1.2937
2017/5/30,10.38,2.2098,1.2837
2017/5/31,10.41,2.2028,1.2818
2017/6/1,9.89,2.2114,1.2898
2017/6/2,9.75,2.1591,1.2879
2017/6/5,10.07,2.1817,1.302
2017/6/6,10.45,2.1451,1.294
2017/6/7,10.39,2.1729,1.3061
2017/6/8,10.16,2.1885,1.3143
2017/6/9,10.7,2.2005,1.3347
2017/6/12,11.46,2.2145,1.3551
2017/6/13,10.42,2.2109,1.3633
2017/6/14,10.64,2.1256,1.331
2017/6/15,10.9,2.1637,1.3514
2017/6/16,10.38,2.1514,1.3151
2017/6/19,10.37,2.1879,1.356
2017/6/20,10.86,2.1565,1.3439
2017/6/21,10.75,2.1634,1.3481
2017/6/22,10.48,2.1477,1.3401
2017/6/23,10.02,2.1423,1.3404
2017/6/26,9.9,2.137,1.3323
2017/6/27,11.06,2.2051,1.3692
2017/6/28,10.03,2.2279,1.3533
2017/6/29,11.44,2.2666,1.3692
2017/6/30,11.18,2.3037,1.3817
2017/7/3,11.22,2.3499,1.4101
2017/7/4,,2.3499,1.4101
2017/7/5,11.07,2.3232,1.4022
2017/7/6,12.54,2.3659,1.3944
2017/7/7,11.19,2.3856,1.399
2017/7/10,11.11,2.373,1.383
2017/7/11,10.89,2.3605,1.3751
2017/7/12,10.3,2.3177,1.3429
2017/7/13,9.9,2.3444,1.3633
2017/7/14,9.51,2.3319,1.3556
2017/7/17,9.82,2.3141,1.3557
2017/7/18,9.89,2.259,1.3477
2017/7/19,9.79,2.2696,1.356
2017/7/20,9.58,2.2589,1.3521
2017/7/21,9.36,2.2375,1.3402
2017/7/24,9.43,2.2552,1.3567
2017/7/25,9.43,2.3354,1.3899
2017/7/26,9.6,2.2872,1.3551
2017/7/27,10.11,2.3103,1.3631
2017/7/28,10.29,2.2889,1.3472
2017/7/31,10.26,2.2942,1.3491
2017/8/1,10.09,2.2532,1.3411
2017/8/2,10.28,2.271,1.359
2017/8/3,10.44,2.2212,1.339
2017/8/4,10.03,2.262,1.3509
2017/8/7,9.93,2.253,1.3509
2017/8/8,10.96,2.2619,1.3508
2017/8/9,11.11,2.2476,1.3387
2017/8/10,16.04,2.1975,1.3246
2017/8/11,15.51,2.1888,1.294
2017/8/14,12.33,2.2185,1.3182
2017/8/15,12.04,2.2728,1.3465
2017/8/16,11.74,2.222,1.3261
2017/8/17,15.55,2.1853,1.2956
2017/8/18,14.26,2.1939,1.3054
2017/8/21,13.19,2.1817,1.3012
2017/8/22,11.35,2.2131,1.3216
2017/8/23,12.25,2.166,1.3051
2017/8/24,12.23,2.1939,1.3297
2017/8/25,11.28,2.1659,1.3315
2017/8/28,11.32,2.1571,1.3253
2017/8/29,11.7,2.1292,1.3155
2017/8/30,11.22,2.1309,1.3255
2017/8/31,10.59,2.117,1.3255
2017/9/1,10.13,2.1657,1.342
2017/9/4,,2.1657,1.342
2017/9/5,12.23,2.0596,1.29
2017/9/6,11.63,2.1046,1.3021
2017/9/7,11.55,2.0387,1.262
2017/9/8,12.12,2.0507,1.262
2017/9/11,10.73,2.1306,1.3186
2017/9/12,10.58,2.1672,1.3348
2017/9/13,10.5,2.1883,1.3471
2017/9/14,10.44,2.1847,1.3615
2017/9/15,10.17,2.2023,1.3803
2017/9/18,10.15,2.2287,1.3947
2017/9/19,10.18,2.2446,1.4011
2017/9/20,9.78,2.2676,1.4382
2017/9/21,9.67,2.2765,1.4385
2017/9/22,9.59,2.2499,1.431
2017/9/25,10.21,2.2198,1.423
2017/9/26,10.17,2.2357,1.4356
2017/9/27,9.87,2.3103,1.4707
2017/9/28,9.55,2.3085,1.4508
2017/9/29,9.51,2.3336,1.4827
2017/10/2,9.45,2.3408,1.4828
2017/10/3,9.51,2.3229,1.471
2017/10/4,9.63,2.3229,1.4711
2017/10/5,9.19,2.348,1.4873
2017/10/6,9.65,2.3589,1.504
2017/10/9,10.33,2.3589,1.504
2017/10/10,10.08,2.3607,1.5123
2017/10/11,9.85,2.3481,1.5186
2017/10/12,9.91,2.3177,1.5127
2017/10/13,9.61,2.273,1.4929
2017/10/16,9.91,2.3034,1.5379
2017/10/17,10.31,2.2998,1.5463
2017/10/18,10.07,2.3465,1.5629
2017/10/19,10.05,2.3178,1.5304
2017/10/20,9.97,2.3845,1.5763
2017/10/23,11.07,2.3664,1.5642
2017/10/24,11.16,2.4189,1.581
2017/10/25,11.23,2.4317,1.595
2017/10/26,11.3,2.4609,1.6149
2017/10/27,9.8,2.4064,1.5875
2017/10/30,10.5,2.3684,1.5737
2017/10/31,10.18,2.3793,1.5997
2017/11/1,10.2,2.3721,1.6119
2017/11/2,9.93,2.345,1.608
2017/11/3,9.14,2.3325,1.6145
2017/11/6,9.4,2.3163,1.6207
2017/11/7,9.89,2.3145,1.6289
2017/11/8,9.78,2.3343,1.6452
2017/11/9,10.5,2.3416,1.6333
2017/11/10,11.29,2.3984,1.6541
2017/11/13,11.5,2.4055,1.6808
2017/11/14,11.59,2.3717,1.6872
2017/11/15,13.13,2.3222,1.6834
2017/11/16,11.76,2.3753,1.7082
2017/11/17,11.43,2.3435,1.7213
2017/11/20,10.65,2.3666,1.7505
2017/11/21,9.73,2.3559,1.7715
2017/11/22,9.88,2.3187,1.7267
2017/11/23,,2.3187,1.7267
2017/11/24,9.67,2.3418,1.7443
2017/11/27,9.87,2.3277,1.7404
2017/11/28,10.03,2.3277,1.746
2017/11/29,10.7,2.3882,1.762
2017/11/30,11.28,2.4097,1.782
2017/12/1,11.43,2.3615,1.772
2017/12/4,11.68,2.3723,1.8063
2017/12/5,11.33,2.3509,1.8184
2017/12/6,11.02,2.3385,1.8064
2017/12/7,10.16,2.3634,1.8024
2017/12/8,9.58,2.376,1.7945
2017/12/11,9.34,2.3886,1.8189
2017/12/12,9.92,2.4011,1.8271
2017/12/13,10.18,2.3422,1.7743
2017/12/14,10.49,2.3493,1.811
2017/12/15,9.42,2.353,1.8358
2017/12/18,9.53,2.3942,1.8277
2017/12/19,10.03,2.4644,1.8525
2017/12/20,9.72,2.497,1.8567
2017/12/21,9.62,2.4826,1.8775
2017/12/22,9.9,2.481,1.8906
2017/12/25,,2.481,1.8906
2017/12/26,10.25,2.4756,1.8991
2017/12/27,10.47,2.4107,1.893
2017/12/28,10.18,2.4305,1.9071
2017/12/29,11.04,2.4054,1.883
2018/1/1,,2.4054,1.883
2018/1/2,9.77,2.4633,1.9191
2018/1/3,9.15,2.4471,1.9313
2018/1/4,9.22,2.4525,1.9515
2018/1/5,9.22,2.4763,1.9599
2018/1/8,9.52,2.48,1.9579
2018/1/9,10.08,2.553,1.9682
2018/1/10,9.82,2.5568,1.9724
2018/1/11,9.88,2.5367,1.9786
2018/1/12,10.16,2.5462,1.9976
2018/1/15,,2.5462,1.9976
2018/1/16,11.66,2.5371,2.0142
2018/1/17,11.91,2.5904,2.0431
2018/1/18,12.22,2.6256,2.0434
2018/1/19,11.27,2.6592,2.0647
2018/1/22,11.03,2.65,2.0608
2018/1/23,11.1,2.6131,2.0403
2018/1/24,11.47,2.6465,2.0762
2018/1/25,11.58,2.617,2.0842
2018/1/26,11.08,2.6599,2.1163
2018/1/29,13.84,2.6936,2.1163
2018/1/30,14.79,2.7199,2.1243
2018/1/31,13.54,2.705,2.1406
2018/2/1,13.47,2.7896,2.1609
2018/2/2,17.31,2.8411,2.1413
2018/2/5,37.32,2.7056,2.0241
2018/2/6,29.98,2.8016,2.1051
2018/2/7,27.73,2.8359,2.1235
2018/2/8,33.46,2.824,2.1034
2018/2/9,29.06,2.8512,2.0732
2018/2/12,25.61,2.8585,2.0753
2018/2/13,24.97,2.8294,2.104
2018/2/14,19.26,2.9022,2.1636
2018/2/15,19.13,2.9095,2.1844
2018/2/16,19.46,2.8749,2.1895
2018/2/19,,2.8749,2.1895
2018/2/20,20.6,2.8896,2.2187
2018/2/21,20.02,2.95,2.2661
2018/2/22,18.72,2.9207,2.246
2018/2/23,16.49,2.866,2.238
2018/2/26,15.8,2.8623,2.2219
2018/2/27,18.59,2.8934,2.26
2018/2/28,19.85,2.8606,2.25
2018/3/1,22.47,2.8078,2.2117
2018/3/2,19.59,2.8643,2.2418
2018/3/5,18.73,2.8808,2.2378
2018/3/6,18.36,2.8863,2.2499
2018/3/7,17.76,2.8827,2.2519
2018/3/8,16.54,2.8571,2.2498
2018/3/9,14.64,2.8938,2.258
2018/3/12,15.78,2.8681,2.262
2018/3/13,16.35,2.8426,2.2539
2018/3/14,17.23,2.817,2.258
2018/3/15,16.59,2.828,2.2846
2018/3/16,15.8,2.8445,2.2909
2018/3/19,19.02,2.8555,2.3075
2018/3/20,18.2,2.8959,2.3448
2018/3/21,17.86,2.883,2.3055
2018/3/22,23.34,2.8244,2.2786
2018/3/23,24.87,2.8135,2.2538
2018/3/26,21.03,2.852,2.2704
2018/3/27,22.5,2.7753,2.2641
2018/3/28,22.87,2.7807,2.2842
2018/3/29,19.97,2.7389,2.2661
2018/3/30,,2.7389,2.2661
2018/4/2,23.62,2.7298,2.2459
2018/4/3,21.1,2.7753,2.2782
2018/4/4,20.06,2.8027,2.2924
2018/4/5,18.94,2.832,2.3026
2018/4/6,21.49,2.7735,2.2661
2018/4/9,21.77,2.779,2.2783
2018/4/10,20.47,2.8009,2.3069
2018/4/11,20.24,2.7808,2.307
2018/4/12,18.49,2.8358,2.348
2018/4/13,17.41,2.8267,2.3566
2018/4/16,16.56,2.8267,2.3773
2018/4/17,15.25,2.8285,2.394
2018/4/18,15.6,2.8728,2.4293
2018/4/19,15.96,2.9098,2.4275
2018/4/20,16.88,2.9602,2.4573
2018/4/23,16.34,2.9752,2.4764
2018/4/24,18.02,2.9995,2.4746
2018/4/25,17.84,3.0259,2.4878
2018/4/26,16.24,2.9809,2.4817
2018/4/27,15.41,2.9568,2.4838
2018/4/30,15.93,2.9531,2.4879
2018/5/1,15.49,2.9644,2.5042
2018/5/2,15.97,2.9663,2.4882
2018/5/3,15.9,2.9458,2.4762
2018/5/4,14.77,2.9497,2.4969
2018/5/7,14.75,2.9497,2.497
2018/5/8,14.71,2.976,2.5094
2018/5/9,13.42,3.0042,2.53
2018/5/10,13.23,2.9622,2.5302
2018/5/11,12.65,2.9695,2.5349
2018/5/14,12.93,3.0024,2.5475
2018/5/15,14.63,3.0723,2.5745
2018/5/16,13.42,3.0964,2.5851
2018/5/17,13.43,3.1112,2.5647
2018/5/18,13.42,3.0559,2.5467
2018/5/21,13.08,3.0596,2.5656
2018/5/22,13.22,3.0597,2.568
2018/5/23,12.58,2.9935,2.5282
2018/5/24,12.53,2.977,2.5081
2018/5/25,13.22,2.9313,2.4758
2018/5/28,,2.9313,2.4758
2018/5/29,17.02,2.781,2.3191
2018/5/30,14.94,2.855,2.4115
2018/5/31,15.43,2.8586,2.4274
2018/6/1,13.46,2.9022,2.4716
2018/6/4,12.74,2.9424,2.5161
2018/6/5,12.4,2.9277,2.4918
2018/6/6,11.64,2.9717,2.5161
2018/6/7,12.13,2.9204,2.4876
2018/6/8,12.18,2.9461,2.4977
2018/6/11,12.35,2.9516,2.5202
2018/6/12,12.34,2.9608,2.5387
2018/6/13,12.94,2.9663,2.5675
2018/6/14,12.12,2.9351,2.5635
2018/6/15,11.98,2.9205,2.5471
2018/6/18,12.31,2.9169,2.5492
2018/6/19,13.35,2.8967,2.5452
2018/6/20,12.79,2.9389,2.5659
2018/6/21,14.64,2.8967,2.5369
2018/6/22,13.77,2.8949,2.5412
2018/6/25,17.33,2.8803,2.5329
2018/6/26,15.92,2.8766,2.5329
2018/6/27,17.91,2.8256,2.504
2018/6/28,16.85,2.8365,2.5101
2018/6/29,16.09,2.8601,2.5282
2018/7/2,15.6,2.8711,2.5485
2018/7/3,16.14,2.8309,2.5242
2018/7/4,,2.8309,2.5242
2018/7/5,14.97,2.8291,2.5507
2018/7/6,13.37,2.8217,2.5365
2018/7/9,12.69,2.8564,2.559
2018/7/10,12.64,2.8491,2.5693
2018/7/11,13.63,2.8491,2.5776
2018/7/12,12.58,2.8454,2.5859
2018/7/13,12.18,2.8271,2.578
2018/7/16,12.83,2.8582,2.5966
2018/7/17,12.06,2.86,2.6154
2018/7/18,12.1,2.8692,2.6093
2018/7/19,12.87,2.838,2.5907
2018/7/20,12.86,2.8931,2.5931
2018/7/23,12.62,2.9541,2.6287
2018/7/24,12.41,2.9486,2.6331
2018/7/25,12.29,2.9746,2.6694
2018/7/26,12.14,2.9764,2.6815
2018/7/27,13.03,2.9542,2.6694
2018/7/30,14.26,2.9728,2.6613
2018/7/31,12.83,2.9598,2.6694
2018/8/1,13.15,3.0064,2.6776
2018/8/2,12.19,2.9859,2.6634
2018/8/3,11.64,2.9488,2.6432
2018/8/6,11.27,2.9395,2.6452
2018/8/7,10.93,2.973,2.6697
2018/8/8,10.85,2.96,2.6677
2018/8/9,11.27,2.9258,2.6452
2018/8/10,13.16,2.8732,2.6042
2018/8/13,14.78,2.8786,2.6124
2018/8/14,13.31,2.8985,2.637
2018/8/15,14.64,2.8623,2.6082
2018/8/16,13.45,2.8659,2.6164
2018/8/17,12.64,2.8605,2.6059
2018/8/20,12.49,2.819,2.5851
2018/8/21,12.86,2.8298,2.5954
2018/8/22,12.25,2.8189,2.5912
2018/8/23,12.41,2.8261,2.6162
2018/8/24,11.99,2.8098,2.6202
2018/8/27,12.16,2.8459,2.6412
2018/8/28,12.5,2.8804,2.6654
2018/8/29,12.25,2.884,2.6755
2018/8/30,13.53,2.855,2.6492
2018/8/31,12.86,2.8604,2.6269
2018/9/3,,2.8604,2.6269
2018/9/4,13.16,2.8985,2.6533
2018/9/5,13.91,2.9022,2.6493
2018/9/6,14.65,2.8731,2.633
2018/9/7,14.88,2.9388,2.7025
2018/9/10,14.16,2.9314,2.7108
2018/9/11,13.22,2.9755,2.7438
2018/9/12,13.14,2.9626,2.7481
2018/9/13,12.37,2.97,2.7565
2018/9/14,12.07,2.9959,2.7777
2018/9/17,13.68,2.9867,2.7779
2018/9/18,12.79,3.0551,2.7988
2018/9/19,11.75,3.0626,2.7907
2018/9/20,11.8,3.0626,2.8034
2018/9/21,11.68,3.0628,2.7999
2018/9/24,12.2,3.0889,2.8169
2018/9/25,12.42,3.0964,2.8391
2018/9/26,12.89,3.048,2.8148
2018/9/27,12.41,3.0518,2.8269
2018/9/28,12.12,3.0612,2.8188
2018/10/1,12,3.0836,2.8189
2018/10/2,12.05,3.0631,2.8108
2018/10/3,11.61,3.1813,2.872
2018/10/4,14.22,3.187,2.868
2018/10/5,14.82,3.2328,2.885
2018/10/8,15.69,3.2328,2.885
2018/10/9,15.95,3.2063,2.8851
2018/10/10,22.96,3.1629,2.8421
2018/10/11,24.98,3.1498,2.8484
2018/10/12,21.31,3.1613,2.8528
2018/10/15,21.3,3.1557,2.855
2018/10/16,17.62,3.1633,2.8655
2018/10/17,17.4,3.205,2.8885
2018/10/18,20.06,3.1786,2.8741
2018/10/19,19.89,3.1921,2.9038
2018/10/22,19.64,3.1978,2.9082
2018/10/23,20.71,3.1676,2.879
2018/10/24,25.23,3.1035,2.8305
2018/10/25,24.22,3.1167,2.8467
2018/10/26,24.16,3.0755,2.8062
2018/10/29,24.7,3.0849,2.8164
2018/10/30,23.35,3.1227,2.8507
2018/10/31,21.23,3.1435,2.8669
2018/11/1,19.34,3.1303,2.8445
2018/11/2,19.51,3.2121,2.9034
2018/11/5,19.96,3.2008,2.9075
2018/11/6,19.91,3.2276,2.9279
2018/11/7,16.36,3.2355,2.9567
2018/11/8,16.72,3.2373,2.965
2018/11/9,17.36,3.1819,2.9241
2018/11/12,20.45,3.1819,2.9241
2018/11/13,20.02,3.1397,2.8911
2018/11/14,21.25,3.125,2.8663
2018/11/15,19.98,3.1103,2.8539
2018/11/16,18.14,3.0628,2.7998
2018/11/19,20.1,3.0628,2.7893
2018/11/20,22.48,3.0628,2.8037
2018/11/21,20.8,3.0627,2.8139
2018/11/22,,3.0627,2.8139
2018/11/23,21.52,3.039,2.8094
2018/11/26,18.9,3.0535,2.8302
2018/11/27,19.02,3.0572,2.8329
2018/11/28,18.49,3.059,2.8086
2018/11/29,18.79,3.0298,2.8086
2018/11/30,18.07,2.9879,2.7865
2018/12/3,16.44,2.9697,2.8211
2018/12/4,20.74,2.9136,2.7947
2018/12/5,,2.9136,2.7947
2018/12/6,21.19,2.8955,2.76
2018/12/7,23.23,2.845,2.7109
2018/12/10,22.64,2.8575,2.7292
2018/12/11,21.76,2.879,2.7641
2018/12/12,21.46,2.9096,2.7723
2018/12/13,20.65,2.9131,2.762
2018/12/14,21.63,2.8895,2.733
2018/12/17,24.52,2.857,2.6916
2018/12/18,25.58,2.8175,2.6439
2018/12/19,25.58,2.7548,2.6458
2018/12/20,28.38,2.8065,2.6706
2018/12/21,30.11,2.7902,2.6389
2018/12/24,36.07,2.7383,2.5593
2018/12/25,,2.7383,2.5593
2018/12/26,30.41,2.8079,2.615
2018/12/27,29.96,2.7666,2.5625
2018/12/28,28.34,2.7182,2.5161
2018/12/31,25.42,2.6842,2.4878
2019/1/1,,2.6842,2.4878
2019/1/2,23.22,2.6204,2.4676
2019/1/3,25.45,2.5535,2.3786
2019/1/4,21.38,2.6677,2.4937
2019/1/7,21.4,2.696,2.5406
2019/1/8,20.47,2.728,2.5855
2019/1/9,19.98,2.71,2.5529
2019/1/10,19.5,2.7421,2.5755
2019/1/11,18.19,2.7007,2.5408
2019/1/14,19.07,2.7024,2.5347
2019/1/15,18.6,2.7112,2.5347
2019/1/16,19.04,2.7218,2.5409
2019/1/17,18.06,2.7504,2.5637
2019/1/18,17.8,2.7842,2.6139
2019/1/21,,2.7842,2.6139
2019/1/22,20.8,2.7392,2.5869
2019/1/23,19.52,2.7409,2.5829
2019/1/24,18.89,2.7157,2.5642
2019/1/25,17.42,2.7585,2.6063
2019/1/28,18.87,2.744,2.5897
2019/1/29,19.13,2.7098,2.5726
2019/1/30,17.66,2.6775,2.5081
2019/1/31,16.57,2.6293,2.4576
2019/2/1,16.14,2.6842,2.5019
2019/2/4,15.73,2.7235,2.5364
2019/2/5,15.57,2.6983,2.5222
2019/2/6,15.38,2.6946,2.5243
2019/2/7,16.37,2.6572,2.4795
2019/2/8,15.72,2.6339,2.465
2019/2/11,15.97,2.6536,2.4854
2019/2/12,15.43,2.6877,2.5059
2019/2/13,15.65,2.7021,2.5305
2019/2/14,16.22,2.6536,2.4935
2019/2/15,14.91,2.6626,2.5141
2019/2/18,,2.6626,2.5141
2019/2/19,14.88,2.6339,2.4872
2019/2/20,14.02,2.6447,2.4975
2019/2/21,14.46,2.6914,2.5286
2019/2/22,13.51,2.6518,2.4933
2019/2/25,14.85,2.6626,2.5058
2019/2/26,15.17,2.6357,2.4819
2019/2/27,14.7,2.6825,2.498
2019/2/28,14.78,2.715,2.5141
2019/3/1,13.57,2.7531,2.5526
2019/3/4,14.63,2.7223,2.5405
2019/3/5,14.74,2.7169,2.5446
2019/3/6,15.74,2.6934,2.5161
2019/3/7,16.59,2.6393,2.4734
2019/3/8,16.05,2.6285,2.461
2019/3/11,14.33,2.6393,2.4752
2019/3/12,13.77,2.6015,2.4506
2019/3/13,13.41,2.6213,2.4648
2019/3/14,13.5,2.6303,2.4607
2019/3/15,12.88,2.5871,2.4378
2019/3/18,13.1,2.6033,2.4521
2019/3/19,13.56,2.6123,2.4686
2019/3/20,13.91,2.5263,2.3961
2019/3/21,13.63,2.5369,2.4084
2019/3/22,16.48,2.439,2.3166
2019/3/25,16.33,2.3983,2.2416
2019/3/26,14.68,2.423,2.2662
2019/3/27,15.15,2.3665,2.2
2019/3/28,14.43,2.3946,2.2359
2019/3/29,13.71,2.405,2.26
2019/4/1,13.4,2.5009,2.3326
2019/4/2,13.36,2.4741,2.3024
2019/4/3,13.74,2.5241,2.3348
2019/4/4,13.58,2.5151,2.3369
2019/4/5,12.82,2.4954,2.3393
2019/4/8,13.18,2.5222,2.3618
2019/4/9,14.28,2.5006,2.3497
2019/4/10,13.3,2.4649,2.3212
2019/4/11,13.02,2.497,2.354
2019/4/12,12.01,2.5651,2.3914
2019/4/15,12.32,2.5543,2.3916
2019/4/16,12.18,2.5904,2.4124
2019/4/17,12.6,2.594,2.4002
2019/4/18,12.09,2.5596,2.3802
2019/4/19,,2.5596,2.3802
2019/4/22,12.42,2.5885,2.3866
2019/4/23,12.28,2.565,2.3639
2019/4/24,13.14,2.5181,2.3178
2019/4/25,13.25,2.5325,2.3319
2019/4/26,12.73,2.4982,2.2821
2019/4/29,13.11,2.5252,2.2922
2019/4/30,13.12,2.5018,2.2661
2019/5/1,14.8,2.4999,2.3044
2019/5/2,14.42,2.5414,2.3448
2019/5/3,12.87,2.525,2.333
2019/5/6,15.44,2.4692,2.2904
2019/5/7,19.32,2.4566,2.2844
2019/5/8,19.4,2.4835,2.2966
2019/5/9,19.1,2.4423,2.258
2019/5/10,16.04,2.4672,2.2661
2019/5/13,20.55,2.4015,2.1884
2019/5/14,18.06,2.4104,2.1965
2019/5/15,16.44,2.3732,2.1596
2019/5/16,15.29,2.3944,2.1922
2019/5/17,15.96,2.3909,2.1981
2019/5/20,16.31,2.4157,2.2208
2019/5/21,14.95,2.4264,2.2538
2019/5/22,14.75,2.382,2.2227
2019/5/23,16.92,2.3185,2.146
2019/5/24,15.85,2.3202,2.1641
2019/5/27,,2.3202,2.1641
2019/5/28,17.5,2.2658,2.1244
2019/5/29,17.9,2.2605,2.109
2019/5/30,17.3,2.2133,2.0609
2019/5/31,18.71,2.1246,1.9221
2019/6/3,18.86,2.071,1.8317
2019/6/4,16.97,2.1296,1.8834
2019/6/5,16.09,2.1348,1.8569
2019/6/6,15.93,2.1174,1.8787
2019/6/7,16.3,2.0809,1.8494
2019/6/10,15.94,2.1484,1.9036
2019/6/11,15.99,2.1431,1.9297
2019/6/12,15.91,2.1205,1.8786
2019/6/13,15.82,2.0945,1.8357
2019/6/14,15.28,2.0804,1.8405
2019/6/17,15.35,2.0942,1.8687
2019/6/18,15.15,2.0595,1.8643
2019/6/19,14.33,2.0233,1.7351
2019/6/20,14.75,2.0284,1.7775
2019/6/21,15.4,2.054,1.7678
2019/6/24,15.26,2.0143,1.7324
2019/6/25,16.28,1.985,1.7318
2019/6/26,16.21,2.0468,1.7689
2019/6/27,15.82,2.014,1.7449
2019/6/28,15.08,2.0051,1.7549
2019/7/1,14.06,2.024,1.7872
2019/7/2,12.93,1.974,1.7613
2019/7/3,12.57,1.9498,1.7596
2019/7/4,,1.9498,1.7596
2019/7/5,13.28,2.0338,1.8593
2019/7/8,13.96,2.0476,1.89
2019/7/9,14.09,2.0648,1.9066
2019/7/10,13.03,2.0613,1.8277
2019/7/11,12.93,2.1378,1.8625
2019/7/12,12.39,2.1219,1.8471
2019/7/15,12.68,2.0887,1.829
2019/7/16,12.86,2.1026,1.8498
2019/7/17,13.97,2.0451,1.8111
2019/7/18,13.53,2.0242,1.7559
2019/7/19,14.45,2.0552,1.8183
2019/7/22,13.53,2.0464,1.8123
2019/7/23,12.61,2.0812,1.8374
2019/7/24,12.07,2.0428,1.8179
2019/7/25,12.74,2.081,1.8639
2019/7/26,12.16,2.0703,1.8519
2019/7/29,12.83,2.065,1.8579
2019/7/30,13.94,2.058,1.8459
2019/7/31,16.12,2.0144,1.8721
2019/8/1,17.87,1.8935,1.734
2019/8/2,17.61,1.8452,1.7118
2019/8/5,24.59,1.7075,1.5733
2019/8/6,20.17,1.7023,1.583
2019/8/7,19.49,1.7342,1.6069
2019/8/8,16.91,1.7172,1.6188
2019/8/9,17.97,1.7447,1.6466
2019/8/12,21.09,1.6454,1.5837
2019/8/13,17.52,1.7035,1.6666
2019/8/14,22.1,1.5792,1.5771
2019/8/15,21.18,1.5269,1.4957
2019/8/16,18.47,1.5538,1.4763
2019/8/19,16.88,1.6063,1.5453
2019/8/20,17.5,1.5555,1.5123
2019/8/21,15.8,1.5893,1.5733
2019/8/22,16.68,1.6131,1.6121
2019/8/23,19.87,1.5351,1.5332
2019/8/26,19.32,1.5351,1.5391
2019/8/27,20.31,1.4711,1.5223
2019/8/28,19.35,1.4794,1.5
2019/8/29,17.88,1.4945,1.52
2019/8/30,18.98,1.4961,1.504
2019/9/2,,1.4961,1.504
2019/9/3,19.66,1.4573,1.452
2019/9/4,17.33,1.4657,1.4319
2019/9/5,16.27,1.5586,1.526
2019/9/6,15,1.5602,1.5402
2019/9/9,15.27,1.6438,1.5928
2019/9/10,15.2,1.7316,1.676
2019/9/11,14.61,1.7385,1.6742
2019/9/12,14.22,1.7715,1.7192
2019/9/13,13.74,1.8958,1.7999
2019/9/16,14.67,1.8467,1.7593
2019/9/17,14.44,1.8013,1.7248
2019/9/18,13.95,1.7961,1.7621
2019/9/19,14.05,1.784,1.7378
2019/9/20,15.32,1.7215,1.683
2019/9/23,14.91,1.7267,1.6812
2019/9/24,17.05,1.6456,1.6256
2019/9/25,15.96,1.7372,1.6795
2019/9/26,16.07,1.6921,1.6555
2019/9/27,17.22,1.6801,1.6315
2019/9/30,16.24,1.6646,1.6217
2019/10/1,18.56,1.6353,1.5459
2019/10/2,20.56,1.5992,1.478
2019/10/3,19.12,1.5341,1.3901
2019/10/4,17.04,1.529,1.4036
2019/10/7,17.86,1.558,1.4617
2019/10/8,20.28,1.5289,1.4194
2019/10/9,18.64,1.5836,1.4657
2019/10/10,17.57,1.6681,1.5424
2019/10/11,15.58,1.729,1.5914
2019/10/14,14.57,1.729,1.5914
2019/10/15,13.54,1.771,1.618
2019/10/16,13.68,1.7395,1.5835
2019/10/17,13.79,1.7518,1.5999
2019/10/18,14.25,1.7536,1.5736
2019/10/21,14,1.7993,1.621
2019/10/22,14.46,1.7607,1.5944
2019/10/23,14.01,1.7642,1.5817
2019/10/24,13.71,1.766,1.5777
2019/10/25,12.65,1.7943,1.6176
2019/10/28,13.11,1.842,1.6435
2019/10/29,13.2,1.8385,1.6415
2019/10/30,12.33,1.7715,1.5976
2019/10/31,13.22,1.691,1.5239
2019/11/1,12.3,1.7103,1.552
2019/11/4,12.83,1.777,1.5822
2019/11/5,13.1,1.8584,1.6245
2019/11/6,12.62,1.8283,1.6086
2019/11/7,12.73,1.9173,1.6672
2019/11/8,12.07,1.9417,1.6742
2019/11/11,12.69,1.9417,1.6742
2019/11/12,12.68,1.9347,1.6623
2019/11/13,13,1.886,1.636
2019/11/14,13.05,1.8186,1.5914
2019/11/15,12.05,1.8308,1.6101
2019/11/18,12.46,1.8153,1.598
2019/11/19,12.86,1.7826,1.5961
2019/11/20,12.78,1.7449,1.5757
2019/11/21,13.13,1.7723,1.6046
2019/11/22,12.34,1.7706,1.6277
2019/11/25,11.87,1.7551,1.6134
2019/11/26,11.54,1.7414,1.5819
2019/11/27,11.75,1.7654,1.6259
2019/11/28,,1.7654,1.6259
2019/11/29,12.62,1.7758,1.6119
2019/12/2,14.91,1.8189,1.6
2019/12/3,15.96,1.7157,1.538
2019/12/4,14.8,1.774,1.5721
2019/12/5,14.52,1.8103,1.5923
2019/12/6,13.62,1.8363,1.6149
2019/12/9,15.86,1.819,1.613
2019/12/10,15.68,1.8416,1.6517
2019/12/11,14.99,1.7914,1.6133
2019/12/12,13.94,1.8922,1.6582
2019/12/13,12.63,1.8226,1.6037
2019/12/16,12.14,1.8713,1.6263
2019/12/17,12.29,1.8801,1.6224
2019/12/18,12.58,1.9169,1.6287
2019/12/19,12.5,1.9204,1.6268
2019/12/20,12.51,1.9171,1.6294
2019/12/23,12.61,1.9294,1.6523
2019/12/24,12.67,1.8996,1.621
2019/12/25,,1.8996,1.621
2019/12/26,12.65,1.8944,1.631
2019/12/27,13.43,1.8752,1.5812
2019/12/30,14.82,1.8788,1.5653
2019/12/31,13.78,1.9175,1.5691
2020/1/1,,1.9175,1.5691
2020/1/2,12.47,1.8771,1.569
2020/1/3,14.02,1.7881,1.5246
2020/1/6,13.85,1.809,1.5445
2020/1/7,13.79,1.8177,1.5404
2020/1/8,13.45,1.8738,1.5806
2020/1/9,12.54,1.8545,1.5785
2020/1/10,12.56,1.8196,1.5702
2020/1/13,12.32,1.8459,1.5843
2020/1/14,12.39,1.8109,1.57
2020/1/15,12.42,1.783,1.5536
2020/1/16,12.32,1.8074,1.5657
2020/1/17,12.1,1.8215,1.5592
2020/1/20,,1.8215,1.5592
2020/1/21,12.85,1.7743,1.5304
2020/1/22,12.91,1.7691,1.5283
2020/1/23,12.98,1.7325,1.5137
2020/1/24,14.56,1.6839,1.4947
2020/1/27,18.23,1.608,1.4409
2020/1/28,16.28,1.6562,1.4625
2020/1/29,16.39,1.5839,1.4128
2020/1/30,15.49,1.5856,1.4128
2020/1/31,18.84,1.5068,1.3132
2020/2/3,17.97,1.5272,1.353
2020/2/4,16.05,1.5991,1.409
2020/2/5,15.15,1.6508,1.4431
2020/2/6,14.96,1.6422,1.4452
2020/2/7,15.47,1.5834,1.4011
2020/2/10,15.04,1.5696,1.3931
2020/2/11,15.18,1.6006,1.4234
2020/2/12,13.74,1.6333,1.4437
2020/2/13,14.15,1.6173,1.4438
2020/2/14,13.68,1.5848,1.4279
2020/2/17,,1.5848,1.4279
2020/2/18,14.83,1.561,1.4116
2020/2/19,14.38,1.5661,1.4219
2020/2/20,15.56,1.5152,1.3892
2020/2/21,17.08,1.4713,1.3543
2020/2/24,25.03,1.3705,1.2476
2020/2/25,27.85,1.3521,1.2248
2020/2/26,27.56,1.3371,1.1647
2020/2/27,39.16,1.2607,1.0615
2020/2/28,40.11,1.1486,0.913
2020/3/2,33.42,1.1632,0.9029
2020/3/3,36.82,0.999,0.6991
2020/3/4,31.99,1.0522,0.6926
2020/3/5,39.62,0.912,0.5973
2020/3/6,41.94,0.7623,0.5062
2020/3/9,54.46,0.5407,0.381
2020/3/10,47.3,0.803,0.5342
2020/3/11,53.9,0.8695,0.5195
2020/3/12,75.47,0.8042,0.481
2020/3/13,57.83,0.9603,0.4903
2020/3/16,82.69,0.7182,0.3599
2020/3/17,75.91,1.0784,0.4925
2020/3/18,76.45,1.1915,0.5337
2020/3/19,72,1.1404,0.4507
2020/3/20,66.04,0.8454,0.3134
2020/3/23,61.59,0.7863,0.3123
2020/3/24,61.67,0.8466,0.3715
2020/3/25,63.95,0.8673,0.3299
2020/3/26,61,0.8447,0.2927
2020/3/27,65.54,0.6746,0.2418
2020/3/30,57.08,0.7264,0.2281
2020/3/31,53.54,0.6695,0.2455
2020/4/1,57.06,0.5832,0.2061
2020/4/2,50.91,0.597,0.2255
2020/4/3,46.8,0.5948,0.2289
2020/4/6,45.24,0.6698,0.2622
2020/4/7,46.7,0.7122,0.2601
2020/4/8,43.35,0.7722,0.252
2020/4/9,41.67,0.7191,0.2254
2020/4/10,,0.7191,0.2254
2020/4/13,41.17,0.7713,0.2452
2020/4/14,37.76,0.752,0.219
2020/4/15,40.84,0.6316,0.1969
2020/4/16,40.11,0.6267,0.2066
2020/4/17,38.15,0.6417,0.2019
2020/4/20,43.83,0.6053,0.2016
2020/4/21,45.41,0.5691,0.2034
2020/4/22,41.98,0.619,0.2133
2020/4/23,41.38,0.6015,0.2191
2020/4/24,35.93,0.6008,0.2245
2020/4/27,33.29,0.6605,0.2223
2020/4/28,33.57,0.6129,0.2112
2020/4/29,31.23,0.6269,0.2014
2020/4/30,34.15,0.6393,0.1956
2020/5/1,37.19,0.6118,0.19
2020/5/4,35.97,0.6336,0.1822
2020/5/5,33.61,0.6619,0.1882
2020/5/6,34.12,0.703,0.1784
2020/5/7,31.44,0.6409,0.1388
2020/5/8,27.98,0.6831,0.1568
2020/5/11,27.57,0.7099,0.1747
2020/5/12,33.04,0.6651,0.1589
2020/5/13,35.28,0.6525,0.1589
2020/5/14,32.61,0.6218,0.147
2020/5/15,31.89,0.6428,0.1451
2020/5/18,29.3,0.7257,0.1772
2020/5/19,30.53,0.6882,0.1652
2020/5/20,27.99,0.6801,0.1633
2020/5/21,29.53,0.672,0.1653
2020/5/22,28.16,0.6591,0.1676
2020/5/25,,0.6591,0.1676
2020/5/26,28.01,0.6965,0.1717
2020/5/27,27.62,0.6819,0.1799
2020/5/28,28.59,0.69,0.1701
2020/5/29,27.51,0.6526,0.1603
2020/6/1,28.23,0.6591,0.1564
2020/6/2,26.84,0.6852,0.1623
2020/6/3,25.66,0.7458,0.19
2020/6/4,25.81,0.8234,0.194
2020/6/5,24.52,0.8951,0.2062
2020/6/8,25.81,0.8752,0.2261
2020/6/9,27.57,0.8253,0.2024
2020/6/10,27.57,0.7263,0.1667
2020/6/11,40.79,0.669,0.1967
2020/6/12,36.09,0.7034,0.193
2020/6/15,34.4,0.7215,0.189
2020/6/16,33.67,0.7528,0.1992
2020/6/17,33.47,0.738,0.1952
2020/6/18,32.94,0.7084,0.1933
2020/6/19,35.12,0.6937,0.1855
2020/6/22,31.77,0.7085,0.1917
2020/6/23,31.37,0.7118,0.1857
2020/6/24,33.84,0.679,0.1876
2020/6/25,32.22,0.6856,0.1857
2020/6/26,34.73,0.6413,0.1661
2020/6/29,31.78,0.6234,0.1485
2020/6/30,30.43,0.6561,0.1485
2020/7/1,28.62,0.6758,0.1603
2020/7/2,27.68,0.6693,0.1526
2020/7/3,,0.6693,0.1526
2020/7/6,27.94,0.6759,0.1566
2020/7/7,29.43,0.6397,0.1567
2020/7/8,28.08,0.6644,0.1587
2020/7/9,29.26,0.6135,0.1508
2020/7/10,27.29,0.6447,0.1529
2020/7/13,32.19,0.6184,0.1509
2020/7/14,29.52,0.6233,0.157
2020/7/15,27.76,0.6299,0.155
2020/7/16,28,0.6168,0.145
2020/7/17,25.68,0.6266,0.1451
2020/7/20,24.46,0.6102,0.1472
2020/7/21,24.84,0.6004,0.1411
2020/7/22,24.32,0.5971,0.1492
2020/7/23,26.08,0.5774,0.1513
2020/7/24,25.84,0.5888,0.1473
2020/7/27,24.74,0.6151,0.1514
2020/7/28,25.44,0.579,0.1387
2020/7/29,24.1,0.5741,0.1309
2020/7/30,24.76,0.5462,0.1172
2020/7/31,24.46,0.5282,0.1054
2020/8/3,24.28,0.5543,0.1093
2020/8/4,23.76,0.5069,0.1073
2020/8/5,22.99,0.5477,0.1171
2020/8/6,22.65,0.5362,0.1151
2020/8/7,22.21,0.564,0.129
2020/8/10,22.13,0.5755,0.131
2020/8/11,24.03,0.6415,0.1489
2020/8/12,22.28,0.6747,0.1609
2020/8/13,22.13,0.7208,0.1629
2020/8/14,22.05,0.7094,0.145
2020/8/17,21.35,0.6882,0.1511
2020/8/18,21.51,0.6687,0.1431
2020/8/19,22.54,0.6801,0.1391
2020/8/20,22.72,0.6509,0.1411
2020/8/21,22.54,0.6282,0.1432
2020/8/24,22.37,0.6542,0.1513
2020/8/25,22.03,0.6835,0.1493
2020/8/26,23.27,0.6884,0.1504
2020/8/27,24.47,0.7522,0.1583
2020/8/28,22.96,0.7211,0.127
2020/8/31,26.41,0.7048,0.1309
2020/9/1,26.12,0.6689,0.1309
2020/9/2,26.57,0.6477,0.1329
2020/9/3,33.6,0.6347,0.127
2020/9/4,30.75,0.718,0.1428
2020/9/7,,0.718,0.1428
2020/9/8,31.46,0.6788,0.1408
2020/9/9,28.81,0.7001,0.1468
2020/9/10,29.71,0.6772,0.1389
2020/9/11,26.87,0.6658,0.127
2020/9/14,25.85,0.6723,0.137
2020/9/15,25.59,0.6789,0.139
2020/9/16,26.04,0.6969,0.137
2020/9/17,26.46,0.6887,0.135
2020/9/18,25.83,0.6937,0.1391
2020/9/21,27.78,0.6658,0.1371
2020/9/22,26.86,0.6708,0.1351
2020/9/23,28.58,0.6724,0.1387
2020/9/24,28.51,0.6659,0.1328
2020/9/25,26.38,0.6544,0.1289
2020/9/28,26.19,0.6528,0.125
2020/9/29,26.27,0.6495,0.123
2020/9/30,26.37,0.684,0.127
2020/10/1,26.7,0.6774,0.127
2020/10/2,27.63,0.7005,0.1289
2020/10/5,27.96,0.7817,0.1447
2020/10/6,29.48,0.7353,0.1467
2020/10/7,28.06,0.7868,0.1507
2020/10/8,26.36,0.7852,0.1508
2020/10/9,25,0.7737,0.1529
2020/10/12,25.07,0.7737,0.1529
2020/10/13,26.07,0.7272,0.139
2020/10/14,26.4,0.7256,0.139
2020/10/15,26.97,0.7322,0.139
2020/10/16,27.41,0.7456,0.1431
2020/10/19,29.18,0.769,0.1451
2020/10/20,29.35,0.7857,0.1431
2020/10/21,28.65,0.8226,0.1472
2020/10/22,28.11,0.8562,0.1533
2020/10/23,27.55,0.8429,0.1554
2020/10/26,32.46,0.801,0.1494
2020/10/27,33.35,0.7676,0.1453
2020/10/28,40.28,0.771,0.1466
2020/10/29,37.59,0.823,0.1466
2020/10/30,38.02,0.8737,0.1525
2020/11/2,37.13,0.8434,0.1545
2020/11/3,35.55,0.8993,0.1663
2020/11/4,29.57,0.7629,0.1447
2020/11/5,27.58,0.7629,0.1447
2020/11/6,24.86,0.8185,0.1527
2020/11/9,25.75,0.9235,0.1706
2020/11/10,24.8,0.9595,0.1807
2020/11/11,23.45,0.9753,0.1807
2020/11/12,25.35,0.8815,0.1768
2020/11/13,23.1,0.8963,0.179
2020/11/16,22.45,0.9061,0.1771
2020/11/17,22.71,0.857,0.1692
2020/11/18,23.84,0.8701,0.1732
2020/11/19,23.11,0.8293,0.1612
2020/11/20,23.7,0.8243,0.1573
2020/11/23,22.66,0.8537,0.1594
2020/11/24,21.64,0.8799,0.1602
2020/11/25,21.25,0.8816,0.1583
2020/11/26,,0.8816,0.1583
2020/11/27,20.84,0.8373,0.1524
2020/11/30,20.57,0.8389,0.1485
2020/12/1,20.77,0.926,0.1662
2020/12/2,21.17,0.936,0.1584
2020/12/3,21.28,0.9063,0.1486
2020/12/4,20.79,0.9659,0.1507
2020/12/7,21.3,0.9228,0.1408
2020/12/8,20.68,0.9179,0.1508
2020/12/9,22.27,0.9361,0.1488
2020/12/10,22.52,0.9063,0.1369
2020/12/11,23.31,0.8964,0.115
2020/12/14,24.72,0.8931,0.115
2020/12/15,22.89,0.908,0.113
2020/12/16,22.5,0.9163,0.115
2020/12/17,21.93,0.9329,0.121
2020/12/18,21.57,0.9462,0.121
2020/12/21,25.16,0.9346,0.121
2020/12/22,24.23,0.9164,0.1129
2020/12/23,23.31,0.943,0.1169
2020/12/24,21.53,0.9231,0.1189
2020/12/25,,0.9231,0.1189
2020/12/28,21.7,0.9231,0.1189
2020/12/29,23.08,0.9364,0.125
2020/12/30,22.77,0.9231,0.1211
2020/12/31,22.75,0.9132,0.1211
2021/1/1,,0.9132,0.1211
2021/1/4,26.97,0.9132,0.1132
2021/1/5,25.34,0.9549,0.1211
2021/1/6,25.07,1.0355,0.1369
2021/1/7,22.37,1.0795,0.1369
2021/1/8,21.56,1.1153,0.1329
2021/1/11,24.08,1.146,0.1449
2021/1/12,23.33,1.1291,0.1449
2021/1/13,22.21,1.0832,0.143
2021/1/14,23.25,1.1292,0.139
2021/1/15,24.34,1.0835,0.133
2021/1/18,,1.0835,0.133
2021/1/19,23.24,1.0886,0.131
2021/1/20,21.58,1.0802,0.127
2021/1/21,21.32,1.1058,0.1189
2021/1/22,21.91,1.0855,0.1209
2021/1/25,23.19,1.0295,0.1149
2021/1/26,23.02,1.0347,0.1211
2021/1/27,37.21,1.0161,0.1191
2021/1/28,30.21,1.0449,0.1172
2021/1/29,33.09,1.0655,0.1093
2021/2/1,30.24,1.0792,0.1073
2021/2/2,25.56,1.0963,0.1132
2021/2/3,22.91,1.1374,0.1171
2021/2/4,21.77,1.1392,0.1112
2021/2/5,20.87,1.1635,0.1013
2021/2/8,21.24,1.1705,0.1111
2021/2/9,21.63,1.1568,0.1151
2021/2/10,21.99,1.1225,0.1071
2021/2/11,21.25,1.1632,0.1091
2021/2/12,19.97,1.2082,0.109
2021/2/15,,1.2082,0.109
2021/2/16,21.46,1.3141,0.119
2021/2/17,21.5,1.2703,0.1029
2021/2/18,22.49,1.2956,0.1049
2021/2/19,22.05,1.3364,0.1048
2021/2/22,23.45,1.3653,0.1109
2021/2/23,23.11,1.3416,0.1108
2021/2/24,21.34,1.3756,0.123
2021/2/25,28.89,1.5199,0.172
2021/2/26,27.95,1.4049,0.127
2021/3/1,23.35,1.417,0.1191
2021/3/2,24.1,1.3914,0.1211
2021/3/3,26.67,1.4808,0.1407
2021/3/4,28.57,1.564,0.1447
2021/3/5,24.66,1.5661,0.1369
2021/3/8,25.47,1.5907,0.1626
2021/3/9,24.03,1.5263,0.1607
2021/3/10,22.56,1.5178,0.1528
2021/3/11,21.91,1.537,0.1389
2021/3/12,20.69,1.6247,0.147
2021/3/15,20.03,1.6055,0.151
2021/3/16,19.79,1.6179,0.149
2021/3/17,19.23,1.6427,0.133
2021/3/18,21.58,1.7082,0.1531
2021/3/19,20.95,1.721,0.1492
2021/3/22,18.88,1.6946,0.1472
2021/3/23,20.3,1.6206,0.1452
2021/3/24,21.2,1.6084,0.1465
2021/3/25,19.81,1.6332,0.1367
2021/3/26,18.86,1.676,0.1387
2021/3/29,20.74,1.7081,0.1407
2021/3/30,19.61,1.7029,0.1465
2021/3/31,19.4,1.7404,0.1603
2021/4/1,17.33,1.6699,0.1585
2021/4/2,,1.7216,0.1862
2021/4/5,17.91,1.7003,0.1664
2021/4/6,18.12,1.656,0.1566
2021/4/7,17.16,1.6739,0.1527
2021/4/8,16.95,1.6192,0.1488
2021/4/9,16.69,1.6585,0.1548
2021/4/12,16.91,1.6657,0.1668
2021/4/13,16.65,1.6145,0.1589
2021/4/14,16.99,1.6323,0.161
2021/4/15,16.57,1.5759,0.159
2021/4/16,16.25,1.5798,0.1612
2021/4/19,17.29,1.6047,0.1572
2021/4/20,18.68,1.5589,0.1492
2021/4/21,17.5,1.5555,0.1472
2021/4/22,18.71,1.538,0.1472
2021/4/23,17.33,1.5577,0.1575
2021/4/26,17.64,1.5667,0.1677
2021/4/27,17.56,1.6216,0.1798
2021/4/28,17.28,1.6094,0.1641
2021/4/29,17.61,1.6343,0.1622
2021/4/30,18.61,1.6259,0.1584
2021/5/3,18.31,1.5976,0.1585
2021/5/4,19.48,1.5924,0.1585
2021/5/5,19.15,1.566,0.1506
2021/5/6,18.39,1.5696,0.1527
2021/5/7,16.69,1.5771,0.1448
2021/5/10,19.66,1.602,0.1528
2021/5/11,21.84,1.6217,0.1588
2021/5/12,27.59,1.6916,0.1629
2021/5/13,23.13,1.6574,0.1529
2021/5/14,18.81,1.6284,0.147
2021/5/17,19.72,1.6488,0.1531
2021/5/18,21.34,1.6369,0.1491
2021/5/19,22.18,1.671,0.1552
2021/5/20,20.67,1.625,0.1451
2021/5/21,20.15,1.6216,0.1533
2021/5/24,18.4,1.6012,0.1493
2021/5/25,18.84,1.5588,0.1412
2021/5/26,17.36,1.5757,0.1485
2021/5/27,16.74,1.6062,0.1446
2021/5/28,16.76,1.5943,0.1407
2021/5/31,,1.5943,0.1407
2021/6/1,17.9,1.6062,0.1466
2021/6/2,17.48,1.5875,0.1446
2021/6/3,18.04,1.625,0.1545
2021/6/4,16.42,1.5534,0.1448
2021/6/7,16.42,1.5687,0.1547
2021/6/8,17.07,1.5331,0.1508
2021/6/9,17.89,1.4908,0.1548
2021/6/10,16.1,1.4318,0.1429
2021/6/11,15.65,1.4518,0.1469
2021/6/14,16.39,1.494,0.157
2021/6/15,17.02,1.4922,0.163
2021/6/16,18.15,1.5754,0.2052
2021/6/17,17.75,1.504,0.2093
2021/6/18,20.7,1.4381,0.2541
2021/6/21,17.89,1.4886,0.2543
2021/6/22,16.66,1.4632,0.2281
2021/6/23,16.32,1.4852,0.2622
2021/6/24,15.97,1.4919,0.2681
2021/6/25,15.62,1.5241,0.2661
2021/6/28,15.76,1.4765,0.2543
2021/6/29,16.02,1.4697,0.2504
2021/6/30,15.83,1.468,0.2486
2021/7/1,15.48,1.4578,0.2527
2021/7/2,15.07,1.4238,0.2336
2021/7/5,,1.4238,0.2336
2021/7/6,16.44,1.3481,0.2179
2021/7/7,16.2,1.3163,0.2141
2021/7/8,19,1.2928,0.1944
2021/7/9,16.18,1.3595,0.2126
2021/7/12,16.17,1.3645,0.2267
2021/7/13,17.12,1.4166,0.2528
2021/7/14,16.33,1.3459,0.223
2021/7/15,17.01,1.2989,0.2231
2021/7/16,18.45,1.2903,0.2215
2021/7/19,22.5,1.1888,0.2156
2021/7/20,19.73,1.2218,0.1996
2021/7/21,17.91,1.2884,0.2078
2021/7/22,17.69,1.2783,0.1998
2021/7/23,17.2,1.2763,0.1981
2021/7/26,17.58,1.2896,0.1941
2021/7/27,19.36,1.2411,0.2035
2021/7/28,18.31,1.2327,0.2016
2021/7/29,17.7,1.2693,0.2035
2021/7/30,18.24,1.2223,0.1839
2021/8/2,19.46,1.1773,0.1722
2021/8/3,18.04,1.1722,0.1703
2021/8/4,17.97,1.182,0.1802
2021/8/5,17.28,1.2235,0.198
2021/8/6,16.15,1.2969,0.2083
2021/8/9,16.72,1.3237,0.2203
2021/8/10,16.79,1.349,0.2383
2021/8/11,16.06,1.3303,0.2186
2021/8/12,15.59,1.359,0.2227
2021/8/13,15.45,1.2767,0.2071
2021/8/16,16.12,1.265,0.2092
2021/8/17,17.91,1.2617,0.2133
2021/8/18,21.57,1.2583,0.2155
2021/8/19,21.67,1.2433,0.2196
2021/8/20,18.56,1.255,0.2241
2021/8/23,17.15,1.2517,0.2242
2021/8/24,17.22,1.2935,0.2223
2021/8/25,16.79,1.339,0.2386
2021/8/26,18.84,1.3491,0.2406
2021/8/27,16.39,1.307,0.2151
2021/8/30,16.19,1.2785,0.2014
2021/8/31,16.48,1.3088,0.2093
2021/9/1,16.11,1.2936,0.2094
2021/9/2,16.41,1.2835,0.2056
2021/9/3,16.41,1.3223,0.2061
2021/9/6,,1.3223,0.2061
2021/9/7,18.14,1.3732,0.2201
2021/9/8,17.96,1.3376,0.2162
2021/9/9,18.8,1.2971,0.2124
2021/9/10,20.95,1.3411,0.2127
2021/9/13,19.37,1.3259,0.2129
2021/9/14,19.46,1.2836,0.207
2021/9/15,18.18,1.2988,0.2111
2021/9/16,18.69,1.3378,0.2193
2021/9/17,20.81,1.3616,0.2217
2021/9/20,25.71,1.3107,0.2158
2021/9/21,24.36,1.3226,0.2139
2021/9/22,20.87,1.3006,0.2363
2021/9/23,18.63,1.4301,0.2608
2021/9/24,17.75,1.4509,0.2695
2021/9/27,18.76,1.4871,0.2779
2021/9/28,23.25,1.5374,0.301
2021/9/29,22.56,1.5167,0.2892
2021/9/30,23.14,1.4873,0.2755
2021/10/1,21.15,1.4616,0.2638
2021/10/4,22.96,1.4789,0.2776
2021/10/5,21.3,1.5258,0.2836
2021/10/6,21,1.5206,0.2935
2021/10/7,19.54,1.5729,0.3055
2021/10/8,18.77,1.6118,0.3178
2021/10/11,20,1.6118,0.3178
2021/10/12,19.85,1.5769,0.3379
2021/10/13,18.64,1.5368,0.358
2021/10/14,16.86,1.5107,0.3602
2021/10/15,16.3,1.5703,0.3949
2021/10/18,16.31,1.6002,0.4254
2021/10/19,15.7,1.6372,0.3953
2021/10/20,15.49,1.6567,0.3854
2021/10/21,15.01,1.7011,0.4545
2021/10/22,15.43,1.6324,0.4534
2021/10/25,15.24,1.6307,0.4353
2021/10/26,15.98,1.6079,0.4396
2021/10/27,16.98,1.5413,0.5029
2021/10/28,16.53,1.58,0.4891
2021/10/29,16.26,1.5521,0.497
2021/11/1,16.41,1.5557,0.4992
2021/11/2,16.03,1.5488,0.4499
2021/11/3,15.1,1.6034,0.4659
2021/11/4,15.44,1.5262,0.4244
2021/11/5,16.48,1.4513,0.4008
2021/11/8,17.22,1.4897,0.4426
2021/11/9,17.78,1.4358,0.4208
2021/11/10,18.73,1.5493,0.5129
2021/11/11,17.66,1.5493,0.5129
2021/11/12,16.29,1.5613,0.5115
2021/11/15,16.49,1.6145,0.5157
2021/11/16,16.37,1.6335,0.5179
2021/11/17,17.11,1.5889,0.4979
2021/11/18,17.59,1.5855,0.5021
2021/11/19,17.91,1.5462,0.5067
2021/11/22,19.17,1.6236,0.5842
2021/11/23,19.38,1.6651,0.6142
2021/11/24,18.58,1.6341,0.6398
2021/11/25,,1.6341,0.6398
2021/11/26,28.62,1.4731,0.498
2021/11/29,22.96,1.4987,0.4843
2021/11/30,27.19,1.4443,0.565
2021/12/1,31.12,1.4037,0.5513
2021/12/2,27.95,1.4443,0.6126
2021/12/3,30.67,1.343,0.5873
2021/12/6,27.18,1.4342,0.6312
2021/12/7,21.89,1.4733,0.6892
2021/12/8,19.9,1.5212,0.6815
2021/12/9,21.58,1.499,0.6877
2021/12/10,18.69,1.4837,0.6543
2021/12/13,20.31,1.4156,0.6324
2021/12/14,21.89,1.4411,0.6568
2021/12/15,19.29,1.4565,0.6631
2021/12/16,20.57,1.4106,0.6128
2021/12/17,21.57,1.4021,0.6376
2021/12/20,22.87,1.4225,0.6317
2021/12/21,21.01,1.4617,0.6665
2021/12/22,18.63,1.4515,0.6606
2021/12/23,17.96,1.4927,0.6881
2021/12/24,,1.4927,0.6881
2021/12/27,17.68,1.4756,0.6987
2021/12/28,17.54,1.4807,0.75
2021/12/29,16.95,1.5496,0.7461
2021/12/30,17.33,1.5083,0.7244
2021/12/31,17.22,1.5101,0.7322
2022/1/3,16.6,1.628,0.7678
2022/1/4,16.91,1.6473,0.7599
2022/1/5,19.73,1.7052,0.8256
2022/1/6,19.61,1.7211,0.8656
2022/1/7,18.76,1.762,0.8621
2022/1/10,19.4,1.7603,0.8944
2022/1/11,18.41,1.7357,0.8825
2022/1/12,17.62,1.7428,0.9189
2022/1/13,20.31,1.7041,0.8929
2022/1/14,19.19,1.7841,0.9668
2022/1/17,,1.7841,0.9668
2022/1/18,22.79,1.8735,1.0425
2022/1/19,23.85,1.8646,1.0572
2022/1/20,25.59,1.804,1.0249
2022/1/21,28.85,1.7581,1.0014
2022/1/24,29.9,1.7706,0.971
2022/1/25,31.16,1.7689,1.0174
2022/1/26,31.96,1.8637,1.1504
2022/1/27,30.49,1.7994,1.1882
2022/1/28,27.66,1.7694,1.1623
2022/1/31,24.83,1.7767,1.1787
2022/2/1,21.96,1.7875,1.1651
2022/2/2,22.09,1.7751,1.1535
2022/2/3,24.35,1.8306,1.1959
2022/2/4,23.22,1.9085,1.3099
2022/2/7,22.86,1.9159,1.2903
2022/2/8,21.44,1.9632,1.3414
2022/2/9,19.96,1.9415,1.3644
2022/2/10,23.91,2.0294,1.5786
2022/2/11,27.36,1.9371,1.4997
2022/2/14,28.33,1.9875,1.5744
2022/2/15,25.7,2.0434,1.5774
2022/2/16,24.29,2.0382,1.5208
2022/2/17,28.11,1.9615,1.4662
2022/2/18,27.75,1.9286,1.4654
2022/2/21,,1.9286,1.4654
2022/2/22,28.81,1.939,1.5491
2022/2/23,31.02,1.9912,1.6016
2022/2/24,30.32,1.9633,1.5797
2022/2/25,27.59,1.9617,1.5697
2022/2/28,30.15,1.825,1.4323
2022/3/1,33.32,1.7275,1.3407
2022/3/2,30.74,1.8767,1.512
2022/3/3,30.48,1.8405,1.53
2022/3/4,31.98,1.7307,1.4759
2022/3/7,36.45,1.7734,1.5503
2022/3/8,35.13,1.8456,1.5987
2022/3/9,32.45,1.9531,1.6798
2022/3/10,30.23,1.9864,1.6963
2022/3/11,30.75,1.9917,1.748
2022/3/14,31.77,2.133,1.8609
2022/3/15,29.83,2.1437,1.8491
2022/3/16,26.67,2.1849,1.9379
2022/3/17,25.67,2.1706,1.9138
2022/3/18,23.87,2.1494,1.9362
2022/3/21,23.53,2.2896,2.1153
2022/3/22,22.94,2.3825,2.1641
2022/3/23,23.57,2.2917,2.0961
2022/3/24,21.67,2.3718,2.1387
2022/3/25,20.81,2.4731,2.2696
2022/3/28,19.63,2.4585,2.3277
2022/3/29,18.9,2.3944,2.3646
2022/3/30,19.33,2.3488,2.3063
2022/3/31,20.56,2.338,2.3345
2022/4/1,19.63,2.3822,2.4564
2022/4/4,18.57,2.3951,2.4221
2022/4/5,21.03,2.5469,2.5139
2022/4/6,22.1,2.5975,2.4714
2022/4/7,21.55,2.6578,2.4595
2022/4/8,21.16,2.7,2.5115
2022/4/11,24.37,2.7801,2.4975
2022/4/12,24.26,2.7213,2.4054
2022/4/13,21.82,2.6987,2.3481
2022/4/14,22.7,2.8275,2.4539
2022/4/15,,2.8275,2.4539
2022/4/18,22.17,2.8527,2.448
2022/4/19,21.37,2.9361,2.5915
2022/4/20,20.32,2.832,2.5753
2022/4/21,22.68,2.9095,2.6822
2022/4/22,28.21,2.8987,2.6672
2022/4/25,27.02,2.8198,2.6257
2022/4/26,33.52,2.7205,2.4773
2022/4/27,31.6,2.8318,2.591
2022/4/28,29.99,2.8224,2.6173
2022/4/29,33.4,2.9336,2.7146
2022/5/2,32.34,2.9807,2.7312
2022/5/3,29.25,2.9712,2.7824
2022/5/4,25.42,2.9344,2.6421
2022/5/5,31.2,3.0365,2.7034
2022/5/6,30.19,3.1265,2.7308
2022/5/9,34.75,3.0338,2.5938
2022/5/10,32.99,2.9908,2.6124
2022/5/11,32.56,2.9207,2.6371
2022/5/12,31.77,2.8479,2.5592
2022/5/13,28.87,2.9185,2.578
2022/5/16,27.47,2.8822,2.5698
2022/5/17,26.1,2.986,2.7003
2022/5/18,30.96,2.884,2.6694
2022/5/19,29.35,2.837,2.6073
2022/5/20,29.43,2.7811,2.5807
2022/5/23,28.48,2.8514,2.6204
2022/5/24,29.45,2.7506,2.4787
2022/5/25,28.37,2.7452,2.4919
2022/5/26,27.5,2.7469,2.4758
2022/5/27,25.72,2.7378,2.4758
2022/5/30,26.54,2.7378,2.4758
2022/5/31,26.19,2.8441,2.5565
2022/6/1,25.69,2.9058,2.6416
2022/6/2,24.72,2.9076,2.6296
2022/6/3,24.79,2.9332,2.6525
2022/6/6,25.07,3.0399,2.7262
2022/6/7,24.02,2.9736,2.7265
2022/6/8,23.96,3.0215,2.7739
2022/6/9,26.09,3.0418,2.8113
2022/6/10,27.75,3.1555,3.0632
2022/6/13,34.02,3.3598,3.3541
2022/6/14,32.69,3.4733,3.4267
2022/6/15,29.62,3.2839,3.1908
2022/6/16,32.95,3.1952,3.0933
2022/6/17,31.13,3.2256,3.1785
2022/6/20,31.03,3.2256,3.1785
2022/6/21,30.19,3.2749,3.1963
2022/6/22,28.95,3.1561,3.0559
2022/6/23,29.05,3.087,3.0145
2022/6/24,27.23,3.1301,3.0632
2022/6/27,26.95,3.1997,3.1212
2022/6/28,28.36,3.1715,3.1096
2022/6/29,28.16,3.0891,3.0385
2022/6/30,28.71,3.0129,2.9533
2022/7/1,26.7,2.8803,2.8329
2022/7/4,27.53,2.8803,2.8329
2022/7/5,27.54,2.8054,2.8184
2022/7/6,26.73,2.928,3.0018
2022/7/7,26.08,2.9945,3.0141
2022/7/8,24.64,3.0803,3.1047
2022/7/11,26.17,2.9928,3.0718
2022/7/12,27.29,2.9687,3.0491
2022/7/13,26.82,2.9336,3.1547
2022/7/14,26.4,2.9595,3.1321
2022/7/15,24.23,2.9152,3.1201
2022/7/18,25.3,2.9855,3.1744
2022/7/19,24.5,3.0209,3.2374
2022/7/20,23.88,3.0265,3.2272
2022/7/21,23.11,2.8747,3.085
2022/7/22,23.03,2.7504,2.97
2022/7/25,23.36,2.7959,3.0161
2022/7/26,24.69,2.8068,3.0528
2022/7/27,23.24,2.7849,2.9979
2022/7/28,22.33,2.6759,2.8622
2022/7/29,21.33,2.6487,2.8844
2022/8/1,22.84,2.5732,2.8701
2022/8/2,23.93,2.7483,3.0508
2022/8/3,21.95,2.7046,3.0651
2022/8/4,21.44,2.6883,3.0427
2022/8/5,21.15,2.8268,3.2257
2022/8/8,21.29,2.7572,3.2053
2022/8/9,21.77,2.7773,3.2696
2022/8/10,19.74,2.7809,3.2141
2022/8/11,20.2,2.8876,3.2185
2022/8/12,19.53,2.8312,3.2422
2022/8/15,19.95,2.7878,3.1821
2022/8/16,19.69,2.8041,3.2574
2022/8/17,19.9,2.8968,3.2848
2022/8/18,19.56,2.8822,3.1974
2022/8/19,20.6,2.9721,3.2338
2022/8/22,23.8,3.0146,3.3098
2022/8/23,24.11,3.0461,3.2997
2022/8/24,22.82,3.1039,3.3905
2022/8/25,21.78,3.0258,3.3661
2022/8/26,25.56,3.0409,3.3966
2022/8/29,26.21,3.1024,3.4232
2022/8/30,26.21,3.1025,3.4416
2022/8/31,25.87,3.1926,3.4929
2022/9/1,25.56,3.2533,3.4994
2022/9/2,25.47,3.1894,3.3873
2022/9/5,25.99,3.1894,3.3873
2022/9/6,26.91,3.3492,3.5029
2022/9/7,24.64,3.2635,3.4309
2022/9/8,23.61,3.317,3.5035
2022/9/9,22.79,3.3097,3.5565
2022/9/12,23.87,3.3578,3.5714
2022/9/13,27.27,3.408,3.756
2022/9/14,26.16,3.4043,3.7881
2022/9/15,26.27,3.4489,3.8646
2022/9/16,26.3,3.4494,3.8671
2022/9/19,25.76,3.4905,3.9358
2022/9/20,27.16,3.563,3.9665
2022/9/21,27.99,3.5299,4.0484
2022/9/22,27.35,3.7138,4.1222
2022/9/23,29.92,3.6846,4.2011
2022/9/26,32.26,3.9244,4.3406
2022/9/27,32.6,3.9451,4.2829
2022/9/28,30.18,3.7312,4.1349
2022/9/29,31.84,3.7856,4.1924
2022/9/30,31.62,3.8286,4.2787
2022/10/3,30.1,3.6387,4.1134
2022/10/4,29.07,3.6329,4.0926
2022/10/5,28.55,3.7528,4.1481
2022/10/6,30.52,3.8236,4.2558
2022/10/7,31.36,3.8814,4.3078
2022/10/10,32.45,3.8814,4.3078
2022/10/11,33.63,3.947,4.3058
2022/10/12,33.57,3.8962,4.2911
2022/10/13,31.94,3.9435,4.4635
2022/10/14,32.02,4.0184,4.4959
2022/10/17,31.37,4.0104,4.4433
2022/10/18,30.5,4.0066,4.4286
2022/10/19,30.76,4.1335,4.5563
2022/10/20,29.98,4.2283,4.61
2022/10/21,29.69,4.2167,4.4723
2022/10/24,29.85,4.2424,4.5046
2022/10/25,28.46,4.1021,4.4771
2022/10/26,27.28,4.0028,4.4039
2022/10/27,27.39,3.9187,4.2741
2022/10/28,25.75,4.0123,4.4142
2022/10/31,25.88,4.0478,4.4824
2022/11/1,25.81,4.0419,4.5447
2022/11/2,25.86,4.1005,4.6197
2022/11/3,25.3,4.1469,4.7138
2022/11/4,24.55,4.1584,4.6584
2022/11/7,24.35,4.2135,4.7217
2022/11/8,25.54,4.1234,4.6506
2022/11/9,26.09,4.0923,4.5795
2022/11/10,23.53,3.8125,4.3321
2022/11/11,22.52,3.8125,4.3321
2022/11/14,23.73,3.8536,4.3888
2022/11/15,24.54,3.7696,4.3382
2022/11/16,24.11,3.6899,4.3549
2022/11/17,23.93,3.7657,4.452
2022/11/18,23.12,3.8288,4.5329
2022/11/21,22.36,3.8269,4.5523
2022/11/22,21.29,3.7559,4.5145
2022/11/23,20.35,3.6927,4.4773
2022/11/24,20.42,3.6927,4.4773
2022/11/25,20.5,3.6776,4.4526
2022/11/28,22.21,3.6812,4.4381
2022/11/29,21.89,3.7441,4.4732
2022/11/30,20.58,3.6054,4.3102
2022/12/1,19.84,3.5048,4.2276
2022/12/2,19.06,3.4862,4.2717
2022/12/5,20.75,3.5736,4.3874
2022/12/6,22.17,3.5314,4.3664
2022/12/7,22.68,3.4169,4.2561
2022/12/8,22.29,3.4819,4.3077
2022/12/9,22.83,3.5783,4.3443
2022/12/12,25,3.6113,4.3754
2022/12/13,22.55,3.5012,4.2183
2022/12/14,21.14,3.4774,4.2095
2022/12/15,22.83,3.4463,4.2362
2022/12/16,22.62,3.4822,4.1783
2022/12/19,22.42,3.5846,4.2557
2022/12/20,21.48,3.6825,4.2532
2022/12/21,20.07,3.662,4.2127
2022/12/22,21.97,3.6786,4.2714
2022/12/23,20.87,3.7472,4.3211
2022/12/26,,3.7472,4.3211
2022/12/27,21.65,3.8411,4.3741
2022/12/28,22.14,3.8827,4.3512
2022/12/29,21.44,3.8145,4.3615
2022/12/30,21.67,3.8748,4.4258
2023/1/2,,3.8748,4.4258
2023/1/3,22.9,3.7389,4.3699
2023/1/4,22.01,3.6827,4.3534
2023/1/5,22.46,3.7181,4.4576
2023/1/6,21.13,3.558,4.2474
2023/1/9,21.97,3.5321,4.2077
2023/1/10,20.58,3.6188,4.2472
2023/1/11,21.09,3.5392,4.2179
2023/1/12,18.83,3.44,4.1447
2023/1/13,18.35,3.5035,4.2321
2023/1/16,19.49,3.5035,4.2321
2023/1/17,19.36,3.5476,4.2047
2023/1/18,20.34,3.3698,4.0825
2023/1/19,20.52,3.3915,4.1264
2023/1/20,19.85,3.4787,4.1702
2023/1/23,19.81,3.5098,4.2274
2023/1/24,19.2,3.4527,4.2103
2023/1/25,19.08,3.4416,4.125
2023/1/26,18.73,3.4947,4.1826
2023/1/27,18.51,3.5035,4.199
2023/1/30,19.94,3.5366,4.2341
2023/1/31,19.4,3.5069,4.2011
2023/2/1,17.87,3.4166,4.1063
2023/2/2,18.73,3.3927,4.1042
2023/2/3,18.33,3.5246,4.2886
2023/2/6,19.43,3.6399,4.4724
2023/2/7,18.66,3.6735,4.4644
2023/2/8,19.63,3.6098,4.4208
2023/2/9,20.71,3.6579,4.482
2023/2/10,20.53,3.732,4.517
2023/2/13,20.34,3.7016,4.5175
2023/2/14,18.91,3.7435,4.6154
2023/2/15,18.23,3.8049,4.6309
2023/2/16,20.17,3.8608,4.64
2023/2/17,20.02,3.8148,4.6169
2023/2/20,21.23,3.8148,4.6169
2023/2/21,22.87,3.9525,4.7226
2023/2/22,22.29,3.9156,4.6933
2023/2/23,21.14,3.8768,4.6974
2023/2/24,21.67,3.9432,4.8136
2023/2/27,20.95,3.9141,4.7783
2023/2/28,20.7,3.92,4.8158
2023/3/1,20.58,3.9925,4.8764
2023/3/2,19.59,4.0556,4.885
2023/3/3,18.49,3.9517,4.8565
2023/3/6,18.61,3.9577,4.8861
2023/3/7,19.59,3.9637,5.0084
2023/3/8,19.11,3.9913,5.0701
2023/3/9,22.61,3.9032,4.87
2023/3/10,24.8,3.6987,4.5862
2023/3/13,26.52,3.5732,3.9764
2023/3/14,23.73,3.6892,4.2504
2023/3/15,26.14,3.4548,3.8874
2023/3/16,22.99,3.577,4.1572
2023/3/17,25.51,3.4286,3.8374
2023/3/20,24.15,3.4847,3.9763
2023/3/21,21.38,3.6094,4.1664
2023/3/22,22.26,3.4341,3.9367
2023/3/23,22.61,3.4266,3.833
2023/3/24,21.74,3.3762,3.7667
2023/3/27,20.6,3.5299,3.9952
2023/3/28,19.97,3.5696,4.0783
2023/3/29,19.12,3.5639,4.0989
2023/3/30,19.02,3.5488,4.1195
2023/3/31,18.7,3.4676,4.0253
2023/4/3,18.55,3.4114,3.9634
2023/4/4,19,3.3387,3.8253
2023/4/5,19.08,3.3108,3.7798
2023/4/6,18.4,3.305,3.8309
2023/4/7,,3.3906,3.9806
2023/4/10,18.97,3.4168,4.0077
2023/4/11,19.1,3.4262,4.0224
2023/4/12,19.09,3.3906,3.9578
2023/4/13,17.8,3.4449,3.9683
2023/4/14,17.07,3.5128,4.0989
2023/4/17,16.95,3.6004,4.1942
2023/4/18,16.83,3.5756,4.1967
2023/4/19,16.46,3.5908,4.2437
2023/4/20,17.17,3.5318,4.1423
2023/4/21,16.77,3.5718,4.1816
2023/4/24,16.89,3.4901,4.0882
2023/4/25,18.76,3.3996,3.9544
2023/4/26,18.84,3.4485,3.9509
2023/4/27,17.03,3.5204,4.0682
2023/4/28,15.78,3.422,4.0064
2023/5/1,16.08,3.5681,4.1407
2023/5/2,17.78,3.4239,3.9613
2023/5/3,18.34,3.3356,3.8048
2023/5/4,20.09,3.3787,3.7903
2023/5/5,17.19,3.437,3.9139
2023/5/8,16.98,3.5072,4.0012
2023/5/9,17.71,3.5186,4.0221
2023/5/10,16.94,3.4426,3.9098
2023/5/11,16.93,3.3843,3.8994
2023/5/12,17.03,3.4625,3.9872
2023/5/15,17.12,3.5019,4.0104
2023/5/16,17.99,3.5339,4.0821
2023/5/17,16.87,3.5641,4.154
2023/5/18,16.05,3.6457,4.2517
2023/5/19,16.81,3.6726,4.2659
2023/5/22,17.21,3.7148,4.3154
2023/5/23,18.53,3.6919,4.316
2023/5/24,20.03,3.7419,4.3757
2023/5/25,19.14,3.8174,4.5329
2023/5/26,17.95,3.7983,4.5619
2023/5/29,17.46,3.7983,4.5619
2023/5/30,17.46,3.6866,4.4501
2023/5/31,17.94,3.6426,4.4027
2023/6/1,15.65,3.595,4.3408
2023/6/2,14.6,3.6907,4.4969
2023/6/5,14.73,3.6831,4.4659
2023/6/6,13.96,3.6602,4.4786
2023/6/7,13.94,3.7952,4.5563
2023/6/8,13.65,3.7179,4.5147
2023/6/9,13.83,3.7394,4.5956
2023/6/12,15.01,3.7356,4.577
2023/6/13,14.61,3.8133,4.6662
2023/6/14,13.88,3.7862,4.6879
2023/6/15,14.5,3.7165,4.6418
2023/6/16,13.54,3.7613,4.7141
2023/6/19,14.19,3.7613,4.7141
2023/6/20,13.88,3.7207,4.6847
2023/6/21,13.2,3.7189,4.7152
2023/6/22,12.91,3.7946,4.7909
2023/6/23,13.44,3.7347,4.7412
2023/6/26,14.25,3.7212,4.744
2023/6/27,13.74,3.7639,4.7554
2023/6/28,13.43,3.7078,4.7098
2023/6/29,13.54,3.8383,4.8593
2023/6/30,13.59,3.8367,4.8954
2023/7/3,13.57,3.8545,4.9358
2023/7/4,13.7,3.8545,4.9358
2023/7/5,14.18,3.9315,4.9445
2023/7/6,15.44,4.0291,4.9806
2023/7/7,14.83,4.0616,4.9459
2023/7/10,15.07,3.9938,4.8576
2023/7/11,14.84,3.97,4.8726
2023/7/12,13.54,3.8573,4.7462
2023/7/13,13.61,3.7634,4.6303
2023/7/14,13.34,3.8322,4.7656
2023/7/17,13.48,3.8068,4.7424
2023/7/18,13.3,3.7853,4.7659
2023/7/19,13.76,3.7483,4.766
2023/7/20,13.99,3.8503,4.8387
2023/7/21,13.6,3.8349,4.8372
2023/7/24,13.91,3.8725,4.9191
2023/7/25,13.86,3.8845,4.8744
2023/7/26,13.19,3.8668,4.8516
2023/7/27,14.41,3.9982,4.9284
2023/7/28,13.33,3.9507,4.8744
2023/7/31,13.63,3.9588,4.8766
2023/8/1,13.93,4.023,4.9016
2023/8/2,16.09,4.0775,4.8767
2023/8/3,15.92,4.1751,4.881
2023/8/4,17.1,4.0338,4.7641
2023/8/7,15.77,4.0885,4.7619
2023/8/8,15.99,4.022,4.7514
2023/8/9,15.96,4.0081,4.808
2023/8/10,15.85,4.1055,4.8417
2023/8/11,14.84,4.1522,4.8947
2023/8/14,14.82,4.1913,4.9669
2023/8/15,16.46,4.211,4.9522
2023/8/16,16.78,4.2504,4.9652
2023/8/17,17.89,4.2741,4.9292
2023/8/18,17.3,4.2546,4.9425
2023/8/21,17.13,4.3379,5.0006
2023/8/22,16.97,4.3241,5.0459
2023/8/23,15.98,4.1918,4.9667
2023/8/24,17.2,4.2372,5.0229
2023/8/25,15.68,4.2354,5.0779
2023/8/28,15.08,4.202,5.0479
2023/8/29,14.45,4.1197,4.8942
2023/8/30,13.88,4.1139,4.8859
2023/8/31,13.57,4.1081,4.8629
2023/9/1,13.09,4.1788,4.8785
2023/9/4,13.82,4.1788,4.8785
2023/9/5,14.01,4.2598,4.9597
2023/9/6,14.45,4.2797,5.0162
2023/9/7,14.4,4.2441,4.9469
2023/9/8,13.84,4.2641,4.9906
2023/9/11,13.8,4.288,4.9905
2023/9/12,14.23,4.2801,5.02
2023/9/13,13.48,4.2485,4.9692
2023/9/14,12.82,4.2863,5.0114
2023/9/15,13.79,4.3324,5.0325
2023/9/18,14,4.3026,5.0538
2023/9/19,14.11,4.3586,5.0901
2023/9/20,15.14,4.407,5.1758
2023/9/21,17.54,4.4942,5.1438
2023/9/22,17.2,4.4337,5.1097
2023/9/25,16.9,4.5334,5.1249
2023/9/26,18.94,4.5356,5.1207
2023/9/27,18.22,4.6075,5.1354
2023/9/28,17.34,4.5748,5.0582
2023/9/29,17.52,4.5711,5.0436
2023/10/2,17.61,4.6785,5.1041
2023/10/3,19.78,4.7955,5.1502
2023/10/4,18.58,4.7329,5.0518
2023/10/5,18.49,4.7185,5.0183
2023/10/6,17.45,4.8009,5.0813
2023/10/9,17.7,4.8009,5.0813
2023/10/10,17.03,4.653,4.9696
2023/10/11,16.09,4.5582,4.9821
2023/10/12,16.69,4.6969,5.0687
2023/10/13,19.32,4.6124,5.0538
2023/10/16,17.21,4.706,5.0985
2023/10/17,17.88,4.8341,5.2095
2023/10/18,19.22,4.9149,5.2225
2023/10/19,21.4,4.9898,5.1585
2023/10/20,21.71,4.9137,5.0731
2023/10/23,20.37,4.8502,5.0474
2023/10/24,18.97,4.8229,5.1119
2023/10/25,20.19,4.9549,5.1206
2023/10/26,20.68,4.8445,5.0395
2023/10/27,21.27,4.8346,5.0021
2023/10/30,19.75,4.8942,5.054
2023/10/31,18.14,4.9307,5.0873
2023/11/1,16.87,4.7341,4.9436
2023/11/2,15.66,4.659,4.9893
2023/11/3,14.91,4.5724,4.8386
2023/11/6,14.89,4.6431,4.9345
2023/11/7,14.81,4.5665,4.9176
2023/11/8,14.45,4.4925,4.932
2023/11/9,15.29,4.6241,5.0202
2023/11/10,14.17,4.6518,5.0623
2023/11/13,14.76,4.6399,5.0348
2023/11/14,14.16,4.4473,4.836
2023/11/15,14.18,4.5314,4.9118
2023/11/16,14.32,4.4355,4.8375
2023/11/17,13.8,4.4354,4.8855
2023/11/20,13.41,4.4198,4.9109
2023/11/21,13.35,4.3926,4.8723
2023/11/22,12.85,4.4042,4.8996
2023/11/23,12.8,4.4042,4.8996
2023/11/24,12.46,4.4665,4.9484
2023/11/27,12.69,4.3866,4.888
2023/11/28,12.69,4.3207,4.7342
2023/11/29,12.98,4.2552,4.6455
2023/11/30,12.92,4.3264,4.6802
2023/12/1,12.63,4.1956,4.5384
2023/12/4,13.08,4.2529,4.6353
2023/12/5,12.85,4.1649,4.5767
2023/12/6,12.97,4.104,4.5929
2023/12/7,13.06,4.1495,4.5945
2023/12/8,12.35,4.2256,4.7209
2023/12/11,12.63,4.2333,4.708
2023/12/12,12.07,4.2006,4.7308
2023/12/13,12.19,4.0164,4.4265
2023/12/14,12.48,3.9208,4.3882
2023/12/15,12.28,3.911,4.4428
2023/12/18,12.56,3.9314,4.4463
2023/12/19,12.53,3.9313,4.4394
2023/12/20,13.67,3.8474,4.3313
2023/12/21,13.65,3.8881,4.3474
2023/12/22,13.03,3.895,4.3231
2023/12/25,,3.895,4.3231
2023/12/26,12.99,3.8967,4.352
2023/12/27,12.43,3.7944,4.2416
2023/12/28,12.47,3.8443,4.2767
2023/12/29,12.45,3.8791,4.2499
2024/1/1,,3.8791,4.2499
2024/1/2,13.2,3.9294,4.3201
2024/1/3,14.04,3.9162,4.3305
2024/1/4,14.13,3.9988,4.3845
2024/1/5,13.35,4.0457,4.3807
2024/1/8,13.08,4.0305,4.3746
2024/1/9,12.76,4.0133,4.3642
2024/1/10,12.69,4.0283,4.358
2024/1/11,12.44,3.9658,4.2451
2024/1/12,12.7,3.939,4.1441
2024/1/15,13.25,3.939,4.1441
2024/1/16,13.84,4.0581,4.2195
2024/1/17,14.79,4.1019,4.3608
2024/1/18,14.13,4.142,4.3524
2024/1/19,13.3,4.1226,4.3845
2024/1/22,13.19,4.1052,4.3911
2024/1/23,12.55,4.1282,4.3678
2024/1/24,13.14,4.1762,4.3799
2024/1/25,13.45,4.1184,4.2932
2024/1/26,13.26,4.1373,4.3489
2024/1/29,13.6,4.074,4.318
2024/1/30,13.31,4.0319,4.3345
2024/1/31,14.35,3.9124,4.2067
2024/2/1,13.88,3.8802,4.2024
2024/2/2,13.85,4.0199,4.3638
2024/2/5,13.67,4.1579,4.4722
2024/2/6,13.06,4.1,4.4035
2024/2/7,12.83,4.1211,4.4287
2024/2/8,12.79,4.154,4.454
2024/2/9,12.93,4.1754,4.4799
2024/2/12,13.93,4.1793,4.4738
2024/2/13,15.85,4.3143,4.6578
2024/2/14,14.38,4.2554,4.5778
2024/2/15,14.01,4.23,4.574
2024/2/16,14.24,4.2792,4.6416
2024/2/19,14.71,4.2792,4.6416
2024/2/20,15.42,4.2753,4.6121
2024/2/21,15.34,4.3187,4.666
2024/2/22,14.54,4.3207,4.7116
2024/2/23,13.75,4.248,4.6896
2024/2/26,13.74,4.2795,4.7182
2024/2/27,13.43,4.3032,4.6933
2024/2/28,13.84,4.2639,4.6374
2024/2/29,13.4,4.2502,4.6187
2024/3/1,13.11,4.1798,4.5313
2024/3/4,13.49,4.2131,4.6017
2024/3/5,14.46,4.1525,4.5579
2024/3/6,14.5,4.102,4.5536
2024/3/7,14.44,4.0827,4.5014
2024/3/8,14.74,4.0749,4.4735
2024/3/11,15.22,4.0982,4.536
2024/3/12,13.84,4.1507,4.5862
2024/3/13,13.75,4.1899,4.6345
2024/3/14,14.4,4.2903,4.6936
2024/3/15,14.41,4.3063,4.7276
2024/3/18,14.33,4.3242,4.7319
2024/3/19,13.82,4.2925,4.6831
2024/3/20,13.04,4.2728,4.6023
2024/3/21,12.92,4.2669,4.6363
2024/3/22,13.06,4.1981,4.5891
2024/3/25,13.19,4.2454,4.6254
2024/3/26,13.24,4.2316,4.591
2024/3/27,12.78,4.1903,4.5682
2024/3/28,13.01,4.2003,4.62
2024/3/29,,4.2003,4.62
2024/4/1,13.65,4.3092,4.7053
2024/4/2,14.61,4.3491,4.6888
2024/4/3,14.33,4.3472,4.6723
2024/4/4,16.35,4.3094,4.6474
2024/4/5,16.03,4.4016,4.7505
2024/4/8,15.19,4.4198,4.7886
2024/4/9,14.98,4.3616,4.7426
2024/4/10,15.8,4.5435,4.9731
2024/4/11,14.91,4.5865,4.9609
2024/4/12,17.31,4.5216,4.8966
2024/4/15,19.23,4.6014,4.9205
2024/4/16,18.4,4.6674,4.9871
2024/4/17,18.21,4.5873,4.9321
2024/4/18,18,4.6326,4.9861
2024/4/19,18.71,4.6207,4.9858
2024/4/22,16.94,4.6085,4.9713
2024/4/23,15.69,4.6004,4.931
2024/4/24,15.97,4.6417,4.9269
2024/4/25,15.37,4.7039,4.9975
2024/4/26,15.03,4.663,4.9934
2024/4/29,14.67,4.6136,4.9767
2024/4/30,15.65,4.6798,5.0351
2024/5/1,15.39,4.6283,4.9602
2024/5/2,14.68,4.5811,4.8727
2024/5/3,13.49,4.5077,4.816
2024/5/6,13.49,4.4874,4.8305
2024/5/7,13.23,4.457,4.8304
2024/5/8,13,4.4937,4.8365
2024/5/9,12.69,4.4531,4.8154
2024/5/10,12.55,4.4963,4.8655
2024/5/13,13.6,4.4865,4.8612
2024/5/14,13.42,4.4394,4.8147
2024/5/15,12.45,4.34,4.7237
2024/5/16,12.42,4.375,4.7953
2024/5/17,11.99,4.4198,4.8245
2024/5/20,12.15,4.4433,4.8478
2024/5/21,11.86,4.412,4.8285
2024/5/22,12.29,4.4218,4.869
2024/5/23,12.77,4.4767,4.9353
2024/5/24,11.93,4.465,4.9461
2024/5/27,12.36,,
2024/5/28,12.92,4.55,4.9764
2024/5/29,14.28,4.6117,4.9726
2024/5/30,14.47,4.546,4.9248
2024/5/31,12.92,4.4985,4.8727
2024/6/3,13.11,4.3884,4.808
2024/6/4,13.16,4.3259,4.7704
2024/6/5,12.63,4.2755,4.7222
2024/6/6,12.58,4.287,4.724
2024/6/7,12.22,4.4335,4.8868
2024/6/10,12.74,4.467,4.8804
2024/6/11,12.85,4.404,4.834
2024/6/12,12.04,4.316,4.7518
2024/6/13,11.94,4.2442,4.6969
2024/6/14,12.66,4.2209,4.7044
2024/6/17,12.75,4.2809,4.7655
2024/6/18,12.3,4.2227,4.712
2024/6/19,12.48,4.2227,4.712
2024/6/20,13.28,4.2594,4.7372
2024/6/21,13.2,4.2554,4.7322
2024/6/24,13.33,4.2321,4.7234
2024/6/25,12.84,4.2476,4.7424
2024/6/26,12.55,4.3294,4.7472
2024/6/27,12.24,4.2864,4.712
2024/6/28,12.44,4.3961,4.7535
2024/7/1,12.22,4.4613,4.7556
2024/7/2,12.03,4.4316,4.7412
2024/7/3,12.09,4.3587,4.7059
2024/7/4,12.26,4.3587,4.7059
2024/7/5,12.48,4.2784,4.6035
2024/7/8,12.37,4.2783,4.6285
2024/7/9,12.51,4.2959,4.6264
2024/7/10,12.85,4.2841,4.62
2024/7/11,12.92,4.2101,4.513
2024/7/12,12.46,4.1829,4.4514
2024/7/15,13.12,4.2294,4.4575
2024/7/16,13.19,4.1576,4.4172
2024/7/17,14.48,4.1576,4.4379
2024/7/18,15.93,4.2021,4.4714
2024/7/19,16.52,4.2389,4.5109
2024/7/22,14.91,4.2525,4.517
2024/7/23,14.72,4.2506,4.4913
2024/7/24,18.04,4.2838,4.4307
2024/7/25,18.46,4.2407,4.4307
2024/7/26,16.39,4.1939,4.3832
2024/7/29,16.6,4.1744,4.3997
2024/7/30,17.69,4.1394,4.3585
2024/7/31,16.36,4.0296,4.2575
2024/8/1,18.59,3.976,4.1482
2024/8/2,23.39,3.7904,3.8798
2024/8/5,38.57,3.7884,3.9201
2024/8/6,27.71,3.8919,3.9751
2024/8/7,27.85,3.9431,3.9621
2024/8/8,23.79,3.9877,4.038
2024/8/9,20.37,3.9398,4.0531
2024/8/12,20.71,3.9035,4.0173
2024/8/13,18.12,3.8428,3.9294
2024/8/14,16.19,3.8352,3.9558
2024/8/15,15.23,3.9131,4.0929
2024/8/16,14.8,3.8826,4.0497
2024/8/19,14.65,3.8711,4.066
2024/8/20,15.88,3.8067,3.9836
2024/8/21,16.27,3.801,3.9305
2024/8/22,17.55,3.8521,4.0035
2024/8/23,15.86,3.799,3.9153
2024/8/26,16.15,3.816,3.9358
2024/8/27,15.43,3.8216,3.8992
2024/8/28,17.11,3.8349,3.865
2024/8/29,15.65,3.8615,3.8939
2024/8/30,15,3.9034,3.9165
2024/9/2,15.55,3.9034,3.9165
2024/9/3,20.72,3.831,3.8631
2024/9/4,21.32,3.7552,3.7539
2024/9/5,19.9,3.7269,3.7435
2024/9/6,22.38,3.708,3.6462
2024/9/9,19.45,3.7004,3.6688
2024/9/10,19.08,3.6423,3.5941
2024/9/11,17.69,3.6534,3.6415
2024/9/12,17.07,3.674,3.6392
2024/9/13,16.56,3.6513,3.5824
2024/9/16,17.14,3.6176,3.5509
2024/9/17,17.61,3.6456,3.6048
2024/9/18,18.23,3.7038,3.6172
2024/9/19,16.33,3.7131,3.5813
2024/9/20,16.15,3.7413,3.591
2024/9/23,15.89,3.7489,3.5866
2024/9/24,15.39,3.728,3.5379
2024/9/25,15.41,3.7849,3.5592
2024/9/26,15.37,3.7963,3.6287
2024/9/27,16.96,3.7506,3.5592
2024/9/30,16.73,3.7809,3.6411
2024/10/1,19.26,3.7315,3.6043
2024/10/2,18.9,3.7809,3.6414
2024/10/3,20.49,3.8458,3.7053
2024/10/4,19.21,3.9672,3.9217
2024/10/7,22.64,4.0256,3.9952
2024/10/8,21.42,4.0119,3.9582
2024/10/9,20.86,4.0726,4.0215
2024/10/10,20.93,4.0608,3.9573
2024/10/11,20.46,4.1003,3.9554
2024/10/14,19.7,4.1003,3.9554
2024/10/15,20.64,4.0317,3.9454
2024/10/16,19.58,4.0122,3.9376
2024/10/17,19.11,4.0906,3.9719
2024/10/18,18.03,4.0828,3.9483
2024/10/21,18.37,4.1956,4.0317
2024/10/22,18.2,4.2076,4.0324
2024/10/23,19.24,4.2456,4.0779
2024/10/24,19.08,4.2118,4.0787
2024/10/25,20.33,4.2399,4.1046
2024/10/28,19.8,4.2821,4.1377
2024/10/29,19.34,4.2541,4.0962
2024/10/30,20.35,4.3004,4.1826
2024/10/31,23.16,4.2844,4.1702
2024/11/1,21.88,4.3836,4.2054
2024/11/4,21.98,4.2847,4.1599
2024/11/5,20.49,4.2708,4.1765
2024/11/6,16.27,4.4315,4.2617
2024/11/7,15.2,4.3257,4.1994
2024/11/8,14.94,4.3043,4.2539
2024/11/11,14.97,4.3043,4.2539
2024/11/12,14.71,4.4275,4.3401
2024/11/13,14.02,4.4512,4.2857
2024/11/14,14.31,4.4354,4.3448
2024/11/15,16.14,4.4394,4.3033
2024/11/18,15.58,4.4138,4.2802
2024/11/19,16.35,4.3962,4.2803
2024/11/20,17.16,4.41,4.3144
2024/11/21,16.87,4.4218,4.3487
2024/11/22,15.24,4.4002,4.373
2024/11/25,14.6,4.2731,4.2685
2024/11/26,14.1,4.3062,4.2561
2024/11/27,14.1,4.2634,4.2272
2024/11/28,13.9,4.2634,4.2272
2024/11/29,13.51,4.1685,4.1509
2024/12/2,13.34,4.1897,4.1796
2024/12/3,13.3,4.2245,4.1795
2024/12/4,13.45,4.18,4.1256
2024/12/5,13.54,4.1761,4.144
2024/12/6,12.77,4.1529,4.1039
2024/12/9,14.19,4.2012,4.1245
2024/12/10,14.18,4.2263,4.143
2024/12/11,13.58,4.2711,4.1532
2024/12/12,13.92,4.3278,4.1906
2024/12/13,13.81,4.3967,4.2448
2024/12/16,14.69,4.3967,4.249
2024/12/17,15.87,4.3987,4.2447
2024/12/18,27.62,4.514,4.3545
2024/12/19,24.09,4.5621,4.3165
2024/12/20,18.36,4.5222,4.3102
2024/12/23,16.78,4.5865,4.3401
2024/12/24,14.27,4.5887,4.3324
2024/12/25,,4.5887,4.3324
2024/12/26,14.73,4.5827,4.3283
2024/12/27,15.95,4.6253,4.3262
2024/12/30,17.4,4.5327,4.2418
2024/12/31,17.35,4.569,4.2416
2025/1/1,,4.569,4.2416
2025/1/2,17.93,4.559,4.2395
2025/1/3,16.13,4.5975,4.2787
2025/1/6,16.04,4.63,4.2745
2025/1/7,17.82,4.685,4.2911
2025/1/8,17.7,4.6892,4.2828
2025/1/9,18.07,4.6893,4.264
2025/1/10,19.54,4.7592,4.3792
2025/1/13,19.19,4.7779,4.3793
2025/1/14,18.71,4.7924,4.3668
2025/1/15,16.12,4.6531,4.2638
2025/1/16,16.6,4.6125,4.23
2025/1/17,15.97,4.627,4.2826
2025/1/20,15.81,4.627,4.2826
2025/1/21,15.06,4.5764,4.2741
2025/1/22,15.1,4.6109,4.2975
2025/1/23,15.02,4.6436,4.289
2025/1/24,14.85,4.6214,4.2655
2025/1/27,17.9,4.5343,4.195
2025/1/28,16.41,4.5323,4.1949
2025/1/29,16.56,4.5284,4.2135
2025/1/30,15.84,4.5163,4.2073
2025/1/31,16.43,4.5387,4.1971
2025/2/3,18.62,4.555,4.2489
2025/2/4,17.21,4.5105,4.2137
2025/2/5,15.77,4.4181,4.1868
2025/2/6,15.5,4.4342,4.2118
2025/2/7,16.54,4.4947,4.2892
2025/2/10,15.81,4.4968,4.2747
2025/2/11,16.02,4.5352,4.2833
2025/2/12,15.89,4.6208,4.3548
2025/2/13,15.1,4.5288,4.3067
2025/2/14,14.77,4.4762,4.2589
2025/2/17,15.37,4.4762,4.2589
2025/2/18,15.35,4.5503,4.3056
2025/2/19,15.27,4.5327,4.2676
2025/2/20,15.66,4.5053,4.2699
2025/2/21,18.21,4.4313,4.198
2025/2/24,18.98,4.4003,4.1747
2025/2/25,19.43,4.2945,4.0942
2025/2/26,19.1,4.2562,4.0716
2025/2/27,21.13,4.2599,4.0511
2025/2/28,19.63,4.2082,3.9889
2025/3/3,22.78,4.1551,3.9496
2025/3/4,23.51,4.2442,3.9905
2025/3/5,21.93,4.2785,4.0047
2025/3/6,24.87,4.2784,3.959
2025/3/7,23.37,4.3011,3.9997
2025/3/10,27.86,4.2131,3.8833
2025/3/11,26.92,4.2799,3.9431
2025/3/12,24.23,4.3124,3.9866
2025/3/13,24.66,4.2682,3.9571
2025/3/14,21.77,4.3121,4.017
2025/3/17,20.51,4.2985,4.0441
2025/3/18,21.7,4.2831,4.0398
2025/3/19,19.9,4.2428,3.9723
2025/3/20,19.8,4.2369,3.9636
2025/3/21,19.28,4.2462,3.9481
2025/3/24,17.48,4.3346,4.0346
2025/3/25,17.15,4.3133,4.0132
2025/3/26,18.33,4.3519,4.0166
2025/3/27,18.69,4.3595,3.9899
2025/3/28,21.65,4.2494,3.9119
2025/3/31,22.28,4.2053,3.8832
2025/4/1,21.77,4.1689,3.8811
2025/4/2,21.51,4.1307,3.8584
2025/4/3,30.02,4.0286,3.6817
2025/4/4,45.31,3.9943,3.652
2025/4/7,46.98,4.1835,3.7629
2025/4/8,52.33,4.2929,3.7256
2025/4/9,33.62,4.3315,3.9077
2025/4/10,40.72,4.4249,3.862
2025/4/11,37.56,4.4895,3.9599
2025/4/14,30.89,4.3739,3.845
2025/4/15,30.12,4.333,3.8449
2025/4/16,32.64,4.2768,3.7695
2025/4/17,29.65,4.3249,3.7982
2025/4/18,,4.3249,3.7982
2025/4/21,33.82,4.4106,3.7623
2025/4/22,30.57,4.4008,3.819
2025/4/23,28.45,4.3812,3.8709
2025/4/24,26.47,4.3149,3.7971
2025/4/25,24.84,4.2353,3.748
2025/4/28,25.15,4.2082,3.6928
2025/4/29,24.17,4.1716,3.6499
2025/4/30,24.7,4.1619,3.6027
2025/5/1,24.6,4.2176,3.6987
2025/5/2,22.68,4.3083,3.8239
2025/5/5,23.64,4.3433,3.8323
2025/5/6,24.76,4.2946,3.7827
2025/5/7,23.55,4.2694,3.7765
2025/5/8,22.48,4.3785,3.8739
2025/5/9,21.9,4.3785,3.891
2025/5/12,18.39,4.4709,4.0103
2025/5/13,18.22,4.465,4.0001
2025/5/14,18.62,4.5363,4.0508
2025/5/15,17.83,4.4315,3.9608
2025/5/16,17.24,4.477,3.9995
2025/5/19,18.14,4.4474,3.9765
2025/5/20,18.09,4.4869,3.9704
2025/5/21,20.87,4.5985,4.0194
2025/5/22,20.28,4.5287,3.99
2025/5/23,22.29,4.511,3.9912
2025/5/26,20.57,,
2025/5/27,18.96,4.4436,3.9808
2025/5/28,19.31,4.4773,3.9901
2025/5/29,19.18,4.418,3.9386
2025/5/30,18.57,4.4004,3.8975
2025/6/2,18.36,4.4399,3.9366
2025/6/3,17.69,4.4537,3.9511
2025/6/4,17.61,4.3552,3.8665
2025/6/5,18.48,4.3906,3.9201
2025/6/6,16.77,4.5056,4.0365
2025/6/9,17.16,4.4738,4.0034
2025/6/10,16.95,4.4698,4.0181
2025/6/11,17.26,4.4203,3.9515
2025/6/12,18.02,4.3592,3.9077
2025/6/13,20.82,4.3987,3.9475
2025/6/16,19.11,4.4462,3.9664
2025/6/17,21.6,4.3888,3.9518
2025/6/18,20.14,4.3909,3.9414
2025/6/19,22.17,4.3909,3.9414
2025/6/20,20.62,4.3751,3.9077
2025/6/23,19.83,4.3475,3.8633
2025/6/24,17.48,4.2945,3.8251
2025/6/25,16.76,4.2906,3.7807
2025/6/26,16.59,4.2417,3.7193
2025/6/27,16.32,4.2769,3.748
2025/6/30,16.73,4.228,3.7192
2025/7/1,16.83,4.2416,3.7725
2025/7/2,16.64,4.2769,3.7848
2025/7/3,16.38,4.3457,3.8799
2025/7/4,17.48,4.3457,3.8799
2025/7/7,17.79,4.3794,3.8946
2025/7/8,16.81,4.3992,3.8905
2025/7/9,15.94,4.332,3.8429
2025/7/10,15.78,4.3498,3.8721
2025/7/11,16.4,4.4093,3.885
2025/7/14,17.2,4.4333,3.8998
2025/7/15,17.38,4.4813,3.9398
2025/7/16,17.16,4.4553,3.8917
2025/7/17,16.52,4.4513,3.9045
2025/7/18,16.41,4.4155,3.8691
2025/7/21,16.65,4.3777,3.8608
2025/7/22,16.5,4.344,3.8334
2025/7/23,15.37,4.3798,3.88
2025/7/24,15.39,4.3957,3.9162
2025/7/25,14.93,4.3878,3.9232
2025/7/28,15.03,4.4098,3.9255
2025/7/29,15.98,4.3204,3.8689
2025/7/30,15.48,4.37,3.9406
2025/7/31,16.72,4.374,3.9571
2025/8/1,20.38,4.2159,3.6817
2025/8/4,17.52,4.1923,3.6752
2025/8/5,17.85,4.21,3.7242
2025/8/6,16.77,4.2257,3.7137
2025/8/7,16.57,4.25,3.7279
2025/8/8,15.15,4.2829,3.7624
2025/8/11,16.25,4.2849,3.7684
2025/8/12,14.73,4.2888,3.7308
2025/8/13,14.49,4.2326,3.6745
2025/8/14,14.83,4.2849,3.7324
2025/8/15,15.09,4.316,3.7505
2025/8/18,14.99,4.3335,3.7629
2025/8/19,15.57,4.3062,3.748
2025/8/20,15.69,4.2907,3.7478
2025/8/21,16.6,4.3277,3.7918
2025/8/22,14.22,4.2537,3.6963
2025/8/25,14.79,4.2751,3.7235
2025/8/26,14.62,4.2615,3.6789
2025/8/27,14.85,4.2343,3.6085
2025/8/28,14.43,4.2033,3.629
2025/8/29,15.36,4.2284,3.6167
2025/9/1,16.12,4.2284,3.6167
2025/9/2,17.17,4.2614,3.6392
2025/9/3,16.35,4.2168,3.6166
2025/9/4,15.3,4.1607,3.5878
2025/9/5,15.18,4.0742,3.5092
2025/9/8,15.11,4.0398,3.4863
2025/9/9,15.04,4.0875,3.5584
2025/9/10,15.35,4.0454,3.5438
2025/9/11,14.71,4.0206,3.5415
2025/9/12,14.76,4.0643,3.5556
2025/9/15,15.69,4.0375,3.5368
2025/9/16,16.36,4.0279,3.5033
2025/9/17,15.72,4.0872,3.5531
2025/9/18,15.7,4.1044,3.5635
2025/9/19,15.45,4.1274,3.5715
2025/9/22,16.1,4.1467,3.603
2025/9/23,16.64,4.1061,3.586
2025/9/24,16.18,4.1466,3.6041
2025/9/25,16.74,4.1698,3.6553
2025/9/26,15.29,4.1755,3.643
2025/9/29,16.12,4.1387,3.6205
2025/9/30,16.28,4.1503,3.6083
2025/10/1,16.29,4.0981,3.5347
2025/10/2,16.63,4.0827,3.5388
2025/10/3,16.65,4.1192,3.5759
2025/10/6,16.37,4.152,3.5883
2025/10/7,17.24,4.123,3.5636
2025/10/8,16.3,4.1171,3.5802
2025/10/9,16.43,4.1384,3.5927
2025/10/10,21.66,4.0322,3.5015
2025/10/13,19.03,4.0322,3.5015
2025/10/14,20.81,4.0321,3.4807
2025/10/15,20.64,4.0282,3.4973
2025/10/16,25.31,3.9745,3.4243
2025/10/17,20.78,4.0088,3.4573
2025/10/20,18.23,3.98,3.4552
2025/10/21,17.87,3.9627,3.4551
2025/10/22,18.6,3.9493,3.4445
2025/10/23,17.3,4.0009,3.4885
2025/10/24,16.37,4.0007,3.4799
2025/10/27,15.79,3.9795,3.4905
2025/10/28,16.42,3.9756,3.4898
2025/10/29,16.92,4.0757,3.598
2025/10/30,16.91,4.097,3.6082
2025/10/31,17.44,4.0775,3.5736
2025/11/3,17.17,4.1104,3.6045
2025/11/4,19,4.0852,3.5758
2025/11/5,18.01,4.1591,3.6295
2025/11/6,19.5,4.0831,3.5553
2025/11/7,19.08,4.0966,3.5616
2025/11/10,17.6,4.116,3.5908
2025/11/11,17.28,4.116,3.5908
2025/11/12,17.51,4.0693,3.568
2025/11/13,20,4.1192,3.5909
2025/11/14,19.83,4.1483,3.6058
2025/11/17,22.38,4.1386,3.6101
2025/11/18,24.69,4.1134,3.5725
2025/11/19,23.66,4.1367,3.5915
2025/11/20,26.42,4.0845,3.5327
2025/11/21,23.43,4.0633,3.5075
2025/11/24,20.52,4.0248,3.4969
2025/11/25,18.56,3.996,3.4586
2025/11/26,17.19,3.9941,3.475
2025/11/27,17.21,3.9941,3.475
2025/11/28,16.35,4.0132,3.4893
2025/12/1,17.24,4.0865,3.5304
2025/12/2,16.59,4.0865,3.508
2025/12/3,16.08,4.0633,3.4835
2025/12/4,15.78,4.0981,3.5226
2025/12/5,15.41,4.1351,3.5603
2025/12/8,16.66,4.1643,3.575
2025/12/9,16.93,4.1878,3.6147
2025/12/10,15.77,4.1468,3.5381
2025/12/11,14.85,4.1566,3.5404
2025/12/12,15.74,4.1841,3.5222
2025/12/15,16.5,4.1723,3.5015
2025/12/16,16.48,4.145,3.487
2025/12/17,17.62,4.1528,3.4829
2025/12/18,16.87,4.1217,3.46
2025/12/19,14.91,4.1471,3.4834
2025/12/22,14.08,4.1628,3.5067
2025/12/23,14,4.1628,3.5321
2025/12/24,13.47,4.1335,3.5014
2025/12/25,,4.1335,3.5014
2025/12/26,13.6,4.1277,3.479
2025/12/29,14.2,4.1102,3.4545
2025/12/30,14.33,4.1219,3.4484
2025/12/31,14.95,4.167,3.473
1900/1/0,,,